USE [db_externa_core]
GO
SET IDENTITY_INSERT [dbo].[tipo_plazo_distribucion] ON 

INSERT [dbo].[tipo_plazo_distribucion] ([tipo_plazo_distribucion_id], [nombre]) VALUES (1, N'REGULAR')
INSERT [dbo].[tipo_plazo_distribucion] ([tipo_plazo_distribucion_id], [nombre]) VALUES (2, N'ESPECIAL')
INSERT [dbo].[tipo_plazo_distribucion] ([tipo_plazo_distribucion_id], [nombre]) VALUES (3, N'EXPRESS')
SET IDENTITY_INSERT [dbo].[tipo_plazo_distribucion] OFF
SET IDENTITY_INSERT [dbo].[plazo_distribucion] ON 

INSERT [dbo].[plazo_distribucion] ([plazo_distribucion_id], [activo], [nombre], [tiempo_envio], [tipo_plazo_distribucion_id],[region_id]) VALUES (1, 1, N'ESTÁNDAR LIMA', 96, 1,1)
INSERT [dbo].[plazo_distribucion] ([plazo_distribucion_id], [activo], [nombre], [tiempo_envio], [tipo_plazo_distribucion_id],[region_id]) VALUES (2, 1, N'72 HORAS', 72, 2,2)
INSERT [dbo].[plazo_distribucion] ([plazo_distribucion_id], [activo], [nombre], [tiempo_envio], [tipo_plazo_distribucion_id],[region_id]) VALUES (3, 1, N'48 HORAS', 48, 2,2)
INSERT [dbo].[plazo_distribucion] ([plazo_distribucion_id], [activo], [nombre], [tiempo_envio], [tipo_plazo_distribucion_id],[region_id]) VALUES (4, 1, N'24 HORAS', 24, 2,1)
INSERT [dbo].[plazo_distribucion] ([plazo_distribucion_id], [activo], [nombre], [tiempo_envio], [tipo_plazo_distribucion_id],[region_id]) VALUES (5, 1, N'4 HORAS', 4, 2,1)
INSERT [dbo].[plazo_distribucion] ([plazo_distribucion_id], [activo], [nombre], [tiempo_envio], [tipo_plazo_distribucion_id],[region_id]) VALUES (6, 1, N'2 HORAS', 2, 3,1)
INSERT [dbo].[plazo_distribucion] ([plazo_distribucion_id], [activo], [nombre], [tiempo_envio], [tipo_plazo_distribucion_id],[region_id]) VALUES (7, 1, N'DIRECTORIO', 2, 3,1)
INSERT [dbo].[plazo_distribucion] ([plazo_distribucion_id], [activo], [nombre], [tiempo_envio], [tipo_plazo_distribucion_id],[region_id]) VALUES (8, 1, N'ESTÁNDAR PROVINCIA', 120, 1,2)
SET IDENTITY_INSERT [dbo].[plazo_distribucion] OFF
SET IDENTITY_INSERT [dbo].[tipo_envio] ON 

INSERT [dbo].[tipo_envio] ([tipo_envio_id], [nombre]) VALUES (1, N'ENVIO REGULAR')
INSERT [dbo].[tipo_envio] ([tipo_envio_id], [nombre]) VALUES (2, N'ENVIO BLOQUE')
SET IDENTITY_INSERT [dbo].[tipo_envio] OFF
SET IDENTITY_INSERT [dbo].[tipo_seguridad] ON 

INSERT [dbo].[tipo_seguridad] ([tipo_seguridad_id], [activo], [nombre]) VALUES (1, 1, N'SIN GPS')
INSERT [dbo].[tipo_seguridad] ([tipo_seguridad_id], [activo], [nombre]) VALUES (2, 1, N'GPS BÁSICO')
SET IDENTITY_INSERT [dbo].[tipo_seguridad] OFF
SET IDENTITY_INSERT [dbo].[tipo_servicio] ON 

INSERT [dbo].[tipo_servicio] ([tipo_servicio_id], [activo], [nombre]) VALUES (1, 1, N'DISTRIBUCIÓN')
SET IDENTITY_INSERT [dbo].[tipo_servicio] OFF
SET IDENTITY_INSERT [dbo].[envio] ON 

INSERT [dbo].[envio] ([envio_id], [buzon_id], [producto_id], [ruta_autorizacion], [sede_id], [tipo_clasificacion_id], [plazo_distribucion_id], [tipo_envio_id], [tipo_seguridad_id], [tipo_servicio_id]) VALUES (1, 5, 1, NULL, 5, 1, 1, 1, 1, 1)
INSERT [dbo].[envio] ([envio_id], [buzon_id], [producto_id], [ruta_autorizacion], [sede_id], [tipo_clasificacion_id], [plazo_distribucion_id], [tipo_envio_id], [tipo_seguridad_id], [tipo_servicio_id]) VALUES (2, 5, 1, NULL, 6, 1, 1, 1, 1, 1)
INSERT [dbo].[envio] ([envio_id], [buzon_id], [producto_id], [ruta_autorizacion], [sede_id], [tipo_clasificacion_id], [plazo_distribucion_id], [tipo_envio_id], [tipo_seguridad_id], [tipo_servicio_id]) VALUES (3, 5, 1, NULL, 3, 1, 1, 1, 1, 1)
INSERT [dbo].[envio] ([envio_id], [buzon_id], [producto_id], [ruta_autorizacion], [sede_id], [tipo_clasificacion_id], [plazo_distribucion_id], [tipo_envio_id], [tipo_seguridad_id], [tipo_servicio_id]) VALUES (4, 5, 1, NULL, 4, 1, 1, 1, 1, 1)
INSERT [dbo].[envio] ([envio_id], [buzon_id], [producto_id], [ruta_autorizacion], [sede_id], [tipo_clasificacion_id], [plazo_distribucion_id], [tipo_envio_id], [tipo_seguridad_id], [tipo_servicio_id]) VALUES (5, 6, 1, NULL, 3, 1, 1, 1, 1, 1)
INSERT [dbo].[envio] ([envio_id], [buzon_id], [producto_id], [ruta_autorizacion], [sede_id], [tipo_clasificacion_id], [plazo_distribucion_id], [tipo_envio_id], [tipo_seguridad_id], [tipo_servicio_id]) VALUES (6, 6, 1, NULL, 5, 1, 1, 1, 1, 1)
INSERT [dbo].[envio] ([envio_id], [buzon_id], [producto_id], [ruta_autorizacion], [sede_id], [tipo_clasificacion_id], [plazo_distribucion_id], [tipo_envio_id], [tipo_seguridad_id], [tipo_servicio_id]) VALUES (7, 7, 1, N'7.pdf', 5, 1, 2, 1, 1, 1)
INSERT [dbo].[envio] ([envio_id], [buzon_id], [producto_id], [ruta_autorizacion], [sede_id], [tipo_clasificacion_id], [plazo_distribucion_id], [tipo_envio_id], [tipo_seguridad_id], [tipo_servicio_id]) VALUES (8, 7, 1, N'8.pdf', 3, 1, 2, 1, 1, 1)
SET IDENTITY_INSERT [dbo].[envio] OFF
SET IDENTITY_INSERT [dbo].[documento] ON 

INSERT [dbo].[documento] ([documento_id], [codigo_devolucion], [contacto_destino], [direccion], [distrito_id], [documento_autogenerado], [nro_documento], [razon_social_destino], [recepcionado], [referencia], [telefono], [envio_id]) VALUES (1, NULL, N'RONALD SANTOS', N'DIR67', 1, N'EX00000001', N'DOC000005', N'RONALD SANTOS', 0, N'ABC', N'5560', 1)
INSERT [dbo].[documento] ([documento_id], [codigo_devolucion], [contacto_destino], [direccion], [distrito_id], [documento_autogenerado], [nro_documento], [razon_social_destino], [recepcionado], [referencia], [telefono], [envio_id]) VALUES (2, NULL, N'RONALD SANTOS', N'DIR65', 1, N'EX00000002', N'DOC000003', N'RONALD SANTOS', 0, N'ABC', N'5558', 1)
INSERT [dbo].[documento] ([documento_id], [codigo_devolucion], [contacto_destino], [direccion], [distrito_id], [documento_autogenerado], [nro_documento], [razon_social_destino], [recepcionado], [referencia], [telefono], [envio_id]) VALUES (3, NULL, N'RONALD SANTOS', N'DIR64', 1, N'EX00000003', N'DOC000002', N'RONALD SANTOS', 0, N'ABC', N'5557', 1)
INSERT [dbo].[documento] ([documento_id], [codigo_devolucion], [contacto_destino], [direccion], [distrito_id], [documento_autogenerado], [nro_documento], [razon_social_destino], [recepcionado], [referencia], [telefono], [envio_id]) VALUES (4, NULL, N'RONALD SANTOS', N'DIR72', 1, N'EX00000004', N'DOC000010', N'RONALD SANTOS', 0, N'ABC', N'5565', 1)
INSERT [dbo].[documento] ([documento_id], [codigo_devolucion], [contacto_destino], [direccion], [distrito_id], [documento_autogenerado], [nro_documento], [razon_social_destino], [recepcionado], [referencia], [telefono], [envio_id]) VALUES (5, NULL, N'RONALD SANTOS', N'DIR66', 1, N'EX00000005', N'DOC000004', N'RONALD SANTOS', 0, N'ABC', N'5559', 1)
INSERT [dbo].[documento] ([documento_id], [codigo_devolucion], [contacto_destino], [direccion], [distrito_id], [documento_autogenerado], [nro_documento], [razon_social_destino], [recepcionado], [referencia], [telefono], [envio_id]) VALUES (6, NULL, N'RONALD SANTOS', N'DIR69', 1, N'EX00000006', N'DOC000007', N'RONALD SANTOS', 0, N'ABC', N'5562', 1)
INSERT [dbo].[documento] ([documento_id], [codigo_devolucion], [contacto_destino], [direccion], [distrito_id], [documento_autogenerado], [nro_documento], [razon_social_destino], [recepcionado], [referencia], [telefono], [envio_id]) VALUES (7, NULL, N'RONALD SANTOS', N'DIR63', 1, N'EX00000007', N'DOC000001', N'RONALD SANTOS', 0, N'ABC', N'5556', 1)
INSERT [dbo].[documento] ([documento_id], [codigo_devolucion], [contacto_destino], [direccion], [distrito_id], [documento_autogenerado], [nro_documento], [razon_social_destino], [recepcionado], [referencia], [telefono], [envio_id]) VALUES (8, NULL, N'RONALD SANTOS', N'DIR68', 1, N'EX00000008', N'DOC000006', N'RONALD SANTOS', 0, N'ABC', N'5561', 1)
INSERT [dbo].[documento] ([documento_id], [codigo_devolucion], [contacto_destino], [direccion], [distrito_id], [documento_autogenerado], [nro_documento], [razon_social_destino], [recepcionado], [referencia], [telefono], [envio_id]) VALUES (9, NULL, N'RONALD SANTOS', N'DIR63', 1, N'EX00000009', N'DOC000001', N'RONALD SANTOS', 0, N'ABC', N'5556', 2)
INSERT [dbo].[documento] ([documento_id], [codigo_devolucion], [contacto_destino], [direccion], [distrito_id], [documento_autogenerado], [nro_documento], [razon_social_destino], [recepcionado], [referencia], [telefono], [envio_id]) VALUES (10, NULL, N'RONALD SANTOS', N'DIR67', 1, N'EX00000010', N'DOC000005', N'RONALD SANTOS', 0, N'ABC', N'5560', 2)
INSERT [dbo].[documento] ([documento_id], [codigo_devolucion], [contacto_destino], [direccion], [distrito_id], [documento_autogenerado], [nro_documento], [razon_social_destino], [recepcionado], [referencia], [telefono], [envio_id]) VALUES (11, NULL, N'RONALD SANTOS', N'DIR65', 1, N'EX00000011', N'DOC000003', N'RONALD SANTOS', 0, N'ABC', N'5558', 2)
INSERT [dbo].[documento] ([documento_id], [codigo_devolucion], [contacto_destino], [direccion], [distrito_id], [documento_autogenerado], [nro_documento], [razon_social_destino], [recepcionado], [referencia], [telefono], [envio_id]) VALUES (12, NULL, N'RONALD SANTOS', N'DIR68', 1, N'EX00000012', N'DOC000006', N'RONALD SANTOS', 0, N'ABC', N'5561', 2)
INSERT [dbo].[documento] ([documento_id], [codigo_devolucion], [contacto_destino], [direccion], [distrito_id], [documento_autogenerado], [nro_documento], [razon_social_destino], [recepcionado], [referencia], [telefono], [envio_id]) VALUES (13, NULL, N'RONALD SANTOS', N'DIR66', 1, N'EX00000013', N'DOC000004', N'RONALD SANTOS', 0, N'ABC', N'5559', 2)
INSERT [dbo].[documento] ([documento_id], [codigo_devolucion], [contacto_destino], [direccion], [distrito_id], [documento_autogenerado], [nro_documento], [razon_social_destino], [recepcionado], [referencia], [telefono], [envio_id]) VALUES (14, NULL, N'RONALD SANTOS', N'DIR72', 1, N'EX00000014', N'DOC000010', N'RONALD SANTOS', 0, N'ABC', N'5565', 2)
INSERT [dbo].[documento] ([documento_id], [codigo_devolucion], [contacto_destino], [direccion], [distrito_id], [documento_autogenerado], [nro_documento], [razon_social_destino], [recepcionado], [referencia], [telefono], [envio_id]) VALUES (15, NULL, N'RONALD SANTOS', N'DIR64', 1, N'EX00000015', N'DOC000002', N'RONALD SANTOS', 0, N'ABC', N'5557', 2)
INSERT [dbo].[documento] ([documento_id], [codigo_devolucion], [contacto_destino], [direccion], [distrito_id], [documento_autogenerado], [nro_documento], [razon_social_destino], [recepcionado], [referencia], [telefono], [envio_id]) VALUES (16, NULL, N'RONALD SANTOS', N'DIR69', 1, N'EX00000016', N'DOC000007', N'RONALD SANTOS', 0, N'ABC', N'5562', 2)
INSERT [dbo].[documento] ([documento_id], [codigo_devolucion], [contacto_destino], [direccion], [distrito_id], [documento_autogenerado], [nro_documento], [razon_social_destino], [recepcionado], [referencia], [telefono], [envio_id]) VALUES (17, NULL, N'RONALD SANTOS', N'DIR63', 1, N'EX00000017', N'DOC000001', N'RONALD SANTOS', 0, N'ABC', N'5556', 3)
INSERT [dbo].[documento] ([documento_id], [codigo_devolucion], [contacto_destino], [direccion], [distrito_id], [documento_autogenerado], [nro_documento], [razon_social_destino], [recepcionado], [referencia], [telefono], [envio_id]) VALUES (18, NULL, N'RONALD SANTOS', N'DIR65', 1, N'EX00000018', N'DOC000003', N'RONALD SANTOS', 0, N'ABC', N'5558', 3)
INSERT [dbo].[documento] ([documento_id], [codigo_devolucion], [contacto_destino], [direccion], [distrito_id], [documento_autogenerado], [nro_documento], [razon_social_destino], [recepcionado], [referencia], [telefono], [envio_id]) VALUES (19, NULL, N'RONALD SANTOS', N'DIR67', 1, N'EX00000019', N'DOC000005', N'RONALD SANTOS', 0, N'ABC', N'5560', 3)
INSERT [dbo].[documento] ([documento_id], [codigo_devolucion], [contacto_destino], [direccion], [distrito_id], [documento_autogenerado], [nro_documento], [razon_social_destino], [recepcionado], [referencia], [telefono], [envio_id]) VALUES (20, NULL, N'RONALD SANTOS', N'DIR68', 1, N'EX00000020', N'DOC000006', N'RONALD SANTOS', 0, N'ABC', N'5561', 3)
INSERT [dbo].[documento] ([documento_id], [codigo_devolucion], [contacto_destino], [direccion], [distrito_id], [documento_autogenerado], [nro_documento], [razon_social_destino], [recepcionado], [referencia], [telefono], [envio_id]) VALUES (21, NULL, N'RONALD SANTOS', N'DIR69', 1, N'EX00000021', N'DOC000007', N'RONALD SANTOS', 0, N'ABC', N'5562', 3)
INSERT [dbo].[documento] ([documento_id], [codigo_devolucion], [contacto_destino], [direccion], [distrito_id], [documento_autogenerado], [nro_documento], [razon_social_destino], [recepcionado], [referencia], [telefono], [envio_id]) VALUES (22, NULL, N'RONALD SANTOS', N'DIR66', 1, N'EX00000022', N'DOC000004', N'RONALD SANTOS', 0, N'ABC', N'5559', 3)
INSERT [dbo].[documento] ([documento_id], [codigo_devolucion], [contacto_destino], [direccion], [distrito_id], [documento_autogenerado], [nro_documento], [razon_social_destino], [recepcionado], [referencia], [telefono], [envio_id]) VALUES (23, NULL, N'RONALD SANTOS', N'DIR64', 1, N'EX00000023', N'DOC000002', N'RONALD SANTOS', 0, N'ABC', N'5557', 3)
INSERT [dbo].[documento] ([documento_id], [codigo_devolucion], [contacto_destino], [direccion], [distrito_id], [documento_autogenerado], [nro_documento], [razon_social_destino], [recepcionado], [referencia], [telefono], [envio_id]) VALUES (24, NULL, N'RONALD SANTOS', N'DIR72', 1, N'EX00000024', N'DOC000010', N'RONALD SANTOS', 0, N'ABC', N'5565', 3)
INSERT [dbo].[documento] ([documento_id], [codigo_devolucion], [contacto_destino], [direccion], [distrito_id], [documento_autogenerado], [nro_documento], [razon_social_destino], [recepcionado], [referencia], [telefono], [envio_id]) VALUES (25, NULL, N'RONALD SANTOS', N'DIR64', 1, N'EX00000025', N'DOC000002', N'RONALD SANTOS', 0, N'ABC', N'5557', 4)
INSERT [dbo].[documento] ([documento_id], [codigo_devolucion], [contacto_destino], [direccion], [distrito_id], [documento_autogenerado], [nro_documento], [razon_social_destino], [recepcionado], [referencia], [telefono], [envio_id]) VALUES (26, NULL, N'RONALD SANTOS', N'DIR67', 1, N'EX00000026', N'DOC000005', N'RONALD SANTOS', 0, N'ABC', N'5560', 4)
INSERT [dbo].[documento] ([documento_id], [codigo_devolucion], [contacto_destino], [direccion], [distrito_id], [documento_autogenerado], [nro_documento], [razon_social_destino], [recepcionado], [referencia], [telefono], [envio_id]) VALUES (27, NULL, N'RONALD SANTOS', N'DIR66', 1, N'EX00000027', N'DOC000004', N'RONALD SANTOS', 0, N'ABC', N'5559', 4)
INSERT [dbo].[documento] ([documento_id], [codigo_devolucion], [contacto_destino], [direccion], [distrito_id], [documento_autogenerado], [nro_documento], [razon_social_destino], [recepcionado], [referencia], [telefono], [envio_id]) VALUES (28, NULL, N'RONALD SANTOS', N'DIR68', 1, N'EX00000028', N'DOC000006', N'RONALD SANTOS', 0, N'ABC', N'5561', 4)
INSERT [dbo].[documento] ([documento_id], [codigo_devolucion], [contacto_destino], [direccion], [distrito_id], [documento_autogenerado], [nro_documento], [razon_social_destino], [recepcionado], [referencia], [telefono], [envio_id]) VALUES (29, NULL, N'RONALD SANTOS', N'DIR69', 1, N'EX00000029', N'DOC000007', N'RONALD SANTOS', 0, N'ABC', N'5562', 4)
INSERT [dbo].[documento] ([documento_id], [codigo_devolucion], [contacto_destino], [direccion], [distrito_id], [documento_autogenerado], [nro_documento], [razon_social_destino], [recepcionado], [referencia], [telefono], [envio_id]) VALUES (30, NULL, N'RONALD SANTOS', N'DIR65', 1, N'EX00000030', N'DOC000003', N'RONALD SANTOS', 0, N'ABC', N'5558', 4)
INSERT [dbo].[documento] ([documento_id], [codigo_devolucion], [contacto_destino], [direccion], [distrito_id], [documento_autogenerado], [nro_documento], [razon_social_destino], [recepcionado], [referencia], [telefono], [envio_id]) VALUES (31, NULL, N'RONALD SANTOS', N'DIR63', 1, N'EX00000031', N'DOC000001', N'RONALD SANTOS', 0, N'ABC', N'5556', 4)
INSERT [dbo].[documento] ([documento_id], [codigo_devolucion], [contacto_destino], [direccion], [distrito_id], [documento_autogenerado], [nro_documento], [razon_social_destino], [recepcionado], [referencia], [telefono], [envio_id]) VALUES (32, NULL, N'RONALD SANTOS', N'DIR72', 1, N'EX00000032', N'DOC000010', N'RONALD SANTOS', 0, N'ABC', N'5565', 4)
INSERT [dbo].[documento] ([documento_id], [codigo_devolucion], [contacto_destino], [direccion], [distrito_id], [documento_autogenerado], [nro_documento], [razon_social_destino], [recepcionado], [referencia], [telefono], [envio_id]) VALUES (33, NULL, N'RONALD SANTOS', N'DIR63', 1, N'EX00000033', N'DOC000001', N'RONALD SANTOS', 0, N'ABC', N'5556', 5)
INSERT [dbo].[documento] ([documento_id], [codigo_devolucion], [contacto_destino], [direccion], [distrito_id], [documento_autogenerado], [nro_documento], [razon_social_destino], [recepcionado], [referencia], [telefono], [envio_id]) VALUES (34, NULL, N'RONALD SANTOS', N'DIR65', 1, N'EX00000034', N'DOC000003', N'RONALD SANTOS', 0, N'ABC', N'5558', 5)
INSERT [dbo].[documento] ([documento_id], [codigo_devolucion], [contacto_destino], [direccion], [distrito_id], [documento_autogenerado], [nro_documento], [razon_social_destino], [recepcionado], [referencia], [telefono], [envio_id]) VALUES (35, NULL, N'RONALD SANTOS', N'DIR66', 1, N'EX00000035', N'DOC000004', N'RONALD SANTOS', 0, N'ABC', N'5559', 5)
INSERT [dbo].[documento] ([documento_id], [codigo_devolucion], [contacto_destino], [direccion], [distrito_id], [documento_autogenerado], [nro_documento], [razon_social_destino], [recepcionado], [referencia], [telefono], [envio_id]) VALUES (36, NULL, N'RONALD SANTOS', N'DIR68', 1, N'EX00000036', N'DOC000006', N'RONALD SANTOS', 0, N'ABC', N'5561', 5)
INSERT [dbo].[documento] ([documento_id], [codigo_devolucion], [contacto_destino], [direccion], [distrito_id], [documento_autogenerado], [nro_documento], [razon_social_destino], [recepcionado], [referencia], [telefono], [envio_id]) VALUES (37, NULL, N'RONALD SANTOS', N'DIR64', 1, N'EX00000037', N'DOC000002', N'RONALD SANTOS', 0, N'ABC', N'5557', 5)
INSERT [dbo].[documento] ([documento_id], [codigo_devolucion], [contacto_destino], [direccion], [distrito_id], [documento_autogenerado], [nro_documento], [razon_social_destino], [recepcionado], [referencia], [telefono], [envio_id]) VALUES (38, NULL, N'RONALD SANTOS', N'DIR67', 1, N'EX00000038', N'DOC000005', N'RONALD SANTOS', 0, N'ABC', N'5560', 5)
INSERT [dbo].[documento] ([documento_id], [codigo_devolucion], [contacto_destino], [direccion], [distrito_id], [documento_autogenerado], [nro_documento], [razon_social_destino], [recepcionado], [referencia], [telefono], [envio_id]) VALUES (39, NULL, N'RONALD SANTOS', N'DIR69', 1, N'EX00000039', N'DOC000007', N'RONALD SANTOS', 0, N'ABC', N'5562', 5)
INSERT [dbo].[documento] ([documento_id], [codigo_devolucion], [contacto_destino], [direccion], [distrito_id], [documento_autogenerado], [nro_documento], [razon_social_destino], [recepcionado], [referencia], [telefono], [envio_id]) VALUES (40, NULL, N'RONALD SANTOS', N'DIR72', 1, N'EX00000040', N'DOC000010', N'RONALD SANTOS', 0, N'ABC', N'5565', 5)
INSERT [dbo].[documento] ([documento_id], [codigo_devolucion], [contacto_destino], [direccion], [distrito_id], [documento_autogenerado], [nro_documento], [razon_social_destino], [recepcionado], [referencia], [telefono], [envio_id]) VALUES (41, NULL, N'RONALD SANTOS', N'DIR67', 1, N'EX00000041', N'DOC000005', N'RONALD SANTOS', 0, N'ABC', N'5560', 6)
INSERT [dbo].[documento] ([documento_id], [codigo_devolucion], [contacto_destino], [direccion], [distrito_id], [documento_autogenerado], [nro_documento], [razon_social_destino], [recepcionado], [referencia], [telefono], [envio_id]) VALUES (42, NULL, N'RONALD SANTOS', N'DIR64', 1, N'EX00000042', N'DOC000002', N'RONALD SANTOS', 0, N'ABC', N'5557', 6)
INSERT [dbo].[documento] ([documento_id], [codigo_devolucion], [contacto_destino], [direccion], [distrito_id], [documento_autogenerado], [nro_documento], [razon_social_destino], [recepcionado], [referencia], [telefono], [envio_id]) VALUES (43, NULL, N'RONALD SANTOS', N'DIR66', 1, N'EX00000043', N'DOC000004', N'RONALD SANTOS', 0, N'ABC', N'5559', 6)
INSERT [dbo].[documento] ([documento_id], [codigo_devolucion], [contacto_destino], [direccion], [distrito_id], [documento_autogenerado], [nro_documento], [razon_social_destino], [recepcionado], [referencia], [telefono], [envio_id]) VALUES (44, NULL, N'RONALD SANTOS', N'DIR65', 1, N'EX00000044', N'DOC000003', N'RONALD SANTOS', 0, N'ABC', N'5558', 6)
INSERT [dbo].[documento] ([documento_id], [codigo_devolucion], [contacto_destino], [direccion], [distrito_id], [documento_autogenerado], [nro_documento], [razon_social_destino], [recepcionado], [referencia], [telefono], [envio_id]) VALUES (45, NULL, N'RONALD SANTOS', N'DIR63', 1, N'EX00000045', N'DOC000001', N'RONALD SANTOS', 0, N'ABC', N'5556', 6)
INSERT [dbo].[documento] ([documento_id], [codigo_devolucion], [contacto_destino], [direccion], [distrito_id], [documento_autogenerado], [nro_documento], [razon_social_destino], [recepcionado], [referencia], [telefono], [envio_id]) VALUES (46, NULL, N'RONALD SANTOS', N'DIR68', 1, N'EX00000046', N'DOC000006', N'RONALD SANTOS', 0, N'ABC', N'5561', 6)
INSERT [dbo].[documento] ([documento_id], [codigo_devolucion], [contacto_destino], [direccion], [distrito_id], [documento_autogenerado], [nro_documento], [razon_social_destino], [recepcionado], [referencia], [telefono], [envio_id]) VALUES (47, NULL, N'RONALD SANTOS', N'DIR69', 1, N'EX00000047', N'DOC000007', N'RONALD SANTOS', 0, N'ABC', N'5562', 6)
INSERT [dbo].[documento] ([documento_id], [codigo_devolucion], [contacto_destino], [direccion], [distrito_id], [documento_autogenerado], [nro_documento], [razon_social_destino], [recepcionado], [referencia], [telefono], [envio_id]) VALUES (48, NULL, N'RONALD SANTOS', N'DIR72', 1, N'EX00000048', N'DOC000010', N'RONALD SANTOS', 0, N'ABC', N'5565', 6)
INSERT [dbo].[documento] ([documento_id], [codigo_devolucion], [contacto_destino], [direccion], [distrito_id], [documento_autogenerado], [nro_documento], [razon_social_destino], [recepcionado], [referencia], [telefono], [envio_id]) VALUES (49, NULL, N'RONALD SANTOS', N'DIR63', 1, N'EX00000049', N'DOC000001', N'RONALD SANTOS', 0, N'ABC', N'5556', 7)
INSERT [dbo].[documento] ([documento_id], [codigo_devolucion], [contacto_destino], [direccion], [distrito_id], [documento_autogenerado], [nro_documento], [razon_social_destino], [recepcionado], [referencia], [telefono], [envio_id]) VALUES (50, NULL, N'RONALD SANTOS', N'DIR66', 1, N'EX00000050', N'DOC000004', N'RONALD SANTOS', 0, N'ABC', N'5559', 7)
INSERT [dbo].[documento] ([documento_id], [codigo_devolucion], [contacto_destino], [direccion], [distrito_id], [documento_autogenerado], [nro_documento], [razon_social_destino], [recepcionado], [referencia], [telefono], [envio_id]) VALUES (51, NULL, N'RONALD SANTOS', N'DIR64', 1, N'EX00000051', N'DOC000002', N'RONALD SANTOS', 0, N'ABC', N'5557', 7)
INSERT [dbo].[documento] ([documento_id], [codigo_devolucion], [contacto_destino], [direccion], [distrito_id], [documento_autogenerado], [nro_documento], [razon_social_destino], [recepcionado], [referencia], [telefono], [envio_id]) VALUES (52, NULL, N'RONALD SANTOS', N'DIR67', 1, N'EX00000052', N'DOC000005', N'RONALD SANTOS', 0, N'ABC', N'5560', 7)
INSERT [dbo].[documento] ([documento_id], [codigo_devolucion], [contacto_destino], [direccion], [distrito_id], [documento_autogenerado], [nro_documento], [razon_social_destino], [recepcionado], [referencia], [telefono], [envio_id]) VALUES (53, NULL, N'RONALD SANTOS', N'DIR65', 1, N'EX00000053', N'DOC000003', N'RONALD SANTOS', 0, N'ABC', N'5558', 7)
INSERT [dbo].[documento] ([documento_id], [codigo_devolucion], [contacto_destino], [direccion], [distrito_id], [documento_autogenerado], [nro_documento], [razon_social_destino], [recepcionado], [referencia], [telefono], [envio_id]) VALUES (54, NULL, N'RONALD SANTOS', N'DIR72', 1, N'EX00000054', N'DOC000010', N'RONALD SANTOS', 0, N'ABC', N'5565', 7)
INSERT [dbo].[documento] ([documento_id], [codigo_devolucion], [contacto_destino], [direccion], [distrito_id], [documento_autogenerado], [nro_documento], [razon_social_destino], [recepcionado], [referencia], [telefono], [envio_id]) VALUES (55, NULL, N'RONALD SANTOS', N'DIR69', 1, N'EX00000055', N'DOC000007', N'RONALD SANTOS', 0, N'ABC', N'5562', 7)
INSERT [dbo].[documento] ([documento_id], [codigo_devolucion], [contacto_destino], [direccion], [distrito_id], [documento_autogenerado], [nro_documento], [razon_social_destino], [recepcionado], [referencia], [telefono], [envio_id]) VALUES (56, NULL, N'RONALD SANTOS', N'DIR68', 1, N'EX00000056', N'DOC000006', N'RONALD SANTOS', 0, N'ABC', N'5561', 7)
INSERT [dbo].[documento] ([documento_id], [codigo_devolucion], [contacto_destino], [direccion], [distrito_id], [documento_autogenerado], [nro_documento], [razon_social_destino], [recepcionado], [referencia], [telefono], [envio_id]) VALUES (57, NULL, N'RONALD SANTOS', N'DIR68', 1, N'EX00000057', N'DOC000006', N'RONALD SANTOS', 0, N'ABC', N'5561', 8)
INSERT [dbo].[documento] ([documento_id], [codigo_devolucion], [contacto_destino], [direccion], [distrito_id], [documento_autogenerado], [nro_documento], [razon_social_destino], [recepcionado], [referencia], [telefono], [envio_id]) VALUES (58, NULL, N'RONALD SANTOS', N'DIR63', 1, N'EX00000058', N'DOC000001', N'RONALD SANTOS', 0, N'ABC', N'5556', 8)
INSERT [dbo].[documento] ([documento_id], [codigo_devolucion], [contacto_destino], [direccion], [distrito_id], [documento_autogenerado], [nro_documento], [razon_social_destino], [recepcionado], [referencia], [telefono], [envio_id]) VALUES (59, NULL, N'RONALD SANTOS', N'DIR65', 1, N'EX00000059', N'DOC000003', N'RONALD SANTOS', 0, N'ABC', N'5558', 8)
INSERT [dbo].[documento] ([documento_id], [codigo_devolucion], [contacto_destino], [direccion], [distrito_id], [documento_autogenerado], [nro_documento], [razon_social_destino], [recepcionado], [referencia], [telefono], [envio_id]) VALUES (60, NULL, N'RONALD SANTOS', N'DIR64', 1, N'EX00000060', N'DOC000002', N'RONALD SANTOS', 0, N'ABC', N'5557', 8)
INSERT [dbo].[documento] ([documento_id], [codigo_devolucion], [contacto_destino], [direccion], [distrito_id], [documento_autogenerado], [nro_documento], [razon_social_destino], [recepcionado], [referencia], [telefono], [envio_id]) VALUES (61, NULL, N'RONALD SANTOS', N'DIR67', 1, N'EX00000061', N'DOC000005', N'RONALD SANTOS', 0, N'ABC', N'5560', 8)
INSERT [dbo].[documento] ([documento_id], [codigo_devolucion], [contacto_destino], [direccion], [distrito_id], [documento_autogenerado], [nro_documento], [razon_social_destino], [recepcionado], [referencia], [telefono], [envio_id]) VALUES (62, NULL, N'RONALD SANTOS', N'DIR69', 1, N'EX00000062', N'DOC000007', N'RONALD SANTOS', 0, N'ABC', N'5562', 8)
INSERT [dbo].[documento] ([documento_id], [codigo_devolucion], [contacto_destino], [direccion], [distrito_id], [documento_autogenerado], [nro_documento], [razon_social_destino], [recepcionado], [referencia], [telefono], [envio_id]) VALUES (63, NULL, N'RONALD SANTOS', N'DIR66', 1, N'EX00000063', N'DOC000004', N'RONALD SANTOS', 0, N'ABC', N'5559', 8)
INSERT [dbo].[documento] ([documento_id], [codigo_devolucion], [contacto_destino], [direccion], [distrito_id], [documento_autogenerado], [nro_documento], [razon_social_destino], [recepcionado], [referencia], [telefono], [envio_id]) VALUES (64, NULL, N'RONALD SANTOS', N'DIR72', 1, N'EX00000064', N'DOC000010', N'RONALD SANTOS', 0, N'ABC', N'5565', 8)
SET IDENTITY_INSERT [dbo].[documento] OFF
SET IDENTITY_INSERT [dbo].[proveedor] ON 

INSERT [dbo].[proveedor] ([proveedor_id], [activo], [nombre]) VALUES (1, 1, N'DOCFLOW')
INSERT [dbo].[proveedor] ([proveedor_id], [activo], [nombre]) VALUES (2, 1, N'URBANO')
SET IDENTITY_INSERT [dbo].[proveedor] OFF
SET IDENTITY_INSERT [dbo].[tipo_guia] ON 

INSERT [dbo].[tipo_guia] ([tipo_guia_id], [nombre]) VALUES (1, N' GUIA REGULAR')
INSERT [dbo].[tipo_guia] ([tipo_guia_id], [nombre]) VALUES (2, N' GUIA BLOQUE')
SET IDENTITY_INSERT [dbo].[tipo_guia] OFF
SET IDENTITY_INSERT [dbo].[guia] ON 

INSERT [dbo].[guia] ([guia_id], [numero_guia], [producto_id], [region_id], [sede_id], [tipo_clasificacion_id], [plazo_distribucion_id], [proveedor_id], [tipo_guia_id], [tipo_seguridad_id], [tipo_servicio_id]) VALUES (1, N'8488485', 1, 1, 5, 1, 1, 1, 1, 1, 1)
INSERT [dbo].[guia] ([guia_id], [numero_guia], [producto_id], [region_id], [sede_id], [tipo_clasificacion_id], [plazo_distribucion_id], [proveedor_id], [tipo_guia_id], [tipo_seguridad_id], [tipo_servicio_id]) VALUES (2, N'8488485999', 1, 1, 5, 1, 1, 2, 1, 1, 1)
INSERT [dbo].[guia] ([guia_id], [numero_guia], [producto_id], [region_id], [sede_id], [tipo_clasificacion_id], [plazo_distribucion_id], [proveedor_id], [tipo_guia_id], [tipo_seguridad_id], [tipo_servicio_id]) VALUES (3, N'14354375364', 1, 1, 5, 1, 1, 1, 1, 1, 1)
INSERT [dbo].[guia] ([guia_id], [numero_guia], [producto_id], [region_id], [sede_id], [tipo_clasificacion_id], [plazo_distribucion_id], [proveedor_id], [tipo_guia_id], [tipo_seguridad_id], [tipo_servicio_id]) VALUES (4, N'1435436320', 1, 1, 5, 1, 1, 2, 1, 1, 1)
INSERT [dbo].[guia] ([guia_id], [numero_guia], [producto_id], [region_id], [sede_id], [tipo_clasificacion_id], [plazo_distribucion_id], [proveedor_id], [tipo_guia_id], [tipo_seguridad_id], [tipo_servicio_id]) VALUES (5, N'848848544555', 1, 1, 5, 1, 2, 1, 1, 1, 1)
INSERT [dbo].[guia] ([guia_id], [numero_guia], [producto_id], [region_id], [sede_id], [tipo_clasificacion_id], [plazo_distribucion_id], [proveedor_id], [tipo_guia_id], [tipo_seguridad_id], [tipo_servicio_id]) VALUES (6, N'857421255', 1, 1, 5, 1, 2, 2, 1, 1, 1)
INSERT [dbo].[guia] ([guia_id], [numero_guia], [producto_id], [region_id], [sede_id], [tipo_clasificacion_id], [plazo_distribucion_id], [proveedor_id], [tipo_guia_id], [tipo_seguridad_id], [tipo_servicio_id]) VALUES (7, N'1434448777', 1, 1, 3, 1, 1, 1, 1, 1, 1)
INSERT [dbo].[guia] ([guia_id], [numero_guia], [producto_id], [region_id], [sede_id], [tipo_clasificacion_id], [plazo_distribucion_id], [proveedor_id], [tipo_guia_id], [tipo_seguridad_id], [tipo_servicio_id]) VALUES (8, N'14354266666', 1, 1, 3, 1, 1, 2, 1, 1, 1)
INSERT [dbo].[guia] ([guia_id], [numero_guia], [producto_id], [region_id], [sede_id], [tipo_clasificacion_id], [plazo_distribucion_id], [proveedor_id], [tipo_guia_id], [tipo_seguridad_id], [tipo_servicio_id]) VALUES (9, N'14344490000', 1, 1, 3, 1, 2, 1, 1, 1, 1)
INSERT [dbo].[guia] ([guia_id], [numero_guia], [producto_id], [region_id], [sede_id], [tipo_clasificacion_id], [plazo_distribucion_id], [proveedor_id], [tipo_guia_id], [tipo_seguridad_id], [tipo_servicio_id]) VALUES (10, N'84884842111', 1, 1, 3, 1, 2, 2, 1, 1, 1)
INSERT [dbo].[guia] ([guia_id], [numero_guia], [producto_id], [region_id], [sede_id], [tipo_clasificacion_id], [plazo_distribucion_id], [proveedor_id], [tipo_guia_id], [tipo_seguridad_id], [tipo_servicio_id]) VALUES (11, N'14354254444', 1, 1, 4, 1, 1, 1, 1, 1, 1)
INSERT [dbo].[guia] ([guia_id], [numero_guia], [producto_id], [region_id], [sede_id], [tipo_clasificacion_id], [plazo_distribucion_id], [proveedor_id], [tipo_guia_id], [tipo_seguridad_id], [tipo_servicio_id]) VALUES (12, N'1435423333', 1, 1, 4, 1, 1, 2, 1, 1, 1)
INSERT [dbo].[guia] ([guia_id], [numero_guia], [producto_id], [region_id], [sede_id], [tipo_clasificacion_id], [plazo_distribucion_id], [proveedor_id], [tipo_guia_id], [tipo_seguridad_id], [tipo_servicio_id]) VALUES (13, N'14354254443', 1, 1, 6, 1, 1, 1, 1, 1, 1)
INSERT [dbo].[guia] ([guia_id], [numero_guia], [producto_id], [region_id], [sede_id], [tipo_clasificacion_id], [plazo_distribucion_id], [proveedor_id], [tipo_guia_id], [tipo_seguridad_id], [tipo_servicio_id]) VALUES (14, N'848848411111', 1, 1, 6, 1, 1, 2, 1, 1, 1)
SET IDENTITY_INSERT [dbo].[guia] OFF
INSERT [dbo].[documento_guia] ([documento_id], [guia_id], [fecha_asociacion], [validado]) VALUES (1, 1, CAST(N'2019-06-14T09:01:45.4210000' AS DateTime2), 1)
INSERT [dbo].[documento_guia] ([documento_id], [guia_id], [fecha_asociacion], [validado]) VALUES (2, 1, CAST(N'2019-06-14T09:01:45.4210000' AS DateTime2), 1)
INSERT [dbo].[documento_guia] ([documento_id], [guia_id], [fecha_asociacion], [validado]) VALUES (3, 1, CAST(N'2019-06-14T09:01:45.4210000' AS DateTime2), 1)
INSERT [dbo].[documento_guia] ([documento_id], [guia_id], [fecha_asociacion], [validado]) VALUES (4, 1, CAST(N'2019-06-14T09:01:45.4210000' AS DateTime2), 1)
INSERT [dbo].[documento_guia] ([documento_id], [guia_id], [fecha_asociacion], [validado]) VALUES (5, 2, CAST(N'2019-06-14T09:02:13.0490000' AS DateTime2), 1)
INSERT [dbo].[documento_guia] ([documento_id], [guia_id], [fecha_asociacion], [validado]) VALUES (6, 2, CAST(N'2019-06-14T09:02:13.0490000' AS DateTime2), 1)
INSERT [dbo].[documento_guia] ([documento_id], [guia_id], [fecha_asociacion], [validado]) VALUES (7, 2, CAST(N'2019-06-14T09:02:13.0490000' AS DateTime2), 1)
INSERT [dbo].[documento_guia] ([documento_id], [guia_id], [fecha_asociacion], [validado]) VALUES (8, 2, CAST(N'2019-06-14T09:02:13.0490000' AS DateTime2), 1)
INSERT [dbo].[documento_guia] ([documento_id], [guia_id], [fecha_asociacion], [validado]) VALUES (9, 13, CAST(N'2019-06-14T09:07:52.6800000' AS DateTime2), 1)
INSERT [dbo].[documento_guia] ([documento_id], [guia_id], [fecha_asociacion], [validado]) VALUES (10, 13, CAST(N'2019-06-14T09:07:52.6800000' AS DateTime2), 1)
INSERT [dbo].[documento_guia] ([documento_id], [guia_id], [fecha_asociacion], [validado]) VALUES (11, 13, CAST(N'2019-06-14T09:07:52.6800000' AS DateTime2), 1)
INSERT [dbo].[documento_guia] ([documento_id], [guia_id], [fecha_asociacion], [validado]) VALUES (12, 13, CAST(N'2019-06-14T09:07:52.6800000' AS DateTime2), 1)
INSERT [dbo].[documento_guia] ([documento_id], [guia_id], [fecha_asociacion], [validado]) VALUES (13, 14, CAST(N'2019-06-14T09:08:14.1730000' AS DateTime2), 1)
INSERT [dbo].[documento_guia] ([documento_id], [guia_id], [fecha_asociacion], [validado]) VALUES (14, 14, CAST(N'2019-06-14T09:08:14.1730000' AS DateTime2), 1)
INSERT [dbo].[documento_guia] ([documento_id], [guia_id], [fecha_asociacion], [validado]) VALUES (15, 14, CAST(N'2019-06-14T09:08:14.1730000' AS DateTime2), 1)
INSERT [dbo].[documento_guia] ([documento_id], [guia_id], [fecha_asociacion], [validado]) VALUES (17, 7, CAST(N'2019-06-14T09:04:59.3860000' AS DateTime2), 1)
INSERT [dbo].[documento_guia] ([documento_id], [guia_id], [fecha_asociacion], [validado]) VALUES (18, 7, CAST(N'2019-06-14T09:04:59.3860000' AS DateTime2), 1)
INSERT [dbo].[documento_guia] ([documento_id], [guia_id], [fecha_asociacion], [validado]) VALUES (19, 7, CAST(N'2019-06-14T09:04:59.3860000' AS DateTime2), 1)
INSERT [dbo].[documento_guia] ([documento_id], [guia_id], [fecha_asociacion], [validado]) VALUES (20, 7, CAST(N'2019-06-14T09:04:59.3860000' AS DateTime2), 1)
INSERT [dbo].[documento_guia] ([documento_id], [guia_id], [fecha_asociacion], [validado]) VALUES (21, 8, CAST(N'2019-06-14T09:05:26.3070000' AS DateTime2), 1)
INSERT [dbo].[documento_guia] ([documento_id], [guia_id], [fecha_asociacion], [validado]) VALUES (22, 8, CAST(N'2019-06-14T09:05:26.3070000' AS DateTime2), 1)
INSERT [dbo].[documento_guia] ([documento_id], [guia_id], [fecha_asociacion], [validado]) VALUES (23, 8, CAST(N'2019-06-14T09:05:26.3070000' AS DateTime2), 1)
INSERT [dbo].[documento_guia] ([documento_id], [guia_id], [fecha_asociacion], [validado]) VALUES (24, 8, CAST(N'2019-06-14T09:05:26.3070000' AS DateTime2), 1)
INSERT [dbo].[documento_guia] ([documento_id], [guia_id], [fecha_asociacion], [validado]) VALUES (25, 11, CAST(N'2019-06-14T09:06:51.9940000' AS DateTime2), 1)
INSERT [dbo].[documento_guia] ([documento_id], [guia_id], [fecha_asociacion], [validado]) VALUES (26, 11, CAST(N'2019-06-14T09:06:51.9940000' AS DateTime2), 1)
INSERT [dbo].[documento_guia] ([documento_id], [guia_id], [fecha_asociacion], [validado]) VALUES (27, 11, CAST(N'2019-06-14T09:06:51.9940000' AS DateTime2), 1)
INSERT [dbo].[documento_guia] ([documento_id], [guia_id], [fecha_asociacion], [validado]) VALUES (28, 11, CAST(N'2019-06-14T09:06:51.9940000' AS DateTime2), 1)
INSERT [dbo].[documento_guia] ([documento_id], [guia_id], [fecha_asociacion], [validado]) VALUES (29, 12, CAST(N'2019-06-14T09:07:14.9970000' AS DateTime2), 1)
INSERT [dbo].[documento_guia] ([documento_id], [guia_id], [fecha_asociacion], [validado]) VALUES (30, 12, CAST(N'2019-06-14T09:07:14.9970000' AS DateTime2), 1)
INSERT [dbo].[documento_guia] ([documento_id], [guia_id], [fecha_asociacion], [validado]) VALUES (31, 12, CAST(N'2019-06-14T09:07:14.9970000' AS DateTime2), 1)
INSERT [dbo].[documento_guia] ([documento_id], [guia_id], [fecha_asociacion], [validado]) VALUES (41, 3, CAST(N'2019-06-14T09:02:39.2400000' AS DateTime2), 1)
INSERT [dbo].[documento_guia] ([documento_id], [guia_id], [fecha_asociacion], [validado]) VALUES (42, 3, CAST(N'2019-06-14T09:02:39.2400000' AS DateTime2), 1)
INSERT [dbo].[documento_guia] ([documento_id], [guia_id], [fecha_asociacion], [validado]) VALUES (43, 3, CAST(N'2019-06-14T09:02:39.2400000' AS DateTime2), 1)
INSERT [dbo].[documento_guia] ([documento_id], [guia_id], [fecha_asociacion], [validado]) VALUES (44, 4, CAST(N'2019-06-14T09:03:14.3990000' AS DateTime2), 1)
INSERT [dbo].[documento_guia] ([documento_id], [guia_id], [fecha_asociacion], [validado]) VALUES (45, 4, CAST(N'2019-06-14T09:03:14.3990000' AS DateTime2), 1)
INSERT [dbo].[documento_guia] ([documento_id], [guia_id], [fecha_asociacion], [validado]) VALUES (46, 4, CAST(N'2019-06-14T09:03:14.3990000' AS DateTime2), 1)
INSERT [dbo].[documento_guia] ([documento_id], [guia_id], [fecha_asociacion], [validado]) VALUES (47, 4, CAST(N'2019-06-14T09:03:14.3990000' AS DateTime2), 1)
INSERT [dbo].[documento_guia] ([documento_id], [guia_id], [fecha_asociacion], [validado]) VALUES (48, 4, CAST(N'2019-06-14T09:03:14.3990000' AS DateTime2), 1)
INSERT [dbo].[documento_guia] ([documento_id], [guia_id], [fecha_asociacion], [validado]) VALUES (49, 5, CAST(N'2019-06-14T09:03:37.5480000' AS DateTime2), 1)
INSERT [dbo].[documento_guia] ([documento_id], [guia_id], [fecha_asociacion], [validado]) VALUES (50, 5, CAST(N'2019-06-14T09:03:37.5480000' AS DateTime2), 1)
INSERT [dbo].[documento_guia] ([documento_id], [guia_id], [fecha_asociacion], [validado]) VALUES (51, 5, CAST(N'2019-06-14T09:03:37.5480000' AS DateTime2), 1)
INSERT [dbo].[documento_guia] ([documento_id], [guia_id], [fecha_asociacion], [validado]) VALUES (52, 5, CAST(N'2019-06-14T09:03:37.5480000' AS DateTime2), 1)
INSERT [dbo].[documento_guia] ([documento_id], [guia_id], [fecha_asociacion], [validado]) VALUES (53, 6, CAST(N'2019-06-14T09:04:05.8600000' AS DateTime2), 1)
INSERT [dbo].[documento_guia] ([documento_id], [guia_id], [fecha_asociacion], [validado]) VALUES (54, 6, CAST(N'2019-06-14T09:04:05.8600000' AS DateTime2), 1)
INSERT [dbo].[documento_guia] ([documento_id], [guia_id], [fecha_asociacion], [validado]) VALUES (55, 6, CAST(N'2019-06-14T09:04:05.8600000' AS DateTime2), 1)
INSERT [dbo].[documento_guia] ([documento_id], [guia_id], [fecha_asociacion], [validado]) VALUES (56, 6, CAST(N'2019-06-14T09:04:05.8600000' AS DateTime2), 1)
INSERT [dbo].[documento_guia] ([documento_id], [guia_id], [fecha_asociacion], [validado]) VALUES (57, 9, CAST(N'2019-06-14T09:05:49.6550000' AS DateTime2), 1)
INSERT [dbo].[documento_guia] ([documento_id], [guia_id], [fecha_asociacion], [validado]) VALUES (58, 9, CAST(N'2019-06-14T09:05:49.6550000' AS DateTime2), 1)
INSERT [dbo].[documento_guia] ([documento_id], [guia_id], [fecha_asociacion], [validado]) VALUES (59, 9, CAST(N'2019-06-14T09:05:49.6550000' AS DateTime2), 1)
INSERT [dbo].[documento_guia] ([documento_id], [guia_id], [fecha_asociacion], [validado]) VALUES (60, 9, CAST(N'2019-06-14T09:05:49.6550000' AS DateTime2), 1)
INSERT [dbo].[documento_guia] ([documento_id], [guia_id], [fecha_asociacion], [validado]) VALUES (61, 10, CAST(N'2019-06-14T09:06:10.7800000' AS DateTime2), 1)
INSERT [dbo].[documento_guia] ([documento_id], [guia_id], [fecha_asociacion], [validado]) VALUES (62, 10, CAST(N'2019-06-14T09:06:10.7800000' AS DateTime2), 1)
INSERT [dbo].[documento_guia] ([documento_id], [guia_id], [fecha_asociacion], [validado]) VALUES (63, 10, CAST(N'2019-06-14T09:06:10.7800000' AS DateTime2), 1)
INSERT [dbo].[documento_guia] ([documento_id], [guia_id], [fecha_asociacion], [validado]) VALUES (64, 10, CAST(N'2019-06-14T09:06:10.7800000' AS DateTime2), 1)
SET IDENTITY_INSERT [dbo].[tipo_devolucion] ON 

INSERT [dbo].[tipo_devolucion] ([tipo_devolucion_id], [nombre]) VALUES (1, N'CARGO')
INSERT [dbo].[tipo_devolucion] ([tipo_devolucion_id], [nombre]) VALUES (2, N'REZAGO')
INSERT [dbo].[tipo_devolucion] ([tipo_devolucion_id], [nombre]) VALUES (3, N'DENUNCIA')
SET IDENTITY_INSERT [dbo].[tipo_devolucion] OFF
SET IDENTITY_INSERT [dbo].[tipo_estado_documento] ON 

INSERT [dbo].[tipo_estado_documento] ([tipo_estado_documento_id], [nombre]) VALUES (1, N'ESTADOS UTD')
INSERT [dbo].[tipo_estado_documento] ([tipo_estado_documento_id], [nombre]) VALUES (2, N'RESULTADOS PROVEEDOR')
SET IDENTITY_INSERT [dbo].[tipo_estado_documento] OFF
SET IDENTITY_INSERT [dbo].[estado_documento] ON 

INSERT [dbo].[estado_documento] ([estado_documento_id], [nombre], [tipo_estado_documento_id]) VALUES (1, N'CREADO', 1)
INSERT [dbo].[estado_documento] ([estado_documento_id], [nombre], [tipo_estado_documento_id]) VALUES (2, N'CUSTODIADO', 1)
INSERT [dbo].[estado_documento] ([estado_documento_id], [nombre], [tipo_estado_documento_id]) VALUES (3, N'PENDIENTE DE ENTREGA', 1)
INSERT [dbo].[estado_documento] ([estado_documento_id], [nombre], [tipo_estado_documento_id]) VALUES (4, N'ENTREGADO', 2)
INSERT [dbo].[estado_documento] ([estado_documento_id], [nombre], [tipo_estado_documento_id]) VALUES (5, N'REZAGADO', 2)
INSERT [dbo].[estado_documento] ([estado_documento_id], [nombre], [tipo_estado_documento_id]) VALUES (6, N'NO DISTRIBUIBLE', 2)
INSERT [dbo].[estado_documento] ([estado_documento_id], [nombre], [tipo_estado_documento_id]) VALUES (7, N'DENEGADO', 1)
INSERT [dbo].[estado_documento] ([estado_documento_id], [nombre], [tipo_estado_documento_id]) VALUES (8, N'ELIMINADO', 1)
INSERT [dbo].[estado_documento] ([estado_documento_id], [nombre], [tipo_estado_documento_id]) VALUES (9, N'RECEPCIONADO', 1)
INSERT [dbo].[estado_documento] ([estado_documento_id], [nombre], [tipo_estado_documento_id]) VALUES (10, N'CERRADO', 1)
SET IDENTITY_INSERT [dbo].[estado_documento] OFF
SET IDENTITY_INSERT [dbo].[motivo_estado] ON 

INSERT [dbo].[motivo_estado] ([motivo_estado_id], [nombre], [estado_documento_id]) VALUES (1, N'ENTREGADO A TERCERO', 4)
INSERT [dbo].[motivo_estado] ([motivo_estado_id], [nombre], [estado_documento_id]) VALUES (2, N'ENTREGADO A TITULAR', 4)
INSERT [dbo].[motivo_estado] ([motivo_estado_id], [nombre], [estado_documento_id]) VALUES (3, N'ENTREGADO CON FIRMA', 4)
INSERT [dbo].[motivo_estado] ([motivo_estado_id], [nombre], [estado_documento_id]) VALUES (4, N'ENTREGADO CON SELLO', 4)
INSERT [dbo].[motivo_estado] ([motivo_estado_id], [nombre], [estado_documento_id]) VALUES (5, N'ENTREGADO EN AGENCIA', 4)
INSERT [dbo].[motivo_estado] ([motivo_estado_id], [nombre], [estado_documento_id]) VALUES (6, N'ENTREGADO SIN SELLO', 4)
INSERT [dbo].[motivo_estado] ([motivo_estado_id], [nombre], [estado_documento_id]) VALUES (7, N'BUZON', 4)
INSERT [dbo].[motivo_estado] ([motivo_estado_id], [nombre], [estado_documento_id]) VALUES (8, N'BAJO PUERTA', 4)
INSERT [dbo].[motivo_estado] ([motivo_estado_id], [nombre], [estado_documento_id]) VALUES (9, N'AUSENTE', 5)
INSERT [dbo].[motivo_estado] ([motivo_estado_id], [nombre], [estado_documento_id]) VALUES (10, N'DIRECCION INCORRECTA', 5)
INSERT [dbo].[motivo_estado] ([motivo_estado_id], [nombre], [estado_documento_id]) VALUES (11, N'SE MUDO', 5)
INSERT [dbo].[motivo_estado] ([motivo_estado_id], [nombre], [estado_documento_id]) VALUES (12, N'DESCONOCIDO', 5)
INSERT [dbo].[motivo_estado] ([motivo_estado_id], [nombre], [estado_documento_id]) VALUES (13, N'RECHAZADO', 5)
INSERT [dbo].[motivo_estado] ([motivo_estado_id], [nombre], [estado_documento_id]) VALUES (14, N'NO PERMITE ENTREGA', 5)
INSERT [dbo].[motivo_estado] ([motivo_estado_id], [nombre], [estado_documento_id]) VALUES (15, N'FALLECIDO', 5)
INSERT [dbo].[motivo_estado] ([motivo_estado_id], [nombre], [estado_documento_id]) VALUES (16, N'EXTRAVIADO O ROBADO', 6)
INSERT [dbo].[motivo_estado] ([motivo_estado_id], [nombre], [estado_documento_id]) VALUES (17, N'FALTANTE', 6)
INSERT [dbo].[motivo_estado] ([motivo_estado_id], [nombre], [estado_documento_id]) VALUES (18, N'ANULADO', 6)
INSERT [dbo].[motivo_estado] ([motivo_estado_id], [nombre], [estado_documento_id]) VALUES (19, N'DEVUELTO', 6)
INSERT [dbo].[motivo_estado] ([motivo_estado_id], [nombre], [estado_documento_id]) VALUES (20, N'ZONA PELIGROSA', 6)
INSERT [dbo].[motivo_estado] ([motivo_estado_id], [nombre], [estado_documento_id]) VALUES (21, N'SIN COBERTURA', 6)
INSERT [dbo].[motivo_estado] ([motivo_estado_id], [nombre], [estado_documento_id]) VALUES (22, N'NO EXISTE', 6)
INSERT [dbo].[motivo_estado] ([motivo_estado_id], [nombre], [estado_documento_id]) VALUES (23, N'NO ACCESIBLE', 6)
INSERT [dbo].[motivo_estado] ([motivo_estado_id], [nombre], [estado_documento_id]) VALUES (24, N'SIN FISICO', 6)
INSERT [dbo].[motivo_estado] ([motivo_estado_id], [nombre], [estado_documento_id]) VALUES (25, N'SIN RECOJO', 6)
INSERT [dbo].[motivo_estado] ([motivo_estado_id], [nombre], [estado_documento_id]) VALUES (26, N'RETENIDO', 6)
SET IDENTITY_INSERT [dbo].[motivo_estado] OFF
SET IDENTITY_INSERT [dbo].[seguimiento_documento] ON 

INSERT [dbo].[seguimiento_documento] ([seguimiento_documento_id], [fecha], [link_imagen], [observacion], [usuario_id], [documento_id], [estado_documento_id], [motivo_estado_id]) VALUES (1, CAST(N'2019-06-14T08:51:29.0840000' AS DateTime2), NULL, NULL, 5, 1, 1, NULL)
INSERT [dbo].[seguimiento_documento] ([seguimiento_documento_id], [fecha], [link_imagen], [observacion], [usuario_id], [documento_id], [estado_documento_id], [motivo_estado_id]) VALUES (2, CAST(N'2019-06-14T08:51:29.0900000' AS DateTime2), NULL, NULL, 5, 2, 1, NULL)
INSERT [dbo].[seguimiento_documento] ([seguimiento_documento_id], [fecha], [link_imagen], [observacion], [usuario_id], [documento_id], [estado_documento_id], [motivo_estado_id]) VALUES (3, CAST(N'2019-06-14T08:51:29.0910000' AS DateTime2), NULL, NULL, 5, 3, 1, NULL)
INSERT [dbo].[seguimiento_documento] ([seguimiento_documento_id], [fecha], [link_imagen], [observacion], [usuario_id], [documento_id], [estado_documento_id], [motivo_estado_id]) VALUES (4, CAST(N'2019-06-14T08:51:29.0920000' AS DateTime2), NULL, NULL, 5, 4, 1, NULL)
INSERT [dbo].[seguimiento_documento] ([seguimiento_documento_id], [fecha], [link_imagen], [observacion], [usuario_id], [documento_id], [estado_documento_id], [motivo_estado_id]) VALUES (5, CAST(N'2019-06-14T08:51:29.0930000' AS DateTime2), NULL, NULL, 5, 5, 1, NULL)
INSERT [dbo].[seguimiento_documento] ([seguimiento_documento_id], [fecha], [link_imagen], [observacion], [usuario_id], [documento_id], [estado_documento_id], [motivo_estado_id]) VALUES (6, CAST(N'2019-06-14T08:51:29.0940000' AS DateTime2), NULL, NULL, 5, 6, 1, NULL)
INSERT [dbo].[seguimiento_documento] ([seguimiento_documento_id], [fecha], [link_imagen], [observacion], [usuario_id], [documento_id], [estado_documento_id], [motivo_estado_id]) VALUES (7, CAST(N'2019-06-14T08:51:29.0950000' AS DateTime2), NULL, NULL, 5, 7, 1, NULL)
INSERT [dbo].[seguimiento_documento] ([seguimiento_documento_id], [fecha], [link_imagen], [observacion], [usuario_id], [documento_id], [estado_documento_id], [motivo_estado_id]) VALUES (8, CAST(N'2019-06-14T08:51:29.0960000' AS DateTime2), NULL, NULL, 5, 8, 1, NULL)
INSERT [dbo].[seguimiento_documento] ([seguimiento_documento_id], [fecha], [link_imagen], [observacion], [usuario_id], [documento_id], [estado_documento_id], [motivo_estado_id]) VALUES (9, CAST(N'2019-06-14T08:52:39.6790000' AS DateTime2), NULL, NULL, 5, 9, 1, NULL)
INSERT [dbo].[seguimiento_documento] ([seguimiento_documento_id], [fecha], [link_imagen], [observacion], [usuario_id], [documento_id], [estado_documento_id], [motivo_estado_id]) VALUES (10, CAST(N'2019-06-14T08:52:39.6810000' AS DateTime2), NULL, NULL, 5, 10, 1, NULL)
INSERT [dbo].[seguimiento_documento] ([seguimiento_documento_id], [fecha], [link_imagen], [observacion], [usuario_id], [documento_id], [estado_documento_id], [motivo_estado_id]) VALUES (11, CAST(N'2019-06-14T08:52:39.6820000' AS DateTime2), NULL, NULL, 5, 11, 1, NULL)
INSERT [dbo].[seguimiento_documento] ([seguimiento_documento_id], [fecha], [link_imagen], [observacion], [usuario_id], [documento_id], [estado_documento_id], [motivo_estado_id]) VALUES (12, CAST(N'2019-06-14T08:52:39.6830000' AS DateTime2), NULL, NULL, 5, 12, 1, NULL)
INSERT [dbo].[seguimiento_documento] ([seguimiento_documento_id], [fecha], [link_imagen], [observacion], [usuario_id], [documento_id], [estado_documento_id], [motivo_estado_id]) VALUES (13, CAST(N'2019-06-14T08:52:39.6840000' AS DateTime2), NULL, NULL, 5, 13, 1, NULL)
INSERT [dbo].[seguimiento_documento] ([seguimiento_documento_id], [fecha], [link_imagen], [observacion], [usuario_id], [documento_id], [estado_documento_id], [motivo_estado_id]) VALUES (14, CAST(N'2019-06-14T08:52:39.6850000' AS DateTime2), NULL, NULL, 5, 14, 1, NULL)
INSERT [dbo].[seguimiento_documento] ([seguimiento_documento_id], [fecha], [link_imagen], [observacion], [usuario_id], [documento_id], [estado_documento_id], [motivo_estado_id]) VALUES (15, CAST(N'2019-06-14T08:52:39.6860000' AS DateTime2), NULL, NULL, 5, 15, 1, NULL)
INSERT [dbo].[seguimiento_documento] ([seguimiento_documento_id], [fecha], [link_imagen], [observacion], [usuario_id], [documento_id], [estado_documento_id], [motivo_estado_id]) VALUES (16, CAST(N'2019-06-14T08:52:39.6870000' AS DateTime2), NULL, NULL, 5, 16, 1, NULL)
INSERT [dbo].[seguimiento_documento] ([seguimiento_documento_id], [fecha], [link_imagen], [observacion], [usuario_id], [documento_id], [estado_documento_id], [motivo_estado_id]) VALUES (17, CAST(N'2019-06-14T08:53:16.4690000' AS DateTime2), NULL, NULL, 5, 17, 1, NULL)
INSERT [dbo].[seguimiento_documento] ([seguimiento_documento_id], [fecha], [link_imagen], [observacion], [usuario_id], [documento_id], [estado_documento_id], [motivo_estado_id]) VALUES (18, CAST(N'2019-06-14T08:53:16.4700000' AS DateTime2), NULL, NULL, 5, 18, 1, NULL)
INSERT [dbo].[seguimiento_documento] ([seguimiento_documento_id], [fecha], [link_imagen], [observacion], [usuario_id], [documento_id], [estado_documento_id], [motivo_estado_id]) VALUES (19, CAST(N'2019-06-14T08:53:16.4710000' AS DateTime2), NULL, NULL, 5, 19, 1, NULL)
INSERT [dbo].[seguimiento_documento] ([seguimiento_documento_id], [fecha], [link_imagen], [observacion], [usuario_id], [documento_id], [estado_documento_id], [motivo_estado_id]) VALUES (20, CAST(N'2019-06-14T08:53:16.4710000' AS DateTime2), NULL, NULL, 5, 20, 1, NULL)
INSERT [dbo].[seguimiento_documento] ([seguimiento_documento_id], [fecha], [link_imagen], [observacion], [usuario_id], [documento_id], [estado_documento_id], [motivo_estado_id]) VALUES (21, CAST(N'2019-06-14T08:53:16.4720000' AS DateTime2), NULL, NULL, 5, 21, 1, NULL)
INSERT [dbo].[seguimiento_documento] ([seguimiento_documento_id], [fecha], [link_imagen], [observacion], [usuario_id], [documento_id], [estado_documento_id], [motivo_estado_id]) VALUES (22, CAST(N'2019-06-14T08:53:16.4730000' AS DateTime2), NULL, NULL, 5, 22, 1, NULL)
INSERT [dbo].[seguimiento_documento] ([seguimiento_documento_id], [fecha], [link_imagen], [observacion], [usuario_id], [documento_id], [estado_documento_id], [motivo_estado_id]) VALUES (23, CAST(N'2019-06-14T08:53:16.4740000' AS DateTime2), NULL, NULL, 5, 23, 1, NULL)
INSERT [dbo].[seguimiento_documento] ([seguimiento_documento_id], [fecha], [link_imagen], [observacion], [usuario_id], [documento_id], [estado_documento_id], [motivo_estado_id]) VALUES (24, CAST(N'2019-06-14T08:53:16.4740000' AS DateTime2), NULL, NULL, 5, 24, 1, NULL)
INSERT [dbo].[seguimiento_documento] ([seguimiento_documento_id], [fecha], [link_imagen], [observacion], [usuario_id], [documento_id], [estado_documento_id], [motivo_estado_id]) VALUES (25, CAST(N'2019-06-14T08:53:51.0210000' AS DateTime2), NULL, NULL, 5, 25, 1, NULL)
INSERT [dbo].[seguimiento_documento] ([seguimiento_documento_id], [fecha], [link_imagen], [observacion], [usuario_id], [documento_id], [estado_documento_id], [motivo_estado_id]) VALUES (26, CAST(N'2019-06-14T08:53:51.0230000' AS DateTime2), NULL, NULL, 5, 26, 1, NULL)
INSERT [dbo].[seguimiento_documento] ([seguimiento_documento_id], [fecha], [link_imagen], [observacion], [usuario_id], [documento_id], [estado_documento_id], [motivo_estado_id]) VALUES (27, CAST(N'2019-06-14T08:53:51.0240000' AS DateTime2), NULL, NULL, 5, 27, 1, NULL)
INSERT [dbo].[seguimiento_documento] ([seguimiento_documento_id], [fecha], [link_imagen], [observacion], [usuario_id], [documento_id], [estado_documento_id], [motivo_estado_id]) VALUES (28, CAST(N'2019-06-14T08:53:51.0250000' AS DateTime2), NULL, NULL, 5, 28, 1, NULL)
INSERT [dbo].[seguimiento_documento] ([seguimiento_documento_id], [fecha], [link_imagen], [observacion], [usuario_id], [documento_id], [estado_documento_id], [motivo_estado_id]) VALUES (29, CAST(N'2019-06-14T08:53:51.0250000' AS DateTime2), NULL, NULL, 5, 29, 1, NULL)
INSERT [dbo].[seguimiento_documento] ([seguimiento_documento_id], [fecha], [link_imagen], [observacion], [usuario_id], [documento_id], [estado_documento_id], [motivo_estado_id]) VALUES (30, CAST(N'2019-06-14T08:53:51.0260000' AS DateTime2), NULL, NULL, 5, 30, 1, NULL)
INSERT [dbo].[seguimiento_documento] ([seguimiento_documento_id], [fecha], [link_imagen], [observacion], [usuario_id], [documento_id], [estado_documento_id], [motivo_estado_id]) VALUES (31, CAST(N'2019-06-14T08:53:51.0260000' AS DateTime2), NULL, NULL, 5, 31, 1, NULL)
INSERT [dbo].[seguimiento_documento] ([seguimiento_documento_id], [fecha], [link_imagen], [observacion], [usuario_id], [documento_id], [estado_documento_id], [motivo_estado_id]) VALUES (32, CAST(N'2019-06-14T08:53:51.0270000' AS DateTime2), NULL, NULL, 5, 32, 1, NULL)
INSERT [dbo].[seguimiento_documento] ([seguimiento_documento_id], [fecha], [link_imagen], [observacion], [usuario_id], [documento_id], [estado_documento_id], [motivo_estado_id]) VALUES (33, CAST(N'2019-06-14T08:54:50.1600000' AS DateTime2), NULL, NULL, 6, 33, 1, NULL)
INSERT [dbo].[seguimiento_documento] ([seguimiento_documento_id], [fecha], [link_imagen], [observacion], [usuario_id], [documento_id], [estado_documento_id], [motivo_estado_id]) VALUES (34, CAST(N'2019-06-14T08:54:50.1610000' AS DateTime2), NULL, NULL, 6, 34, 1, NULL)
INSERT [dbo].[seguimiento_documento] ([seguimiento_documento_id], [fecha], [link_imagen], [observacion], [usuario_id], [documento_id], [estado_documento_id], [motivo_estado_id]) VALUES (35, CAST(N'2019-06-14T08:54:50.1620000' AS DateTime2), NULL, NULL, 6, 35, 1, NULL)
INSERT [dbo].[seguimiento_documento] ([seguimiento_documento_id], [fecha], [link_imagen], [observacion], [usuario_id], [documento_id], [estado_documento_id], [motivo_estado_id]) VALUES (36, CAST(N'2019-06-14T08:54:50.1630000' AS DateTime2), NULL, NULL, 6, 36, 1, NULL)
INSERT [dbo].[seguimiento_documento] ([seguimiento_documento_id], [fecha], [link_imagen], [observacion], [usuario_id], [documento_id], [estado_documento_id], [motivo_estado_id]) VALUES (37, CAST(N'2019-06-14T08:54:50.1640000' AS DateTime2), NULL, NULL, 6, 37, 1, NULL)
INSERT [dbo].[seguimiento_documento] ([seguimiento_documento_id], [fecha], [link_imagen], [observacion], [usuario_id], [documento_id], [estado_documento_id], [motivo_estado_id]) VALUES (38, CAST(N'2019-06-14T08:54:50.1640000' AS DateTime2), NULL, NULL, 6, 38, 1, NULL)
INSERT [dbo].[seguimiento_documento] ([seguimiento_documento_id], [fecha], [link_imagen], [observacion], [usuario_id], [documento_id], [estado_documento_id], [motivo_estado_id]) VALUES (39, CAST(N'2019-06-14T08:54:50.1650000' AS DateTime2), NULL, NULL, 6, 39, 1, NULL)
INSERT [dbo].[seguimiento_documento] ([seguimiento_documento_id], [fecha], [link_imagen], [observacion], [usuario_id], [documento_id], [estado_documento_id], [motivo_estado_id]) VALUES (40, CAST(N'2019-06-14T08:54:50.1660000' AS DateTime2), NULL, NULL, 6, 40, 1, NULL)
INSERT [dbo].[seguimiento_documento] ([seguimiento_documento_id], [fecha], [link_imagen], [observacion], [usuario_id], [documento_id], [estado_documento_id], [motivo_estado_id]) VALUES (41, CAST(N'2019-06-14T08:55:21.9420000' AS DateTime2), NULL, NULL, 6, 41, 1, NULL)
INSERT [dbo].[seguimiento_documento] ([seguimiento_documento_id], [fecha], [link_imagen], [observacion], [usuario_id], [documento_id], [estado_documento_id], [motivo_estado_id]) VALUES (42, CAST(N'2019-06-14T08:55:21.9430000' AS DateTime2), NULL, NULL, 6, 42, 1, NULL)
INSERT [dbo].[seguimiento_documento] ([seguimiento_documento_id], [fecha], [link_imagen], [observacion], [usuario_id], [documento_id], [estado_documento_id], [motivo_estado_id]) VALUES (43, CAST(N'2019-06-14T08:55:21.9430000' AS DateTime2), NULL, NULL, 6, 43, 1, NULL)
INSERT [dbo].[seguimiento_documento] ([seguimiento_documento_id], [fecha], [link_imagen], [observacion], [usuario_id], [documento_id], [estado_documento_id], [motivo_estado_id]) VALUES (44, CAST(N'2019-06-14T08:55:21.9440000' AS DateTime2), NULL, NULL, 6, 44, 1, NULL)
INSERT [dbo].[seguimiento_documento] ([seguimiento_documento_id], [fecha], [link_imagen], [observacion], [usuario_id], [documento_id], [estado_documento_id], [motivo_estado_id]) VALUES (45, CAST(N'2019-06-14T08:55:21.9440000' AS DateTime2), NULL, NULL, 6, 45, 1, NULL)
INSERT [dbo].[seguimiento_documento] ([seguimiento_documento_id], [fecha], [link_imagen], [observacion], [usuario_id], [documento_id], [estado_documento_id], [motivo_estado_id]) VALUES (46, CAST(N'2019-06-14T08:55:21.9450000' AS DateTime2), NULL, NULL, 6, 46, 1, NULL)
INSERT [dbo].[seguimiento_documento] ([seguimiento_documento_id], [fecha], [link_imagen], [observacion], [usuario_id], [documento_id], [estado_documento_id], [motivo_estado_id]) VALUES (47, CAST(N'2019-06-14T08:55:21.9460000' AS DateTime2), NULL, NULL, 6, 47, 1, NULL)
INSERT [dbo].[seguimiento_documento] ([seguimiento_documento_id], [fecha], [link_imagen], [observacion], [usuario_id], [documento_id], [estado_documento_id], [motivo_estado_id]) VALUES (48, CAST(N'2019-06-14T08:55:21.9460000' AS DateTime2), NULL, NULL, 6, 48, 1, NULL)
INSERT [dbo].[seguimiento_documento] ([seguimiento_documento_id], [fecha], [link_imagen], [observacion], [usuario_id], [documento_id], [estado_documento_id], [motivo_estado_id]) VALUES (49, CAST(N'2019-06-14T08:56:14.4580000' AS DateTime2), NULL, NULL, 7, 49, 1, NULL)
INSERT [dbo].[seguimiento_documento] ([seguimiento_documento_id], [fecha], [link_imagen], [observacion], [usuario_id], [documento_id], [estado_documento_id], [motivo_estado_id]) VALUES (50, CAST(N'2019-06-14T08:56:14.4580000' AS DateTime2), NULL, NULL, 7, 50, 1, NULL)
INSERT [dbo].[seguimiento_documento] ([seguimiento_documento_id], [fecha], [link_imagen], [observacion], [usuario_id], [documento_id], [estado_documento_id], [motivo_estado_id]) VALUES (51, CAST(N'2019-06-14T08:56:14.4580000' AS DateTime2), NULL, NULL, 7, 51, 1, NULL)
INSERT [dbo].[seguimiento_documento] ([seguimiento_documento_id], [fecha], [link_imagen], [observacion], [usuario_id], [documento_id], [estado_documento_id], [motivo_estado_id]) VALUES (52, CAST(N'2019-06-14T08:56:14.4580000' AS DateTime2), NULL, NULL, 7, 52, 1, NULL)
INSERT [dbo].[seguimiento_documento] ([seguimiento_documento_id], [fecha], [link_imagen], [observacion], [usuario_id], [documento_id], [estado_documento_id], [motivo_estado_id]) VALUES (53, CAST(N'2019-06-14T08:56:14.4580000' AS DateTime2), NULL, NULL, 7, 53, 1, NULL)
INSERT [dbo].[seguimiento_documento] ([seguimiento_documento_id], [fecha], [link_imagen], [observacion], [usuario_id], [documento_id], [estado_documento_id], [motivo_estado_id]) VALUES (54, CAST(N'2019-06-14T08:56:14.4580000' AS DateTime2), NULL, NULL, 7, 54, 1, NULL)
INSERT [dbo].[seguimiento_documento] ([seguimiento_documento_id], [fecha], [link_imagen], [observacion], [usuario_id], [documento_id], [estado_documento_id], [motivo_estado_id]) VALUES (55, CAST(N'2019-06-14T08:56:14.4580000' AS DateTime2), NULL, NULL, 7, 55, 1, NULL)
INSERT [dbo].[seguimiento_documento] ([seguimiento_documento_id], [fecha], [link_imagen], [observacion], [usuario_id], [documento_id], [estado_documento_id], [motivo_estado_id]) VALUES (56, CAST(N'2019-06-14T08:56:14.4580000' AS DateTime2), NULL, NULL, 7, 56, 1, NULL)
INSERT [dbo].[seguimiento_documento] ([seguimiento_documento_id], [fecha], [link_imagen], [observacion], [usuario_id], [documento_id], [estado_documento_id], [motivo_estado_id]) VALUES (57, CAST(N'2019-06-14T08:56:40.6080000' AS DateTime2), NULL, NULL, 7, 57, 1, NULL)
INSERT [dbo].[seguimiento_documento] ([seguimiento_documento_id], [fecha], [link_imagen], [observacion], [usuario_id], [documento_id], [estado_documento_id], [motivo_estado_id]) VALUES (58, CAST(N'2019-06-14T08:56:40.6080000' AS DateTime2), NULL, NULL, 7, 58, 1, NULL)
INSERT [dbo].[seguimiento_documento] ([seguimiento_documento_id], [fecha], [link_imagen], [observacion], [usuario_id], [documento_id], [estado_documento_id], [motivo_estado_id]) VALUES (59, CAST(N'2019-06-14T08:56:40.6090000' AS DateTime2), NULL, NULL, 7, 59, 1, NULL)
INSERT [dbo].[seguimiento_documento] ([seguimiento_documento_id], [fecha], [link_imagen], [observacion], [usuario_id], [documento_id], [estado_documento_id], [motivo_estado_id]) VALUES (60, CAST(N'2019-06-14T08:56:40.6100000' AS DateTime2), NULL, NULL, 7, 60, 1, NULL)
INSERT [dbo].[seguimiento_documento] ([seguimiento_documento_id], [fecha], [link_imagen], [observacion], [usuario_id], [documento_id], [estado_documento_id], [motivo_estado_id]) VALUES (61, CAST(N'2019-06-14T08:56:40.6100000' AS DateTime2), NULL, NULL, 7, 61, 1, NULL)
INSERT [dbo].[seguimiento_documento] ([seguimiento_documento_id], [fecha], [link_imagen], [observacion], [usuario_id], [documento_id], [estado_documento_id], [motivo_estado_id]) VALUES (62, CAST(N'2019-06-14T08:56:40.6110000' AS DateTime2), NULL, NULL, 7, 62, 1, NULL)
INSERT [dbo].[seguimiento_documento] ([seguimiento_documento_id], [fecha], [link_imagen], [observacion], [usuario_id], [documento_id], [estado_documento_id], [motivo_estado_id]) VALUES (63, CAST(N'2019-06-14T08:56:40.6120000' AS DateTime2), NULL, NULL, 7, 63, 1, NULL)
INSERT [dbo].[seguimiento_documento] ([seguimiento_documento_id], [fecha], [link_imagen], [observacion], [usuario_id], [documento_id], [estado_documento_id], [motivo_estado_id]) VALUES (64, CAST(N'2019-06-14T08:56:40.6120000' AS DateTime2), NULL, NULL, 7, 64, 1, NULL)
INSERT [dbo].[seguimiento_documento] ([seguimiento_documento_id], [fecha], [link_imagen], [observacion], [usuario_id], [documento_id], [estado_documento_id], [motivo_estado_id]) VALUES (65, CAST(N'2019-06-14T08:56:55.4290000' AS DateTime2), NULL, N'El documento ha sido autorizado', 9, 55, 1, NULL)
INSERT [dbo].[seguimiento_documento] ([seguimiento_documento_id], [fecha], [link_imagen], [observacion], [usuario_id], [documento_id], [estado_documento_id], [motivo_estado_id]) VALUES (66, CAST(N'2019-06-14T08:56:55.4310000' AS DateTime2), NULL, N'El documento ha sido autorizado', 9, 50, 1, NULL)
INSERT [dbo].[seguimiento_documento] ([seguimiento_documento_id], [fecha], [link_imagen], [observacion], [usuario_id], [documento_id], [estado_documento_id], [motivo_estado_id]) VALUES (67, CAST(N'2019-06-14T08:56:55.4310000' AS DateTime2), NULL, N'El documento ha sido autorizado', 9, 49, 1, NULL)
INSERT [dbo].[seguimiento_documento] ([seguimiento_documento_id], [fecha], [link_imagen], [observacion], [usuario_id], [documento_id], [estado_documento_id], [motivo_estado_id]) VALUES (68, CAST(N'2019-06-14T08:56:55.4310000' AS DateTime2), NULL, N'El documento ha sido autorizado', 9, 52, 1, NULL)
INSERT [dbo].[seguimiento_documento] ([seguimiento_documento_id], [fecha], [link_imagen], [observacion], [usuario_id], [documento_id], [estado_documento_id], [motivo_estado_id]) VALUES (69, CAST(N'2019-06-14T08:56:55.4320000' AS DateTime2), NULL, N'El documento ha sido autorizado', 9, 53, 1, NULL)
INSERT [dbo].[seguimiento_documento] ([seguimiento_documento_id], [fecha], [link_imagen], [observacion], [usuario_id], [documento_id], [estado_documento_id], [motivo_estado_id]) VALUES (70, CAST(N'2019-06-14T08:56:55.4320000' AS DateTime2), NULL, N'El documento ha sido autorizado', 9, 54, 1, NULL)
INSERT [dbo].[seguimiento_documento] ([seguimiento_documento_id], [fecha], [link_imagen], [observacion], [usuario_id], [documento_id], [estado_documento_id], [motivo_estado_id]) VALUES (71, CAST(N'2019-06-14T08:56:55.4320000' AS DateTime2), NULL, N'El documento ha sido autorizado', 9, 51, 1, NULL)
INSERT [dbo].[seguimiento_documento] ([seguimiento_documento_id], [fecha], [link_imagen], [observacion], [usuario_id], [documento_id], [estado_documento_id], [motivo_estado_id]) VALUES (72, CAST(N'2019-06-14T08:56:55.4330000' AS DateTime2), NULL, N'El documento ha sido autorizado', 9, 56, 1, NULL)
INSERT [dbo].[seguimiento_documento] ([seguimiento_documento_id], [fecha], [link_imagen], [observacion], [usuario_id], [documento_id], [estado_documento_id], [motivo_estado_id]) VALUES (73, CAST(N'2019-06-14T08:56:57.1360000' AS DateTime2), NULL, N'El documento ha sido autorizado', 9, 58, 1, NULL)
INSERT [dbo].[seguimiento_documento] ([seguimiento_documento_id], [fecha], [link_imagen], [observacion], [usuario_id], [documento_id], [estado_documento_id], [motivo_estado_id]) VALUES (74, CAST(N'2019-06-14T08:56:57.1360000' AS DateTime2), NULL, N'El documento ha sido autorizado', 9, 63, 1, NULL)
INSERT [dbo].[seguimiento_documento] ([seguimiento_documento_id], [fecha], [link_imagen], [observacion], [usuario_id], [documento_id], [estado_documento_id], [motivo_estado_id]) VALUES (75, CAST(N'2019-06-14T08:56:57.1360000' AS DateTime2), NULL, N'El documento ha sido autorizado', 9, 61, 1, NULL)
INSERT [dbo].[seguimiento_documento] ([seguimiento_documento_id], [fecha], [link_imagen], [observacion], [usuario_id], [documento_id], [estado_documento_id], [motivo_estado_id]) VALUES (76, CAST(N'2019-06-14T08:56:57.1370000' AS DateTime2), NULL, N'El documento ha sido autorizado', 9, 62, 1, NULL)
INSERT [dbo].[seguimiento_documento] ([seguimiento_documento_id], [fecha], [link_imagen], [observacion], [usuario_id], [documento_id], [estado_documento_id], [motivo_estado_id]) VALUES (77, CAST(N'2019-06-14T08:56:57.1370000' AS DateTime2), NULL, N'El documento ha sido autorizado', 9, 64, 1, NULL)
INSERT [dbo].[seguimiento_documento] ([seguimiento_documento_id], [fecha], [link_imagen], [observacion], [usuario_id], [documento_id], [estado_documento_id], [motivo_estado_id]) VALUES (78, CAST(N'2019-06-14T08:56:57.1370000' AS DateTime2), NULL, N'El documento ha sido autorizado', 9, 59, 1, NULL)
INSERT [dbo].[seguimiento_documento] ([seguimiento_documento_id], [fecha], [link_imagen], [observacion], [usuario_id], [documento_id], [estado_documento_id], [motivo_estado_id]) VALUES (79, CAST(N'2019-06-14T08:56:57.1370000' AS DateTime2), NULL, N'El documento ha sido autorizado', 9, 60, 1, NULL)
INSERT [dbo].[seguimiento_documento] ([seguimiento_documento_id], [fecha], [link_imagen], [observacion], [usuario_id], [documento_id], [estado_documento_id], [motivo_estado_id]) VALUES (80, CAST(N'2019-06-14T08:56:57.1380000' AS DateTime2), NULL, N'El documento ha sido autorizado', 9, 57, 1, NULL)
INSERT [dbo].[seguimiento_documento] ([seguimiento_documento_id], [fecha], [link_imagen], [observacion], [usuario_id], [documento_id], [estado_documento_id], [motivo_estado_id]) VALUES (81, CAST(N'2019-06-14T08:57:17.6220000' AS DateTime2), NULL, NULL, 3, 1, 2, NULL)
INSERT [dbo].[seguimiento_documento] ([seguimiento_documento_id], [fecha], [link_imagen], [observacion], [usuario_id], [documento_id], [estado_documento_id], [motivo_estado_id]) VALUES (82, CAST(N'2019-06-14T08:57:17.6240000' AS DateTime2), NULL, NULL, 3, 2, 2, NULL)
INSERT [dbo].[seguimiento_documento] ([seguimiento_documento_id], [fecha], [link_imagen], [observacion], [usuario_id], [documento_id], [estado_documento_id], [motivo_estado_id]) VALUES (83, CAST(N'2019-06-14T08:57:17.6240000' AS DateTime2), NULL, NULL, 3, 3, 2, NULL)
INSERT [dbo].[seguimiento_documento] ([seguimiento_documento_id], [fecha], [link_imagen], [observacion], [usuario_id], [documento_id], [estado_documento_id], [motivo_estado_id]) VALUES (84, CAST(N'2019-06-14T08:57:17.6250000' AS DateTime2), NULL, NULL, 3, 7, 2, NULL)
INSERT [dbo].[seguimiento_documento] ([seguimiento_documento_id], [fecha], [link_imagen], [observacion], [usuario_id], [documento_id], [estado_documento_id], [motivo_estado_id]) VALUES (85, CAST(N'2019-06-14T08:57:17.6260000' AS DateTime2), NULL, NULL, 3, 8, 2, NULL)
INSERT [dbo].[seguimiento_documento] ([seguimiento_documento_id], [fecha], [link_imagen], [observacion], [usuario_id], [documento_id], [estado_documento_id], [motivo_estado_id]) VALUES (86, CAST(N'2019-06-14T08:57:17.6260000' AS DateTime2), NULL, NULL, 3, 4, 2, NULL)
INSERT [dbo].[seguimiento_documento] ([seguimiento_documento_id], [fecha], [link_imagen], [observacion], [usuario_id], [documento_id], [estado_documento_id], [motivo_estado_id]) VALUES (87, CAST(N'2019-06-14T08:57:17.6260000' AS DateTime2), NULL, NULL, 3, 6, 2, NULL)
INSERT [dbo].[seguimiento_documento] ([seguimiento_documento_id], [fecha], [link_imagen], [observacion], [usuario_id], [documento_id], [estado_documento_id], [motivo_estado_id]) VALUES (88, CAST(N'2019-06-14T08:57:17.6260000' AS DateTime2), NULL, NULL, 3, 5, 2, NULL)
INSERT [dbo].[seguimiento_documento] ([seguimiento_documento_id], [fecha], [link_imagen], [observacion], [usuario_id], [documento_id], [estado_documento_id], [motivo_estado_id]) VALUES (89, CAST(N'2019-06-14T08:57:26.1330000' AS DateTime2), NULL, NULL, 3, 46, 2, NULL)
INSERT [dbo].[seguimiento_documento] ([seguimiento_documento_id], [fecha], [link_imagen], [observacion], [usuario_id], [documento_id], [estado_documento_id], [motivo_estado_id]) VALUES (90, CAST(N'2019-06-14T08:57:26.1330000' AS DateTime2), NULL, NULL, 3, 43, 2, NULL)
INSERT [dbo].[seguimiento_documento] ([seguimiento_documento_id], [fecha], [link_imagen], [observacion], [usuario_id], [documento_id], [estado_documento_id], [motivo_estado_id]) VALUES (91, CAST(N'2019-06-14T08:57:26.1340000' AS DateTime2), NULL, NULL, 3, 48, 2, NULL)
INSERT [dbo].[seguimiento_documento] ([seguimiento_documento_id], [fecha], [link_imagen], [observacion], [usuario_id], [documento_id], [estado_documento_id], [motivo_estado_id]) VALUES (92, CAST(N'2019-06-14T08:57:26.1340000' AS DateTime2), NULL, NULL, 3, 45, 2, NULL)
INSERT [dbo].[seguimiento_documento] ([seguimiento_documento_id], [fecha], [link_imagen], [observacion], [usuario_id], [documento_id], [estado_documento_id], [motivo_estado_id]) VALUES (93, CAST(N'2019-06-14T08:57:26.1340000' AS DateTime2), NULL, NULL, 3, 47, 2, NULL)
INSERT [dbo].[seguimiento_documento] ([seguimiento_documento_id], [fecha], [link_imagen], [observacion], [usuario_id], [documento_id], [estado_documento_id], [motivo_estado_id]) VALUES (94, CAST(N'2019-06-14T08:57:26.1350000' AS DateTime2), NULL, NULL, 3, 42, 2, NULL)
INSERT [dbo].[seguimiento_documento] ([seguimiento_documento_id], [fecha], [link_imagen], [observacion], [usuario_id], [documento_id], [estado_documento_id], [motivo_estado_id]) VALUES (95, CAST(N'2019-06-14T08:57:26.1350000' AS DateTime2), NULL, NULL, 3, 41, 2, NULL)
INSERT [dbo].[seguimiento_documento] ([seguimiento_documento_id], [fecha], [link_imagen], [observacion], [usuario_id], [documento_id], [estado_documento_id], [motivo_estado_id]) VALUES (96, CAST(N'2019-06-14T08:57:26.1350000' AS DateTime2), NULL, NULL, 3, 44, 2, NULL)
INSERT [dbo].[seguimiento_documento] ([seguimiento_documento_id], [fecha], [link_imagen], [observacion], [usuario_id], [documento_id], [estado_documento_id], [motivo_estado_id]) VALUES (97, CAST(N'2019-06-14T08:57:34.3070000' AS DateTime2), NULL, NULL, 3, 49, 2, NULL)
INSERT [dbo].[seguimiento_documento] ([seguimiento_documento_id], [fecha], [link_imagen], [observacion], [usuario_id], [documento_id], [estado_documento_id], [motivo_estado_id]) VALUES (98, CAST(N'2019-06-14T08:57:34.3080000' AS DateTime2), NULL, NULL, 3, 51, 2, NULL)
INSERT [dbo].[seguimiento_documento] ([seguimiento_documento_id], [fecha], [link_imagen], [observacion], [usuario_id], [documento_id], [estado_documento_id], [motivo_estado_id]) VALUES (99, CAST(N'2019-06-14T08:57:34.3080000' AS DateTime2), NULL, NULL, 3, 52, 2, NULL)
GO
INSERT [dbo].[seguimiento_documento] ([seguimiento_documento_id], [fecha], [link_imagen], [observacion], [usuario_id], [documento_id], [estado_documento_id], [motivo_estado_id]) VALUES (100, CAST(N'2019-06-14T08:57:34.3080000' AS DateTime2), NULL, NULL, 3, 56, 2, NULL)
INSERT [dbo].[seguimiento_documento] ([seguimiento_documento_id], [fecha], [link_imagen], [observacion], [usuario_id], [documento_id], [estado_documento_id], [motivo_estado_id]) VALUES (101, CAST(N'2019-06-14T08:57:34.3090000' AS DateTime2), NULL, NULL, 3, 50, 2, NULL)
INSERT [dbo].[seguimiento_documento] ([seguimiento_documento_id], [fecha], [link_imagen], [observacion], [usuario_id], [documento_id], [estado_documento_id], [motivo_estado_id]) VALUES (102, CAST(N'2019-06-14T08:57:34.3090000' AS DateTime2), NULL, NULL, 3, 54, 2, NULL)
INSERT [dbo].[seguimiento_documento] ([seguimiento_documento_id], [fecha], [link_imagen], [observacion], [usuario_id], [documento_id], [estado_documento_id], [motivo_estado_id]) VALUES (103, CAST(N'2019-06-14T08:57:34.3090000' AS DateTime2), NULL, NULL, 3, 53, 2, NULL)
INSERT [dbo].[seguimiento_documento] ([seguimiento_documento_id], [fecha], [link_imagen], [observacion], [usuario_id], [documento_id], [estado_documento_id], [motivo_estado_id]) VALUES (104, CAST(N'2019-06-14T08:57:34.3100000' AS DateTime2), NULL, NULL, 3, 55, 2, NULL)
INSERT [dbo].[seguimiento_documento] ([seguimiento_documento_id], [fecha], [link_imagen], [observacion], [usuario_id], [documento_id], [estado_documento_id], [motivo_estado_id]) VALUES (105, CAST(N'2019-06-14T08:58:07.7070000' AS DateTime2), NULL, NULL, 2, 25, 2, NULL)
INSERT [dbo].[seguimiento_documento] ([seguimiento_documento_id], [fecha], [link_imagen], [observacion], [usuario_id], [documento_id], [estado_documento_id], [motivo_estado_id]) VALUES (106, CAST(N'2019-06-14T08:58:07.7090000' AS DateTime2), NULL, NULL, 2, 26, 2, NULL)
INSERT [dbo].[seguimiento_documento] ([seguimiento_documento_id], [fecha], [link_imagen], [observacion], [usuario_id], [documento_id], [estado_documento_id], [motivo_estado_id]) VALUES (107, CAST(N'2019-06-14T08:58:07.7090000' AS DateTime2), NULL, NULL, 2, 31, 2, NULL)
INSERT [dbo].[seguimiento_documento] ([seguimiento_documento_id], [fecha], [link_imagen], [observacion], [usuario_id], [documento_id], [estado_documento_id], [motivo_estado_id]) VALUES (108, CAST(N'2019-06-14T08:58:07.7100000' AS DateTime2), NULL, NULL, 2, 32, 2, NULL)
INSERT [dbo].[seguimiento_documento] ([seguimiento_documento_id], [fecha], [link_imagen], [observacion], [usuario_id], [documento_id], [estado_documento_id], [motivo_estado_id]) VALUES (109, CAST(N'2019-06-14T08:58:07.7100000' AS DateTime2), NULL, NULL, 2, 30, 2, NULL)
INSERT [dbo].[seguimiento_documento] ([seguimiento_documento_id], [fecha], [link_imagen], [observacion], [usuario_id], [documento_id], [estado_documento_id], [motivo_estado_id]) VALUES (110, CAST(N'2019-06-14T08:58:07.7100000' AS DateTime2), NULL, NULL, 2, 29, 2, NULL)
INSERT [dbo].[seguimiento_documento] ([seguimiento_documento_id], [fecha], [link_imagen], [observacion], [usuario_id], [documento_id], [estado_documento_id], [motivo_estado_id]) VALUES (111, CAST(N'2019-06-14T08:58:07.7110000' AS DateTime2), NULL, NULL, 2, 28, 2, NULL)
INSERT [dbo].[seguimiento_documento] ([seguimiento_documento_id], [fecha], [link_imagen], [observacion], [usuario_id], [documento_id], [estado_documento_id], [motivo_estado_id]) VALUES (112, CAST(N'2019-06-14T08:58:07.7110000' AS DateTime2), NULL, NULL, 2, 27, 2, NULL)
INSERT [dbo].[seguimiento_documento] ([seguimiento_documento_id], [fecha], [link_imagen], [observacion], [usuario_id], [documento_id], [estado_documento_id], [motivo_estado_id]) VALUES (113, CAST(N'2019-06-14T08:59:47.8680000' AS DateTime2), NULL, NULL, 1, 17, 2, NULL)
INSERT [dbo].[seguimiento_documento] ([seguimiento_documento_id], [fecha], [link_imagen], [observacion], [usuario_id], [documento_id], [estado_documento_id], [motivo_estado_id]) VALUES (114, CAST(N'2019-06-14T08:59:47.8690000' AS DateTime2), NULL, NULL, 1, 22, 2, NULL)
INSERT [dbo].[seguimiento_documento] ([seguimiento_documento_id], [fecha], [link_imagen], [observacion], [usuario_id], [documento_id], [estado_documento_id], [motivo_estado_id]) VALUES (115, CAST(N'2019-06-14T08:59:47.8700000' AS DateTime2), NULL, NULL, 1, 24, 2, NULL)
INSERT [dbo].[seguimiento_documento] ([seguimiento_documento_id], [fecha], [link_imagen], [observacion], [usuario_id], [documento_id], [estado_documento_id], [motivo_estado_id]) VALUES (116, CAST(N'2019-06-14T08:59:47.8710000' AS DateTime2), NULL, NULL, 1, 19, 2, NULL)
INSERT [dbo].[seguimiento_documento] ([seguimiento_documento_id], [fecha], [link_imagen], [observacion], [usuario_id], [documento_id], [estado_documento_id], [motivo_estado_id]) VALUES (117, CAST(N'2019-06-14T08:59:47.8710000' AS DateTime2), NULL, NULL, 1, 21, 2, NULL)
INSERT [dbo].[seguimiento_documento] ([seguimiento_documento_id], [fecha], [link_imagen], [observacion], [usuario_id], [documento_id], [estado_documento_id], [motivo_estado_id]) VALUES (118, CAST(N'2019-06-14T08:59:47.8710000' AS DateTime2), NULL, NULL, 1, 23, 2, NULL)
INSERT [dbo].[seguimiento_documento] ([seguimiento_documento_id], [fecha], [link_imagen], [observacion], [usuario_id], [documento_id], [estado_documento_id], [motivo_estado_id]) VALUES (119, CAST(N'2019-06-14T08:59:47.8720000' AS DateTime2), NULL, NULL, 1, 18, 2, NULL)
INSERT [dbo].[seguimiento_documento] ([seguimiento_documento_id], [fecha], [link_imagen], [observacion], [usuario_id], [documento_id], [estado_documento_id], [motivo_estado_id]) VALUES (120, CAST(N'2019-06-14T08:59:47.8720000' AS DateTime2), NULL, NULL, 1, 20, 2, NULL)
INSERT [dbo].[seguimiento_documento] ([seguimiento_documento_id], [fecha], [link_imagen], [observacion], [usuario_id], [documento_id], [estado_documento_id], [motivo_estado_id]) VALUES (121, CAST(N'2019-06-14T08:59:58.4960000' AS DateTime2), NULL, NULL, 1, 33, 2, NULL)
INSERT [dbo].[seguimiento_documento] ([seguimiento_documento_id], [fecha], [link_imagen], [observacion], [usuario_id], [documento_id], [estado_documento_id], [motivo_estado_id]) VALUES (122, CAST(N'2019-06-14T08:59:58.4970000' AS DateTime2), NULL, NULL, 1, 38, 2, NULL)
INSERT [dbo].[seguimiento_documento] ([seguimiento_documento_id], [fecha], [link_imagen], [observacion], [usuario_id], [documento_id], [estado_documento_id], [motivo_estado_id]) VALUES (123, CAST(N'2019-06-14T08:59:58.4970000' AS DateTime2), NULL, NULL, 1, 34, 2, NULL)
INSERT [dbo].[seguimiento_documento] ([seguimiento_documento_id], [fecha], [link_imagen], [observacion], [usuario_id], [documento_id], [estado_documento_id], [motivo_estado_id]) VALUES (124, CAST(N'2019-06-14T08:59:58.4970000' AS DateTime2), NULL, NULL, 1, 37, 2, NULL)
INSERT [dbo].[seguimiento_documento] ([seguimiento_documento_id], [fecha], [link_imagen], [observacion], [usuario_id], [documento_id], [estado_documento_id], [motivo_estado_id]) VALUES (125, CAST(N'2019-06-14T08:59:58.4980000' AS DateTime2), NULL, NULL, 1, 35, 2, NULL)
INSERT [dbo].[seguimiento_documento] ([seguimiento_documento_id], [fecha], [link_imagen], [observacion], [usuario_id], [documento_id], [estado_documento_id], [motivo_estado_id]) VALUES (126, CAST(N'2019-06-14T08:59:58.4980000' AS DateTime2), NULL, NULL, 1, 40, 2, NULL)
INSERT [dbo].[seguimiento_documento] ([seguimiento_documento_id], [fecha], [link_imagen], [observacion], [usuario_id], [documento_id], [estado_documento_id], [motivo_estado_id]) VALUES (127, CAST(N'2019-06-14T08:59:58.4980000' AS DateTime2), NULL, NULL, 1, 39, 2, NULL)
INSERT [dbo].[seguimiento_documento] ([seguimiento_documento_id], [fecha], [link_imagen], [observacion], [usuario_id], [documento_id], [estado_documento_id], [motivo_estado_id]) VALUES (128, CAST(N'2019-06-14T08:59:58.4980000' AS DateTime2), NULL, NULL, 1, 36, 2, NULL)
INSERT [dbo].[seguimiento_documento] ([seguimiento_documento_id], [fecha], [link_imagen], [observacion], [usuario_id], [documento_id], [estado_documento_id], [motivo_estado_id]) VALUES (129, CAST(N'2019-06-14T09:00:10.1250000' AS DateTime2), NULL, NULL, 1, 59, 2, NULL)
INSERT [dbo].[seguimiento_documento] ([seguimiento_documento_id], [fecha], [link_imagen], [observacion], [usuario_id], [documento_id], [estado_documento_id], [motivo_estado_id]) VALUES (130, CAST(N'2019-06-14T09:00:10.1270000' AS DateTime2), NULL, NULL, 1, 57, 2, NULL)
INSERT [dbo].[seguimiento_documento] ([seguimiento_documento_id], [fecha], [link_imagen], [observacion], [usuario_id], [documento_id], [estado_documento_id], [motivo_estado_id]) VALUES (131, CAST(N'2019-06-14T09:00:10.1280000' AS DateTime2), NULL, NULL, 1, 61, 2, NULL)
INSERT [dbo].[seguimiento_documento] ([seguimiento_documento_id], [fecha], [link_imagen], [observacion], [usuario_id], [documento_id], [estado_documento_id], [motivo_estado_id]) VALUES (132, CAST(N'2019-06-14T09:00:10.1280000' AS DateTime2), NULL, NULL, 1, 60, 2, NULL)
INSERT [dbo].[seguimiento_documento] ([seguimiento_documento_id], [fecha], [link_imagen], [observacion], [usuario_id], [documento_id], [estado_documento_id], [motivo_estado_id]) VALUES (133, CAST(N'2019-06-14T09:00:10.1290000' AS DateTime2), NULL, NULL, 1, 62, 2, NULL)
INSERT [dbo].[seguimiento_documento] ([seguimiento_documento_id], [fecha], [link_imagen], [observacion], [usuario_id], [documento_id], [estado_documento_id], [motivo_estado_id]) VALUES (134, CAST(N'2019-06-14T09:00:10.1290000' AS DateTime2), NULL, NULL, 1, 64, 2, NULL)
INSERT [dbo].[seguimiento_documento] ([seguimiento_documento_id], [fecha], [link_imagen], [observacion], [usuario_id], [documento_id], [estado_documento_id], [motivo_estado_id]) VALUES (135, CAST(N'2019-06-14T09:00:10.1290000' AS DateTime2), NULL, NULL, 1, 63, 2, NULL)
INSERT [dbo].[seguimiento_documento] ([seguimiento_documento_id], [fecha], [link_imagen], [observacion], [usuario_id], [documento_id], [estado_documento_id], [motivo_estado_id]) VALUES (136, CAST(N'2019-06-14T09:00:10.1290000' AS DateTime2), NULL, NULL, 1, 58, 2, NULL)
INSERT [dbo].[seguimiento_documento] ([seguimiento_documento_id], [fecha], [link_imagen], [observacion], [usuario_id], [documento_id], [estado_documento_id], [motivo_estado_id]) VALUES (137, CAST(N'2019-06-14T09:01:06.4150000' AS DateTime2), NULL, NULL, 4, 10, 2, NULL)
INSERT [dbo].[seguimiento_documento] ([seguimiento_documento_id], [fecha], [link_imagen], [observacion], [usuario_id], [documento_id], [estado_documento_id], [motivo_estado_id]) VALUES (138, CAST(N'2019-06-14T09:01:06.4150000' AS DateTime2), NULL, NULL, 4, 14, 2, NULL)
INSERT [dbo].[seguimiento_documento] ([seguimiento_documento_id], [fecha], [link_imagen], [observacion], [usuario_id], [documento_id], [estado_documento_id], [motivo_estado_id]) VALUES (139, CAST(N'2019-06-14T09:01:06.4160000' AS DateTime2), NULL, NULL, 4, 9, 2, NULL)
INSERT [dbo].[seguimiento_documento] ([seguimiento_documento_id], [fecha], [link_imagen], [observacion], [usuario_id], [documento_id], [estado_documento_id], [motivo_estado_id]) VALUES (140, CAST(N'2019-06-14T09:01:06.4160000' AS DateTime2), NULL, NULL, 4, 11, 2, NULL)
INSERT [dbo].[seguimiento_documento] ([seguimiento_documento_id], [fecha], [link_imagen], [observacion], [usuario_id], [documento_id], [estado_documento_id], [motivo_estado_id]) VALUES (141, CAST(N'2019-06-14T09:01:06.4160000' AS DateTime2), NULL, NULL, 4, 12, 2, NULL)
INSERT [dbo].[seguimiento_documento] ([seguimiento_documento_id], [fecha], [link_imagen], [observacion], [usuario_id], [documento_id], [estado_documento_id], [motivo_estado_id]) VALUES (142, CAST(N'2019-06-14T09:01:06.4170000' AS DateTime2), NULL, NULL, 4, 15, 2, NULL)
INSERT [dbo].[seguimiento_documento] ([seguimiento_documento_id], [fecha], [link_imagen], [observacion], [usuario_id], [documento_id], [estado_documento_id], [motivo_estado_id]) VALUES (143, CAST(N'2019-06-14T09:01:06.4170000' AS DateTime2), NULL, NULL, 4, 16, 2, NULL)
INSERT [dbo].[seguimiento_documento] ([seguimiento_documento_id], [fecha], [link_imagen], [observacion], [usuario_id], [documento_id], [estado_documento_id], [motivo_estado_id]) VALUES (144, CAST(N'2019-06-14T09:01:06.4170000' AS DateTime2), NULL, NULL, 4, 13, 2, NULL)
INSERT [dbo].[seguimiento_documento] ([seguimiento_documento_id], [fecha], [link_imagen], [observacion], [usuario_id], [documento_id], [estado_documento_id], [motivo_estado_id]) VALUES (145, CAST(N'2019-06-14T09:04:18.2430000' AS DateTime2), NULL, NULL, 3, 3, 3, NULL)
INSERT [dbo].[seguimiento_documento] ([seguimiento_documento_id], [fecha], [link_imagen], [observacion], [usuario_id], [documento_id], [estado_documento_id], [motivo_estado_id]) VALUES (146, CAST(N'2019-06-14T09:04:18.2450000' AS DateTime2), NULL, NULL, 3, 1, 3, NULL)
INSERT [dbo].[seguimiento_documento] ([seguimiento_documento_id], [fecha], [link_imagen], [observacion], [usuario_id], [documento_id], [estado_documento_id], [motivo_estado_id]) VALUES (147, CAST(N'2019-06-14T09:04:18.2450000' AS DateTime2), NULL, NULL, 3, 4, 3, NULL)
INSERT [dbo].[seguimiento_documento] ([seguimiento_documento_id], [fecha], [link_imagen], [observacion], [usuario_id], [documento_id], [estado_documento_id], [motivo_estado_id]) VALUES (148, CAST(N'2019-06-14T09:04:18.2450000' AS DateTime2), NULL, NULL, 3, 2, 3, NULL)
INSERT [dbo].[seguimiento_documento] ([seguimiento_documento_id], [fecha], [link_imagen], [observacion], [usuario_id], [documento_id], [estado_documento_id], [motivo_estado_id]) VALUES (149, CAST(N'2019-06-14T09:04:19.5910000' AS DateTime2), NULL, NULL, 3, 6, 3, NULL)
INSERT [dbo].[seguimiento_documento] ([seguimiento_documento_id], [fecha], [link_imagen], [observacion], [usuario_id], [documento_id], [estado_documento_id], [motivo_estado_id]) VALUES (150, CAST(N'2019-06-14T09:04:19.5910000' AS DateTime2), NULL, NULL, 3, 5, 3, NULL)
INSERT [dbo].[seguimiento_documento] ([seguimiento_documento_id], [fecha], [link_imagen], [observacion], [usuario_id], [documento_id], [estado_documento_id], [motivo_estado_id]) VALUES (151, CAST(N'2019-06-14T09:04:19.5920000' AS DateTime2), NULL, NULL, 3, 8, 3, NULL)
INSERT [dbo].[seguimiento_documento] ([seguimiento_documento_id], [fecha], [link_imagen], [observacion], [usuario_id], [documento_id], [estado_documento_id], [motivo_estado_id]) VALUES (152, CAST(N'2019-06-14T09:04:19.5920000' AS DateTime2), NULL, NULL, 3, 7, 3, NULL)
INSERT [dbo].[seguimiento_documento] ([seguimiento_documento_id], [fecha], [link_imagen], [observacion], [usuario_id], [documento_id], [estado_documento_id], [motivo_estado_id]) VALUES (153, CAST(N'2019-06-14T09:04:21.3240000' AS DateTime2), NULL, NULL, 3, 41, 3, NULL)
INSERT [dbo].[seguimiento_documento] ([seguimiento_documento_id], [fecha], [link_imagen], [observacion], [usuario_id], [documento_id], [estado_documento_id], [motivo_estado_id]) VALUES (154, CAST(N'2019-06-14T09:04:21.3240000' AS DateTime2), NULL, NULL, 3, 43, 3, NULL)
INSERT [dbo].[seguimiento_documento] ([seguimiento_documento_id], [fecha], [link_imagen], [observacion], [usuario_id], [documento_id], [estado_documento_id], [motivo_estado_id]) VALUES (155, CAST(N'2019-06-14T09:04:21.3250000' AS DateTime2), NULL, NULL, 3, 42, 3, NULL)
INSERT [dbo].[seguimiento_documento] ([seguimiento_documento_id], [fecha], [link_imagen], [observacion], [usuario_id], [documento_id], [estado_documento_id], [motivo_estado_id]) VALUES (156, CAST(N'2019-06-14T09:04:23.6110000' AS DateTime2), NULL, NULL, 3, 47, 3, NULL)
INSERT [dbo].[seguimiento_documento] ([seguimiento_documento_id], [fecha], [link_imagen], [observacion], [usuario_id], [documento_id], [estado_documento_id], [motivo_estado_id]) VALUES (157, CAST(N'2019-06-14T09:04:23.6110000' AS DateTime2), NULL, NULL, 3, 44, 3, NULL)
INSERT [dbo].[seguimiento_documento] ([seguimiento_documento_id], [fecha], [link_imagen], [observacion], [usuario_id], [documento_id], [estado_documento_id], [motivo_estado_id]) VALUES (158, CAST(N'2019-06-14T09:04:23.6110000' AS DateTime2), NULL, NULL, 3, 45, 3, NULL)
INSERT [dbo].[seguimiento_documento] ([seguimiento_documento_id], [fecha], [link_imagen], [observacion], [usuario_id], [documento_id], [estado_documento_id], [motivo_estado_id]) VALUES (159, CAST(N'2019-06-14T09:04:23.6110000' AS DateTime2), NULL, NULL, 3, 46, 3, NULL)
INSERT [dbo].[seguimiento_documento] ([seguimiento_documento_id], [fecha], [link_imagen], [observacion], [usuario_id], [documento_id], [estado_documento_id], [motivo_estado_id]) VALUES (160, CAST(N'2019-06-14T09:04:23.6110000' AS DateTime2), NULL, NULL, 3, 48, 3, NULL)
INSERT [dbo].[seguimiento_documento] ([seguimiento_documento_id], [fecha], [link_imagen], [observacion], [usuario_id], [documento_id], [estado_documento_id], [motivo_estado_id]) VALUES (161, CAST(N'2019-06-14T09:04:25.1930000' AS DateTime2), NULL, NULL, 3, 51, 3, NULL)
INSERT [dbo].[seguimiento_documento] ([seguimiento_documento_id], [fecha], [link_imagen], [observacion], [usuario_id], [documento_id], [estado_documento_id], [motivo_estado_id]) VALUES (162, CAST(N'2019-06-14T09:04:25.1930000' AS DateTime2), NULL, NULL, 3, 49, 3, NULL)
INSERT [dbo].[seguimiento_documento] ([seguimiento_documento_id], [fecha], [link_imagen], [observacion], [usuario_id], [documento_id], [estado_documento_id], [motivo_estado_id]) VALUES (163, CAST(N'2019-06-14T09:04:25.1930000' AS DateTime2), NULL, NULL, 3, 50, 3, NULL)
INSERT [dbo].[seguimiento_documento] ([seguimiento_documento_id], [fecha], [link_imagen], [observacion], [usuario_id], [documento_id], [estado_documento_id], [motivo_estado_id]) VALUES (164, CAST(N'2019-06-14T09:04:25.1930000' AS DateTime2), NULL, NULL, 3, 52, 3, NULL)
INSERT [dbo].[seguimiento_documento] ([seguimiento_documento_id], [fecha], [link_imagen], [observacion], [usuario_id], [documento_id], [estado_documento_id], [motivo_estado_id]) VALUES (165, CAST(N'2019-06-14T09:04:26.9270000' AS DateTime2), NULL, NULL, 3, 55, 3, NULL)
INSERT [dbo].[seguimiento_documento] ([seguimiento_documento_id], [fecha], [link_imagen], [observacion], [usuario_id], [documento_id], [estado_documento_id], [motivo_estado_id]) VALUES (166, CAST(N'2019-06-14T09:04:26.9270000' AS DateTime2), NULL, NULL, 3, 56, 3, NULL)
INSERT [dbo].[seguimiento_documento] ([seguimiento_documento_id], [fecha], [link_imagen], [observacion], [usuario_id], [documento_id], [estado_documento_id], [motivo_estado_id]) VALUES (167, CAST(N'2019-06-14T09:04:26.9280000' AS DateTime2), NULL, NULL, 3, 53, 3, NULL)
INSERT [dbo].[seguimiento_documento] ([seguimiento_documento_id], [fecha], [link_imagen], [observacion], [usuario_id], [documento_id], [estado_documento_id], [motivo_estado_id]) VALUES (168, CAST(N'2019-06-14T09:04:26.9280000' AS DateTime2), NULL, NULL, 3, 54, 3, NULL)
INSERT [dbo].[seguimiento_documento] ([seguimiento_documento_id], [fecha], [link_imagen], [observacion], [usuario_id], [documento_id], [estado_documento_id], [motivo_estado_id]) VALUES (169, CAST(N'2019-06-14T09:06:24.5470000' AS DateTime2), NULL, NULL, 1, 19, 3, NULL)
INSERT [dbo].[seguimiento_documento] ([seguimiento_documento_id], [fecha], [link_imagen], [observacion], [usuario_id], [documento_id], [estado_documento_id], [motivo_estado_id]) VALUES (170, CAST(N'2019-06-14T09:06:24.5480000' AS DateTime2), NULL, NULL, 1, 17, 3, NULL)
INSERT [dbo].[seguimiento_documento] ([seguimiento_documento_id], [fecha], [link_imagen], [observacion], [usuario_id], [documento_id], [estado_documento_id], [motivo_estado_id]) VALUES (171, CAST(N'2019-06-14T09:06:24.5490000' AS DateTime2), NULL, NULL, 1, 20, 3, NULL)
INSERT [dbo].[seguimiento_documento] ([seguimiento_documento_id], [fecha], [link_imagen], [observacion], [usuario_id], [documento_id], [estado_documento_id], [motivo_estado_id]) VALUES (172, CAST(N'2019-06-14T09:06:24.5490000' AS DateTime2), NULL, NULL, 1, 18, 3, NULL)
INSERT [dbo].[seguimiento_documento] ([seguimiento_documento_id], [fecha], [link_imagen], [observacion], [usuario_id], [documento_id], [estado_documento_id], [motivo_estado_id]) VALUES (173, CAST(N'2019-06-14T09:06:26.1080000' AS DateTime2), NULL, NULL, 1, 22, 3, NULL)
INSERT [dbo].[seguimiento_documento] ([seguimiento_documento_id], [fecha], [link_imagen], [observacion], [usuario_id], [documento_id], [estado_documento_id], [motivo_estado_id]) VALUES (174, CAST(N'2019-06-14T09:06:26.1080000' AS DateTime2), NULL, NULL, 1, 23, 3, NULL)
INSERT [dbo].[seguimiento_documento] ([seguimiento_documento_id], [fecha], [link_imagen], [observacion], [usuario_id], [documento_id], [estado_documento_id], [motivo_estado_id]) VALUES (175, CAST(N'2019-06-14T09:06:26.1080000' AS DateTime2), NULL, NULL, 1, 21, 3, NULL)
INSERT [dbo].[seguimiento_documento] ([seguimiento_documento_id], [fecha], [link_imagen], [observacion], [usuario_id], [documento_id], [estado_documento_id], [motivo_estado_id]) VALUES (176, CAST(N'2019-06-14T09:06:26.1090000' AS DateTime2), NULL, NULL, 1, 24, 3, NULL)
INSERT [dbo].[seguimiento_documento] ([seguimiento_documento_id], [fecha], [link_imagen], [observacion], [usuario_id], [documento_id], [estado_documento_id], [motivo_estado_id]) VALUES (177, CAST(N'2019-06-14T09:06:27.3400000' AS DateTime2), NULL, NULL, 1, 58, 3, NULL)
INSERT [dbo].[seguimiento_documento] ([seguimiento_documento_id], [fecha], [link_imagen], [observacion], [usuario_id], [documento_id], [estado_documento_id], [motivo_estado_id]) VALUES (178, CAST(N'2019-06-14T09:06:27.3400000' AS DateTime2), NULL, NULL, 1, 59, 3, NULL)
INSERT [dbo].[seguimiento_documento] ([seguimiento_documento_id], [fecha], [link_imagen], [observacion], [usuario_id], [documento_id], [estado_documento_id], [motivo_estado_id]) VALUES (179, CAST(N'2019-06-14T09:06:27.3400000' AS DateTime2), NULL, NULL, 1, 57, 3, NULL)
INSERT [dbo].[seguimiento_documento] ([seguimiento_documento_id], [fecha], [link_imagen], [observacion], [usuario_id], [documento_id], [estado_documento_id], [motivo_estado_id]) VALUES (180, CAST(N'2019-06-14T09:06:27.3410000' AS DateTime2), NULL, NULL, 1, 60, 3, NULL)
INSERT [dbo].[seguimiento_documento] ([seguimiento_documento_id], [fecha], [link_imagen], [observacion], [usuario_id], [documento_id], [estado_documento_id], [motivo_estado_id]) VALUES (181, CAST(N'2019-06-14T09:06:28.7360000' AS DateTime2), NULL, NULL, 1, 63, 3, NULL)
INSERT [dbo].[seguimiento_documento] ([seguimiento_documento_id], [fecha], [link_imagen], [observacion], [usuario_id], [documento_id], [estado_documento_id], [motivo_estado_id]) VALUES (182, CAST(N'2019-06-14T09:06:28.7360000' AS DateTime2), NULL, NULL, 1, 62, 3, NULL)
INSERT [dbo].[seguimiento_documento] ([seguimiento_documento_id], [fecha], [link_imagen], [observacion], [usuario_id], [documento_id], [estado_documento_id], [motivo_estado_id]) VALUES (183, CAST(N'2019-06-14T09:06:28.7370000' AS DateTime2), NULL, NULL, 1, 64, 3, NULL)
INSERT [dbo].[seguimiento_documento] ([seguimiento_documento_id], [fecha], [link_imagen], [observacion], [usuario_id], [documento_id], [estado_documento_id], [motivo_estado_id]) VALUES (184, CAST(N'2019-06-14T09:06:28.7370000' AS DateTime2), NULL, NULL, 1, 61, 3, NULL)
INSERT [dbo].[seguimiento_documento] ([seguimiento_documento_id], [fecha], [link_imagen], [observacion], [usuario_id], [documento_id], [estado_documento_id], [motivo_estado_id]) VALUES (185, CAST(N'2019-06-14T09:07:27.4670000' AS DateTime2), NULL, NULL, 2, 28, 3, NULL)
INSERT [dbo].[seguimiento_documento] ([seguimiento_documento_id], [fecha], [link_imagen], [observacion], [usuario_id], [documento_id], [estado_documento_id], [motivo_estado_id]) VALUES (186, CAST(N'2019-06-14T09:07:27.4680000' AS DateTime2), NULL, NULL, 2, 25, 3, NULL)
INSERT [dbo].[seguimiento_documento] ([seguimiento_documento_id], [fecha], [link_imagen], [observacion], [usuario_id], [documento_id], [estado_documento_id], [motivo_estado_id]) VALUES (187, CAST(N'2019-06-14T09:07:27.4690000' AS DateTime2), NULL, NULL, 2, 27, 3, NULL)
INSERT [dbo].[seguimiento_documento] ([seguimiento_documento_id], [fecha], [link_imagen], [observacion], [usuario_id], [documento_id], [estado_documento_id], [motivo_estado_id]) VALUES (188, CAST(N'2019-06-14T09:07:27.4690000' AS DateTime2), NULL, NULL, 2, 26, 3, NULL)
INSERT [dbo].[seguimiento_documento] ([seguimiento_documento_id], [fecha], [link_imagen], [observacion], [usuario_id], [documento_id], [estado_documento_id], [motivo_estado_id]) VALUES (189, CAST(N'2019-06-14T09:07:29.1460000' AS DateTime2), NULL, NULL, 2, 29, 3, NULL)
INSERT [dbo].[seguimiento_documento] ([seguimiento_documento_id], [fecha], [link_imagen], [observacion], [usuario_id], [documento_id], [estado_documento_id], [motivo_estado_id]) VALUES (190, CAST(N'2019-06-14T09:07:29.1460000' AS DateTime2), NULL, NULL, 2, 31, 3, NULL)
INSERT [dbo].[seguimiento_documento] ([seguimiento_documento_id], [fecha], [link_imagen], [observacion], [usuario_id], [documento_id], [estado_documento_id], [motivo_estado_id]) VALUES (191, CAST(N'2019-06-14T09:07:29.1460000' AS DateTime2), NULL, NULL, 2, 30, 3, NULL)
INSERT [dbo].[seguimiento_documento] ([seguimiento_documento_id], [fecha], [link_imagen], [observacion], [usuario_id], [documento_id], [estado_documento_id], [motivo_estado_id]) VALUES (192, CAST(N'2019-06-14T09:08:24.5560000' AS DateTime2), NULL, NULL, 4, 12, 3, NULL)
INSERT [dbo].[seguimiento_documento] ([seguimiento_documento_id], [fecha], [link_imagen], [observacion], [usuario_id], [documento_id], [estado_documento_id], [motivo_estado_id]) VALUES (193, CAST(N'2019-06-14T09:08:24.5570000' AS DateTime2), NULL, NULL, 4, 9, 3, NULL)
INSERT [dbo].[seguimiento_documento] ([seguimiento_documento_id], [fecha], [link_imagen], [observacion], [usuario_id], [documento_id], [estado_documento_id], [motivo_estado_id]) VALUES (194, CAST(N'2019-06-14T09:08:24.5580000' AS DateTime2), NULL, NULL, 4, 11, 3, NULL)
INSERT [dbo].[seguimiento_documento] ([seguimiento_documento_id], [fecha], [link_imagen], [observacion], [usuario_id], [documento_id], [estado_documento_id], [motivo_estado_id]) VALUES (195, CAST(N'2019-06-14T09:08:24.5580000' AS DateTime2), NULL, NULL, 4, 10, 3, NULL)
INSERT [dbo].[seguimiento_documento] ([seguimiento_documento_id], [fecha], [link_imagen], [observacion], [usuario_id], [documento_id], [estado_documento_id], [motivo_estado_id]) VALUES (196, CAST(N'2019-06-14T09:08:26.0340000' AS DateTime2), NULL, NULL, 4, 13, 3, NULL)
INSERT [dbo].[seguimiento_documento] ([seguimiento_documento_id], [fecha], [link_imagen], [observacion], [usuario_id], [documento_id], [estado_documento_id], [motivo_estado_id]) VALUES (197, CAST(N'2019-06-14T09:08:26.0350000' AS DateTime2), NULL, NULL, 4, 14, 3, NULL)
INSERT [dbo].[seguimiento_documento] ([seguimiento_documento_id], [fecha], [link_imagen], [observacion], [usuario_id], [documento_id], [estado_documento_id], [motivo_estado_id]) VALUES (198, CAST(N'2019-06-14T09:08:26.0350000' AS DateTime2), NULL, NULL, 4, 15, 3, NULL)
INSERT [dbo].[seguimiento_documento] ([seguimiento_documento_id], [fecha], [link_imagen], [observacion], [usuario_id], [documento_id], [estado_documento_id], [motivo_estado_id]) VALUES (199, CAST(N'2019-06-14T09:09:00.0000000' AS DateTime2), N'LINK', NULL, 4, 1, 4, 1)
GO
INSERT [dbo].[seguimiento_documento] ([seguimiento_documento_id], [fecha], [link_imagen], [observacion], [usuario_id], [documento_id], [estado_documento_id], [motivo_estado_id]) VALUES (200, CAST(N'2019-06-14T09:09:00.0000000' AS DateTime2), N'LINK', NULL, 4, 2, 4, 1)
INSERT [dbo].[seguimiento_documento] ([seguimiento_documento_id], [fecha], [link_imagen], [observacion], [usuario_id], [documento_id], [estado_documento_id], [motivo_estado_id]) VALUES (201, CAST(N'2019-06-14T09:09:00.0000000' AS DateTime2), N'LINK', NULL, 4, 5, 4, 1)
INSERT [dbo].[seguimiento_documento] ([seguimiento_documento_id], [fecha], [link_imagen], [observacion], [usuario_id], [documento_id], [estado_documento_id], [motivo_estado_id]) VALUES (202, CAST(N'2019-06-14T09:09:00.0000000' AS DateTime2), N'LINK', NULL, 4, 6, 4, 1)
INSERT [dbo].[seguimiento_documento] ([seguimiento_documento_id], [fecha], [link_imagen], [observacion], [usuario_id], [documento_id], [estado_documento_id], [motivo_estado_id]) VALUES (203, CAST(N'2019-06-14T09:09:00.0000000' AS DateTime2), N'LINK', NULL, 4, 17, 4, 1)
INSERT [dbo].[seguimiento_documento] ([seguimiento_documento_id], [fecha], [link_imagen], [observacion], [usuario_id], [documento_id], [estado_documento_id], [motivo_estado_id]) VALUES (204, CAST(N'2019-06-14T09:09:00.0000000' AS DateTime2), N'LINK', NULL, 4, 18, 5, 12)
INSERT [dbo].[seguimiento_documento] ([seguimiento_documento_id], [fecha], [link_imagen], [observacion], [usuario_id], [documento_id], [estado_documento_id], [motivo_estado_id]) VALUES (205, CAST(N'2019-06-14T09:09:00.0000000' AS DateTime2), N'LINK', NULL, 4, 19, 4, 1)
INSERT [dbo].[seguimiento_documento] ([seguimiento_documento_id], [fecha], [link_imagen], [observacion], [usuario_id], [documento_id], [estado_documento_id], [motivo_estado_id]) VALUES (206, CAST(N'2019-06-14T09:09:00.0000000' AS DateTime2), N'LINK', NULL, 4, 21, 5, 12)
INSERT [dbo].[seguimiento_documento] ([seguimiento_documento_id], [fecha], [link_imagen], [observacion], [usuario_id], [documento_id], [estado_documento_id], [motivo_estado_id]) VALUES (207, CAST(N'2019-06-14T09:09:00.0000000' AS DateTime2), N'LINK', NULL, 4, 22, 4, 1)
INSERT [dbo].[seguimiento_documento] ([seguimiento_documento_id], [fecha], [link_imagen], [observacion], [usuario_id], [documento_id], [estado_documento_id], [motivo_estado_id]) VALUES (208, CAST(N'2019-06-14T09:09:00.0000000' AS DateTime2), N'LINK', NULL, 4, 41, 5, 11)
INSERT [dbo].[seguimiento_documento] ([seguimiento_documento_id], [fecha], [link_imagen], [observacion], [usuario_id], [documento_id], [estado_documento_id], [motivo_estado_id]) VALUES (209, CAST(N'2019-06-14T09:09:00.0000000' AS DateTime2), N'', NULL, 4, 42, 6, 20)
INSERT [dbo].[seguimiento_documento] ([seguimiento_documento_id], [fecha], [link_imagen], [observacion], [usuario_id], [documento_id], [estado_documento_id], [motivo_estado_id]) VALUES (210, CAST(N'2019-06-14T09:09:00.0000000' AS DateTime2), N'LINK', NULL, 4, 43, 5, 12)
INSERT [dbo].[seguimiento_documento] ([seguimiento_documento_id], [fecha], [link_imagen], [observacion], [usuario_id], [documento_id], [estado_documento_id], [motivo_estado_id]) VALUES (211, CAST(N'2019-06-14T09:09:00.0000000' AS DateTime2), N'LINK', NULL, 4, 44, 4, 1)
INSERT [dbo].[seguimiento_documento] ([seguimiento_documento_id], [fecha], [link_imagen], [observacion], [usuario_id], [documento_id], [estado_documento_id], [motivo_estado_id]) VALUES (212, CAST(N'2019-06-14T09:09:00.0000000' AS DateTime2), N'LINK', NULL, 4, 45, 5, 11)
INSERT [dbo].[seguimiento_documento] ([seguimiento_documento_id], [fecha], [link_imagen], [observacion], [usuario_id], [documento_id], [estado_documento_id], [motivo_estado_id]) VALUES (213, CAST(N'2019-06-14T09:09:00.0000000' AS DateTime2), N'', NULL, 4, 46, 6, 20)
INSERT [dbo].[seguimiento_documento] ([seguimiento_documento_id], [fecha], [link_imagen], [observacion], [usuario_id], [documento_id], [estado_documento_id], [motivo_estado_id]) VALUES (214, CAST(N'2019-06-14T09:09:00.0000000' AS DateTime2), N'LINK', NULL, 4, 47, 5, 12)
INSERT [dbo].[seguimiento_documento] ([seguimiento_documento_id], [fecha], [link_imagen], [observacion], [usuario_id], [documento_id], [estado_documento_id], [motivo_estado_id]) VALUES (215, CAST(N'2019-06-14T09:09:00.0000000' AS DateTime2), N'LINK', NULL, 4, 48, 4, 1)
INSERT [dbo].[seguimiento_documento] ([seguimiento_documento_id], [fecha], [link_imagen], [observacion], [usuario_id], [documento_id], [estado_documento_id], [motivo_estado_id]) VALUES (216, CAST(N'2019-06-14T09:09:00.0000000' AS DateTime2), N'LINK', NULL, 4, 49, 4, 1)
INSERT [dbo].[seguimiento_documento] ([seguimiento_documento_id], [fecha], [link_imagen], [observacion], [usuario_id], [documento_id], [estado_documento_id], [motivo_estado_id]) VALUES (217, CAST(N'2019-06-14T09:09:00.0000000' AS DateTime2), N'LINK', NULL, 4, 50, 4, 1)
INSERT [dbo].[seguimiento_documento] ([seguimiento_documento_id], [fecha], [link_imagen], [observacion], [usuario_id], [documento_id], [estado_documento_id], [motivo_estado_id]) VALUES (218, CAST(N'2019-06-14T09:09:00.0000000' AS DateTime2), N'LINK', NULL, 4, 51, 4, 1)
INSERT [dbo].[seguimiento_documento] ([seguimiento_documento_id], [fecha], [link_imagen], [observacion], [usuario_id], [documento_id], [estado_documento_id], [motivo_estado_id]) VALUES (219, CAST(N'2019-06-14T09:09:00.0000000' AS DateTime2), N'LINK', NULL, 4, 53, 4, 1)
INSERT [dbo].[seguimiento_documento] ([seguimiento_documento_id], [fecha], [link_imagen], [observacion], [usuario_id], [documento_id], [estado_documento_id], [motivo_estado_id]) VALUES (220, CAST(N'2019-06-14T09:09:00.0000000' AS DateTime2), N'LINK', NULL, 4, 54, 5, 12)
INSERT [dbo].[seguimiento_documento] ([seguimiento_documento_id], [fecha], [link_imagen], [observacion], [usuario_id], [documento_id], [estado_documento_id], [motivo_estado_id]) VALUES (221, CAST(N'2019-06-14T09:09:00.0000000' AS DateTime2), N'LINK', NULL, 4, 55, 4, 1)
INSERT [dbo].[seguimiento_documento] ([seguimiento_documento_id], [fecha], [link_imagen], [observacion], [usuario_id], [documento_id], [estado_documento_id], [motivo_estado_id]) VALUES (222, CAST(N'2019-06-14T09:09:00.0000000' AS DateTime2), N'LINK', NULL, 4, 57, 5, 12)
INSERT [dbo].[seguimiento_documento] ([seguimiento_documento_id], [fecha], [link_imagen], [observacion], [usuario_id], [documento_id], [estado_documento_id], [motivo_estado_id]) VALUES (223, CAST(N'2019-06-17T09:09:00.0000000' AS DateTime2), N'LINK', NULL, 4, 58, 4, 1)
INSERT [dbo].[seguimiento_documento] ([seguimiento_documento_id], [fecha], [link_imagen], [observacion], [usuario_id], [documento_id], [estado_documento_id], [motivo_estado_id]) VALUES (224, CAST(N'2019-06-19T09:09:00.0000000' AS DateTime2), N'LINK', NULL, 4, 59, 5, 12)
INSERT [dbo].[seguimiento_documento] ([seguimiento_documento_id], [fecha], [link_imagen], [observacion], [usuario_id], [documento_id], [estado_documento_id], [motivo_estado_id]) VALUES (225, CAST(N'2019-06-20T09:09:00.0000000' AS DateTime2), N'LINK', NULL, 4, 60, 4, 1)
INSERT [dbo].[seguimiento_documento] ([seguimiento_documento_id], [fecha], [link_imagen], [observacion], [usuario_id], [documento_id], [estado_documento_id], [motivo_estado_id]) VALUES (226, CAST(N'2019-06-19T09:09:00.0000000' AS DateTime2), N'LINK', NULL, 4, 61, 4, 1)
INSERT [dbo].[seguimiento_documento] ([seguimiento_documento_id], [fecha], [link_imagen], [observacion], [usuario_id], [documento_id], [estado_documento_id], [motivo_estado_id]) VALUES (227, CAST(N'2019-06-21T09:09:00.0000000' AS DateTime2), N'LINK', NULL, 4, 62, 4, 1)
SET IDENTITY_INSERT [dbo].[seguimiento_documento] OFF
INSERT [dbo].[envio_masivo] ([masivo_autogenerado], [envio_id]) VALUES (N'MEX00000001', 1)
INSERT [dbo].[envio_masivo] ([masivo_autogenerado], [envio_id]) VALUES (N'MEX00000002', 2)
INSERT [dbo].[envio_masivo] ([masivo_autogenerado], [envio_id]) VALUES (N'MEX00000003', 3)
INSERT [dbo].[envio_masivo] ([masivo_autogenerado], [envio_id]) VALUES (N'MEX00000004', 4)
INSERT [dbo].[envio_masivo] ([masivo_autogenerado], [envio_id]) VALUES (N'MEX00000005', 5)
INSERT [dbo].[envio_masivo] ([masivo_autogenerado], [envio_id]) VALUES (N'MEX00000006', 6)
INSERT [dbo].[envio_masivo] ([masivo_autogenerado], [envio_id]) VALUES (N'MEX00000007', 7)
INSERT [dbo].[envio_masivo] ([masivo_autogenerado], [envio_id]) VALUES (N'MEX00000008', 8)
SET IDENTITY_INSERT [dbo].[inconsistencia] ON 

INSERT [dbo].[inconsistencia] ([incosistencia_id], [contacto], [departamento], [direccion], [distrito], [envio_id], [numero_documento], [provincia], [razon_social], [referencia], [resumen], [telefono]) VALUES (1, N'', N'AMAZONAS', N'DIR71', N'CHACHAPOYAS', 1, N'DOC000009', N'CHACHAPOYAS', N'', N'ABC', N'Ingrese la razón social o el contacto. ', N'5564')
INSERT [dbo].[inconsistencia] ([incosistencia_id], [contacto], [departamento], [direccion], [distrito], [envio_id], [numero_documento], [provincia], [razon_social], [referencia], [resumen], [telefono]) VALUES (2, N'RONALD SANTOS', N'AMAZONAS', N'DIR7', N'CHACHAPOYAS', 1, N'DOC000008', N'CHACHAPOYAS', N'RONALD SANTOS', N'ABC', N'Ingrese por lo menos 2 dígitos en la dirección. ', N'5563')
INSERT [dbo].[inconsistencia] ([incosistencia_id], [contacto], [departamento], [direccion], [distrito], [envio_id], [numero_documento], [provincia], [razon_social], [referencia], [resumen], [telefono]) VALUES (3, N'', N'AMAZONAS', N'DIR71', N'CHACHAPOYAS', 2, N'DOC000009', N'CHACHAPOYAS', N'', N'ABC', N'Ingrese la razón social o el contacto. ', N'5564')
INSERT [dbo].[inconsistencia] ([incosistencia_id], [contacto], [departamento], [direccion], [distrito], [envio_id], [numero_documento], [provincia], [razon_social], [referencia], [resumen], [telefono]) VALUES (4, N'RONALD SANTOS', N'AMAZONAS', N'DIR7', N'CHACHAPOYAS', 2, N'DOC000008', N'CHACHAPOYAS', N'RONALD SANTOS', N'ABC', N'Ingrese por lo menos 2 dígitos en la dirección. ', N'5563')
INSERT [dbo].[inconsistencia] ([incosistencia_id], [contacto], [departamento], [direccion], [distrito], [envio_id], [numero_documento], [provincia], [razon_social], [referencia], [resumen], [telefono]) VALUES (5, N'', N'AMAZONAS', N'DIR71', N'CHACHAPOYAS', 3, N'DOC000009', N'CHACHAPOYAS', N'', N'ABC', N'Ingrese la razón social o el contacto. ', N'5564')
INSERT [dbo].[inconsistencia] ([incosistencia_id], [contacto], [departamento], [direccion], [distrito], [envio_id], [numero_documento], [provincia], [razon_social], [referencia], [resumen], [telefono]) VALUES (6, N'RONALD SANTOS', N'AMAZONAS', N'DIR7', N'CHACHAPOYAS', 3, N'DOC000008', N'CHACHAPOYAS', N'RONALD SANTOS', N'ABC', N'Ingrese por lo menos 2 dígitos en la dirección. ', N'5563')
INSERT [dbo].[inconsistencia] ([incosistencia_id], [contacto], [departamento], [direccion], [distrito], [envio_id], [numero_documento], [provincia], [razon_social], [referencia], [resumen], [telefono]) VALUES (7, N'RONALD SANTOS', N'AMAZONAS', N'DIR7', N'CHACHAPOYAS', 4, N'DOC000008', N'CHACHAPOYAS', N'RONALD SANTOS', N'ABC', N'Ingrese por lo menos 2 dígitos en la dirección. ', N'5563')
INSERT [dbo].[inconsistencia] ([incosistencia_id], [contacto], [departamento], [direccion], [distrito], [envio_id], [numero_documento], [provincia], [razon_social], [referencia], [resumen], [telefono]) VALUES (8, N'', N'AMAZONAS', N'DIR71', N'CHACHAPOYAS', 4, N'DOC000009', N'CHACHAPOYAS', N'', N'ABC', N'Ingrese la razón social o el contacto. ', N'5564')
INSERT [dbo].[inconsistencia] ([incosistencia_id], [contacto], [departamento], [direccion], [distrito], [envio_id], [numero_documento], [provincia], [razon_social], [referencia], [resumen], [telefono]) VALUES (9, N'', N'AMAZONAS', N'DIR71', N'CHACHAPOYAS', 5, N'DOC000009', N'CHACHAPOYAS', N'', N'ABC', N'Ingrese la razón social o el contacto. ', N'5564')
INSERT [dbo].[inconsistencia] ([incosistencia_id], [contacto], [departamento], [direccion], [distrito], [envio_id], [numero_documento], [provincia], [razon_social], [referencia], [resumen], [telefono]) VALUES (10, N'RONALD SANTOS', N'AMAZONAS', N'DIR7', N'CHACHAPOYAS', 5, N'DOC000008', N'CHACHAPOYAS', N'RONALD SANTOS', N'ABC', N'Ingrese por lo menos 2 dígitos en la dirección. ', N'5563')
INSERT [dbo].[inconsistencia] ([incosistencia_id], [contacto], [departamento], [direccion], [distrito], [envio_id], [numero_documento], [provincia], [razon_social], [referencia], [resumen], [telefono]) VALUES (11, N'', N'AMAZONAS', N'DIR71', N'CHACHAPOYAS', 6, N'DOC000009', N'CHACHAPOYAS', N'', N'ABC', N'Ingrese la razón social o el contacto. ', N'5564')
INSERT [dbo].[inconsistencia] ([incosistencia_id], [contacto], [departamento], [direccion], [distrito], [envio_id], [numero_documento], [provincia], [razon_social], [referencia], [resumen], [telefono]) VALUES (12, N'RONALD SANTOS', N'AMAZONAS', N'DIR7', N'CHACHAPOYAS', 6, N'DOC000008', N'CHACHAPOYAS', N'RONALD SANTOS', N'ABC', N'Ingrese por lo menos 2 dígitos en la dirección. ', N'5563')
INSERT [dbo].[inconsistencia] ([incosistencia_id], [contacto], [departamento], [direccion], [distrito], [envio_id], [numero_documento], [provincia], [razon_social], [referencia], [resumen], [telefono]) VALUES (13, N'RONALD SANTOS', N'AMAZONAS', N'DIR7', N'CHACHAPOYAS', 7, N'DOC000008', N'CHACHAPOYAS', N'RONALD SANTOS', N'ABC', N'Ingrese por lo menos 2 dígitos en la dirección. ', N'5563')
INSERT [dbo].[inconsistencia] ([incosistencia_id], [contacto], [departamento], [direccion], [distrito], [envio_id], [numero_documento], [provincia], [razon_social], [referencia], [resumen], [telefono]) VALUES (14, N'', N'AMAZONAS', N'DIR71', N'CHACHAPOYAS', 7, N'DOC000009', N'CHACHAPOYAS', N'', N'ABC', N'Ingrese la razón social o el contacto. ', N'5564')
INSERT [dbo].[inconsistencia] ([incosistencia_id], [contacto], [departamento], [direccion], [distrito], [envio_id], [numero_documento], [provincia], [razon_social], [referencia], [resumen], [telefono]) VALUES (15, N'', N'AMAZONAS', N'DIR71', N'CHACHAPOYAS', 8, N'DOC000009', N'CHACHAPOYAS', N'', N'ABC', N'Ingrese la razón social o el contacto. ', N'5564')
INSERT [dbo].[inconsistencia] ([incosistencia_id], [contacto], [departamento], [direccion], [distrito], [envio_id], [numero_documento], [provincia], [razon_social], [referencia], [resumen], [telefono]) VALUES (16, N'RONALD SANTOS', N'AMAZONAS', N'DIR7', N'CHACHAPOYAS', 8, N'DOC000008', N'CHACHAPOYAS', N'RONALD SANTOS', N'ABC', N'Ingrese por lo menos 2 dígitos en la dirección. ', N'5563')
SET IDENTITY_INSERT [dbo].[inconsistencia] OFF
SET IDENTITY_INSERT [dbo].[estado_autorizado] ON 

INSERT [dbo].[estado_autorizado] ([estado_autorizado_id], [nombre]) VALUES (1, N'PENDIENTE')
INSERT [dbo].[estado_autorizado] ([estado_autorizado_id], [nombre]) VALUES (2, N'APROBADA')
INSERT [dbo].[estado_autorizado] ([estado_autorizado_id], [nombre]) VALUES (3, N'DENEGADA')
SET IDENTITY_INSERT [dbo].[estado_autorizado] OFF
SET IDENTITY_INSERT [dbo].[seguimiento_autorizado] ON 

INSERT [dbo].[seguimiento_autorizado] ([seguimiento_autorizado_id], [fecha], [nombre_usuario], [usuario_id], [envio_id], [estado_autorizado_id]) VALUES (1, CAST(N'2019-06-14T08:56:14.4580000' AS DateTime2), N'', 7, 7, 1)
INSERT [dbo].[seguimiento_autorizado] ([seguimiento_autorizado_id], [fecha], [nombre_usuario], [usuario_id], [envio_id], [estado_autorizado_id]) VALUES (2, CAST(N'2019-06-14T08:56:40.6130000' AS DateTime2), N'', 7, 8, 1)
INSERT [dbo].[seguimiento_autorizado] ([seguimiento_autorizado_id], [fecha], [nombre_usuario], [usuario_id], [envio_id], [estado_autorizado_id]) VALUES (3, CAST(N'2019-06-14T08:56:55.4280000' AS DateTime2), N'+PvQaYUWRSdI6ECijqvvjQ==', 9, 7, 2)
INSERT [dbo].[seguimiento_autorizado] ([seguimiento_autorizado_id], [fecha], [nombre_usuario], [usuario_id], [envio_id], [estado_autorizado_id]) VALUES (4, CAST(N'2019-06-14T08:56:57.1350000' AS DateTime2), N'+PvQaYUWRSdI6ECijqvvjQ==', 9, 8, 2)
SET IDENTITY_INSERT [dbo].[seguimiento_autorizado] OFF



INSERT [dbo].[estado_documento_permitido] ([estado_documento_id], [estado_documento_permitido_id]) VALUES (2, 1)
INSERT [dbo].[estado_documento_permitido] ([estado_documento_id], [estado_documento_permitido_id]) VALUES (3, 2)
INSERT [dbo].[resultado_tipo_devolucion] ([estado_documento_id], [tipo_devolucion_id]) VALUES (4, 1)
INSERT [dbo].[resultado_tipo_devolucion] ([estado_documento_id], [tipo_devolucion_id]) VALUES (5, 1)
INSERT [dbo].[resultado_tipo_devolucion] ([estado_documento_id], [tipo_devolucion_id]) VALUES (5, 2)
INSERT [dbo].[resultado_tipo_devolucion] ([estado_documento_id], [tipo_devolucion_id]) VALUES (6, 2)
INSERT [dbo].[resultado_tipo_devolucion] ([estado_documento_id], [tipo_devolucion_id]) VALUES (6, 3)
SET IDENTITY_INSERT [dbo].[estado_guia] ON 

INSERT [dbo].[estado_guia] ([estado_guia_id], [nombre]) VALUES (1, N'CREADO')
INSERT [dbo].[estado_guia] ([estado_guia_id], [nombre]) VALUES (2, N'ENVIADO')
INSERT [dbo].[estado_guia] ([estado_guia_id], [nombre]) VALUES (3, N'DESCARGADO')
INSERT [dbo].[estado_guia] ([estado_guia_id], [nombre]) VALUES (4, N'COMPLETA')
INSERT [dbo].[estado_guia] ([estado_guia_id], [nombre]) VALUES (5, N'CERRADO')
SET IDENTITY_INSERT [dbo].[estado_guia] OFF
SET IDENTITY_INSERT [dbo].[seguimiento_guia] ON 

INSERT [dbo].[seguimiento_guia] ([seguimiento_guia_id], [fecha], [usuario_id], [estado_guia_id], [guia_id]) VALUES (1, CAST(N'2019-06-14T09:01:45.4220000' AS DateTime2), 3, 1, 1)
INSERT [dbo].[seguimiento_guia] ([seguimiento_guia_id], [fecha], [usuario_id], [estado_guia_id], [guia_id]) VALUES (2, CAST(N'2019-06-14T09:02:13.0500000' AS DateTime2), 3, 1, 2)
INSERT [dbo].[seguimiento_guia] ([seguimiento_guia_id], [fecha], [usuario_id], [estado_guia_id], [guia_id]) VALUES (3, CAST(N'2019-06-14T09:02:39.2400000' AS DateTime2), 3, 1, 3)
INSERT [dbo].[seguimiento_guia] ([seguimiento_guia_id], [fecha], [usuario_id], [estado_guia_id], [guia_id]) VALUES (4, CAST(N'2019-06-14T09:03:14.3990000' AS DateTime2), 3, 1, 4)
INSERT [dbo].[seguimiento_guia] ([seguimiento_guia_id], [fecha], [usuario_id], [estado_guia_id], [guia_id]) VALUES (5, CAST(N'2019-06-14T09:03:37.5480000' AS DateTime2), 3, 1, 5)
INSERT [dbo].[seguimiento_guia] ([seguimiento_guia_id], [fecha], [usuario_id], [estado_guia_id], [guia_id]) VALUES (6, CAST(N'2019-06-14T09:04:05.8600000' AS DateTime2), 3, 1, 6)
INSERT [dbo].[seguimiento_guia] ([seguimiento_guia_id], [fecha], [usuario_id], [estado_guia_id], [guia_id]) VALUES (7, CAST(N'2019-06-14T09:04:18.1970000' AS DateTime2), 3, 2, 1)
INSERT [dbo].[seguimiento_guia] ([seguimiento_guia_id], [fecha], [usuario_id], [estado_guia_id], [guia_id]) VALUES (8, CAST(N'2019-06-14T09:04:19.5620000' AS DateTime2), 3, 2, 2)
INSERT [dbo].[seguimiento_guia] ([seguimiento_guia_id], [fecha], [usuario_id], [estado_guia_id], [guia_id]) VALUES (9, CAST(N'2019-06-14T09:04:21.3040000' AS DateTime2), 3, 2, 3)
INSERT [dbo].[seguimiento_guia] ([seguimiento_guia_id], [fecha], [usuario_id], [estado_guia_id], [guia_id]) VALUES (10, CAST(N'2019-06-14T09:04:23.5810000' AS DateTime2), 3, 2, 4)
INSERT [dbo].[seguimiento_guia] ([seguimiento_guia_id], [fecha], [usuario_id], [estado_guia_id], [guia_id]) VALUES (11, CAST(N'2019-06-14T09:04:25.1650000' AS DateTime2), 3, 2, 5)
INSERT [dbo].[seguimiento_guia] ([seguimiento_guia_id], [fecha], [usuario_id], [estado_guia_id], [guia_id]) VALUES (12, CAST(N'2019-06-14T09:04:26.9040000' AS DateTime2), 3, 2, 6)
INSERT [dbo].[seguimiento_guia] ([seguimiento_guia_id], [fecha], [usuario_id], [estado_guia_id], [guia_id]) VALUES (13, CAST(N'2019-06-14T09:04:59.3860000' AS DateTime2), 1, 1, 7)
INSERT [dbo].[seguimiento_guia] ([seguimiento_guia_id], [fecha], [usuario_id], [estado_guia_id], [guia_id]) VALUES (14, CAST(N'2019-06-14T09:05:26.3070000' AS DateTime2), 1, 1, 8)
INSERT [dbo].[seguimiento_guia] ([seguimiento_guia_id], [fecha], [usuario_id], [estado_guia_id], [guia_id]) VALUES (15, CAST(N'2019-06-14T09:05:49.6550000' AS DateTime2), 1, 1, 9)
INSERT [dbo].[seguimiento_guia] ([seguimiento_guia_id], [fecha], [usuario_id], [estado_guia_id], [guia_id]) VALUES (16, CAST(N'2019-06-14T09:06:10.7810000' AS DateTime2), 1, 1, 10)
INSERT [dbo].[seguimiento_guia] ([seguimiento_guia_id], [fecha], [usuario_id], [estado_guia_id], [guia_id]) VALUES (17, CAST(N'2019-06-14T09:06:24.5180000' AS DateTime2), 1, 2, 7)
INSERT [dbo].[seguimiento_guia] ([seguimiento_guia_id], [fecha], [usuario_id], [estado_guia_id], [guia_id]) VALUES (18, CAST(N'2019-06-14T09:06:26.0860000' AS DateTime2), 1, 2, 8)
INSERT [dbo].[seguimiento_guia] ([seguimiento_guia_id], [fecha], [usuario_id], [estado_guia_id], [guia_id]) VALUES (19, CAST(N'2019-06-14T09:06:27.3160000' AS DateTime2), 1, 2, 9)
INSERT [dbo].[seguimiento_guia] ([seguimiento_guia_id], [fecha], [usuario_id], [estado_guia_id], [guia_id]) VALUES (20, CAST(N'2019-06-14T09:06:28.7090000' AS DateTime2), 1, 2, 10)
INSERT [dbo].[seguimiento_guia] ([seguimiento_guia_id], [fecha], [usuario_id], [estado_guia_id], [guia_id]) VALUES (21, CAST(N'2019-06-14T09:06:51.9940000' AS DateTime2), 2, 1, 11)
INSERT [dbo].[seguimiento_guia] ([seguimiento_guia_id], [fecha], [usuario_id], [estado_guia_id], [guia_id]) VALUES (22, CAST(N'2019-06-14T09:07:14.9970000' AS DateTime2), 2, 1, 12)
INSERT [dbo].[seguimiento_guia] ([seguimiento_guia_id], [fecha], [usuario_id], [estado_guia_id], [guia_id]) VALUES (23, CAST(N'2019-06-14T09:07:27.4400000' AS DateTime2), 2, 2, 11)
INSERT [dbo].[seguimiento_guia] ([seguimiento_guia_id], [fecha], [usuario_id], [estado_guia_id], [guia_id]) VALUES (24, CAST(N'2019-06-14T09:07:29.1280000' AS DateTime2), 2, 2, 12)
INSERT [dbo].[seguimiento_guia] ([seguimiento_guia_id], [fecha], [usuario_id], [estado_guia_id], [guia_id]) VALUES (25, CAST(N'2019-06-14T09:07:52.6800000' AS DateTime2), 4, 1, 13)
INSERT [dbo].[seguimiento_guia] ([seguimiento_guia_id], [fecha], [usuario_id], [estado_guia_id], [guia_id]) VALUES (26, CAST(N'2019-06-14T09:08:14.1730000' AS DateTime2), 4, 1, 14)
INSERT [dbo].[seguimiento_guia] ([seguimiento_guia_id], [fecha], [usuario_id], [estado_guia_id], [guia_id]) VALUES (27, CAST(N'2019-06-14T09:08:24.5270000' AS DateTime2), 4, 2, 13)
INSERT [dbo].[seguimiento_guia] ([seguimiento_guia_id], [fecha], [usuario_id], [estado_guia_id], [guia_id]) VALUES (28, CAST(N'2019-06-14T09:08:26.0140000' AS DateTime2), 4, 2, 14)
INSERT [dbo].[seguimiento_guia] ([seguimiento_guia_id], [fecha], [usuario_id], [estado_guia_id], [guia_id]) VALUES (29, CAST(N'2019-06-14T09:08:53.3530000' AS DateTime2), 4, 3, 1)
INSERT [dbo].[seguimiento_guia] ([seguimiento_guia_id], [fecha], [usuario_id], [estado_guia_id], [guia_id]) VALUES (30, CAST(N'2019-06-14T09:10:08.2820000' AS DateTime2), 4, 3, 2)
INSERT [dbo].[seguimiento_guia] ([seguimiento_guia_id], [fecha], [usuario_id], [estado_guia_id], [guia_id]) VALUES (31, CAST(N'2019-06-14T09:10:33.9250000' AS DateTime2), 4, 3, 3)
INSERT [dbo].[seguimiento_guia] ([seguimiento_guia_id], [fecha], [usuario_id], [estado_guia_id], [guia_id]) VALUES (32, CAST(N'2019-06-14T09:11:35.5190000' AS DateTime2), 4, 3, 4)
INSERT [dbo].[seguimiento_guia] ([seguimiento_guia_id], [fecha], [usuario_id], [estado_guia_id], [guia_id]) VALUES (33, CAST(N'2019-06-14T09:12:16.4310000' AS DateTime2), 4, 3, 5)
INSERT [dbo].[seguimiento_guia] ([seguimiento_guia_id], [fecha], [usuario_id], [estado_guia_id], [guia_id]) VALUES (34, CAST(N'2019-06-14T09:12:44.0440000' AS DateTime2), 4, 3, 6)
INSERT [dbo].[seguimiento_guia] ([seguimiento_guia_id], [fecha], [usuario_id], [estado_guia_id], [guia_id]) VALUES (35, CAST(N'2019-06-14T09:13:30.7130000' AS DateTime2), 4, 3, 7)
INSERT [dbo].[seguimiento_guia] ([seguimiento_guia_id], [fecha], [usuario_id], [estado_guia_id], [guia_id]) VALUES (36, CAST(N'2019-06-14T09:14:03.9280000' AS DateTime2), 4, 3, 8)
INSERT [dbo].[seguimiento_guia] ([seguimiento_guia_id], [fecha], [usuario_id], [estado_guia_id], [guia_id]) VALUES (37, CAST(N'2019-06-14T09:14:43.0430000' AS DateTime2), 4, 3, 9)
INSERT [dbo].[seguimiento_guia] ([seguimiento_guia_id], [fecha], [usuario_id], [estado_guia_id], [guia_id]) VALUES (38, CAST(N'2019-06-14T09:15:10.5960000' AS DateTime2), 4, 3, 10)
SET IDENTITY_INSERT [dbo].[seguimiento_guia] OFF
INSERT [dbo].[area_plazo_distribucion] ([area_id], [ruta_autorizacion], [plazo_distribucion_id],[fecha_asociacion]) VALUES (1,  N'6.pdf', 2,CAST(N'2019-06-26T17:34:11.8166667' AS DateTime2))
INSERT [dbo].[area_plazo_distribucion] ([area_id], [ruta_autorizacion], [plazo_distribucion_id],[fecha_asociacion]) VALUES (2,  N'6.pdf', 1, CAST(N'2019-06-26T17:34:11.8166667' AS DateTime2))
INSERT [dbo].[area_plazo_distribucion] ([area_id], [ruta_autorizacion], [plazo_distribucion_id],[fecha_asociacion]) VALUES (3,  N'6.pdf', 1, CAST(N'2019-06-26T17:34:11.8166667' AS DateTime2))
INSERT [dbo].[area_plazo_distribucion] ([area_id], [ruta_autorizacion], [plazo_distribucion_id],[fecha_asociacion]) VALUES (4,  N'6.pdf', 1, CAST(N'2019-06-26T17:34:11.8166667' AS DateTime2))
INSERT [dbo].[area_plazo_distribucion] ([area_id], [ruta_autorizacion], [plazo_distribucion_id],[fecha_asociacion]) VALUES (9,  N'6.pdf', 4, CAST(N'2019-06-26T17:34:11.8166667' AS DateTime2))
INSERT [dbo].[area_plazo_distribucion] ([area_id], [ruta_autorizacion], [plazo_distribucion_id],[fecha_asociacion]) VALUES (13,  N'6.pdf', 4, CAST(N'2019-06-26T17:34:11.8166667' AS DateTime2))
INSERT [dbo].[buzon_plazo_distribucion] ([buzon_id], [ruta_autorizacion], [plazo_distribucion_id],[fecha_asociacion]) VALUES (5,  N'6.pdf', 1, CAST(N'2019-06-26T17:34:11.8166667' AS DateTime2))
INSERT [dbo].[buzon_plazo_distribucion] ([buzon_id], [ruta_autorizacion], [plazo_distribucion_id],[fecha_asociacion]) VALUES (6,  N'6.pdf', 1, CAST(N'2019-06-26T17:34:11.8166667' AS DateTime2))
INSERT [dbo].[buzon_plazo_distribucion] ([buzon_id], [ruta_autorizacion], [plazo_distribucion_id],[fecha_asociacion]) VALUES (7,  N'6.pdf', 1, CAST(N'2019-06-26T17:34:11.8166667' AS DateTime2))
INSERT [dbo].[buzon_plazo_distribucion] ([buzon_id], [ruta_autorizacion], [plazo_distribucion_id],[fecha_asociacion]) VALUES (8,  N'6.pdf', 6, CAST(N'2019-06-26T17:34:11.8166667' AS DateTime2))
INSERT [dbo].[buzon_plazo_distribucion] ([buzon_id], [ruta_autorizacion], [plazo_distribucion_id],[fecha_asociacion]) VALUES (9,  N'6.pdf', 4, CAST(N'2019-06-26T17:34:11.8166667' AS DateTime2))
INSERT [dbo].[buzon_plazo_distribucion] ([buzon_id], [ruta_autorizacion], [plazo_distribucion_id],[fecha_asociacion]) VALUES (10,  N'6.pdf', 4, CAST(N'2019-06-26T17:34:11.8166667' AS DateTime2))
INSERT [dbo].[region_plazo_distribucion] ([plazo_distribucion_id], [region_id], [region], [tiempo_envio]) VALUES (1, 1, NULL, 96)
INSERT [dbo].[region_plazo_distribucion] ([plazo_distribucion_id], [region_id], [region], [tiempo_envio]) VALUES (2, 1, NULL, 72)
INSERT [dbo].[region_plazo_distribucion] ([plazo_distribucion_id], [region_id], [region], [tiempo_envio]) VALUES (3, 1, NULL, 48)
INSERT [dbo].[region_plazo_distribucion] ([plazo_distribucion_id], [region_id], [region], [tiempo_envio]) VALUES (4, 1, NULL, 24)
INSERT [dbo].[region_plazo_distribucion] ([plazo_distribucion_id], [region_id], [region], [tiempo_envio]) VALUES (5, 1, NULL, 4)
INSERT [dbo].[region_plazo_distribucion] ([plazo_distribucion_id], [region_id], [region], [tiempo_envio]) VALUES (6, 1, NULL, 2)
INSERT [dbo].[region_plazo_distribucion] ([plazo_distribucion_id], [region_id], [region], [tiempo_envio]) VALUES (7, 1, NULL, 2)
INSERT [dbo].[buzon_tipo_seguridad] ([buzon_id], [tipo_seguridad_id]) VALUES (1, 1)
SET IDENTITY_INSERT [dbo].[documento_reporte] ON 

INSERT [dbo].[documento_reporte] ([documento_reporte_id], [area_id], [documento_id], [estado_cargo], [estado_documento_id], [fecha], [plazo_id], [proveedor_id], [sede_id], [tiempo_entrega]) VALUES (1, 1, 3, 1, 3, CAST(N'2019-06-14T09:04:18.1970000' AS DateTime2), 1, 1, 5, 1)
INSERT [dbo].[documento_reporte] ([documento_reporte_id], [area_id], [documento_id], [estado_cargo], [estado_documento_id], [fecha], [plazo_id], [proveedor_id], [sede_id], [tiempo_entrega]) VALUES (2, 1, 1, 2, 4, CAST(N'2019-06-14T09:04:18.1970000' AS DateTime2), 1, 1, 5, 2)
INSERT [dbo].[documento_reporte] ([documento_reporte_id], [area_id], [documento_id], [estado_cargo], [estado_documento_id], [fecha], [plazo_id], [proveedor_id], [sede_id], [tiempo_entrega]) VALUES (3, 1, 4, 1, 3, CAST(N'2019-06-14T09:04:18.1970000' AS DateTime2), 1, 1, 5, 1)
INSERT [dbo].[documento_reporte] ([documento_reporte_id], [area_id], [documento_id], [estado_cargo], [estado_documento_id], [fecha], [plazo_id], [proveedor_id], [sede_id], [tiempo_entrega]) VALUES (4, 1, 2, 2, 4, CAST(N'2019-06-14T09:04:18.1970000' AS DateTime2), 1, 1, 5, 2)
INSERT [dbo].[documento_reporte] ([documento_reporte_id], [area_id], [documento_id], [estado_cargo], [estado_documento_id], [fecha], [plazo_id], [proveedor_id], [sede_id], [tiempo_entrega]) VALUES (5, 1, 6, 2, 4, CAST(N'2019-06-14T09:04:19.5620000' AS DateTime2), 1, 2, 5, 2)
INSERT [dbo].[documento_reporte] ([documento_reporte_id], [area_id], [documento_id], [estado_cargo], [estado_documento_id], [fecha], [plazo_id], [proveedor_id], [sede_id], [tiempo_entrega]) VALUES (6, 1, 5, 2, 4, CAST(N'2019-06-14T09:04:19.5620000' AS DateTime2), 1, 2, 5, 2)
INSERT [dbo].[documento_reporte] ([documento_reporte_id], [area_id], [documento_id], [estado_cargo], [estado_documento_id], [fecha], [plazo_id], [proveedor_id], [sede_id], [tiempo_entrega]) VALUES (7, 1, 8, 1, 3, CAST(N'2019-06-14T09:04:19.5620000' AS DateTime2), 1, 2, 5, 1)
INSERT [dbo].[documento_reporte] ([documento_reporte_id], [area_id], [documento_id], [estado_cargo], [estado_documento_id], [fecha], [plazo_id], [proveedor_id], [sede_id], [tiempo_entrega]) VALUES (8, 1, 7, 1, 3, CAST(N'2019-06-14T09:04:19.5620000' AS DateTime2), 1, 2, 5, 1)
INSERT [dbo].[documento_reporte] ([documento_reporte_id], [area_id], [documento_id], [estado_cargo], [estado_documento_id], [fecha], [plazo_id], [proveedor_id], [sede_id], [tiempo_entrega]) VALUES (9, 2, 41, 2, 5, CAST(N'2019-06-14T09:04:21.3040000' AS DateTime2), 1, 1, 5, 2)
INSERT [dbo].[documento_reporte] ([documento_reporte_id], [area_id], [documento_id], [estado_cargo], [estado_documento_id], [fecha], [plazo_id], [proveedor_id], [sede_id], [tiempo_entrega]) VALUES (10, 2, 43, 2, 5, CAST(N'2019-06-14T09:04:21.3040000' AS DateTime2), 1, 1, 5, 2)
INSERT [dbo].[documento_reporte] ([documento_reporte_id], [area_id], [documento_id], [estado_cargo], [estado_documento_id], [fecha], [plazo_id], [proveedor_id], [sede_id], [tiempo_entrega]) VALUES (11, 2, 42, 2, 6, CAST(N'2019-06-14T09:04:21.3040000' AS DateTime2), 1, 1, 5, 2)
INSERT [dbo].[documento_reporte] ([documento_reporte_id], [area_id], [documento_id], [estado_cargo], [estado_documento_id], [fecha], [plazo_id], [proveedor_id], [sede_id], [tiempo_entrega]) VALUES (12, 2, 47, 2, 5, CAST(N'2019-06-14T09:04:23.5810000' AS DateTime2), 1, 2, 5, 2)
INSERT [dbo].[documento_reporte] ([documento_reporte_id], [area_id], [documento_id], [estado_cargo], [estado_documento_id], [fecha], [plazo_id], [proveedor_id], [sede_id], [tiempo_entrega]) VALUES (13, 2, 44, 2, 4, CAST(N'2019-06-14T09:04:23.5810000' AS DateTime2), 1, 2, 5, 2)
INSERT [dbo].[documento_reporte] ([documento_reporte_id], [area_id], [documento_id], [estado_cargo], [estado_documento_id], [fecha], [plazo_id], [proveedor_id], [sede_id], [tiempo_entrega]) VALUES (14, 2, 45, 2, 5, CAST(N'2019-06-14T09:04:23.5810000' AS DateTime2), 1, 2, 5, 2)
INSERT [dbo].[documento_reporte] ([documento_reporte_id], [area_id], [documento_id], [estado_cargo], [estado_documento_id], [fecha], [plazo_id], [proveedor_id], [sede_id], [tiempo_entrega]) VALUES (15, 2, 46, 2, 6, CAST(N'2019-06-14T09:04:23.5810000' AS DateTime2), 1, 2, 5, 2)
INSERT [dbo].[documento_reporte] ([documento_reporte_id], [area_id], [documento_id], [estado_cargo], [estado_documento_id], [fecha], [plazo_id], [proveedor_id], [sede_id], [tiempo_entrega]) VALUES (16, 2, 48, 2, 4, CAST(N'2019-06-14T09:04:23.5810000' AS DateTime2), 1, 2, 5, 2)
INSERT [dbo].[documento_reporte] ([documento_reporte_id], [area_id], [documento_id], [estado_cargo], [estado_documento_id], [fecha], [plazo_id], [proveedor_id], [sede_id], [tiempo_entrega]) VALUES (17, 3, 51, 2, 4, CAST(N'2019-06-14T09:04:25.1650000' AS DateTime2), 2, 1, 5, 2)
INSERT [dbo].[documento_reporte] ([documento_reporte_id], [area_id], [documento_id], [estado_cargo], [estado_documento_id], [fecha], [plazo_id], [proveedor_id], [sede_id], [tiempo_entrega]) VALUES (18, 3, 49, 2, 4, CAST(N'2019-06-14T09:04:25.1650000' AS DateTime2), 2, 1, 5, 2)
INSERT [dbo].[documento_reporte] ([documento_reporte_id], [area_id], [documento_id], [estado_cargo], [estado_documento_id], [fecha], [plazo_id], [proveedor_id], [sede_id], [tiempo_entrega]) VALUES (19, 3, 50, 2, 4, CAST(N'2019-06-14T09:04:25.1650000' AS DateTime2), 2, 1, 5, 2)
INSERT [dbo].[documento_reporte] ([documento_reporte_id], [area_id], [documento_id], [estado_cargo], [estado_documento_id], [fecha], [plazo_id], [proveedor_id], [sede_id], [tiempo_entrega]) VALUES (20, 3, 52, 1, 3, CAST(N'2019-06-14T09:04:25.1650000' AS DateTime2), 2, 1, 5, 1)
INSERT [dbo].[documento_reporte] ([documento_reporte_id], [area_id], [documento_id], [estado_cargo], [estado_documento_id], [fecha], [plazo_id], [proveedor_id], [sede_id], [tiempo_entrega]) VALUES (21, 3, 55, 2, 4, CAST(N'2019-06-14T09:04:26.9040000' AS DateTime2), 2, 2, 5, 2)
INSERT [dbo].[documento_reporte] ([documento_reporte_id], [area_id], [documento_id], [estado_cargo], [estado_documento_id], [fecha], [plazo_id], [proveedor_id], [sede_id], [tiempo_entrega]) VALUES (22, 3, 56, 1, 3, CAST(N'2019-06-14T09:04:26.9040000' AS DateTime2), 2, 2, 5, 1)
INSERT [dbo].[documento_reporte] ([documento_reporte_id], [area_id], [documento_id], [estado_cargo], [estado_documento_id], [fecha], [plazo_id], [proveedor_id], [sede_id], [tiempo_entrega]) VALUES (23, 3, 53, 2, 4, CAST(N'2019-06-14T09:04:26.9040000' AS DateTime2), 2, 2, 5, 2)
INSERT [dbo].[documento_reporte] ([documento_reporte_id], [area_id], [documento_id], [estado_cargo], [estado_documento_id], [fecha], [plazo_id], [proveedor_id], [sede_id], [tiempo_entrega]) VALUES (24, 3, 54, 2, 5, CAST(N'2019-06-14T09:04:26.9040000' AS DateTime2), 2, 2, 5, 2)
INSERT [dbo].[documento_reporte] ([documento_reporte_id], [area_id], [documento_id], [estado_cargo], [estado_documento_id], [fecha], [plazo_id], [proveedor_id], [sede_id], [tiempo_entrega]) VALUES (25, 1, 19, 2, 4, CAST(N'2019-06-14T09:06:24.5180000' AS DateTime2), 1, 1, 3, 2)
INSERT [dbo].[documento_reporte] ([documento_reporte_id], [area_id], [documento_id], [estado_cargo], [estado_documento_id], [fecha], [plazo_id], [proveedor_id], [sede_id], [tiempo_entrega]) VALUES (26, 1, 17, 2, 4, CAST(N'2019-06-14T09:06:24.5180000' AS DateTime2), 1, 1, 3, 2)
INSERT [dbo].[documento_reporte] ([documento_reporte_id], [area_id], [documento_id], [estado_cargo], [estado_documento_id], [fecha], [plazo_id], [proveedor_id], [sede_id], [tiempo_entrega]) VALUES (27, 1, 20, 1, 3, CAST(N'2019-06-14T09:06:24.5180000' AS DateTime2), 1, 1, 3, 1)
INSERT [dbo].[documento_reporte] ([documento_reporte_id], [area_id], [documento_id], [estado_cargo], [estado_documento_id], [fecha], [plazo_id], [proveedor_id], [sede_id], [tiempo_entrega]) VALUES (28, 1, 18, 2, 5, CAST(N'2019-06-14T09:06:24.5180000' AS DateTime2), 1, 1, 3, 2)
INSERT [dbo].[documento_reporte] ([documento_reporte_id], [area_id], [documento_id], [estado_cargo], [estado_documento_id], [fecha], [plazo_id], [proveedor_id], [sede_id], [tiempo_entrega]) VALUES (29, 1, 22, 2, 4, CAST(N'2019-06-14T09:06:26.0860000' AS DateTime2), 1, 2, 3, 2)
INSERT [dbo].[documento_reporte] ([documento_reporte_id], [area_id], [documento_id], [estado_cargo], [estado_documento_id], [fecha], [plazo_id], [proveedor_id], [sede_id], [tiempo_entrega]) VALUES (30, 1, 23, 1, 3, CAST(N'2019-06-14T09:06:26.0860000' AS DateTime2), 1, 2, 3, 1)
INSERT [dbo].[documento_reporte] ([documento_reporte_id], [area_id], [documento_id], [estado_cargo], [estado_documento_id], [fecha], [plazo_id], [proveedor_id], [sede_id], [tiempo_entrega]) VALUES (31, 1, 21, 2, 5, CAST(N'2019-06-14T09:06:26.0860000' AS DateTime2), 1, 2, 3, 2)
INSERT [dbo].[documento_reporte] ([documento_reporte_id], [area_id], [documento_id], [estado_cargo], [estado_documento_id], [fecha], [plazo_id], [proveedor_id], [sede_id], [tiempo_entrega]) VALUES (32, 1, 24, 1, 3, CAST(N'2019-06-14T09:06:26.0860000' AS DateTime2), 1, 2, 3, 1)
INSERT [dbo].[documento_reporte] ([documento_reporte_id], [area_id], [documento_id], [estado_cargo], [estado_documento_id], [fecha], [plazo_id], [proveedor_id], [sede_id], [tiempo_entrega]) VALUES (33, 3, 58, 2, 4, CAST(N'2019-06-14T09:06:27.3160000' AS DateTime2), 2, 1, 3, 2)
INSERT [dbo].[documento_reporte] ([documento_reporte_id], [area_id], [documento_id], [estado_cargo], [estado_documento_id], [fecha], [plazo_id], [proveedor_id], [sede_id], [tiempo_entrega]) VALUES (34, 3, 59, 2, 5, CAST(N'2019-06-14T09:06:27.3160000' AS DateTime2), 2, 1, 3, 3)
INSERT [dbo].[documento_reporte] ([documento_reporte_id], [area_id], [documento_id], [estado_cargo], [estado_documento_id], [fecha], [plazo_id], [proveedor_id], [sede_id], [tiempo_entrega]) VALUES (35, 3, 57, 2, 5, CAST(N'2019-06-14T09:06:27.3160000' AS DateTime2), 2, 1, 3, 2)
INSERT [dbo].[documento_reporte] ([documento_reporte_id], [area_id], [documento_id], [estado_cargo], [estado_documento_id], [fecha], [plazo_id], [proveedor_id], [sede_id], [tiempo_entrega]) VALUES (36, 3, 60, 2, 4, CAST(N'2019-06-14T09:06:27.3160000' AS DateTime2), 2, 1, 3, 3)
INSERT [dbo].[documento_reporte] ([documento_reporte_id], [area_id], [documento_id], [estado_cargo], [estado_documento_id], [fecha], [plazo_id], [proveedor_id], [sede_id], [tiempo_entrega]) VALUES (37, 3, 63, 1, 3, CAST(N'2019-06-14T09:06:28.7090000' AS DateTime2), 2, 2, 3, 1)
INSERT [dbo].[documento_reporte] ([documento_reporte_id], [area_id], [documento_id], [estado_cargo], [estado_documento_id], [fecha], [plazo_id], [proveedor_id], [sede_id], [tiempo_entrega]) VALUES (38, 3, 62, 2, 4, CAST(N'2019-06-14T09:06:28.7090000' AS DateTime2), 2, 2, 3, 3)
INSERT [dbo].[documento_reporte] ([documento_reporte_id], [area_id], [documento_id], [estado_cargo], [estado_documento_id], [fecha], [plazo_id], [proveedor_id], [sede_id], [tiempo_entrega]) VALUES (39, 3, 64, 1, 3, CAST(N'2019-06-14T09:06:28.7090000' AS DateTime2), 2, 2, 3, 1)
INSERT [dbo].[documento_reporte] ([documento_reporte_id], [area_id], [documento_id], [estado_cargo], [estado_documento_id], [fecha], [plazo_id], [proveedor_id], [sede_id], [tiempo_entrega]) VALUES (40, 3, 61, 2, 4, CAST(N'2019-06-14T09:06:28.7090000' AS DateTime2), 2, 2, 3, 3)
INSERT [dbo].[documento_reporte] ([documento_reporte_id], [area_id], [documento_id], [estado_cargo], [estado_documento_id], [fecha], [plazo_id], [proveedor_id], [sede_id], [tiempo_entrega]) VALUES (41, 1, 28, 1, 3, CAST(N'2019-06-14T09:07:27.4400000' AS DateTime2), 1, 1, 4, 1)
INSERT [dbo].[documento_reporte] ([documento_reporte_id], [area_id], [documento_id], [estado_cargo], [estado_documento_id], [fecha], [plazo_id], [proveedor_id], [sede_id], [tiempo_entrega]) VALUES (42, 1, 25, 1, 3, CAST(N'2019-06-14T09:07:27.4400000' AS DateTime2), 1, 1, 4, 1)
INSERT [dbo].[documento_reporte] ([documento_reporte_id], [area_id], [documento_id], [estado_cargo], [estado_documento_id], [fecha], [plazo_id], [proveedor_id], [sede_id], [tiempo_entrega]) VALUES (43, 1, 27, 1, 3, CAST(N'2019-06-14T09:07:27.4400000' AS DateTime2), 1, 1, 4, 1)
INSERT [dbo].[documento_reporte] ([documento_reporte_id], [area_id], [documento_id], [estado_cargo], [estado_documento_id], [fecha], [plazo_id], [proveedor_id], [sede_id], [tiempo_entrega]) VALUES (44, 1, 26, 1, 3, CAST(N'2019-06-14T09:07:27.4400000' AS DateTime2), 1, 1, 4, 1)
INSERT [dbo].[documento_reporte] ([documento_reporte_id], [area_id], [documento_id], [estado_cargo], [estado_documento_id], [fecha], [plazo_id], [proveedor_id], [sede_id], [tiempo_entrega]) VALUES (45, 1, 29, 1, 3, CAST(N'2019-06-14T09:07:29.1280000' AS DateTime2), 1, 2, 4, 1)
INSERT [dbo].[documento_reporte] ([documento_reporte_id], [area_id], [documento_id], [estado_cargo], [estado_documento_id], [fecha], [plazo_id], [proveedor_id], [sede_id], [tiempo_entrega]) VALUES (46, 1, 31, 1, 3, CAST(N'2019-06-14T09:07:29.1280000' AS DateTime2), 1, 2, 4, 1)
INSERT [dbo].[documento_reporte] ([documento_reporte_id], [area_id], [documento_id], [estado_cargo], [estado_documento_id], [fecha], [plazo_id], [proveedor_id], [sede_id], [tiempo_entrega]) VALUES (47, 1, 30, 1, 3, CAST(N'2019-06-14T09:07:29.1280000' AS DateTime2), 1, 2, 4, 1)
INSERT [dbo].[documento_reporte] ([documento_reporte_id], [area_id], [documento_id], [estado_cargo], [estado_documento_id], [fecha], [plazo_id], [proveedor_id], [sede_id], [tiempo_entrega]) VALUES (48, 1, 12, 1, 3, CAST(N'2019-06-14T09:08:24.5270000' AS DateTime2), 1, 1, 6, 1)
INSERT [dbo].[documento_reporte] ([documento_reporte_id], [area_id], [documento_id], [estado_cargo], [estado_documento_id], [fecha], [plazo_id], [proveedor_id], [sede_id], [tiempo_entrega]) VALUES (49, 1, 9, 1, 3, CAST(N'2019-06-14T09:08:24.5270000' AS DateTime2), 1, 1, 6, 1)
INSERT [dbo].[documento_reporte] ([documento_reporte_id], [area_id], [documento_id], [estado_cargo], [estado_documento_id], [fecha], [plazo_id], [proveedor_id], [sede_id], [tiempo_entrega]) VALUES (50, 1, 11, 1, 3, CAST(N'2019-06-14T09:08:24.5270000' AS DateTime2), 1, 1, 6, 1)
INSERT [dbo].[documento_reporte] ([documento_reporte_id], [area_id], [documento_id], [estado_cargo], [estado_documento_id], [fecha], [plazo_id], [proveedor_id], [sede_id], [tiempo_entrega]) VALUES (51, 1, 10, 1, 3, CAST(N'2019-06-14T09:08:24.5270000' AS DateTime2), 1, 1, 6, 1)
INSERT [dbo].[documento_reporte] ([documento_reporte_id], [area_id], [documento_id], [estado_cargo], [estado_documento_id], [fecha], [plazo_id], [proveedor_id], [sede_id], [tiempo_entrega]) VALUES (52, 1, 13, 1, 3, CAST(N'2019-06-14T09:08:26.0140000' AS DateTime2), 1, 2, 6, 1)
INSERT [dbo].[documento_reporte] ([documento_reporte_id], [area_id], [documento_id], [estado_cargo], [estado_documento_id], [fecha], [plazo_id], [proveedor_id], [sede_id], [tiempo_entrega]) VALUES (53, 1, 14, 1, 3, CAST(N'2019-06-14T09:08:26.0140000' AS DateTime2), 1, 2, 6, 1)
INSERT [dbo].[documento_reporte] ([documento_reporte_id], [area_id], [documento_id], [estado_cargo], [estado_documento_id], [fecha], [plazo_id], [proveedor_id], [sede_id], [tiempo_entrega]) VALUES (54, 1, 15, 1, 3, CAST(N'2019-06-14T09:08:26.0140000' AS DateTime2), 1, 2, 6, 1)
SET IDENTITY_INSERT [dbo].[documento_reporte] OFF

INSERT [dbo].[ambito_plazo_distribucion] ([ambito_id], [plazo_distribucion_id]) VALUES (1, 1)
INSERT [dbo].[ambito_plazo_distribucion] ([ambito_id], [plazo_distribucion_id]) VALUES (1, 2)
INSERT [dbo].[ambito_plazo_distribucion] ([ambito_id], [plazo_distribucion_id]) VALUES (1, 3)
INSERT [dbo].[ambito_plazo_distribucion] ([ambito_id], [plazo_distribucion_id]) VALUES (2, 4)
INSERT [dbo].[ambito_plazo_distribucion] ([ambito_id], [plazo_distribucion_id]) VALUES (2, 5)
INSERT [dbo].[ambito_plazo_distribucion] ([ambito_id], [plazo_distribucion_id]) VALUES (3, 1)
INSERT [dbo].[ambito_plazo_distribucion] ([ambito_id], [plazo_distribucion_id]) VALUES (4, 1)
INSERT [dbo].[ambito_plazo_distribucion] ([ambito_id], [plazo_distribucion_id]) VALUES (5, 6)
INSERT [dbo].[ambito_plazo_distribucion] ([ambito_id], [plazo_distribucion_id]) VALUES (5, 7)


INSERT [dbo].[ambito_proveedor] ([ambito_id], [proveedor_id]) VALUES (1, 2)
INSERT [dbo].[ambito_proveedor] ([ambito_id], [proveedor_id]) VALUES (1, 1)
INSERT [dbo].[ambito_proveedor] ([ambito_id], [proveedor_id]) VALUES (2, 1)


INSERT [dbo].[proveedor_plazo_distribucion] ([proveedor_id], [plazo_distribucion_id]) VALUES (1, 1)
INSERT [dbo].[proveedor_plazo_distribucion] ([proveedor_id], [plazo_distribucion_id]) VALUES (1, 2)
INSERT [dbo].[proveedor_plazo_distribucion] ([proveedor_id], [plazo_distribucion_id]) VALUES (1, 3)
INSERT [dbo].[proveedor_plazo_distribucion] ([proveedor_id], [plazo_distribucion_id]) VALUES (1, 4)
INSERT [dbo].[proveedor_plazo_distribucion] ([proveedor_id], [plazo_distribucion_id]) VALUES (2, 1)
INSERT [dbo].[proveedor_plazo_distribucion] ([proveedor_id], [plazo_distribucion_id]) VALUES (2, 2)
INSERT [dbo].[proveedor_plazo_distribucion] ([proveedor_id], [plazo_distribucion_id]) VALUES (2, 3)
--INSERT [dbo].[proveedor_plazo_distribucion] ([proveedor_id], [plazo_distribucion_id]) VALUES (2, 4)


INSERT [dbo].[ambito_distrito] ([distrito_id], [ambito_id]) VALUES (1, 4)
INSERT [dbo].[ambito_distrito] ([distrito_id], [ambito_id]) VALUES (2, 4)
INSERT [dbo].[ambito_distrito] ([distrito_id], [ambito_id]) VALUES (3, 4)
INSERT [dbo].[ambito_distrito] ([distrito_id], [ambito_id]) VALUES (4, 4)
INSERT [dbo].[ambito_distrito] ([distrito_id], [ambito_id]) VALUES (5, 4)
INSERT [dbo].[ambito_distrito] ([distrito_id], [ambito_id]) VALUES (6, 4)
INSERT [dbo].[ambito_distrito] ([distrito_id], [ambito_id]) VALUES (7, 4)
INSERT [dbo].[ambito_distrito] ([distrito_id], [ambito_id]) VALUES (8, 4)
INSERT [dbo].[ambito_distrito] ([distrito_id], [ambito_id]) VALUES (9, 4)
INSERT [dbo].[ambito_distrito] ([distrito_id], [ambito_id]) VALUES (10, 4)
INSERT [dbo].[ambito_distrito] ([distrito_id], [ambito_id]) VALUES (11, 4)
INSERT [dbo].[ambito_distrito] ([distrito_id], [ambito_id]) VALUES (12, 4)
INSERT [dbo].[ambito_distrito] ([distrito_id], [ambito_id]) VALUES (13, 4)
INSERT [dbo].[ambito_distrito] ([distrito_id], [ambito_id]) VALUES (14, 4)
INSERT [dbo].[ambito_distrito] ([distrito_id], [ambito_id]) VALUES (15, 4)
INSERT [dbo].[ambito_distrito] ([distrito_id], [ambito_id]) VALUES (16, 4)
INSERT [dbo].[ambito_distrito] ([distrito_id], [ambito_id]) VALUES (17, 4)
INSERT [dbo].[ambito_distrito] ([distrito_id], [ambito_id]) VALUES (18, 4)
INSERT [dbo].[ambito_distrito] ([distrito_id], [ambito_id]) VALUES (19, 4)
INSERT [dbo].[ambito_distrito] ([distrito_id], [ambito_id]) VALUES (20, 4)
INSERT [dbo].[ambito_distrito] ([distrito_id], [ambito_id]) VALUES (21, 4)
INSERT [dbo].[ambito_distrito] ([distrito_id], [ambito_id]) VALUES (22, 4)
INSERT [dbo].[ambito_distrito] ([distrito_id], [ambito_id]) VALUES (23, 4)
INSERT [dbo].[ambito_distrito] ([distrito_id], [ambito_id]) VALUES (24, 4)
INSERT [dbo].[ambito_distrito] ([distrito_id], [ambito_id]) VALUES (25, 4)
INSERT [dbo].[ambito_distrito] ([distrito_id], [ambito_id]) VALUES (26, 4)
INSERT [dbo].[ambito_distrito] ([distrito_id], [ambito_id]) VALUES (27, 4)
INSERT [dbo].[ambito_distrito] ([distrito_id], [ambito_id]) VALUES (28, 4)
INSERT [dbo].[ambito_distrito] ([distrito_id], [ambito_id]) VALUES (29, 4)
INSERT [dbo].[ambito_distrito] ([distrito_id], [ambito_id]) VALUES (30, 4)
INSERT [dbo].[ambito_distrito] ([distrito_id], [ambito_id]) VALUES (31, 4)
INSERT [dbo].[ambito_distrito] ([distrito_id], [ambito_id]) VALUES (32, 4)
INSERT [dbo].[ambito_distrito] ([distrito_id], [ambito_id]) VALUES (33, 4)
INSERT [dbo].[ambito_distrito] ([distrito_id], [ambito_id]) VALUES (34, 4)
INSERT [dbo].[ambito_distrito] ([distrito_id], [ambito_id]) VALUES (35, 4)
INSERT [dbo].[ambito_distrito] ([distrito_id], [ambito_id]) VALUES (36, 4)
INSERT [dbo].[ambito_distrito] ([distrito_id], [ambito_id]) VALUES (37, 4)
INSERT [dbo].[ambito_distrito] ([distrito_id], [ambito_id]) VALUES (38, 4)
INSERT [dbo].[ambito_distrito] ([distrito_id], [ambito_id]) VALUES (39, 4)
INSERT [dbo].[ambito_distrito] ([distrito_id], [ambito_id]) VALUES (40, 4)
INSERT [dbo].[ambito_distrito] ([distrito_id], [ambito_id]) VALUES (41, 4)
INSERT [dbo].[ambito_distrito] ([distrito_id], [ambito_id]) VALUES (42, 4)
INSERT [dbo].[ambito_distrito] ([distrito_id], [ambito_id]) VALUES (43, 4)
INSERT [dbo].[ambito_distrito] ([distrito_id], [ambito_id]) VALUES (44, 4)
INSERT [dbo].[ambito_distrito] ([distrito_id], [ambito_id]) VALUES (45, 4)
INSERT [dbo].[ambito_distrito] ([distrito_id], [ambito_id]) VALUES (46, 4)
INSERT [dbo].[ambito_distrito] ([distrito_id], [ambito_id]) VALUES (47, 4)
INSERT [dbo].[ambito_distrito] ([distrito_id], [ambito_id]) VALUES (48, 4)
INSERT [dbo].[ambito_distrito] ([distrito_id], [ambito_id]) VALUES (49, 4)
INSERT [dbo].[ambito_distrito] ([distrito_id], [ambito_id]) VALUES (50, 4)
INSERT [dbo].[ambito_distrito] ([distrito_id], [ambito_id]) VALUES (51, 4)
INSERT [dbo].[ambito_distrito] ([distrito_id], [ambito_id]) VALUES (52, 4)
INSERT [dbo].[ambito_distrito] ([distrito_id], [ambito_id]) VALUES (53, 4)
INSERT [dbo].[ambito_distrito] ([distrito_id], [ambito_id]) VALUES (54, 4)
INSERT [dbo].[ambito_distrito] ([distrito_id], [ambito_id]) VALUES (55, 4)
INSERT [dbo].[ambito_distrito] ([distrito_id], [ambito_id]) VALUES (56, 4)
INSERT [dbo].[ambito_distrito] ([distrito_id], [ambito_id]) VALUES (57, 4)
INSERT [dbo].[ambito_distrito] ([distrito_id], [ambito_id]) VALUES (58, 4)
INSERT [dbo].[ambito_distrito] ([distrito_id], [ambito_id]) VALUES (59, 4)
INSERT [dbo].[ambito_distrito] ([distrito_id], [ambito_id]) VALUES (60, 4)
INSERT [dbo].[ambito_distrito] ([distrito_id], [ambito_id]) VALUES (61, 4)
INSERT [dbo].[ambito_distrito] ([distrito_id], [ambito_id]) VALUES (62, 4)
INSERT [dbo].[ambito_distrito] ([distrito_id], [ambito_id]) VALUES (63, 4)
INSERT [dbo].[ambito_distrito] ([distrito_id], [ambito_id]) VALUES (64, 4)
INSERT [dbo].[ambito_distrito] ([distrito_id], [ambito_id]) VALUES (65, 4)
INSERT [dbo].[ambito_distrito] ([distrito_id], [ambito_id]) VALUES (66, 4)
INSERT [dbo].[ambito_distrito] ([distrito_id], [ambito_id]) VALUES (67, 4)
INSERT [dbo].[ambito_distrito] ([distrito_id], [ambito_id]) VALUES (68, 4)
INSERT [dbo].[ambito_distrito] ([distrito_id], [ambito_id]) VALUES (69, 4)
INSERT [dbo].[ambito_distrito] ([distrito_id], [ambito_id]) VALUES (70, 4)
INSERT [dbo].[ambito_distrito] ([distrito_id], [ambito_id]) VALUES (71, 4)
INSERT [dbo].[ambito_distrito] ([distrito_id], [ambito_id]) VALUES (72, 4)
INSERT [dbo].[ambito_distrito] ([distrito_id], [ambito_id]) VALUES (73, 4)
INSERT [dbo].[ambito_distrito] ([distrito_id], [ambito_id]) VALUES (74, 4)
INSERT [dbo].[ambito_distrito] ([distrito_id], [ambito_id]) VALUES (75, 4)
INSERT [dbo].[ambito_distrito] ([distrito_id], [ambito_id]) VALUES (76, 4)
INSERT [dbo].[ambito_distrito] ([distrito_id], [ambito_id]) VALUES (77, 4)
INSERT [dbo].[ambito_distrito] ([distrito_id], [ambito_id]) VALUES (78, 4)
INSERT [dbo].[ambito_distrito] ([distrito_id], [ambito_id]) VALUES (79, 4)
INSERT [dbo].[ambito_distrito] ([distrito_id], [ambito_id]) VALUES (80, 4)
INSERT [dbo].[ambito_distrito] ([distrito_id], [ambito_id]) VALUES (81, 4)
INSERT [dbo].[ambito_distrito] ([distrito_id], [ambito_id]) VALUES (82, 4)
INSERT [dbo].[ambito_distrito] ([distrito_id], [ambito_id]) VALUES (83, 4)
INSERT [dbo].[ambito_distrito] ([distrito_id], [ambito_id]) VALUES (84, 4)
INSERT [dbo].[ambito_distrito] ([distrito_id], [ambito_id]) VALUES (85, 4)
INSERT [dbo].[ambito_distrito] ([distrito_id], [ambito_id]) VALUES (86, 4)
INSERT [dbo].[ambito_distrito] ([distrito_id], [ambito_id]) VALUES (87, 4)
INSERT [dbo].[ambito_distrito] ([distrito_id], [ambito_id]) VALUES (88, 4)
INSERT [dbo].[ambito_distrito] ([distrito_id], [ambito_id]) VALUES (89, 4)
INSERT [dbo].[ambito_distrito] ([distrito_id], [ambito_id]) VALUES (90, 4)
INSERT [dbo].[ambito_distrito] ([distrito_id], [ambito_id]) VALUES (91, 4)
INSERT [dbo].[ambito_distrito] ([distrito_id], [ambito_id]) VALUES (92, 4)
INSERT [dbo].[ambito_distrito] ([distrito_id], [ambito_id]) VALUES (93, 4)
INSERT [dbo].[ambito_distrito] ([distrito_id], [ambito_id]) VALUES (94, 4)
INSERT [dbo].[ambito_distrito] ([distrito_id], [ambito_id]) VALUES (95, 4)
INSERT [dbo].[ambito_distrito] ([distrito_id], [ambito_id]) VALUES (96, 4)
INSERT [dbo].[ambito_distrito] ([distrito_id], [ambito_id]) VALUES (97, 4)
INSERT [dbo].[ambito_distrito] ([distrito_id], [ambito_id]) VALUES (98, 4)
INSERT [dbo].[ambito_distrito] ([distrito_id], [ambito_id]) VALUES (99, 4)
INSERT [dbo].[ambito_distrito] ([distrito_id], [ambito_id]) VALUES (100, 4)
GO
INSERT [dbo].[ambito_distrito] ([distrito_id], [ambito_id]) VALUES (101, 4)
INSERT [dbo].[ambito_distrito] ([distrito_id], [ambito_id]) VALUES (102, 4)
INSERT [dbo].[ambito_distrito] ([distrito_id], [ambito_id]) VALUES (103, 4)
INSERT [dbo].[ambito_distrito] ([distrito_id], [ambito_id]) VALUES (104, 4)
INSERT [dbo].[ambito_distrito] ([distrito_id], [ambito_id]) VALUES (105, 4)
INSERT [dbo].[ambito_distrito] ([distrito_id], [ambito_id]) VALUES (106, 4)
INSERT [dbo].[ambito_distrito] ([distrito_id], [ambito_id]) VALUES (107, 4)
INSERT [dbo].[ambito_distrito] ([distrito_id], [ambito_id]) VALUES (108, 4)
INSERT [dbo].[ambito_distrito] ([distrito_id], [ambito_id]) VALUES (109, 4)
INSERT [dbo].[ambito_distrito] ([distrito_id], [ambito_id]) VALUES (110, 4)
INSERT [dbo].[ambito_distrito] ([distrito_id], [ambito_id]) VALUES (111, 4)
INSERT [dbo].[ambito_distrito] ([distrito_id], [ambito_id]) VALUES (112, 4)
INSERT [dbo].[ambito_distrito] ([distrito_id], [ambito_id]) VALUES (113, 4)
INSERT [dbo].[ambito_distrito] ([distrito_id], [ambito_id]) VALUES (114, 4)
INSERT [dbo].[ambito_distrito] ([distrito_id], [ambito_id]) VALUES (115, 4)
INSERT [dbo].[ambito_distrito] ([distrito_id], [ambito_id]) VALUES (116, 4)
INSERT [dbo].[ambito_distrito] ([distrito_id], [ambito_id]) VALUES (117, 4)
INSERT [dbo].[ambito_distrito] ([distrito_id], [ambito_id]) VALUES (118, 4)
INSERT [dbo].[ambito_distrito] ([distrito_id], [ambito_id]) VALUES (119, 4)
INSERT [dbo].[ambito_distrito] ([distrito_id], [ambito_id]) VALUES (120, 4)
INSERT [dbo].[ambito_distrito] ([distrito_id], [ambito_id]) VALUES (121, 4)
INSERT [dbo].[ambito_distrito] ([distrito_id], [ambito_id]) VALUES (122, 4)
INSERT [dbo].[ambito_distrito] ([distrito_id], [ambito_id]) VALUES (123, 4)
INSERT [dbo].[ambito_distrito] ([distrito_id], [ambito_id]) VALUES (124, 4)
INSERT [dbo].[ambito_distrito] ([distrito_id], [ambito_id]) VALUES (125, 4)
INSERT [dbo].[ambito_distrito] ([distrito_id], [ambito_id]) VALUES (126, 4)
INSERT [dbo].[ambito_distrito] ([distrito_id], [ambito_id]) VALUES (127, 4)
INSERT [dbo].[ambito_distrito] ([distrito_id], [ambito_id]) VALUES (128, 4)
INSERT [dbo].[ambito_distrito] ([distrito_id], [ambito_id]) VALUES (129, 4)
INSERT [dbo].[ambito_distrito] ([distrito_id], [ambito_id]) VALUES (130, 4)
INSERT [dbo].[ambito_distrito] ([distrito_id], [ambito_id]) VALUES (131, 4)
INSERT [dbo].[ambito_distrito] ([distrito_id], [ambito_id]) VALUES (132, 4)
INSERT [dbo].[ambito_distrito] ([distrito_id], [ambito_id]) VALUES (133, 4)
INSERT [dbo].[ambito_distrito] ([distrito_id], [ambito_id]) VALUES (134, 4)
INSERT [dbo].[ambito_distrito] ([distrito_id], [ambito_id]) VALUES (135, 4)
INSERT [dbo].[ambito_distrito] ([distrito_id], [ambito_id]) VALUES (136, 4)
INSERT [dbo].[ambito_distrito] ([distrito_id], [ambito_id]) VALUES (137, 4)
INSERT [dbo].[ambito_distrito] ([distrito_id], [ambito_id]) VALUES (138, 4)
INSERT [dbo].[ambito_distrito] ([distrito_id], [ambito_id]) VALUES (139, 4)
INSERT [dbo].[ambito_distrito] ([distrito_id], [ambito_id]) VALUES (140, 4)
INSERT [dbo].[ambito_distrito] ([distrito_id], [ambito_id]) VALUES (141, 4)
INSERT [dbo].[ambito_distrito] ([distrito_id], [ambito_id]) VALUES (142, 4)
INSERT [dbo].[ambito_distrito] ([distrito_id], [ambito_id]) VALUES (143, 4)
INSERT [dbo].[ambito_distrito] ([distrito_id], [ambito_id]) VALUES (144, 4)
INSERT [dbo].[ambito_distrito] ([distrito_id], [ambito_id]) VALUES (145, 4)
INSERT [dbo].[ambito_distrito] ([distrito_id], [ambito_id]) VALUES (146, 4)
INSERT [dbo].[ambito_distrito] ([distrito_id], [ambito_id]) VALUES (147, 4)
INSERT [dbo].[ambito_distrito] ([distrito_id], [ambito_id]) VALUES (148, 4)
INSERT [dbo].[ambito_distrito] ([distrito_id], [ambito_id]) VALUES (149, 4)
INSERT [dbo].[ambito_distrito] ([distrito_id], [ambito_id]) VALUES (150, 4)
INSERT [dbo].[ambito_distrito] ([distrito_id], [ambito_id]) VALUES (151, 4)
INSERT [dbo].[ambito_distrito] ([distrito_id], [ambito_id]) VALUES (152, 4)
INSERT [dbo].[ambito_distrito] ([distrito_id], [ambito_id]) VALUES (153, 4)
INSERT [dbo].[ambito_distrito] ([distrito_id], [ambito_id]) VALUES (154, 4)
INSERT [dbo].[ambito_distrito] ([distrito_id], [ambito_id]) VALUES (155, 4)
INSERT [dbo].[ambito_distrito] ([distrito_id], [ambito_id]) VALUES (156, 4)
INSERT [dbo].[ambito_distrito] ([distrito_id], [ambito_id]) VALUES (157, 4)
INSERT [dbo].[ambito_distrito] ([distrito_id], [ambito_id]) VALUES (158, 4)
INSERT [dbo].[ambito_distrito] ([distrito_id], [ambito_id]) VALUES (159, 4)
INSERT [dbo].[ambito_distrito] ([distrito_id], [ambito_id]) VALUES (160, 4)
INSERT [dbo].[ambito_distrito] ([distrito_id], [ambito_id]) VALUES (161, 4)
INSERT [dbo].[ambito_distrito] ([distrito_id], [ambito_id]) VALUES (162, 4)
INSERT [dbo].[ambito_distrito] ([distrito_id], [ambito_id]) VALUES (163, 4)
INSERT [dbo].[ambito_distrito] ([distrito_id], [ambito_id]) VALUES (164, 4)
INSERT [dbo].[ambito_distrito] ([distrito_id], [ambito_id]) VALUES (165, 4)
INSERT [dbo].[ambito_distrito] ([distrito_id], [ambito_id]) VALUES (166, 4)
INSERT [dbo].[ambito_distrito] ([distrito_id], [ambito_id]) VALUES (167, 4)
INSERT [dbo].[ambito_distrito] ([distrito_id], [ambito_id]) VALUES (168, 4)
INSERT [dbo].[ambito_distrito] ([distrito_id], [ambito_id]) VALUES (169, 4)
INSERT [dbo].[ambito_distrito] ([distrito_id], [ambito_id]) VALUES (170, 4)
INSERT [dbo].[ambito_distrito] ([distrito_id], [ambito_id]) VALUES (171, 4)
INSERT [dbo].[ambito_distrito] ([distrito_id], [ambito_id]) VALUES (172, 4)
INSERT [dbo].[ambito_distrito] ([distrito_id], [ambito_id]) VALUES (173, 4)
INSERT [dbo].[ambito_distrito] ([distrito_id], [ambito_id]) VALUES (174, 4)
INSERT [dbo].[ambito_distrito] ([distrito_id], [ambito_id]) VALUES (175, 4)
INSERT [dbo].[ambito_distrito] ([distrito_id], [ambito_id]) VALUES (176, 4)
INSERT [dbo].[ambito_distrito] ([distrito_id], [ambito_id]) VALUES (177, 4)
INSERT [dbo].[ambito_distrito] ([distrito_id], [ambito_id]) VALUES (178, 4)
INSERT [dbo].[ambito_distrito] ([distrito_id], [ambito_id]) VALUES (179, 4)
INSERT [dbo].[ambito_distrito] ([distrito_id], [ambito_id]) VALUES (180, 4)
INSERT [dbo].[ambito_distrito] ([distrito_id], [ambito_id]) VALUES (181, 4)
INSERT [dbo].[ambito_distrito] ([distrito_id], [ambito_id]) VALUES (182, 4)
INSERT [dbo].[ambito_distrito] ([distrito_id], [ambito_id]) VALUES (183, 4)
INSERT [dbo].[ambito_distrito] ([distrito_id], [ambito_id]) VALUES (184, 4)
INSERT [dbo].[ambito_distrito] ([distrito_id], [ambito_id]) VALUES (185, 4)
INSERT [dbo].[ambito_distrito] ([distrito_id], [ambito_id]) VALUES (186, 4)
INSERT [dbo].[ambito_distrito] ([distrito_id], [ambito_id]) VALUES (187, 4)
INSERT [dbo].[ambito_distrito] ([distrito_id], [ambito_id]) VALUES (188, 4)
INSERT [dbo].[ambito_distrito] ([distrito_id], [ambito_id]) VALUES (189, 4)
INSERT [dbo].[ambito_distrito] ([distrito_id], [ambito_id]) VALUES (190, 4)
INSERT [dbo].[ambito_distrito] ([distrito_id], [ambito_id]) VALUES (191, 4)
INSERT [dbo].[ambito_distrito] ([distrito_id], [ambito_id]) VALUES (192, 4)
INSERT [dbo].[ambito_distrito] ([distrito_id], [ambito_id]) VALUES (193, 4)
INSERT [dbo].[ambito_distrito] ([distrito_id], [ambito_id]) VALUES (194, 4)
INSERT [dbo].[ambito_distrito] ([distrito_id], [ambito_id]) VALUES (195, 4)
INSERT [dbo].[ambito_distrito] ([distrito_id], [ambito_id]) VALUES (196, 4)
INSERT [dbo].[ambito_distrito] ([distrito_id], [ambito_id]) VALUES (197, 4)
INSERT [dbo].[ambito_distrito] ([distrito_id], [ambito_id]) VALUES (198, 4)
INSERT [dbo].[ambito_distrito] ([distrito_id], [ambito_id]) VALUES (199, 4)
INSERT [dbo].[ambito_distrito] ([distrito_id], [ambito_id]) VALUES (200, 4)

INSERT [dbo].[ambito_distrito] ([distrito_id], [ambito_id]) VALUES (201, 4)
INSERT [dbo].[ambito_distrito] ([distrito_id], [ambito_id]) VALUES (202, 4)
INSERT [dbo].[ambito_distrito] ([distrito_id], [ambito_id]) VALUES (203, 4)
INSERT [dbo].[ambito_distrito] ([distrito_id], [ambito_id]) VALUES (204, 4)
INSERT [dbo].[ambito_distrito] ([distrito_id], [ambito_id]) VALUES (205, 4)
INSERT [dbo].[ambito_distrito] ([distrito_id], [ambito_id]) VALUES (206, 4)
INSERT [dbo].[ambito_distrito] ([distrito_id], [ambito_id]) VALUES (207, 4)
INSERT [dbo].[ambito_distrito] ([distrito_id], [ambito_id]) VALUES (208, 4)
INSERT [dbo].[ambito_distrito] ([distrito_id], [ambito_id]) VALUES (209, 4)
INSERT [dbo].[ambito_distrito] ([distrito_id], [ambito_id]) VALUES (210, 4)
INSERT [dbo].[ambito_distrito] ([distrito_id], [ambito_id]) VALUES (211, 4)
INSERT [dbo].[ambito_distrito] ([distrito_id], [ambito_id]) VALUES (212, 4)
INSERT [dbo].[ambito_distrito] ([distrito_id], [ambito_id]) VALUES (213, 4)
INSERT [dbo].[ambito_distrito] ([distrito_id], [ambito_id]) VALUES (214, 4)
INSERT [dbo].[ambito_distrito] ([distrito_id], [ambito_id]) VALUES (215, 4)
INSERT [dbo].[ambito_distrito] ([distrito_id], [ambito_id]) VALUES (216, 4)
INSERT [dbo].[ambito_distrito] ([distrito_id], [ambito_id]) VALUES (217, 4)
INSERT [dbo].[ambito_distrito] ([distrito_id], [ambito_id]) VALUES (218, 4)
INSERT [dbo].[ambito_distrito] ([distrito_id], [ambito_id]) VALUES (219, 4)
INSERT [dbo].[ambito_distrito] ([distrito_id], [ambito_id]) VALUES (220, 4)
INSERT [dbo].[ambito_distrito] ([distrito_id], [ambito_id]) VALUES (221, 4)
INSERT [dbo].[ambito_distrito] ([distrito_id], [ambito_id]) VALUES (222, 4)
INSERT [dbo].[ambito_distrito] ([distrito_id], [ambito_id]) VALUES (223, 4)
INSERT [dbo].[ambito_distrito] ([distrito_id], [ambito_id]) VALUES (224, 4)
INSERT [dbo].[ambito_distrito] ([distrito_id], [ambito_id]) VALUES (225, 4)
INSERT [dbo].[ambito_distrito] ([distrito_id], [ambito_id]) VALUES (226, 4)
INSERT [dbo].[ambito_distrito] ([distrito_id], [ambito_id]) VALUES (227, 4)
INSERT [dbo].[ambito_distrito] ([distrito_id], [ambito_id]) VALUES (228, 4)
INSERT [dbo].[ambito_distrito] ([distrito_id], [ambito_id]) VALUES (229, 4)
INSERT [dbo].[ambito_distrito] ([distrito_id], [ambito_id]) VALUES (230, 4)
INSERT [dbo].[ambito_distrito] ([distrito_id], [ambito_id]) VALUES (231, 4)
INSERT [dbo].[ambito_distrito] ([distrito_id], [ambito_id]) VALUES (232, 4)
INSERT [dbo].[ambito_distrito] ([distrito_id], [ambito_id]) VALUES (233, 4)
INSERT [dbo].[ambito_distrito] ([distrito_id], [ambito_id]) VALUES (234, 4)
INSERT [dbo].[ambito_distrito] ([distrito_id], [ambito_id]) VALUES (235, 4)
INSERT [dbo].[ambito_distrito] ([distrito_id], [ambito_id]) VALUES (236, 4)
INSERT [dbo].[ambito_distrito] ([distrito_id], [ambito_id]) VALUES (237, 4)
INSERT [dbo].[ambito_distrito] ([distrito_id], [ambito_id]) VALUES (238, 4)
INSERT [dbo].[ambito_distrito] ([distrito_id], [ambito_id]) VALUES (239, 4)
INSERT [dbo].[ambito_distrito] ([distrito_id], [ambito_id]) VALUES (240, 4)
INSERT [dbo].[ambito_distrito] ([distrito_id], [ambito_id]) VALUES (241, 4)
INSERT [dbo].[ambito_distrito] ([distrito_id], [ambito_id]) VALUES (242, 4)
INSERT [dbo].[ambito_distrito] ([distrito_id], [ambito_id]) VALUES (243, 4)
INSERT [dbo].[ambito_distrito] ([distrito_id], [ambito_id]) VALUES (244, 4)
INSERT [dbo].[ambito_distrito] ([distrito_id], [ambito_id]) VALUES (245, 4)
INSERT [dbo].[ambito_distrito] ([distrito_id], [ambito_id]) VALUES (246, 4)
INSERT [dbo].[ambito_distrito] ([distrito_id], [ambito_id]) VALUES (247, 4)
INSERT [dbo].[ambito_distrito] ([distrito_id], [ambito_id]) VALUES (248, 4)
INSERT [dbo].[ambito_distrito] ([distrito_id], [ambito_id]) VALUES (249, 4)
INSERT [dbo].[ambito_distrito] ([distrito_id], [ambito_id]) VALUES (250, 4)
INSERT [dbo].[ambito_distrito] ([distrito_id], [ambito_id]) VALUES (251, 4)
INSERT [dbo].[ambito_distrito] ([distrito_id], [ambito_id]) VALUES (252, 4)
INSERT [dbo].[ambito_distrito] ([distrito_id], [ambito_id]) VALUES (253, 4)
INSERT [dbo].[ambito_distrito] ([distrito_id], [ambito_id]) VALUES (254, 4)
INSERT [dbo].[ambito_distrito] ([distrito_id], [ambito_id]) VALUES (255, 4)
INSERT [dbo].[ambito_distrito] ([distrito_id], [ambito_id]) VALUES (256, 4)
INSERT [dbo].[ambito_distrito] ([distrito_id], [ambito_id]) VALUES (257, 4)
INSERT [dbo].[ambito_distrito] ([distrito_id], [ambito_id]) VALUES (258, 4)
INSERT [dbo].[ambito_distrito] ([distrito_id], [ambito_id]) VALUES (259, 4)
INSERT [dbo].[ambito_distrito] ([distrito_id], [ambito_id]) VALUES (260, 4)
INSERT [dbo].[ambito_distrito] ([distrito_id], [ambito_id]) VALUES (261, 4)
INSERT [dbo].[ambito_distrito] ([distrito_id], [ambito_id]) VALUES (262, 4)
INSERT [dbo].[ambito_distrito] ([distrito_id], [ambito_id]) VALUES (263, 4)
INSERT [dbo].[ambito_distrito] ([distrito_id], [ambito_id]) VALUES (264, 4)
INSERT [dbo].[ambito_distrito] ([distrito_id], [ambito_id]) VALUES (265, 4)
INSERT [dbo].[ambito_distrito] ([distrito_id], [ambito_id]) VALUES (266, 4)
INSERT [dbo].[ambito_distrito] ([distrito_id], [ambito_id]) VALUES (267, 4)
INSERT [dbo].[ambito_distrito] ([distrito_id], [ambito_id]) VALUES (268, 4)
INSERT [dbo].[ambito_distrito] ([distrito_id], [ambito_id]) VALUES (269, 4)
INSERT [dbo].[ambito_distrito] ([distrito_id], [ambito_id]) VALUES (270, 4)
INSERT [dbo].[ambito_distrito] ([distrito_id], [ambito_id]) VALUES (271, 4)
INSERT [dbo].[ambito_distrito] ([distrito_id], [ambito_id]) VALUES (272, 4)
INSERT [dbo].[ambito_distrito] ([distrito_id], [ambito_id]) VALUES (273, 4)
INSERT [dbo].[ambito_distrito] ([distrito_id], [ambito_id]) VALUES (274, 4)
INSERT [dbo].[ambito_distrito] ([distrito_id], [ambito_id]) VALUES (275, 4)
INSERT [dbo].[ambito_distrito] ([distrito_id], [ambito_id]) VALUES (276, 4)
INSERT [dbo].[ambito_distrito] ([distrito_id], [ambito_id]) VALUES (277, 4)
INSERT [dbo].[ambito_distrito] ([distrito_id], [ambito_id]) VALUES (278, 4)
INSERT [dbo].[ambito_distrito] ([distrito_id], [ambito_id]) VALUES (279, 4)
INSERT [dbo].[ambito_distrito] ([distrito_id], [ambito_id]) VALUES (280, 4)
INSERT [dbo].[ambito_distrito] ([distrito_id], [ambito_id]) VALUES (281, 4)
INSERT [dbo].[ambito_distrito] ([distrito_id], [ambito_id]) VALUES (282, 4)
INSERT [dbo].[ambito_distrito] ([distrito_id], [ambito_id]) VALUES (283, 4)
INSERT [dbo].[ambito_distrito] ([distrito_id], [ambito_id]) VALUES (284, 4)
INSERT [dbo].[ambito_distrito] ([distrito_id], [ambito_id]) VALUES (285, 4)
INSERT [dbo].[ambito_distrito] ([distrito_id], [ambito_id]) VALUES (286, 4)
INSERT [dbo].[ambito_distrito] ([distrito_id], [ambito_id]) VALUES (287, 4)
INSERT [dbo].[ambito_distrito] ([distrito_id], [ambito_id]) VALUES (288, 4)
INSERT [dbo].[ambito_distrito] ([distrito_id], [ambito_id]) VALUES (289, 4)
INSERT [dbo].[ambito_distrito] ([distrito_id], [ambito_id]) VALUES (290, 4)
INSERT [dbo].[ambito_distrito] ([distrito_id], [ambito_id]) VALUES (291, 4)
INSERT [dbo].[ambito_distrito] ([distrito_id], [ambito_id]) VALUES (292, 4)
INSERT [dbo].[ambito_distrito] ([distrito_id], [ambito_id]) VALUES (293, 4)
INSERT [dbo].[ambito_distrito] ([distrito_id], [ambito_id]) VALUES (294, 4)
INSERT [dbo].[ambito_distrito] ([distrito_id], [ambito_id]) VALUES (295, 4)
INSERT [dbo].[ambito_distrito] ([distrito_id], [ambito_id]) VALUES (296, 4)
INSERT [dbo].[ambito_distrito] ([distrito_id], [ambito_id]) VALUES (297, 4)
INSERT [dbo].[ambito_distrito] ([distrito_id], [ambito_id]) VALUES (298, 4)
INSERT [dbo].[ambito_distrito] ([distrito_id], [ambito_id]) VALUES (299, 4)
INSERT [dbo].[ambito_distrito] ([distrito_id], [ambito_id]) VALUES (300, 4)

INSERT [dbo].[ambito_distrito] ([distrito_id], [ambito_id]) VALUES (301, 4)
INSERT [dbo].[ambito_distrito] ([distrito_id], [ambito_id]) VALUES (302, 4)
INSERT [dbo].[ambito_distrito] ([distrito_id], [ambito_id]) VALUES (303, 4)
INSERT [dbo].[ambito_distrito] ([distrito_id], [ambito_id]) VALUES (304, 4)
INSERT [dbo].[ambito_distrito] ([distrito_id], [ambito_id]) VALUES (305, 4)
INSERT [dbo].[ambito_distrito] ([distrito_id], [ambito_id]) VALUES (306, 4)
INSERT [dbo].[ambito_distrito] ([distrito_id], [ambito_id]) VALUES (307, 4)
INSERT [dbo].[ambito_distrito] ([distrito_id], [ambito_id]) VALUES (308, 4)
INSERT [dbo].[ambito_distrito] ([distrito_id], [ambito_id]) VALUES (309, 4)
INSERT [dbo].[ambito_distrito] ([distrito_id], [ambito_id]) VALUES (310, 4)
INSERT [dbo].[ambito_distrito] ([distrito_id], [ambito_id]) VALUES (311, 4)
INSERT [dbo].[ambito_distrito] ([distrito_id], [ambito_id]) VALUES (312, 4)
INSERT [dbo].[ambito_distrito] ([distrito_id], [ambito_id]) VALUES (313, 4)
INSERT [dbo].[ambito_distrito] ([distrito_id], [ambito_id]) VALUES (314, 4)
INSERT [dbo].[ambito_distrito] ([distrito_id], [ambito_id]) VALUES (315, 4)
INSERT [dbo].[ambito_distrito] ([distrito_id], [ambito_id]) VALUES (316, 4)
INSERT [dbo].[ambito_distrito] ([distrito_id], [ambito_id]) VALUES (317, 4)
INSERT [dbo].[ambito_distrito] ([distrito_id], [ambito_id]) VALUES (318, 4)
INSERT [dbo].[ambito_distrito] ([distrito_id], [ambito_id]) VALUES (319, 4)
INSERT [dbo].[ambito_distrito] ([distrito_id], [ambito_id]) VALUES (320, 4)
INSERT [dbo].[ambito_distrito] ([distrito_id], [ambito_id]) VALUES (321, 4)
INSERT [dbo].[ambito_distrito] ([distrito_id], [ambito_id]) VALUES (322, 4)
INSERT [dbo].[ambito_distrito] ([distrito_id], [ambito_id]) VALUES (323, 4)
INSERT [dbo].[ambito_distrito] ([distrito_id], [ambito_id]) VALUES (324, 4)
INSERT [dbo].[ambito_distrito] ([distrito_id], [ambito_id]) VALUES (325, 4)
INSERT [dbo].[ambito_distrito] ([distrito_id], [ambito_id]) VALUES (326, 4)
INSERT [dbo].[ambito_distrito] ([distrito_id], [ambito_id]) VALUES (327, 4)
INSERT [dbo].[ambito_distrito] ([distrito_id], [ambito_id]) VALUES (328, 4)
INSERT [dbo].[ambito_distrito] ([distrito_id], [ambito_id]) VALUES (329, 4)
INSERT [dbo].[ambito_distrito] ([distrito_id], [ambito_id]) VALUES (330, 4)
INSERT [dbo].[ambito_distrito] ([distrito_id], [ambito_id]) VALUES (331, 4)
INSERT [dbo].[ambito_distrito] ([distrito_id], [ambito_id]) VALUES (332, 4)
INSERT [dbo].[ambito_distrito] ([distrito_id], [ambito_id]) VALUES (333, 4)
INSERT [dbo].[ambito_distrito] ([distrito_id], [ambito_id]) VALUES (334, 4)
INSERT [dbo].[ambito_distrito] ([distrito_id], [ambito_id]) VALUES (335, 4)
INSERT [dbo].[ambito_distrito] ([distrito_id], [ambito_id]) VALUES (336, 4)
INSERT [dbo].[ambito_distrito] ([distrito_id], [ambito_id]) VALUES (337, 4)
INSERT [dbo].[ambito_distrito] ([distrito_id], [ambito_id]) VALUES (338, 4)
INSERT [dbo].[ambito_distrito] ([distrito_id], [ambito_id]) VALUES (339, 4)
INSERT [dbo].[ambito_distrito] ([distrito_id], [ambito_id]) VALUES (340, 4)
INSERT [dbo].[ambito_distrito] ([distrito_id], [ambito_id]) VALUES (341, 4)
INSERT [dbo].[ambito_distrito] ([distrito_id], [ambito_id]) VALUES (342, 4)
INSERT [dbo].[ambito_distrito] ([distrito_id], [ambito_id]) VALUES (343, 4)
INSERT [dbo].[ambito_distrito] ([distrito_id], [ambito_id]) VALUES (344, 4)
INSERT [dbo].[ambito_distrito] ([distrito_id], [ambito_id]) VALUES (345, 4)
INSERT [dbo].[ambito_distrito] ([distrito_id], [ambito_id]) VALUES (346, 4)
INSERT [dbo].[ambito_distrito] ([distrito_id], [ambito_id]) VALUES (347, 4)
INSERT [dbo].[ambito_distrito] ([distrito_id], [ambito_id]) VALUES (348, 4)
INSERT [dbo].[ambito_distrito] ([distrito_id], [ambito_id]) VALUES (349, 4)
INSERT [dbo].[ambito_distrito] ([distrito_id], [ambito_id]) VALUES (350, 4)
INSERT [dbo].[ambito_distrito] ([distrito_id], [ambito_id]) VALUES (351, 4)
INSERT [dbo].[ambito_distrito] ([distrito_id], [ambito_id]) VALUES (352, 4)
INSERT [dbo].[ambito_distrito] ([distrito_id], [ambito_id]) VALUES (353, 4)
INSERT [dbo].[ambito_distrito] ([distrito_id], [ambito_id]) VALUES (354, 4)
INSERT [dbo].[ambito_distrito] ([distrito_id], [ambito_id]) VALUES (355, 4)
INSERT [dbo].[ambito_distrito] ([distrito_id], [ambito_id]) VALUES (356, 4)
INSERT [dbo].[ambito_distrito] ([distrito_id], [ambito_id]) VALUES (357, 4)
INSERT [dbo].[ambito_distrito] ([distrito_id], [ambito_id]) VALUES (358, 4)
INSERT [dbo].[ambito_distrito] ([distrito_id], [ambito_id]) VALUES (359, 4)
INSERT [dbo].[ambito_distrito] ([distrito_id], [ambito_id]) VALUES (360, 4)
INSERT [dbo].[ambito_distrito] ([distrito_id], [ambito_id]) VALUES (361, 4)
INSERT [dbo].[ambito_distrito] ([distrito_id], [ambito_id]) VALUES (362, 4)
INSERT [dbo].[ambito_distrito] ([distrito_id], [ambito_id]) VALUES (363, 4)
INSERT [dbo].[ambito_distrito] ([distrito_id], [ambito_id]) VALUES (364, 4)
INSERT [dbo].[ambito_distrito] ([distrito_id], [ambito_id]) VALUES (365, 4)
INSERT [dbo].[ambito_distrito] ([distrito_id], [ambito_id]) VALUES (366, 4)
INSERT [dbo].[ambito_distrito] ([distrito_id], [ambito_id]) VALUES (367, 4)
INSERT [dbo].[ambito_distrito] ([distrito_id], [ambito_id]) VALUES (368, 4)
INSERT [dbo].[ambito_distrito] ([distrito_id], [ambito_id]) VALUES (369, 4)
INSERT [dbo].[ambito_distrito] ([distrito_id], [ambito_id]) VALUES (370, 4)
INSERT [dbo].[ambito_distrito] ([distrito_id], [ambito_id]) VALUES (371, 4)
INSERT [dbo].[ambito_distrito] ([distrito_id], [ambito_id]) VALUES (372, 4)
INSERT [dbo].[ambito_distrito] ([distrito_id], [ambito_id]) VALUES (373, 4)
INSERT [dbo].[ambito_distrito] ([distrito_id], [ambito_id]) VALUES (374, 4)
INSERT [dbo].[ambito_distrito] ([distrito_id], [ambito_id]) VALUES (375, 4)
INSERT [dbo].[ambito_distrito] ([distrito_id], [ambito_id]) VALUES (376, 4)
INSERT [dbo].[ambito_distrito] ([distrito_id], [ambito_id]) VALUES (377, 4)
INSERT [dbo].[ambito_distrito] ([distrito_id], [ambito_id]) VALUES (378, 4)
INSERT [dbo].[ambito_distrito] ([distrito_id], [ambito_id]) VALUES (379, 4)
INSERT [dbo].[ambito_distrito] ([distrito_id], [ambito_id]) VALUES (380, 4)
INSERT [dbo].[ambito_distrito] ([distrito_id], [ambito_id]) VALUES (381, 4)
INSERT [dbo].[ambito_distrito] ([distrito_id], [ambito_id]) VALUES (382, 4)
INSERT [dbo].[ambito_distrito] ([distrito_id], [ambito_id]) VALUES (383, 4)
INSERT [dbo].[ambito_distrito] ([distrito_id], [ambito_id]) VALUES (384, 4)
INSERT [dbo].[ambito_distrito] ([distrito_id], [ambito_id]) VALUES (385, 4)
INSERT [dbo].[ambito_distrito] ([distrito_id], [ambito_id]) VALUES (386, 4)
INSERT [dbo].[ambito_distrito] ([distrito_id], [ambito_id]) VALUES (387, 4)
INSERT [dbo].[ambito_distrito] ([distrito_id], [ambito_id]) VALUES (388, 4)
INSERT [dbo].[ambito_distrito] ([distrito_id], [ambito_id]) VALUES (389, 4)
INSERT [dbo].[ambito_distrito] ([distrito_id], [ambito_id]) VALUES (390, 4)
INSERT [dbo].[ambito_distrito] ([distrito_id], [ambito_id]) VALUES (391, 4)
INSERT [dbo].[ambito_distrito] ([distrito_id], [ambito_id]) VALUES (392, 4)
INSERT [dbo].[ambito_distrito] ([distrito_id], [ambito_id]) VALUES (393, 4)
INSERT [dbo].[ambito_distrito] ([distrito_id], [ambito_id]) VALUES (394, 4)
INSERT [dbo].[ambito_distrito] ([distrito_id], [ambito_id]) VALUES (395, 4)
INSERT [dbo].[ambito_distrito] ([distrito_id], [ambito_id]) VALUES (396, 4)
INSERT [dbo].[ambito_distrito] ([distrito_id], [ambito_id]) VALUES (397, 4)
INSERT [dbo].[ambito_distrito] ([distrito_id], [ambito_id]) VALUES (398, 4)
INSERT [dbo].[ambito_distrito] ([distrito_id], [ambito_id]) VALUES (399, 4)
INSERT [dbo].[ambito_distrito] ([distrito_id], [ambito_id]) VALUES (400, 4)

INSERT [dbo].[ambito_distrito] ([distrito_id], [ambito_id]) VALUES (401, 4)
INSERT [dbo].[ambito_distrito] ([distrito_id], [ambito_id]) VALUES (402, 4)
INSERT [dbo].[ambito_distrito] ([distrito_id], [ambito_id]) VALUES (403, 4)
INSERT [dbo].[ambito_distrito] ([distrito_id], [ambito_id]) VALUES (404, 4)
INSERT [dbo].[ambito_distrito] ([distrito_id], [ambito_id]) VALUES (405, 4)
INSERT [dbo].[ambito_distrito] ([distrito_id], [ambito_id]) VALUES (406, 4)
INSERT [dbo].[ambito_distrito] ([distrito_id], [ambito_id]) VALUES (407, 4)
INSERT [dbo].[ambito_distrito] ([distrito_id], [ambito_id]) VALUES (408, 4)
INSERT [dbo].[ambito_distrito] ([distrito_id], [ambito_id]) VALUES (409, 4)
INSERT [dbo].[ambito_distrito] ([distrito_id], [ambito_id]) VALUES (410, 4)
INSERT [dbo].[ambito_distrito] ([distrito_id], [ambito_id]) VALUES (411, 4)
INSERT [dbo].[ambito_distrito] ([distrito_id], [ambito_id]) VALUES (412, 4)
INSERT [dbo].[ambito_distrito] ([distrito_id], [ambito_id]) VALUES (413, 4)
INSERT [dbo].[ambito_distrito] ([distrito_id], [ambito_id]) VALUES (414, 4)
INSERT [dbo].[ambito_distrito] ([distrito_id], [ambito_id]) VALUES (415, 4)
INSERT [dbo].[ambito_distrito] ([distrito_id], [ambito_id]) VALUES (416, 4)
INSERT [dbo].[ambito_distrito] ([distrito_id], [ambito_id]) VALUES (417, 4)
INSERT [dbo].[ambito_distrito] ([distrito_id], [ambito_id]) VALUES (418, 4)
INSERT [dbo].[ambito_distrito] ([distrito_id], [ambito_id]) VALUES (419, 4)
INSERT [dbo].[ambito_distrito] ([distrito_id], [ambito_id]) VALUES (420, 4)
INSERT [dbo].[ambito_distrito] ([distrito_id], [ambito_id]) VALUES (421, 4)
INSERT [dbo].[ambito_distrito] ([distrito_id], [ambito_id]) VALUES (422, 4)
INSERT [dbo].[ambito_distrito] ([distrito_id], [ambito_id]) VALUES (423, 4)
INSERT [dbo].[ambito_distrito] ([distrito_id], [ambito_id]) VALUES (424, 4)
INSERT [dbo].[ambito_distrito] ([distrito_id], [ambito_id]) VALUES (425, 4)
INSERT [dbo].[ambito_distrito] ([distrito_id], [ambito_id]) VALUES (426, 4)
INSERT [dbo].[ambito_distrito] ([distrito_id], [ambito_id]) VALUES (427, 4)
INSERT [dbo].[ambito_distrito] ([distrito_id], [ambito_id]) VALUES (428, 4)
INSERT [dbo].[ambito_distrito] ([distrito_id], [ambito_id]) VALUES (429, 4)
INSERT [dbo].[ambito_distrito] ([distrito_id], [ambito_id]) VALUES (430, 4)
INSERT [dbo].[ambito_distrito] ([distrito_id], [ambito_id]) VALUES (431, 4)
INSERT [dbo].[ambito_distrito] ([distrito_id], [ambito_id]) VALUES (432, 4)
INSERT [dbo].[ambito_distrito] ([distrito_id], [ambito_id]) VALUES (433, 4)
INSERT [dbo].[ambito_distrito] ([distrito_id], [ambito_id]) VALUES (434, 4)
INSERT [dbo].[ambito_distrito] ([distrito_id], [ambito_id]) VALUES (435, 4)
INSERT [dbo].[ambito_distrito] ([distrito_id], [ambito_id]) VALUES (436, 4)
INSERT [dbo].[ambito_distrito] ([distrito_id], [ambito_id]) VALUES (437, 4)
INSERT [dbo].[ambito_distrito] ([distrito_id], [ambito_id]) VALUES (438, 4)
INSERT [dbo].[ambito_distrito] ([distrito_id], [ambito_id]) VALUES (439, 4)
INSERT [dbo].[ambito_distrito] ([distrito_id], [ambito_id]) VALUES (440, 4)
INSERT [dbo].[ambito_distrito] ([distrito_id], [ambito_id]) VALUES (441, 4)
INSERT [dbo].[ambito_distrito] ([distrito_id], [ambito_id]) VALUES (442, 4)
INSERT [dbo].[ambito_distrito] ([distrito_id], [ambito_id]) VALUES (443, 4)
INSERT [dbo].[ambito_distrito] ([distrito_id], [ambito_id]) VALUES (444, 4)
INSERT [dbo].[ambito_distrito] ([distrito_id], [ambito_id]) VALUES (445, 4)
INSERT [dbo].[ambito_distrito] ([distrito_id], [ambito_id]) VALUES (446, 4)
INSERT [dbo].[ambito_distrito] ([distrito_id], [ambito_id]) VALUES (447, 4)
INSERT [dbo].[ambito_distrito] ([distrito_id], [ambito_id]) VALUES (448, 4)
INSERT [dbo].[ambito_distrito] ([distrito_id], [ambito_id]) VALUES (449, 4)
INSERT [dbo].[ambito_distrito] ([distrito_id], [ambito_id]) VALUES (450, 4)
INSERT [dbo].[ambito_distrito] ([distrito_id], [ambito_id]) VALUES (451, 4)
INSERT [dbo].[ambito_distrito] ([distrito_id], [ambito_id]) VALUES (452, 4)
INSERT [dbo].[ambito_distrito] ([distrito_id], [ambito_id]) VALUES (453, 4)
INSERT [dbo].[ambito_distrito] ([distrito_id], [ambito_id]) VALUES (454, 4)
INSERT [dbo].[ambito_distrito] ([distrito_id], [ambito_id]) VALUES (455, 4)
INSERT [dbo].[ambito_distrito] ([distrito_id], [ambito_id]) VALUES (456, 4)
INSERT [dbo].[ambito_distrito] ([distrito_id], [ambito_id]) VALUES (457, 4)
INSERT [dbo].[ambito_distrito] ([distrito_id], [ambito_id]) VALUES (458, 4)
INSERT [dbo].[ambito_distrito] ([distrito_id], [ambito_id]) VALUES (459, 4)
INSERT [dbo].[ambito_distrito] ([distrito_id], [ambito_id]) VALUES (460, 4)
INSERT [dbo].[ambito_distrito] ([distrito_id], [ambito_id]) VALUES (461, 4)
INSERT [dbo].[ambito_distrito] ([distrito_id], [ambito_id]) VALUES (462, 4)
INSERT [dbo].[ambito_distrito] ([distrito_id], [ambito_id]) VALUES (463, 4)
INSERT [dbo].[ambito_distrito] ([distrito_id], [ambito_id]) VALUES (464, 4)
INSERT [dbo].[ambito_distrito] ([distrito_id], [ambito_id]) VALUES (465, 4)
INSERT [dbo].[ambito_distrito] ([distrito_id], [ambito_id]) VALUES (466, 4)
INSERT [dbo].[ambito_distrito] ([distrito_id], [ambito_id]) VALUES (467, 4)
INSERT [dbo].[ambito_distrito] ([distrito_id], [ambito_id]) VALUES (468, 4)
INSERT [dbo].[ambito_distrito] ([distrito_id], [ambito_id]) VALUES (469, 4)
INSERT [dbo].[ambito_distrito] ([distrito_id], [ambito_id]) VALUES (470, 4)
INSERT [dbo].[ambito_distrito] ([distrito_id], [ambito_id]) VALUES (471, 4)
INSERT [dbo].[ambito_distrito] ([distrito_id], [ambito_id]) VALUES (472, 4)
INSERT [dbo].[ambito_distrito] ([distrito_id], [ambito_id]) VALUES (473, 4)
INSERT [dbo].[ambito_distrito] ([distrito_id], [ambito_id]) VALUES (474, 4)
INSERT [dbo].[ambito_distrito] ([distrito_id], [ambito_id]) VALUES (475, 4)
INSERT [dbo].[ambito_distrito] ([distrito_id], [ambito_id]) VALUES (476, 4)
INSERT [dbo].[ambito_distrito] ([distrito_id], [ambito_id]) VALUES (477, 4)
INSERT [dbo].[ambito_distrito] ([distrito_id], [ambito_id]) VALUES (478, 4)
INSERT [dbo].[ambito_distrito] ([distrito_id], [ambito_id]) VALUES (479, 4)
INSERT [dbo].[ambito_distrito] ([distrito_id], [ambito_id]) VALUES (480, 4)
INSERT [dbo].[ambito_distrito] ([distrito_id], [ambito_id]) VALUES (481, 4)
INSERT [dbo].[ambito_distrito] ([distrito_id], [ambito_id]) VALUES (482, 4)
INSERT [dbo].[ambito_distrito] ([distrito_id], [ambito_id]) VALUES (483, 4)
INSERT [dbo].[ambito_distrito] ([distrito_id], [ambito_id]) VALUES (484, 4)
INSERT [dbo].[ambito_distrito] ([distrito_id], [ambito_id]) VALUES (485, 4)
INSERT [dbo].[ambito_distrito] ([distrito_id], [ambito_id]) VALUES (486, 4)
INSERT [dbo].[ambito_distrito] ([distrito_id], [ambito_id]) VALUES (487, 4)
INSERT [dbo].[ambito_distrito] ([distrito_id], [ambito_id]) VALUES (488, 4)
INSERT [dbo].[ambito_distrito] ([distrito_id], [ambito_id]) VALUES (489, 4)
INSERT [dbo].[ambito_distrito] ([distrito_id], [ambito_id]) VALUES (490, 4)
INSERT [dbo].[ambito_distrito] ([distrito_id], [ambito_id]) VALUES (491, 4)
INSERT [dbo].[ambito_distrito] ([distrito_id], [ambito_id]) VALUES (492, 4)
INSERT [dbo].[ambito_distrito] ([distrito_id], [ambito_id]) VALUES (493, 4)
INSERT [dbo].[ambito_distrito] ([distrito_id], [ambito_id]) VALUES (494, 4)
INSERT [dbo].[ambito_distrito] ([distrito_id], [ambito_id]) VALUES (495, 4)
INSERT [dbo].[ambito_distrito] ([distrito_id], [ambito_id]) VALUES (496, 4)
INSERT [dbo].[ambito_distrito] ([distrito_id], [ambito_id]) VALUES (497, 4)
INSERT [dbo].[ambito_distrito] ([distrito_id], [ambito_id]) VALUES (498, 4)
INSERT [dbo].[ambito_distrito] ([distrito_id], [ambito_id]) VALUES (499, 4)
INSERT [dbo].[ambito_distrito] ([distrito_id], [ambito_id]) VALUES (500, 4)

INSERT [dbo].[ambito_distrito] ([distrito_id], [ambito_id]) VALUES (501, 4)
INSERT [dbo].[ambito_distrito] ([distrito_id], [ambito_id]) VALUES (502, 4)
INSERT [dbo].[ambito_distrito] ([distrito_id], [ambito_id]) VALUES (503, 4)
INSERT [dbo].[ambito_distrito] ([distrito_id], [ambito_id]) VALUES (504, 4)
INSERT [dbo].[ambito_distrito] ([distrito_id], [ambito_id]) VALUES (505, 4)
INSERT [dbo].[ambito_distrito] ([distrito_id], [ambito_id]) VALUES (506, 4)
INSERT [dbo].[ambito_distrito] ([distrito_id], [ambito_id]) VALUES (507, 4)
INSERT [dbo].[ambito_distrito] ([distrito_id], [ambito_id]) VALUES (508, 4)
INSERT [dbo].[ambito_distrito] ([distrito_id], [ambito_id]) VALUES (509, 4)
INSERT [dbo].[ambito_distrito] ([distrito_id], [ambito_id]) VALUES (510, 4)
INSERT [dbo].[ambito_distrito] ([distrito_id], [ambito_id]) VALUES (511, 4)
INSERT [dbo].[ambito_distrito] ([distrito_id], [ambito_id]) VALUES (512, 4)
INSERT [dbo].[ambito_distrito] ([distrito_id], [ambito_id]) VALUES (513, 4)
INSERT [dbo].[ambito_distrito] ([distrito_id], [ambito_id]) VALUES (514, 4)
INSERT [dbo].[ambito_distrito] ([distrito_id], [ambito_id]) VALUES (515, 4)
INSERT [dbo].[ambito_distrito] ([distrito_id], [ambito_id]) VALUES (516, 4)
INSERT [dbo].[ambito_distrito] ([distrito_id], [ambito_id]) VALUES (517, 4)
INSERT [dbo].[ambito_distrito] ([distrito_id], [ambito_id]) VALUES (518, 4)
INSERT [dbo].[ambito_distrito] ([distrito_id], [ambito_id]) VALUES (519, 4)
INSERT [dbo].[ambito_distrito] ([distrito_id], [ambito_id]) VALUES (520, 4)
INSERT [dbo].[ambito_distrito] ([distrito_id], [ambito_id]) VALUES (521, 4)
INSERT [dbo].[ambito_distrito] ([distrito_id], [ambito_id]) VALUES (522, 4)
INSERT [dbo].[ambito_distrito] ([distrito_id], [ambito_id]) VALUES (523, 4)
INSERT [dbo].[ambito_distrito] ([distrito_id], [ambito_id]) VALUES (524, 4)
INSERT [dbo].[ambito_distrito] ([distrito_id], [ambito_id]) VALUES (525, 4)
INSERT [dbo].[ambito_distrito] ([distrito_id], [ambito_id]) VALUES (526, 4)
INSERT [dbo].[ambito_distrito] ([distrito_id], [ambito_id]) VALUES (527, 4)
INSERT [dbo].[ambito_distrito] ([distrito_id], [ambito_id]) VALUES (528, 4)
INSERT [dbo].[ambito_distrito] ([distrito_id], [ambito_id]) VALUES (529, 4)
INSERT [dbo].[ambito_distrito] ([distrito_id], [ambito_id]) VALUES (530, 4)
INSERT [dbo].[ambito_distrito] ([distrito_id], [ambito_id]) VALUES (531, 4)
INSERT [dbo].[ambito_distrito] ([distrito_id], [ambito_id]) VALUES (532, 4)
INSERT [dbo].[ambito_distrito] ([distrito_id], [ambito_id]) VALUES (533, 4)
INSERT [dbo].[ambito_distrito] ([distrito_id], [ambito_id]) VALUES (534, 4)
INSERT [dbo].[ambito_distrito] ([distrito_id], [ambito_id]) VALUES (535, 4)
INSERT [dbo].[ambito_distrito] ([distrito_id], [ambito_id]) VALUES (536, 4)
INSERT [dbo].[ambito_distrito] ([distrito_id], [ambito_id]) VALUES (537, 4)
INSERT [dbo].[ambito_distrito] ([distrito_id], [ambito_id]) VALUES (538, 4)
INSERT [dbo].[ambito_distrito] ([distrito_id], [ambito_id]) VALUES (539, 4)
INSERT [dbo].[ambito_distrito] ([distrito_id], [ambito_id]) VALUES (540, 4)
INSERT [dbo].[ambito_distrito] ([distrito_id], [ambito_id]) VALUES (541, 4)
INSERT [dbo].[ambito_distrito] ([distrito_id], [ambito_id]) VALUES (542, 4)
INSERT [dbo].[ambito_distrito] ([distrito_id], [ambito_id]) VALUES (543, 4)
INSERT [dbo].[ambito_distrito] ([distrito_id], [ambito_id]) VALUES (544, 4)
INSERT [dbo].[ambito_distrito] ([distrito_id], [ambito_id]) VALUES (545, 4)
INSERT [dbo].[ambito_distrito] ([distrito_id], [ambito_id]) VALUES (546, 4)
INSERT [dbo].[ambito_distrito] ([distrito_id], [ambito_id]) VALUES (547, 4)
INSERT [dbo].[ambito_distrito] ([distrito_id], [ambito_id]) VALUES (548, 4)
INSERT [dbo].[ambito_distrito] ([distrito_id], [ambito_id]) VALUES (549, 4)
INSERT [dbo].[ambito_distrito] ([distrito_id], [ambito_id]) VALUES (550, 4)
INSERT [dbo].[ambito_distrito] ([distrito_id], [ambito_id]) VALUES (551, 4)
INSERT [dbo].[ambito_distrito] ([distrito_id], [ambito_id]) VALUES (552, 4)
INSERT [dbo].[ambito_distrito] ([distrito_id], [ambito_id]) VALUES (553, 4)
INSERT [dbo].[ambito_distrito] ([distrito_id], [ambito_id]) VALUES (554, 4)
INSERT [dbo].[ambito_distrito] ([distrito_id], [ambito_id]) VALUES (555, 4)
INSERT [dbo].[ambito_distrito] ([distrito_id], [ambito_id]) VALUES (556, 4)
INSERT [dbo].[ambito_distrito] ([distrito_id], [ambito_id]) VALUES (557, 4)
INSERT [dbo].[ambito_distrito] ([distrito_id], [ambito_id]) VALUES (558, 4)
INSERT [dbo].[ambito_distrito] ([distrito_id], [ambito_id]) VALUES (559, 4)
INSERT [dbo].[ambito_distrito] ([distrito_id], [ambito_id]) VALUES (560, 4)
INSERT [dbo].[ambito_distrito] ([distrito_id], [ambito_id]) VALUES (561, 4)
INSERT [dbo].[ambito_distrito] ([distrito_id], [ambito_id]) VALUES (562, 4)
INSERT [dbo].[ambito_distrito] ([distrito_id], [ambito_id]) VALUES (563, 4)
INSERT [dbo].[ambito_distrito] ([distrito_id], [ambito_id]) VALUES (564, 4)
INSERT [dbo].[ambito_distrito] ([distrito_id], [ambito_id]) VALUES (565, 4)
INSERT [dbo].[ambito_distrito] ([distrito_id], [ambito_id]) VALUES (566, 4)
INSERT [dbo].[ambito_distrito] ([distrito_id], [ambito_id]) VALUES (567, 4)
INSERT [dbo].[ambito_distrito] ([distrito_id], [ambito_id]) VALUES (568, 4)
INSERT [dbo].[ambito_distrito] ([distrito_id], [ambito_id]) VALUES (569, 4)
INSERT [dbo].[ambito_distrito] ([distrito_id], [ambito_id]) VALUES (570, 4)
INSERT [dbo].[ambito_distrito] ([distrito_id], [ambito_id]) VALUES (571, 4)
INSERT [dbo].[ambito_distrito] ([distrito_id], [ambito_id]) VALUES (572, 4)
INSERT [dbo].[ambito_distrito] ([distrito_id], [ambito_id]) VALUES (573, 4)
INSERT [dbo].[ambito_distrito] ([distrito_id], [ambito_id]) VALUES (574, 4)
INSERT [dbo].[ambito_distrito] ([distrito_id], [ambito_id]) VALUES (575, 4)
INSERT [dbo].[ambito_distrito] ([distrito_id], [ambito_id]) VALUES (576, 4)
INSERT [dbo].[ambito_distrito] ([distrito_id], [ambito_id]) VALUES (577, 4)
INSERT [dbo].[ambito_distrito] ([distrito_id], [ambito_id]) VALUES (578, 4)
INSERT [dbo].[ambito_distrito] ([distrito_id], [ambito_id]) VALUES (579, 4)
INSERT [dbo].[ambito_distrito] ([distrito_id], [ambito_id]) VALUES (580, 4)
INSERT [dbo].[ambito_distrito] ([distrito_id], [ambito_id]) VALUES (581, 4)
INSERT [dbo].[ambito_distrito] ([distrito_id], [ambito_id]) VALUES (582, 4)
INSERT [dbo].[ambito_distrito] ([distrito_id], [ambito_id]) VALUES (583, 4)
INSERT [dbo].[ambito_distrito] ([distrito_id], [ambito_id]) VALUES (584, 4)
INSERT [dbo].[ambito_distrito] ([distrito_id], [ambito_id]) VALUES (585, 4)
INSERT [dbo].[ambito_distrito] ([distrito_id], [ambito_id]) VALUES (586, 4)
INSERT [dbo].[ambito_distrito] ([distrito_id], [ambito_id]) VALUES (587, 4)
INSERT [dbo].[ambito_distrito] ([distrito_id], [ambito_id]) VALUES (588, 4)
INSERT [dbo].[ambito_distrito] ([distrito_id], [ambito_id]) VALUES (589, 4)
INSERT [dbo].[ambito_distrito] ([distrito_id], [ambito_id]) VALUES (590, 4)
INSERT [dbo].[ambito_distrito] ([distrito_id], [ambito_id]) VALUES (591, 4)
INSERT [dbo].[ambito_distrito] ([distrito_id], [ambito_id]) VALUES (592, 4)
INSERT [dbo].[ambito_distrito] ([distrito_id], [ambito_id]) VALUES (593, 4)
INSERT [dbo].[ambito_distrito] ([distrito_id], [ambito_id]) VALUES (594, 4)
INSERT [dbo].[ambito_distrito] ([distrito_id], [ambito_id]) VALUES (595, 4)
INSERT [dbo].[ambito_distrito] ([distrito_id], [ambito_id]) VALUES (596, 4)
INSERT [dbo].[ambito_distrito] ([distrito_id], [ambito_id]) VALUES (597, 4)
INSERT [dbo].[ambito_distrito] ([distrito_id], [ambito_id]) VALUES (598, 4)
INSERT [dbo].[ambito_distrito] ([distrito_id], [ambito_id]) VALUES (599, 4)
INSERT [dbo].[ambito_distrito] ([distrito_id], [ambito_id]) VALUES (600, 4)

INSERT [dbo].[ambito_distrito] ([distrito_id], [ambito_id]) VALUES (601, 4)
INSERT [dbo].[ambito_distrito] ([distrito_id], [ambito_id]) VALUES (602, 4)
INSERT [dbo].[ambito_distrito] ([distrito_id], [ambito_id]) VALUES (603, 4)
INSERT [dbo].[ambito_distrito] ([distrito_id], [ambito_id]) VALUES (604, 4)
INSERT [dbo].[ambito_distrito] ([distrito_id], [ambito_id]) VALUES (605, 4)
INSERT [dbo].[ambito_distrito] ([distrito_id], [ambito_id]) VALUES (606, 4)
INSERT [dbo].[ambito_distrito] ([distrito_id], [ambito_id]) VALUES (607, 4)
INSERT [dbo].[ambito_distrito] ([distrito_id], [ambito_id]) VALUES (608, 4)
INSERT [dbo].[ambito_distrito] ([distrito_id], [ambito_id]) VALUES (609, 4)
INSERT [dbo].[ambito_distrito] ([distrito_id], [ambito_id]) VALUES (610, 4)
INSERT [dbo].[ambito_distrito] ([distrito_id], [ambito_id]) VALUES (611, 4)
INSERT [dbo].[ambito_distrito] ([distrito_id], [ambito_id]) VALUES (612, 4)
INSERT [dbo].[ambito_distrito] ([distrito_id], [ambito_id]) VALUES (613, 4)
INSERT [dbo].[ambito_distrito] ([distrito_id], [ambito_id]) VALUES (614, 4)
INSERT [dbo].[ambito_distrito] ([distrito_id], [ambito_id]) VALUES (615, 4)
INSERT [dbo].[ambito_distrito] ([distrito_id], [ambito_id]) VALUES (616, 4)
INSERT [dbo].[ambito_distrito] ([distrito_id], [ambito_id]) VALUES (617, 4)
INSERT [dbo].[ambito_distrito] ([distrito_id], [ambito_id]) VALUES (618, 4)
INSERT [dbo].[ambito_distrito] ([distrito_id], [ambito_id]) VALUES (619, 4)
INSERT [dbo].[ambito_distrito] ([distrito_id], [ambito_id]) VALUES (620, 4)
INSERT [dbo].[ambito_distrito] ([distrito_id], [ambito_id]) VALUES (621, 4)
INSERT [dbo].[ambito_distrito] ([distrito_id], [ambito_id]) VALUES (622, 4)
INSERT [dbo].[ambito_distrito] ([distrito_id], [ambito_id]) VALUES (623, 4)
INSERT [dbo].[ambito_distrito] ([distrito_id], [ambito_id]) VALUES (624, 4)
INSERT [dbo].[ambito_distrito] ([distrito_id], [ambito_id]) VALUES (625, 4)
INSERT [dbo].[ambito_distrito] ([distrito_id], [ambito_id]) VALUES (626, 4)
INSERT [dbo].[ambito_distrito] ([distrito_id], [ambito_id]) VALUES (627, 4)
INSERT [dbo].[ambito_distrito] ([distrito_id], [ambito_id]) VALUES (628, 4)
INSERT [dbo].[ambito_distrito] ([distrito_id], [ambito_id]) VALUES (629, 4)
INSERT [dbo].[ambito_distrito] ([distrito_id], [ambito_id]) VALUES (630, 4)
INSERT [dbo].[ambito_distrito] ([distrito_id], [ambito_id]) VALUES (631, 4)
INSERT [dbo].[ambito_distrito] ([distrito_id], [ambito_id]) VALUES (632, 4)
INSERT [dbo].[ambito_distrito] ([distrito_id], [ambito_id]) VALUES (633, 4)
INSERT [dbo].[ambito_distrito] ([distrito_id], [ambito_id]) VALUES (634, 4)
INSERT [dbo].[ambito_distrito] ([distrito_id], [ambito_id]) VALUES (635, 4)
INSERT [dbo].[ambito_distrito] ([distrito_id], [ambito_id]) VALUES (636, 4)
INSERT [dbo].[ambito_distrito] ([distrito_id], [ambito_id]) VALUES (637, 4)
INSERT [dbo].[ambito_distrito] ([distrito_id], [ambito_id]) VALUES (638, 4)
INSERT [dbo].[ambito_distrito] ([distrito_id], [ambito_id]) VALUES (639, 4)
INSERT [dbo].[ambito_distrito] ([distrito_id], [ambito_id]) VALUES (640, 4)
INSERT [dbo].[ambito_distrito] ([distrito_id], [ambito_id]) VALUES (641, 4)
INSERT [dbo].[ambito_distrito] ([distrito_id], [ambito_id]) VALUES (642, 4)
INSERT [dbo].[ambito_distrito] ([distrito_id], [ambito_id]) VALUES (643, 4)
INSERT [dbo].[ambito_distrito] ([distrito_id], [ambito_id]) VALUES (644, 4)
INSERT [dbo].[ambito_distrito] ([distrito_id], [ambito_id]) VALUES (645, 4)
INSERT [dbo].[ambito_distrito] ([distrito_id], [ambito_id]) VALUES (646, 4)
INSERT [dbo].[ambito_distrito] ([distrito_id], [ambito_id]) VALUES (647, 4)
INSERT [dbo].[ambito_distrito] ([distrito_id], [ambito_id]) VALUES (648, 4)
INSERT [dbo].[ambito_distrito] ([distrito_id], [ambito_id]) VALUES (649, 4)
INSERT [dbo].[ambito_distrito] ([distrito_id], [ambito_id]) VALUES (650, 4)
INSERT [dbo].[ambito_distrito] ([distrito_id], [ambito_id]) VALUES (651, 4)
INSERT [dbo].[ambito_distrito] ([distrito_id], [ambito_id]) VALUES (652, 4)
INSERT [dbo].[ambito_distrito] ([distrito_id], [ambito_id]) VALUES (653, 4)
INSERT [dbo].[ambito_distrito] ([distrito_id], [ambito_id]) VALUES (654, 4)
INSERT [dbo].[ambito_distrito] ([distrito_id], [ambito_id]) VALUES (655, 4)
INSERT [dbo].[ambito_distrito] ([distrito_id], [ambito_id]) VALUES (656, 4)
INSERT [dbo].[ambito_distrito] ([distrito_id], [ambito_id]) VALUES (657, 4)
INSERT [dbo].[ambito_distrito] ([distrito_id], [ambito_id]) VALUES (658, 4)
INSERT [dbo].[ambito_distrito] ([distrito_id], [ambito_id]) VALUES (659, 4)
INSERT [dbo].[ambito_distrito] ([distrito_id], [ambito_id]) VALUES (660, 4)
INSERT [dbo].[ambito_distrito] ([distrito_id], [ambito_id]) VALUES (661, 4)
INSERT [dbo].[ambito_distrito] ([distrito_id], [ambito_id]) VALUES (662, 4)
INSERT [dbo].[ambito_distrito] ([distrito_id], [ambito_id]) VALUES (663, 4)
INSERT [dbo].[ambito_distrito] ([distrito_id], [ambito_id]) VALUES (664, 4)
INSERT [dbo].[ambito_distrito] ([distrito_id], [ambito_id]) VALUES (665, 4)
INSERT [dbo].[ambito_distrito] ([distrito_id], [ambito_id]) VALUES (666, 4)
INSERT [dbo].[ambito_distrito] ([distrito_id], [ambito_id]) VALUES (667, 4)
INSERT [dbo].[ambito_distrito] ([distrito_id], [ambito_id]) VALUES (668, 4)
INSERT [dbo].[ambito_distrito] ([distrito_id], [ambito_id]) VALUES (669, 4)
INSERT [dbo].[ambito_distrito] ([distrito_id], [ambito_id]) VALUES (670, 4)
INSERT [dbo].[ambito_distrito] ([distrito_id], [ambito_id]) VALUES (671, 4)
INSERT [dbo].[ambito_distrito] ([distrito_id], [ambito_id]) VALUES (672, 4)
INSERT [dbo].[ambito_distrito] ([distrito_id], [ambito_id]) VALUES (673, 4)
INSERT [dbo].[ambito_distrito] ([distrito_id], [ambito_id]) VALUES (674, 4)
INSERT [dbo].[ambito_distrito] ([distrito_id], [ambito_id]) VALUES (675, 4)
INSERT [dbo].[ambito_distrito] ([distrito_id], [ambito_id]) VALUES (676, 4)
INSERT [dbo].[ambito_distrito] ([distrito_id], [ambito_id]) VALUES (677, 4)
INSERT [dbo].[ambito_distrito] ([distrito_id], [ambito_id]) VALUES (678, 4)
INSERT [dbo].[ambito_distrito] ([distrito_id], [ambito_id]) VALUES (679, 4)
INSERT [dbo].[ambito_distrito] ([distrito_id], [ambito_id]) VALUES (680, 4)
INSERT [dbo].[ambito_distrito] ([distrito_id], [ambito_id]) VALUES (681, 4)
INSERT [dbo].[ambito_distrito] ([distrito_id], [ambito_id]) VALUES (682, 4)
INSERT [dbo].[ambito_distrito] ([distrito_id], [ambito_id]) VALUES (683, 4)
INSERT [dbo].[ambito_distrito] ([distrito_id], [ambito_id]) VALUES (684, 4)
INSERT [dbo].[ambito_distrito] ([distrito_id], [ambito_id]) VALUES (685, 4)
INSERT [dbo].[ambito_distrito] ([distrito_id], [ambito_id]) VALUES (686, 4)
INSERT [dbo].[ambito_distrito] ([distrito_id], [ambito_id]) VALUES (687, 4)
INSERT [dbo].[ambito_distrito] ([distrito_id], [ambito_id]) VALUES (688, 1)
INSERT [dbo].[ambito_distrito] ([distrito_id], [ambito_id]) VALUES (689, 1)
INSERT [dbo].[ambito_distrito] ([distrito_id], [ambito_id]) VALUES (690, 1)
INSERT [dbo].[ambito_distrito] ([distrito_id], [ambito_id]) VALUES (691, 1)
INSERT [dbo].[ambito_distrito] ([distrito_id], [ambito_id]) VALUES (692, 1)
INSERT [dbo].[ambito_distrito] ([distrito_id], [ambito_id]) VALUES (693, 1)
INSERT [dbo].[ambito_distrito] ([distrito_id], [ambito_id]) VALUES (694, 1)
INSERT [dbo].[ambito_distrito] ([distrito_id], [ambito_id]) VALUES (695, 4)
INSERT [dbo].[ambito_distrito] ([distrito_id], [ambito_id]) VALUES (696, 4)
INSERT [dbo].[ambito_distrito] ([distrito_id], [ambito_id]) VALUES (697, 4)
INSERT [dbo].[ambito_distrito] ([distrito_id], [ambito_id]) VALUES (698, 4)
INSERT [dbo].[ambito_distrito] ([distrito_id], [ambito_id]) VALUES (699, 4)
INSERT [dbo].[ambito_distrito] ([distrito_id], [ambito_id]) VALUES (700, 4)

INSERT [dbo].[ambito_distrito] ([distrito_id], [ambito_id]) VALUES (701, 4)
INSERT [dbo].[ambito_distrito] ([distrito_id], [ambito_id]) VALUES (702, 4)
INSERT [dbo].[ambito_distrito] ([distrito_id], [ambito_id]) VALUES (703, 4)
INSERT [dbo].[ambito_distrito] ([distrito_id], [ambito_id]) VALUES (704, 4)
INSERT [dbo].[ambito_distrito] ([distrito_id], [ambito_id]) VALUES (705, 4)
INSERT [dbo].[ambito_distrito] ([distrito_id], [ambito_id]) VALUES (706, 4)
INSERT [dbo].[ambito_distrito] ([distrito_id], [ambito_id]) VALUES (707, 4)
INSERT [dbo].[ambito_distrito] ([distrito_id], [ambito_id]) VALUES (708, 4)
INSERT [dbo].[ambito_distrito] ([distrito_id], [ambito_id]) VALUES (709, 4)
INSERT [dbo].[ambito_distrito] ([distrito_id], [ambito_id]) VALUES (710, 4)
INSERT [dbo].[ambito_distrito] ([distrito_id], [ambito_id]) VALUES (711, 4)
INSERT [dbo].[ambito_distrito] ([distrito_id], [ambito_id]) VALUES (712, 4)
INSERT [dbo].[ambito_distrito] ([distrito_id], [ambito_id]) VALUES (713, 4)
INSERT [dbo].[ambito_distrito] ([distrito_id], [ambito_id]) VALUES (714, 4)
INSERT [dbo].[ambito_distrito] ([distrito_id], [ambito_id]) VALUES (715, 4)
INSERT [dbo].[ambito_distrito] ([distrito_id], [ambito_id]) VALUES (716, 4)
INSERT [dbo].[ambito_distrito] ([distrito_id], [ambito_id]) VALUES (717, 4)
INSERT [dbo].[ambito_distrito] ([distrito_id], [ambito_id]) VALUES (718, 4)
INSERT [dbo].[ambito_distrito] ([distrito_id], [ambito_id]) VALUES (719, 4)
INSERT [dbo].[ambito_distrito] ([distrito_id], [ambito_id]) VALUES (720, 4)
INSERT [dbo].[ambito_distrito] ([distrito_id], [ambito_id]) VALUES (721, 4)
INSERT [dbo].[ambito_distrito] ([distrito_id], [ambito_id]) VALUES (722, 4)
INSERT [dbo].[ambito_distrito] ([distrito_id], [ambito_id]) VALUES (723, 4)
INSERT [dbo].[ambito_distrito] ([distrito_id], [ambito_id]) VALUES (724, 4)
INSERT [dbo].[ambito_distrito] ([distrito_id], [ambito_id]) VALUES (725, 4)
INSERT [dbo].[ambito_distrito] ([distrito_id], [ambito_id]) VALUES (726, 4)
INSERT [dbo].[ambito_distrito] ([distrito_id], [ambito_id]) VALUES (727, 4)
INSERT [dbo].[ambito_distrito] ([distrito_id], [ambito_id]) VALUES (728, 4)
INSERT [dbo].[ambito_distrito] ([distrito_id], [ambito_id]) VALUES (729, 4)
INSERT [dbo].[ambito_distrito] ([distrito_id], [ambito_id]) VALUES (730, 4)
INSERT [dbo].[ambito_distrito] ([distrito_id], [ambito_id]) VALUES (731, 4)
INSERT [dbo].[ambito_distrito] ([distrito_id], [ambito_id]) VALUES (732, 4)
INSERT [dbo].[ambito_distrito] ([distrito_id], [ambito_id]) VALUES (733, 4)
INSERT [dbo].[ambito_distrito] ([distrito_id], [ambito_id]) VALUES (734, 4)
INSERT [dbo].[ambito_distrito] ([distrito_id], [ambito_id]) VALUES (735, 4)
INSERT [dbo].[ambito_distrito] ([distrito_id], [ambito_id]) VALUES (736, 4)
INSERT [dbo].[ambito_distrito] ([distrito_id], [ambito_id]) VALUES (737, 4)
INSERT [dbo].[ambito_distrito] ([distrito_id], [ambito_id]) VALUES (738, 4)
INSERT [dbo].[ambito_distrito] ([distrito_id], [ambito_id]) VALUES (739, 4)
INSERT [dbo].[ambito_distrito] ([distrito_id], [ambito_id]) VALUES (740, 4)
INSERT [dbo].[ambito_distrito] ([distrito_id], [ambito_id]) VALUES (741, 4)
INSERT [dbo].[ambito_distrito] ([distrito_id], [ambito_id]) VALUES (742, 4)
INSERT [dbo].[ambito_distrito] ([distrito_id], [ambito_id]) VALUES (743, 4)
INSERT [dbo].[ambito_distrito] ([distrito_id], [ambito_id]) VALUES (744, 4)
INSERT [dbo].[ambito_distrito] ([distrito_id], [ambito_id]) VALUES (745, 4)
INSERT [dbo].[ambito_distrito] ([distrito_id], [ambito_id]) VALUES (746, 4)
INSERT [dbo].[ambito_distrito] ([distrito_id], [ambito_id]) VALUES (747, 4)
INSERT [dbo].[ambito_distrito] ([distrito_id], [ambito_id]) VALUES (748, 4)
INSERT [dbo].[ambito_distrito] ([distrito_id], [ambito_id]) VALUES (749, 4)
INSERT [dbo].[ambito_distrito] ([distrito_id], [ambito_id]) VALUES (750, 4)
INSERT [dbo].[ambito_distrito] ([distrito_id], [ambito_id]) VALUES (751, 4)
INSERT [dbo].[ambito_distrito] ([distrito_id], [ambito_id]) VALUES (752, 4)
INSERT [dbo].[ambito_distrito] ([distrito_id], [ambito_id]) VALUES (753, 4)
INSERT [dbo].[ambito_distrito] ([distrito_id], [ambito_id]) VALUES (754, 4)
INSERT [dbo].[ambito_distrito] ([distrito_id], [ambito_id]) VALUES (755, 4)
INSERT [dbo].[ambito_distrito] ([distrito_id], [ambito_id]) VALUES (756, 4)
INSERT [dbo].[ambito_distrito] ([distrito_id], [ambito_id]) VALUES (757, 4)
INSERT [dbo].[ambito_distrito] ([distrito_id], [ambito_id]) VALUES (758, 4)
INSERT [dbo].[ambito_distrito] ([distrito_id], [ambito_id]) VALUES (759, 4)
INSERT [dbo].[ambito_distrito] ([distrito_id], [ambito_id]) VALUES (760, 4)
INSERT [dbo].[ambito_distrito] ([distrito_id], [ambito_id]) VALUES (761, 4)
INSERT [dbo].[ambito_distrito] ([distrito_id], [ambito_id]) VALUES (762, 4)
INSERT [dbo].[ambito_distrito] ([distrito_id], [ambito_id]) VALUES (763, 4)
INSERT [dbo].[ambito_distrito] ([distrito_id], [ambito_id]) VALUES (764, 4)
INSERT [dbo].[ambito_distrito] ([distrito_id], [ambito_id]) VALUES (765, 4)
INSERT [dbo].[ambito_distrito] ([distrito_id], [ambito_id]) VALUES (766, 4)
INSERT [dbo].[ambito_distrito] ([distrito_id], [ambito_id]) VALUES (767, 4)
INSERT [dbo].[ambito_distrito] ([distrito_id], [ambito_id]) VALUES (768, 4)
INSERT [dbo].[ambito_distrito] ([distrito_id], [ambito_id]) VALUES (769, 4)
INSERT [dbo].[ambito_distrito] ([distrito_id], [ambito_id]) VALUES (770, 4)
INSERT [dbo].[ambito_distrito] ([distrito_id], [ambito_id]) VALUES (771, 4)
INSERT [dbo].[ambito_distrito] ([distrito_id], [ambito_id]) VALUES (772, 4)
INSERT [dbo].[ambito_distrito] ([distrito_id], [ambito_id]) VALUES (773, 4)
INSERT [dbo].[ambito_distrito] ([distrito_id], [ambito_id]) VALUES (774, 4)
INSERT [dbo].[ambito_distrito] ([distrito_id], [ambito_id]) VALUES (775, 4)
INSERT [dbo].[ambito_distrito] ([distrito_id], [ambito_id]) VALUES (776, 4)
INSERT [dbo].[ambito_distrito] ([distrito_id], [ambito_id]) VALUES (777, 4)
INSERT [dbo].[ambito_distrito] ([distrito_id], [ambito_id]) VALUES (778, 4)
INSERT [dbo].[ambito_distrito] ([distrito_id], [ambito_id]) VALUES (779, 4)
INSERT [dbo].[ambito_distrito] ([distrito_id], [ambito_id]) VALUES (780, 4)
INSERT [dbo].[ambito_distrito] ([distrito_id], [ambito_id]) VALUES (781, 4)
INSERT [dbo].[ambito_distrito] ([distrito_id], [ambito_id]) VALUES (782, 4)
INSERT [dbo].[ambito_distrito] ([distrito_id], [ambito_id]) VALUES (783, 4)
INSERT [dbo].[ambito_distrito] ([distrito_id], [ambito_id]) VALUES (784, 4)
INSERT [dbo].[ambito_distrito] ([distrito_id], [ambito_id]) VALUES (785, 4)
INSERT [dbo].[ambito_distrito] ([distrito_id], [ambito_id]) VALUES (786, 4)
INSERT [dbo].[ambito_distrito] ([distrito_id], [ambito_id]) VALUES (787, 4)
INSERT [dbo].[ambito_distrito] ([distrito_id], [ambito_id]) VALUES (788, 4)
INSERT [dbo].[ambito_distrito] ([distrito_id], [ambito_id]) VALUES (789, 4)
INSERT [dbo].[ambito_distrito] ([distrito_id], [ambito_id]) VALUES (790, 4)
INSERT [dbo].[ambito_distrito] ([distrito_id], [ambito_id]) VALUES (791, 4)
INSERT [dbo].[ambito_distrito] ([distrito_id], [ambito_id]) VALUES (792, 4)
INSERT [dbo].[ambito_distrito] ([distrito_id], [ambito_id]) VALUES (793, 4)
INSERT [dbo].[ambito_distrito] ([distrito_id], [ambito_id]) VALUES (794, 4)
INSERT [dbo].[ambito_distrito] ([distrito_id], [ambito_id]) VALUES (795, 4)
INSERT [dbo].[ambito_distrito] ([distrito_id], [ambito_id]) VALUES (796, 4)
INSERT [dbo].[ambito_distrito] ([distrito_id], [ambito_id]) VALUES (797, 4)
INSERT [dbo].[ambito_distrito] ([distrito_id], [ambito_id]) VALUES (798, 4)
INSERT [dbo].[ambito_distrito] ([distrito_id], [ambito_id]) VALUES (799, 4)
INSERT [dbo].[ambito_distrito] ([distrito_id], [ambito_id]) VALUES (800, 4)

INSERT [dbo].[ambito_distrito] ([distrito_id], [ambito_id]) VALUES (801, 4)
INSERT [dbo].[ambito_distrito] ([distrito_id], [ambito_id]) VALUES (802, 4)
INSERT [dbo].[ambito_distrito] ([distrito_id], [ambito_id]) VALUES (803, 4)
INSERT [dbo].[ambito_distrito] ([distrito_id], [ambito_id]) VALUES (804, 4)
INSERT [dbo].[ambito_distrito] ([distrito_id], [ambito_id]) VALUES (805, 4)
INSERT [dbo].[ambito_distrito] ([distrito_id], [ambito_id]) VALUES (806, 4)
INSERT [dbo].[ambito_distrito] ([distrito_id], [ambito_id]) VALUES (807, 4)
INSERT [dbo].[ambito_distrito] ([distrito_id], [ambito_id]) VALUES (808, 4)
INSERT [dbo].[ambito_distrito] ([distrito_id], [ambito_id]) VALUES (809, 4)
INSERT [dbo].[ambito_distrito] ([distrito_id], [ambito_id]) VALUES (810, 4)
INSERT [dbo].[ambito_distrito] ([distrito_id], [ambito_id]) VALUES (811, 4)
INSERT [dbo].[ambito_distrito] ([distrito_id], [ambito_id]) VALUES (812, 4)
INSERT [dbo].[ambito_distrito] ([distrito_id], [ambito_id]) VALUES (813, 4)
INSERT [dbo].[ambito_distrito] ([distrito_id], [ambito_id]) VALUES (814, 4)
INSERT [dbo].[ambito_distrito] ([distrito_id], [ambito_id]) VALUES (815, 4)
INSERT [dbo].[ambito_distrito] ([distrito_id], [ambito_id]) VALUES (816, 4)
INSERT [dbo].[ambito_distrito] ([distrito_id], [ambito_id]) VALUES (817, 4)
INSERT [dbo].[ambito_distrito] ([distrito_id], [ambito_id]) VALUES (818, 4)
INSERT [dbo].[ambito_distrito] ([distrito_id], [ambito_id]) VALUES (819, 4)
INSERT [dbo].[ambito_distrito] ([distrito_id], [ambito_id]) VALUES (820, 4)
INSERT [dbo].[ambito_distrito] ([distrito_id], [ambito_id]) VALUES (821, 4)
INSERT [dbo].[ambito_distrito] ([distrito_id], [ambito_id]) VALUES (822, 4)
INSERT [dbo].[ambito_distrito] ([distrito_id], [ambito_id]) VALUES (823, 4)
INSERT [dbo].[ambito_distrito] ([distrito_id], [ambito_id]) VALUES (824, 4)
INSERT [dbo].[ambito_distrito] ([distrito_id], [ambito_id]) VALUES (825, 4)
INSERT [dbo].[ambito_distrito] ([distrito_id], [ambito_id]) VALUES (826, 4)
INSERT [dbo].[ambito_distrito] ([distrito_id], [ambito_id]) VALUES (827, 4)
INSERT [dbo].[ambito_distrito] ([distrito_id], [ambito_id]) VALUES (828, 4)
INSERT [dbo].[ambito_distrito] ([distrito_id], [ambito_id]) VALUES (829, 4)
INSERT [dbo].[ambito_distrito] ([distrito_id], [ambito_id]) VALUES (830, 4)
INSERT [dbo].[ambito_distrito] ([distrito_id], [ambito_id]) VALUES (831, 4)
INSERT [dbo].[ambito_distrito] ([distrito_id], [ambito_id]) VALUES (832, 4)
INSERT [dbo].[ambito_distrito] ([distrito_id], [ambito_id]) VALUES (833, 4)
INSERT [dbo].[ambito_distrito] ([distrito_id], [ambito_id]) VALUES (834, 4)
INSERT [dbo].[ambito_distrito] ([distrito_id], [ambito_id]) VALUES (835, 4)
INSERT [dbo].[ambito_distrito] ([distrito_id], [ambito_id]) VALUES (836, 4)
INSERT [dbo].[ambito_distrito] ([distrito_id], [ambito_id]) VALUES (837, 4)
INSERT [dbo].[ambito_distrito] ([distrito_id], [ambito_id]) VALUES (838, 4)
INSERT [dbo].[ambito_distrito] ([distrito_id], [ambito_id]) VALUES (839, 4)
INSERT [dbo].[ambito_distrito] ([distrito_id], [ambito_id]) VALUES (840, 4)
INSERT [dbo].[ambito_distrito] ([distrito_id], [ambito_id]) VALUES (841, 4)
INSERT [dbo].[ambito_distrito] ([distrito_id], [ambito_id]) VALUES (842, 4)
INSERT [dbo].[ambito_distrito] ([distrito_id], [ambito_id]) VALUES (843, 4)
INSERT [dbo].[ambito_distrito] ([distrito_id], [ambito_id]) VALUES (844, 4)
INSERT [dbo].[ambito_distrito] ([distrito_id], [ambito_id]) VALUES (845, 4)
INSERT [dbo].[ambito_distrito] ([distrito_id], [ambito_id]) VALUES (846, 4)
INSERT [dbo].[ambito_distrito] ([distrito_id], [ambito_id]) VALUES (847, 4)
INSERT [dbo].[ambito_distrito] ([distrito_id], [ambito_id]) VALUES (848, 4)
INSERT [dbo].[ambito_distrito] ([distrito_id], [ambito_id]) VALUES (849, 4)
INSERT [dbo].[ambito_distrito] ([distrito_id], [ambito_id]) VALUES (850, 4)
INSERT [dbo].[ambito_distrito] ([distrito_id], [ambito_id]) VALUES (851, 4)
INSERT [dbo].[ambito_distrito] ([distrito_id], [ambito_id]) VALUES (852, 4)
INSERT [dbo].[ambito_distrito] ([distrito_id], [ambito_id]) VALUES (853, 4)
INSERT [dbo].[ambito_distrito] ([distrito_id], [ambito_id]) VALUES (854, 4)
INSERT [dbo].[ambito_distrito] ([distrito_id], [ambito_id]) VALUES (855, 4)
INSERT [dbo].[ambito_distrito] ([distrito_id], [ambito_id]) VALUES (856, 4)
INSERT [dbo].[ambito_distrito] ([distrito_id], [ambito_id]) VALUES (857, 4)
INSERT [dbo].[ambito_distrito] ([distrito_id], [ambito_id]) VALUES (858, 4)
INSERT [dbo].[ambito_distrito] ([distrito_id], [ambito_id]) VALUES (859, 4)
INSERT [dbo].[ambito_distrito] ([distrito_id], [ambito_id]) VALUES (860, 4)
INSERT [dbo].[ambito_distrito] ([distrito_id], [ambito_id]) VALUES (861, 4)
INSERT [dbo].[ambito_distrito] ([distrito_id], [ambito_id]) VALUES (862, 4)
INSERT [dbo].[ambito_distrito] ([distrito_id], [ambito_id]) VALUES (863, 4)
INSERT [dbo].[ambito_distrito] ([distrito_id], [ambito_id]) VALUES (864, 4)
INSERT [dbo].[ambito_distrito] ([distrito_id], [ambito_id]) VALUES (865, 4)
INSERT [dbo].[ambito_distrito] ([distrito_id], [ambito_id]) VALUES (866, 4)
INSERT [dbo].[ambito_distrito] ([distrito_id], [ambito_id]) VALUES (867, 4)
INSERT [dbo].[ambito_distrito] ([distrito_id], [ambito_id]) VALUES (868, 4)
INSERT [dbo].[ambito_distrito] ([distrito_id], [ambito_id]) VALUES (869, 4)
INSERT [dbo].[ambito_distrito] ([distrito_id], [ambito_id]) VALUES (870, 4)
INSERT [dbo].[ambito_distrito] ([distrito_id], [ambito_id]) VALUES (871, 4)
INSERT [dbo].[ambito_distrito] ([distrito_id], [ambito_id]) VALUES (872, 4)
INSERT [dbo].[ambito_distrito] ([distrito_id], [ambito_id]) VALUES (873, 4)
INSERT [dbo].[ambito_distrito] ([distrito_id], [ambito_id]) VALUES (874, 4)
INSERT [dbo].[ambito_distrito] ([distrito_id], [ambito_id]) VALUES (875, 4)
INSERT [dbo].[ambito_distrito] ([distrito_id], [ambito_id]) VALUES (876, 4)
INSERT [dbo].[ambito_distrito] ([distrito_id], [ambito_id]) VALUES (877, 4)
INSERT [dbo].[ambito_distrito] ([distrito_id], [ambito_id]) VALUES (878, 4)
INSERT [dbo].[ambito_distrito] ([distrito_id], [ambito_id]) VALUES (879, 4)
INSERT [dbo].[ambito_distrito] ([distrito_id], [ambito_id]) VALUES (880, 4)
INSERT [dbo].[ambito_distrito] ([distrito_id], [ambito_id]) VALUES (881, 4)
INSERT [dbo].[ambito_distrito] ([distrito_id], [ambito_id]) VALUES (882, 4)
INSERT [dbo].[ambito_distrito] ([distrito_id], [ambito_id]) VALUES (883, 4)
INSERT [dbo].[ambito_distrito] ([distrito_id], [ambito_id]) VALUES (884, 4)
INSERT [dbo].[ambito_distrito] ([distrito_id], [ambito_id]) VALUES (885, 4)
INSERT [dbo].[ambito_distrito] ([distrito_id], [ambito_id]) VALUES (886, 4)
INSERT [dbo].[ambito_distrito] ([distrito_id], [ambito_id]) VALUES (887, 4)
INSERT [dbo].[ambito_distrito] ([distrito_id], [ambito_id]) VALUES (888, 4)
INSERT [dbo].[ambito_distrito] ([distrito_id], [ambito_id]) VALUES (889, 4)
INSERT [dbo].[ambito_distrito] ([distrito_id], [ambito_id]) VALUES (890, 4)
INSERT [dbo].[ambito_distrito] ([distrito_id], [ambito_id]) VALUES (891, 4)
INSERT [dbo].[ambito_distrito] ([distrito_id], [ambito_id]) VALUES (892, 4)
INSERT [dbo].[ambito_distrito] ([distrito_id], [ambito_id]) VALUES (893, 4)
INSERT [dbo].[ambito_distrito] ([distrito_id], [ambito_id]) VALUES (894, 4)
INSERT [dbo].[ambito_distrito] ([distrito_id], [ambito_id]) VALUES (895, 4)
INSERT [dbo].[ambito_distrito] ([distrito_id], [ambito_id]) VALUES (896, 4)
INSERT [dbo].[ambito_distrito] ([distrito_id], [ambito_id]) VALUES (897, 4)
INSERT [dbo].[ambito_distrito] ([distrito_id], [ambito_id]) VALUES (898, 4)
INSERT [dbo].[ambito_distrito] ([distrito_id], [ambito_id]) VALUES (899, 4)
INSERT [dbo].[ambito_distrito] ([distrito_id], [ambito_id]) VALUES (900, 4)

INSERT [dbo].[ambito_distrito] ([distrito_id], [ambito_id]) VALUES (901, 4)
INSERT [dbo].[ambito_distrito] ([distrito_id], [ambito_id]) VALUES (902, 4)
INSERT [dbo].[ambito_distrito] ([distrito_id], [ambito_id]) VALUES (903, 4)
INSERT [dbo].[ambito_distrito] ([distrito_id], [ambito_id]) VALUES (904, 4)
INSERT [dbo].[ambito_distrito] ([distrito_id], [ambito_id]) VALUES (905, 4)
INSERT [dbo].[ambito_distrito] ([distrito_id], [ambito_id]) VALUES (906, 4)
INSERT [dbo].[ambito_distrito] ([distrito_id], [ambito_id]) VALUES (907, 4)
INSERT [dbo].[ambito_distrito] ([distrito_id], [ambito_id]) VALUES (908, 4)
INSERT [dbo].[ambito_distrito] ([distrito_id], [ambito_id]) VALUES (909, 4)
INSERT [dbo].[ambito_distrito] ([distrito_id], [ambito_id]) VALUES (910, 4)
INSERT [dbo].[ambito_distrito] ([distrito_id], [ambito_id]) VALUES (911, 4)
INSERT [dbo].[ambito_distrito] ([distrito_id], [ambito_id]) VALUES (912, 4)
INSERT [dbo].[ambito_distrito] ([distrito_id], [ambito_id]) VALUES (913, 4)
INSERT [dbo].[ambito_distrito] ([distrito_id], [ambito_id]) VALUES (914, 4)
INSERT [dbo].[ambito_distrito] ([distrito_id], [ambito_id]) VALUES (915, 4)
INSERT [dbo].[ambito_distrito] ([distrito_id], [ambito_id]) VALUES (916, 4)
INSERT [dbo].[ambito_distrito] ([distrito_id], [ambito_id]) VALUES (917, 4)
INSERT [dbo].[ambito_distrito] ([distrito_id], [ambito_id]) VALUES (918, 4)
INSERT [dbo].[ambito_distrito] ([distrito_id], [ambito_id]) VALUES (919, 4)
INSERT [dbo].[ambito_distrito] ([distrito_id], [ambito_id]) VALUES (920, 4)
INSERT [dbo].[ambito_distrito] ([distrito_id], [ambito_id]) VALUES (921, 4)
INSERT [dbo].[ambito_distrito] ([distrito_id], [ambito_id]) VALUES (922, 4)
INSERT [dbo].[ambito_distrito] ([distrito_id], [ambito_id]) VALUES (923, 4)
INSERT [dbo].[ambito_distrito] ([distrito_id], [ambito_id]) VALUES (924, 4)
INSERT [dbo].[ambito_distrito] ([distrito_id], [ambito_id]) VALUES (925, 4)
INSERT [dbo].[ambito_distrito] ([distrito_id], [ambito_id]) VALUES (926, 4)
INSERT [dbo].[ambito_distrito] ([distrito_id], [ambito_id]) VALUES (927, 4)
INSERT [dbo].[ambito_distrito] ([distrito_id], [ambito_id]) VALUES (928, 4)
INSERT [dbo].[ambito_distrito] ([distrito_id], [ambito_id]) VALUES (929, 4)
INSERT [dbo].[ambito_distrito] ([distrito_id], [ambito_id]) VALUES (930, 4)
INSERT [dbo].[ambito_distrito] ([distrito_id], [ambito_id]) VALUES (931, 4)
INSERT [dbo].[ambito_distrito] ([distrito_id], [ambito_id]) VALUES (932, 4)
INSERT [dbo].[ambito_distrito] ([distrito_id], [ambito_id]) VALUES (933, 4)
INSERT [dbo].[ambito_distrito] ([distrito_id], [ambito_id]) VALUES (934, 4)
INSERT [dbo].[ambito_distrito] ([distrito_id], [ambito_id]) VALUES (935, 4)
INSERT [dbo].[ambito_distrito] ([distrito_id], [ambito_id]) VALUES (936, 4)
INSERT [dbo].[ambito_distrito] ([distrito_id], [ambito_id]) VALUES (937, 4)
INSERT [dbo].[ambito_distrito] ([distrito_id], [ambito_id]) VALUES (938, 4)
INSERT [dbo].[ambito_distrito] ([distrito_id], [ambito_id]) VALUES (939, 4)
INSERT [dbo].[ambito_distrito] ([distrito_id], [ambito_id]) VALUES (940, 4)
INSERT [dbo].[ambito_distrito] ([distrito_id], [ambito_id]) VALUES (941, 4)
INSERT [dbo].[ambito_distrito] ([distrito_id], [ambito_id]) VALUES (942, 4)
INSERT [dbo].[ambito_distrito] ([distrito_id], [ambito_id]) VALUES (943, 4)
INSERT [dbo].[ambito_distrito] ([distrito_id], [ambito_id]) VALUES (944, 4)
INSERT [dbo].[ambito_distrito] ([distrito_id], [ambito_id]) VALUES (945, 4)
INSERT [dbo].[ambito_distrito] ([distrito_id], [ambito_id]) VALUES (946, 4)
INSERT [dbo].[ambito_distrito] ([distrito_id], [ambito_id]) VALUES (947, 4)
INSERT [dbo].[ambito_distrito] ([distrito_id], [ambito_id]) VALUES (948, 4)
INSERT [dbo].[ambito_distrito] ([distrito_id], [ambito_id]) VALUES (949, 4)
INSERT [dbo].[ambito_distrito] ([distrito_id], [ambito_id]) VALUES (950, 4)
INSERT [dbo].[ambito_distrito] ([distrito_id], [ambito_id]) VALUES (951, 4)
INSERT [dbo].[ambito_distrito] ([distrito_id], [ambito_id]) VALUES (952, 4)
INSERT [dbo].[ambito_distrito] ([distrito_id], [ambito_id]) VALUES (953, 4)
INSERT [dbo].[ambito_distrito] ([distrito_id], [ambito_id]) VALUES (954, 4)
INSERT [dbo].[ambito_distrito] ([distrito_id], [ambito_id]) VALUES (955, 4)
INSERT [dbo].[ambito_distrito] ([distrito_id], [ambito_id]) VALUES (956, 4)
INSERT [dbo].[ambito_distrito] ([distrito_id], [ambito_id]) VALUES (957, 4)
INSERT [dbo].[ambito_distrito] ([distrito_id], [ambito_id]) VALUES (958, 4)
INSERT [dbo].[ambito_distrito] ([distrito_id], [ambito_id]) VALUES (959, 4)
INSERT [dbo].[ambito_distrito] ([distrito_id], [ambito_id]) VALUES (960, 4)
INSERT [dbo].[ambito_distrito] ([distrito_id], [ambito_id]) VALUES (961, 4)
INSERT [dbo].[ambito_distrito] ([distrito_id], [ambito_id]) VALUES (962, 4)
INSERT [dbo].[ambito_distrito] ([distrito_id], [ambito_id]) VALUES (963, 4)
INSERT [dbo].[ambito_distrito] ([distrito_id], [ambito_id]) VALUES (964, 4)
INSERT [dbo].[ambito_distrito] ([distrito_id], [ambito_id]) VALUES (965, 4)
INSERT [dbo].[ambito_distrito] ([distrito_id], [ambito_id]) VALUES (966, 4)
INSERT [dbo].[ambito_distrito] ([distrito_id], [ambito_id]) VALUES (967, 4)
INSERT [dbo].[ambito_distrito] ([distrito_id], [ambito_id]) VALUES (968, 4)
INSERT [dbo].[ambito_distrito] ([distrito_id], [ambito_id]) VALUES (969, 4)
INSERT [dbo].[ambito_distrito] ([distrito_id], [ambito_id]) VALUES (970, 4)
INSERT [dbo].[ambito_distrito] ([distrito_id], [ambito_id]) VALUES (971, 4)
INSERT [dbo].[ambito_distrito] ([distrito_id], [ambito_id]) VALUES (972, 4)
INSERT [dbo].[ambito_distrito] ([distrito_id], [ambito_id]) VALUES (973, 4)
INSERT [dbo].[ambito_distrito] ([distrito_id], [ambito_id]) VALUES (974, 4)
INSERT [dbo].[ambito_distrito] ([distrito_id], [ambito_id]) VALUES (975, 4)
INSERT [dbo].[ambito_distrito] ([distrito_id], [ambito_id]) VALUES (976, 4)
INSERT [dbo].[ambito_distrito] ([distrito_id], [ambito_id]) VALUES (977, 4)
INSERT [dbo].[ambito_distrito] ([distrito_id], [ambito_id]) VALUES (978, 4)
INSERT [dbo].[ambito_distrito] ([distrito_id], [ambito_id]) VALUES (979, 4)
INSERT [dbo].[ambito_distrito] ([distrito_id], [ambito_id]) VALUES (980, 4)
INSERT [dbo].[ambito_distrito] ([distrito_id], [ambito_id]) VALUES (981, 4)
INSERT [dbo].[ambito_distrito] ([distrito_id], [ambito_id]) VALUES (982, 4)
INSERT [dbo].[ambito_distrito] ([distrito_id], [ambito_id]) VALUES (983, 4)
INSERT [dbo].[ambito_distrito] ([distrito_id], [ambito_id]) VALUES (984, 4)
INSERT [dbo].[ambito_distrito] ([distrito_id], [ambito_id]) VALUES (985, 4)
INSERT [dbo].[ambito_distrito] ([distrito_id], [ambito_id]) VALUES (986, 4)
INSERT [dbo].[ambito_distrito] ([distrito_id], [ambito_id]) VALUES (987, 4)
INSERT [dbo].[ambito_distrito] ([distrito_id], [ambito_id]) VALUES (988, 4)
INSERT [dbo].[ambito_distrito] ([distrito_id], [ambito_id]) VALUES (989, 4)
INSERT [dbo].[ambito_distrito] ([distrito_id], [ambito_id]) VALUES (990, 4)
INSERT [dbo].[ambito_distrito] ([distrito_id], [ambito_id]) VALUES (991, 4)
INSERT [dbo].[ambito_distrito] ([distrito_id], [ambito_id]) VALUES (992, 4)
INSERT [dbo].[ambito_distrito] ([distrito_id], [ambito_id]) VALUES (993, 4)
INSERT [dbo].[ambito_distrito] ([distrito_id], [ambito_id]) VALUES (994, 4)
INSERT [dbo].[ambito_distrito] ([distrito_id], [ambito_id]) VALUES (995, 4)
INSERT [dbo].[ambito_distrito] ([distrito_id], [ambito_id]) VALUES (996, 4)
INSERT [dbo].[ambito_distrito] ([distrito_id], [ambito_id]) VALUES (997, 4)
INSERT [dbo].[ambito_distrito] ([distrito_id], [ambito_id]) VALUES (998, 4)
INSERT [dbo].[ambito_distrito] ([distrito_id], [ambito_id]) VALUES (999, 4)
INSERT [dbo].[ambito_distrito] ([distrito_id], [ambito_id]) VALUES (1000, 4)

INSERT [dbo].[ambito_distrito] ([distrito_id], [ambito_id]) VALUES (1001, 4)
INSERT [dbo].[ambito_distrito] ([distrito_id], [ambito_id]) VALUES (1002, 4)
INSERT [dbo].[ambito_distrito] ([distrito_id], [ambito_id]) VALUES (1003, 4)
INSERT [dbo].[ambito_distrito] ([distrito_id], [ambito_id]) VALUES (1004, 4)
INSERT [dbo].[ambito_distrito] ([distrito_id], [ambito_id]) VALUES (1005, 4)
INSERT [dbo].[ambito_distrito] ([distrito_id], [ambito_id]) VALUES (1006, 4)
INSERT [dbo].[ambito_distrito] ([distrito_id], [ambito_id]) VALUES (1007, 4)
INSERT [dbo].[ambito_distrito] ([distrito_id], [ambito_id]) VALUES (1008, 4)
INSERT [dbo].[ambito_distrito] ([distrito_id], [ambito_id]) VALUES (1009, 4)
INSERT [dbo].[ambito_distrito] ([distrito_id], [ambito_id]) VALUES (1010, 4)
INSERT [dbo].[ambito_distrito] ([distrito_id], [ambito_id]) VALUES (1011, 4)
INSERT [dbo].[ambito_distrito] ([distrito_id], [ambito_id]) VALUES (1012, 4)
INSERT [dbo].[ambito_distrito] ([distrito_id], [ambito_id]) VALUES (1013, 4)
INSERT [dbo].[ambito_distrito] ([distrito_id], [ambito_id]) VALUES (1014, 4)
INSERT [dbo].[ambito_distrito] ([distrito_id], [ambito_id]) VALUES (1015, 4)
INSERT [dbo].[ambito_distrito] ([distrito_id], [ambito_id]) VALUES (1016, 4)
INSERT [dbo].[ambito_distrito] ([distrito_id], [ambito_id]) VALUES (1017, 4)
INSERT [dbo].[ambito_distrito] ([distrito_id], [ambito_id]) VALUES (1018, 4)
INSERT [dbo].[ambito_distrito] ([distrito_id], [ambito_id]) VALUES (1019, 4)
INSERT [dbo].[ambito_distrito] ([distrito_id], [ambito_id]) VALUES (1020, 4)
INSERT [dbo].[ambito_distrito] ([distrito_id], [ambito_id]) VALUES (1021, 4)
INSERT [dbo].[ambito_distrito] ([distrito_id], [ambito_id]) VALUES (1022, 4)
INSERT [dbo].[ambito_distrito] ([distrito_id], [ambito_id]) VALUES (1023, 4)
INSERT [dbo].[ambito_distrito] ([distrito_id], [ambito_id]) VALUES (1024, 4)
INSERT [dbo].[ambito_distrito] ([distrito_id], [ambito_id]) VALUES (1025, 4)
INSERT [dbo].[ambito_distrito] ([distrito_id], [ambito_id]) VALUES (1026, 4)
INSERT [dbo].[ambito_distrito] ([distrito_id], [ambito_id]) VALUES (1027, 4)
INSERT [dbo].[ambito_distrito] ([distrito_id], [ambito_id]) VALUES (1028, 4)
INSERT [dbo].[ambito_distrito] ([distrito_id], [ambito_id]) VALUES (1029, 4)
INSERT [dbo].[ambito_distrito] ([distrito_id], [ambito_id]) VALUES (1030, 4)
INSERT [dbo].[ambito_distrito] ([distrito_id], [ambito_id]) VALUES (1031, 4)
INSERT [dbo].[ambito_distrito] ([distrito_id], [ambito_id]) VALUES (1032, 4)
INSERT [dbo].[ambito_distrito] ([distrito_id], [ambito_id]) VALUES (1033, 4)
INSERT [dbo].[ambito_distrito] ([distrito_id], [ambito_id]) VALUES (1034, 4)
INSERT [dbo].[ambito_distrito] ([distrito_id], [ambito_id]) VALUES (1035, 4)
INSERT [dbo].[ambito_distrito] ([distrito_id], [ambito_id]) VALUES (1036, 4)
INSERT [dbo].[ambito_distrito] ([distrito_id], [ambito_id]) VALUES (1037, 4)
INSERT [dbo].[ambito_distrito] ([distrito_id], [ambito_id]) VALUES (1038, 4)
INSERT [dbo].[ambito_distrito] ([distrito_id], [ambito_id]) VALUES (1039, 4)
INSERT [dbo].[ambito_distrito] ([distrito_id], [ambito_id]) VALUES (1040, 4)
INSERT [dbo].[ambito_distrito] ([distrito_id], [ambito_id]) VALUES (1041, 4)
INSERT [dbo].[ambito_distrito] ([distrito_id], [ambito_id]) VALUES (1042, 4)
INSERT [dbo].[ambito_distrito] ([distrito_id], [ambito_id]) VALUES (1043, 4)
INSERT [dbo].[ambito_distrito] ([distrito_id], [ambito_id]) VALUES (1044, 4)
INSERT [dbo].[ambito_distrito] ([distrito_id], [ambito_id]) VALUES (1045, 4)
INSERT [dbo].[ambito_distrito] ([distrito_id], [ambito_id]) VALUES (1046, 4)
INSERT [dbo].[ambito_distrito] ([distrito_id], [ambito_id]) VALUES (1047, 4)
INSERT [dbo].[ambito_distrito] ([distrito_id], [ambito_id]) VALUES (1048, 4)
INSERT [dbo].[ambito_distrito] ([distrito_id], [ambito_id]) VALUES (1049, 4)
INSERT [dbo].[ambito_distrito] ([distrito_id], [ambito_id]) VALUES (1050, 4)
INSERT [dbo].[ambito_distrito] ([distrito_id], [ambito_id]) VALUES (1051, 4)
INSERT [dbo].[ambito_distrito] ([distrito_id], [ambito_id]) VALUES (1052, 4)
INSERT [dbo].[ambito_distrito] ([distrito_id], [ambito_id]) VALUES (1053, 4)
INSERT [dbo].[ambito_distrito] ([distrito_id], [ambito_id]) VALUES (1054, 4)
INSERT [dbo].[ambito_distrito] ([distrito_id], [ambito_id]) VALUES (1055, 4)
INSERT [dbo].[ambito_distrito] ([distrito_id], [ambito_id]) VALUES (1056, 4)
INSERT [dbo].[ambito_distrito] ([distrito_id], [ambito_id]) VALUES (1057, 4)
INSERT [dbo].[ambito_distrito] ([distrito_id], [ambito_id]) VALUES (1058, 4)
INSERT [dbo].[ambito_distrito] ([distrito_id], [ambito_id]) VALUES (1059, 4)
INSERT [dbo].[ambito_distrito] ([distrito_id], [ambito_id]) VALUES (1060, 4)
INSERT [dbo].[ambito_distrito] ([distrito_id], [ambito_id]) VALUES (1061, 4)
INSERT [dbo].[ambito_distrito] ([distrito_id], [ambito_id]) VALUES (1062, 4)
INSERT [dbo].[ambito_distrito] ([distrito_id], [ambito_id]) VALUES (1063, 4)
INSERT [dbo].[ambito_distrito] ([distrito_id], [ambito_id]) VALUES (1064, 4)
INSERT [dbo].[ambito_distrito] ([distrito_id], [ambito_id]) VALUES (1065, 4)
INSERT [dbo].[ambito_distrito] ([distrito_id], [ambito_id]) VALUES (1066, 4)
INSERT [dbo].[ambito_distrito] ([distrito_id], [ambito_id]) VALUES (1067, 4)
INSERT [dbo].[ambito_distrito] ([distrito_id], [ambito_id]) VALUES (1068, 4)
INSERT [dbo].[ambito_distrito] ([distrito_id], [ambito_id]) VALUES (1069, 4)
INSERT [dbo].[ambito_distrito] ([distrito_id], [ambito_id]) VALUES (1070, 4)
INSERT [dbo].[ambito_distrito] ([distrito_id], [ambito_id]) VALUES (1071, 4)
INSERT [dbo].[ambito_distrito] ([distrito_id], [ambito_id]) VALUES (1072, 4)
INSERT [dbo].[ambito_distrito] ([distrito_id], [ambito_id]) VALUES (1073, 4)
INSERT [dbo].[ambito_distrito] ([distrito_id], [ambito_id]) VALUES (1074, 4)
INSERT [dbo].[ambito_distrito] ([distrito_id], [ambito_id]) VALUES (1075, 4)
INSERT [dbo].[ambito_distrito] ([distrito_id], [ambito_id]) VALUES (1076, 4)
INSERT [dbo].[ambito_distrito] ([distrito_id], [ambito_id]) VALUES (1077, 4)
INSERT [dbo].[ambito_distrito] ([distrito_id], [ambito_id]) VALUES (1078, 4)
INSERT [dbo].[ambito_distrito] ([distrito_id], [ambito_id]) VALUES (1079, 4)
INSERT [dbo].[ambito_distrito] ([distrito_id], [ambito_id]) VALUES (1080, 4)
INSERT [dbo].[ambito_distrito] ([distrito_id], [ambito_id]) VALUES (1081, 4)
INSERT [dbo].[ambito_distrito] ([distrito_id], [ambito_id]) VALUES (1082, 4)
INSERT [dbo].[ambito_distrito] ([distrito_id], [ambito_id]) VALUES (1083, 4)
INSERT [dbo].[ambito_distrito] ([distrito_id], [ambito_id]) VALUES (1084, 4)
INSERT [dbo].[ambito_distrito] ([distrito_id], [ambito_id]) VALUES (1085, 4)
INSERT [dbo].[ambito_distrito] ([distrito_id], [ambito_id]) VALUES (1086, 4)
INSERT [dbo].[ambito_distrito] ([distrito_id], [ambito_id]) VALUES (1087, 4)
INSERT [dbo].[ambito_distrito] ([distrito_id], [ambito_id]) VALUES (1088, 4)
INSERT [dbo].[ambito_distrito] ([distrito_id], [ambito_id]) VALUES (1089, 4)
INSERT [dbo].[ambito_distrito] ([distrito_id], [ambito_id]) VALUES (1090, 4)
INSERT [dbo].[ambito_distrito] ([distrito_id], [ambito_id]) VALUES (1091, 4)
INSERT [dbo].[ambito_distrito] ([distrito_id], [ambito_id]) VALUES (1092, 4)
INSERT [dbo].[ambito_distrito] ([distrito_id], [ambito_id]) VALUES (1093, 4)
INSERT [dbo].[ambito_distrito] ([distrito_id], [ambito_id]) VALUES (1094, 4)
INSERT [dbo].[ambito_distrito] ([distrito_id], [ambito_id]) VALUES (1095, 4)
INSERT [dbo].[ambito_distrito] ([distrito_id], [ambito_id]) VALUES (1096, 4)
INSERT [dbo].[ambito_distrito] ([distrito_id], [ambito_id]) VALUES (1097, 4)
INSERT [dbo].[ambito_distrito] ([distrito_id], [ambito_id]) VALUES (1098, 4)
INSERT [dbo].[ambito_distrito] ([distrito_id], [ambito_id]) VALUES (1099, 4)
INSERT [dbo].[ambito_distrito] ([distrito_id], [ambito_id]) VALUES (1100, 4)

INSERT [dbo].[ambito_distrito] ([distrito_id], [ambito_id]) VALUES (1101, 4)
INSERT [dbo].[ambito_distrito] ([distrito_id], [ambito_id]) VALUES (1102, 4)
INSERT [dbo].[ambito_distrito] ([distrito_id], [ambito_id]) VALUES (1103, 4)
INSERT [dbo].[ambito_distrito] ([distrito_id], [ambito_id]) VALUES (1104, 4)
INSERT [dbo].[ambito_distrito] ([distrito_id], [ambito_id]) VALUES (1105, 4)
INSERT [dbo].[ambito_distrito] ([distrito_id], [ambito_id]) VALUES (1106, 4)
INSERT [dbo].[ambito_distrito] ([distrito_id], [ambito_id]) VALUES (1107, 4)
INSERT [dbo].[ambito_distrito] ([distrito_id], [ambito_id]) VALUES (1108, 4)
INSERT [dbo].[ambito_distrito] ([distrito_id], [ambito_id]) VALUES (1109, 4)
INSERT [dbo].[ambito_distrito] ([distrito_id], [ambito_id]) VALUES (1110, 4)
INSERT [dbo].[ambito_distrito] ([distrito_id], [ambito_id]) VALUES (1111, 4)
INSERT [dbo].[ambito_distrito] ([distrito_id], [ambito_id]) VALUES (1112, 4)
INSERT [dbo].[ambito_distrito] ([distrito_id], [ambito_id]) VALUES (1113, 4)
INSERT [dbo].[ambito_distrito] ([distrito_id], [ambito_id]) VALUES (1114, 4)
INSERT [dbo].[ambito_distrito] ([distrito_id], [ambito_id]) VALUES (1115, 4)
INSERT [dbo].[ambito_distrito] ([distrito_id], [ambito_id]) VALUES (1116, 4)
INSERT [dbo].[ambito_distrito] ([distrito_id], [ambito_id]) VALUES (1117, 4)
INSERT [dbo].[ambito_distrito] ([distrito_id], [ambito_id]) VALUES (1118, 4)
INSERT [dbo].[ambito_distrito] ([distrito_id], [ambito_id]) VALUES (1119, 4)
INSERT [dbo].[ambito_distrito] ([distrito_id], [ambito_id]) VALUES (1120, 4)
INSERT [dbo].[ambito_distrito] ([distrito_id], [ambito_id]) VALUES (1121, 4)
INSERT [dbo].[ambito_distrito] ([distrito_id], [ambito_id]) VALUES (1122, 4)
INSERT [dbo].[ambito_distrito] ([distrito_id], [ambito_id]) VALUES (1123, 4)
INSERT [dbo].[ambito_distrito] ([distrito_id], [ambito_id]) VALUES (1124, 4)
INSERT [dbo].[ambito_distrito] ([distrito_id], [ambito_id]) VALUES (1125, 4)
INSERT [dbo].[ambito_distrito] ([distrito_id], [ambito_id]) VALUES (1126, 4)
INSERT [dbo].[ambito_distrito] ([distrito_id], [ambito_id]) VALUES (1127, 4)
INSERT [dbo].[ambito_distrito] ([distrito_id], [ambito_id]) VALUES (1128, 4)
INSERT [dbo].[ambito_distrito] ([distrito_id], [ambito_id]) VALUES (1129, 4)
INSERT [dbo].[ambito_distrito] ([distrito_id], [ambito_id]) VALUES (1130, 4)
INSERT [dbo].[ambito_distrito] ([distrito_id], [ambito_id]) VALUES (1131, 4)
INSERT [dbo].[ambito_distrito] ([distrito_id], [ambito_id]) VALUES (1132, 4)
INSERT [dbo].[ambito_distrito] ([distrito_id], [ambito_id]) VALUES (1133, 4)
INSERT [dbo].[ambito_distrito] ([distrito_id], [ambito_id]) VALUES (1134, 4)
INSERT [dbo].[ambito_distrito] ([distrito_id], [ambito_id]) VALUES (1135, 4)
INSERT [dbo].[ambito_distrito] ([distrito_id], [ambito_id]) VALUES (1136, 4)
INSERT [dbo].[ambito_distrito] ([distrito_id], [ambito_id]) VALUES (1137, 4)
INSERT [dbo].[ambito_distrito] ([distrito_id], [ambito_id]) VALUES (1138, 4)
INSERT [dbo].[ambito_distrito] ([distrito_id], [ambito_id]) VALUES (1139, 4)
INSERT [dbo].[ambito_distrito] ([distrito_id], [ambito_id]) VALUES (1140, 4)
INSERT [dbo].[ambito_distrito] ([distrito_id], [ambito_id]) VALUES (1141, 4)
INSERT [dbo].[ambito_distrito] ([distrito_id], [ambito_id]) VALUES (1142, 4)
INSERT [dbo].[ambito_distrito] ([distrito_id], [ambito_id]) VALUES (1143, 4)
INSERT [dbo].[ambito_distrito] ([distrito_id], [ambito_id]) VALUES (1144, 4)
INSERT [dbo].[ambito_distrito] ([distrito_id], [ambito_id]) VALUES (1145, 4)
INSERT [dbo].[ambito_distrito] ([distrito_id], [ambito_id]) VALUES (1146, 4)
INSERT [dbo].[ambito_distrito] ([distrito_id], [ambito_id]) VALUES (1147, 4)
INSERT [dbo].[ambito_distrito] ([distrito_id], [ambito_id]) VALUES (1148, 4)
INSERT [dbo].[ambito_distrito] ([distrito_id], [ambito_id]) VALUES (1149, 4)
INSERT [dbo].[ambito_distrito] ([distrito_id], [ambito_id]) VALUES (1150, 4)
INSERT [dbo].[ambito_distrito] ([distrito_id], [ambito_id]) VALUES (1151, 4)
INSERT [dbo].[ambito_distrito] ([distrito_id], [ambito_id]) VALUES (1152, 4)
INSERT [dbo].[ambito_distrito] ([distrito_id], [ambito_id]) VALUES (1153, 4)
INSERT [dbo].[ambito_distrito] ([distrito_id], [ambito_id]) VALUES (1154, 4)
INSERT [dbo].[ambito_distrito] ([distrito_id], [ambito_id]) VALUES (1155, 4)
INSERT [dbo].[ambito_distrito] ([distrito_id], [ambito_id]) VALUES (1156, 4)
INSERT [dbo].[ambito_distrito] ([distrito_id], [ambito_id]) VALUES (1157, 4)
INSERT [dbo].[ambito_distrito] ([distrito_id], [ambito_id]) VALUES (1158, 4)
INSERT [dbo].[ambito_distrito] ([distrito_id], [ambito_id]) VALUES (1159, 4)
INSERT [dbo].[ambito_distrito] ([distrito_id], [ambito_id]) VALUES (1160, 4)
INSERT [dbo].[ambito_distrito] ([distrito_id], [ambito_id]) VALUES (1161, 4)
INSERT [dbo].[ambito_distrito] ([distrito_id], [ambito_id]) VALUES (1162, 4)
INSERT [dbo].[ambito_distrito] ([distrito_id], [ambito_id]) VALUES (1163, 4)
INSERT [dbo].[ambito_distrito] ([distrito_id], [ambito_id]) VALUES (1164, 4)
INSERT [dbo].[ambito_distrito] ([distrito_id], [ambito_id]) VALUES (1165, 4)
INSERT [dbo].[ambito_distrito] ([distrito_id], [ambito_id]) VALUES (1166, 4)
INSERT [dbo].[ambito_distrito] ([distrito_id], [ambito_id]) VALUES (1167, 4)
INSERT [dbo].[ambito_distrito] ([distrito_id], [ambito_id]) VALUES (1168, 4)
INSERT [dbo].[ambito_distrito] ([distrito_id], [ambito_id]) VALUES (1169, 4)
INSERT [dbo].[ambito_distrito] ([distrito_id], [ambito_id]) VALUES (1170, 4)
INSERT [dbo].[ambito_distrito] ([distrito_id], [ambito_id]) VALUES (1171, 4)
INSERT [dbo].[ambito_distrito] ([distrito_id], [ambito_id]) VALUES (1172, 4)
INSERT [dbo].[ambito_distrito] ([distrito_id], [ambito_id]) VALUES (1173, 4)
INSERT [dbo].[ambito_distrito] ([distrito_id], [ambito_id]) VALUES (1174, 4)
INSERT [dbo].[ambito_distrito] ([distrito_id], [ambito_id]) VALUES (1175, 4)
INSERT [dbo].[ambito_distrito] ([distrito_id], [ambito_id]) VALUES (1176, 4)
INSERT [dbo].[ambito_distrito] ([distrito_id], [ambito_id]) VALUES (1177, 4)
INSERT [dbo].[ambito_distrito] ([distrito_id], [ambito_id]) VALUES (1178, 4)
INSERT [dbo].[ambito_distrito] ([distrito_id], [ambito_id]) VALUES (1179, 4)
INSERT [dbo].[ambito_distrito] ([distrito_id], [ambito_id]) VALUES (1180, 4)
INSERT [dbo].[ambito_distrito] ([distrito_id], [ambito_id]) VALUES (1181, 4)
INSERT [dbo].[ambito_distrito] ([distrito_id], [ambito_id]) VALUES (1182, 4)
INSERT [dbo].[ambito_distrito] ([distrito_id], [ambito_id]) VALUES (1183, 4)
INSERT [dbo].[ambito_distrito] ([distrito_id], [ambito_id]) VALUES (1184, 4)
INSERT [dbo].[ambito_distrito] ([distrito_id], [ambito_id]) VALUES (1185, 4)
INSERT [dbo].[ambito_distrito] ([distrito_id], [ambito_id]) VALUES (1186, 4)
INSERT [dbo].[ambito_distrito] ([distrito_id], [ambito_id]) VALUES (1187, 4)
INSERT [dbo].[ambito_distrito] ([distrito_id], [ambito_id]) VALUES (1188, 4)
INSERT [dbo].[ambito_distrito] ([distrito_id], [ambito_id]) VALUES (1189, 4)
INSERT [dbo].[ambito_distrito] ([distrito_id], [ambito_id]) VALUES (1190, 4)
INSERT [dbo].[ambito_distrito] ([distrito_id], [ambito_id]) VALUES (1191, 4)
INSERT [dbo].[ambito_distrito] ([distrito_id], [ambito_id]) VALUES (1192, 4)
INSERT [dbo].[ambito_distrito] ([distrito_id], [ambito_id]) VALUES (1193, 4)
INSERT [dbo].[ambito_distrito] ([distrito_id], [ambito_id]) VALUES (1194, 4)
INSERT [dbo].[ambito_distrito] ([distrito_id], [ambito_id]) VALUES (1195, 4)
INSERT [dbo].[ambito_distrito] ([distrito_id], [ambito_id]) VALUES (1196, 4)
INSERT [dbo].[ambito_distrito] ([distrito_id], [ambito_id]) VALUES (1197, 4)
INSERT [dbo].[ambito_distrito] ([distrito_id], [ambito_id]) VALUES (1198, 4)
INSERT [dbo].[ambito_distrito] ([distrito_id], [ambito_id]) VALUES (1199, 4)
INSERT [dbo].[ambito_distrito] ([distrito_id], [ambito_id]) VALUES (1200, 4)

INSERT [dbo].[ambito_distrito] ([distrito_id], [ambito_id]) VALUES (1201, 4)
INSERT [dbo].[ambito_distrito] ([distrito_id], [ambito_id]) VALUES (1202, 4)
INSERT [dbo].[ambito_distrito] ([distrito_id], [ambito_id]) VALUES (1203, 4)
INSERT [dbo].[ambito_distrito] ([distrito_id], [ambito_id]) VALUES (1204, 4)
INSERT [dbo].[ambito_distrito] ([distrito_id], [ambito_id]) VALUES (1205, 4)
INSERT [dbo].[ambito_distrito] ([distrito_id], [ambito_id]) VALUES (1206, 4)
INSERT [dbo].[ambito_distrito] ([distrito_id], [ambito_id]) VALUES (1207, 4)
INSERT [dbo].[ambito_distrito] ([distrito_id], [ambito_id]) VALUES (1208, 4)
INSERT [dbo].[ambito_distrito] ([distrito_id], [ambito_id]) VALUES (1209, 4)
INSERT [dbo].[ambito_distrito] ([distrito_id], [ambito_id]) VALUES (1210, 4)
INSERT [dbo].[ambito_distrito] ([distrito_id], [ambito_id]) VALUES (1211, 4)
INSERT [dbo].[ambito_distrito] ([distrito_id], [ambito_id]) VALUES (1212, 4)
INSERT [dbo].[ambito_distrito] ([distrito_id], [ambito_id]) VALUES (1213, 4)
INSERT [dbo].[ambito_distrito] ([distrito_id], [ambito_id]) VALUES (1214, 4)
INSERT [dbo].[ambito_distrito] ([distrito_id], [ambito_id]) VALUES (1215, 4)
INSERT [dbo].[ambito_distrito] ([distrito_id], [ambito_id]) VALUES (1216, 4)
INSERT [dbo].[ambito_distrito] ([distrito_id], [ambito_id]) VALUES (1217, 4)
INSERT [dbo].[ambito_distrito] ([distrito_id], [ambito_id]) VALUES (1218, 4)
INSERT [dbo].[ambito_distrito] ([distrito_id], [ambito_id]) VALUES (1219, 4)
INSERT [dbo].[ambito_distrito] ([distrito_id], [ambito_id]) VALUES (1220, 4)
INSERT [dbo].[ambito_distrito] ([distrito_id], [ambito_id]) VALUES (1221, 4)
INSERT [dbo].[ambito_distrito] ([distrito_id], [ambito_id]) VALUES (1222, 4)
INSERT [dbo].[ambito_distrito] ([distrito_id], [ambito_id]) VALUES (1223, 4)
INSERT [dbo].[ambito_distrito] ([distrito_id], [ambito_id]) VALUES (1224, 4)
INSERT [dbo].[ambito_distrito] ([distrito_id], [ambito_id]) VALUES (1225, 4)
INSERT [dbo].[ambito_distrito] ([distrito_id], [ambito_id]) VALUES (1226, 4)
INSERT [dbo].[ambito_distrito] ([distrito_id], [ambito_id]) VALUES (1227, 4)
INSERT [dbo].[ambito_distrito] ([distrito_id], [ambito_id]) VALUES (1228, 4)
INSERT [dbo].[ambito_distrito] ([distrito_id], [ambito_id]) VALUES (1229, 4)
INSERT [dbo].[ambito_distrito] ([distrito_id], [ambito_id]) VALUES (1230, 4)
INSERT [dbo].[ambito_distrito] ([distrito_id], [ambito_id]) VALUES (1231, 4)
INSERT [dbo].[ambito_distrito] ([distrito_id], [ambito_id]) VALUES (1232, 4)
INSERT [dbo].[ambito_distrito] ([distrito_id], [ambito_id]) VALUES (1233, 4)
INSERT [dbo].[ambito_distrito] ([distrito_id], [ambito_id]) VALUES (1234, 4)
INSERT [dbo].[ambito_distrito] ([distrito_id], [ambito_id]) VALUES (1235, 4)
INSERT [dbo].[ambito_distrito] ([distrito_id], [ambito_id]) VALUES (1236, 4)
INSERT [dbo].[ambito_distrito] ([distrito_id], [ambito_id]) VALUES (1237, 4)
INSERT [dbo].[ambito_distrito] ([distrito_id], [ambito_id]) VALUES (1238, 4)
INSERT [dbo].[ambito_distrito] ([distrito_id], [ambito_id]) VALUES (1239, 4)
INSERT [dbo].[ambito_distrito] ([distrito_id], [ambito_id]) VALUES (1240, 4)
INSERT [dbo].[ambito_distrito] ([distrito_id], [ambito_id]) VALUES (1241, 4)
INSERT [dbo].[ambito_distrito] ([distrito_id], [ambito_id]) VALUES (1242, 4)
INSERT [dbo].[ambito_distrito] ([distrito_id], [ambito_id]) VALUES (1243, 4)
INSERT [dbo].[ambito_distrito] ([distrito_id], [ambito_id]) VALUES (1244, 4)
INSERT [dbo].[ambito_distrito] ([distrito_id], [ambito_id]) VALUES (1245, 4)
INSERT [dbo].[ambito_distrito] ([distrito_id], [ambito_id]) VALUES (1246, 4)
INSERT [dbo].[ambito_distrito] ([distrito_id], [ambito_id]) VALUES (1247, 4)
INSERT [dbo].[ambito_distrito] ([distrito_id], [ambito_id]) VALUES (1248, 4)
INSERT [dbo].[ambito_distrito] ([distrito_id], [ambito_id]) VALUES (1249, 4)
INSERT [dbo].[ambito_distrito] ([distrito_id], [ambito_id]) VALUES (1250, 4)
INSERT [dbo].[ambito_distrito] ([distrito_id], [ambito_id]) VALUES (1251, 4)
INSERT [dbo].[ambito_distrito] ([distrito_id], [ambito_id]) VALUES (1252, 4)
INSERT [dbo].[ambito_distrito] ([distrito_id], [ambito_id]) VALUES (1253, 4)
INSERT [dbo].[ambito_distrito] ([distrito_id], [ambito_id]) VALUES (1254, 4)
INSERT [dbo].[ambito_distrito] ([distrito_id], [ambito_id]) VALUES (1255, 4)
INSERT [dbo].[ambito_distrito] ([distrito_id], [ambito_id]) VALUES (1256, 4)
INSERT [dbo].[ambito_distrito] ([distrito_id], [ambito_id]) VALUES (1257, 4)
INSERT [dbo].[ambito_distrito] ([distrito_id], [ambito_id]) VALUES (1258, 4)
INSERT [dbo].[ambito_distrito] ([distrito_id], [ambito_id]) VALUES (1259, 4)
INSERT [dbo].[ambito_distrito] ([distrito_id], [ambito_id]) VALUES (1260, 4)
INSERT [dbo].[ambito_distrito] ([distrito_id], [ambito_id]) VALUES (1261, 4)
INSERT [dbo].[ambito_distrito] ([distrito_id], [ambito_id]) VALUES (1262, 4)
INSERT [dbo].[ambito_distrito] ([distrito_id], [ambito_id]) VALUES (1263, 4)
INSERT [dbo].[ambito_distrito] ([distrito_id], [ambito_id]) VALUES (1264, 4)
INSERT [dbo].[ambito_distrito] ([distrito_id], [ambito_id]) VALUES (1265, 4)
INSERT [dbo].[ambito_distrito] ([distrito_id], [ambito_id]) VALUES (1266, 4)
INSERT [dbo].[ambito_distrito] ([distrito_id], [ambito_id]) VALUES (1267, 4)
INSERT [dbo].[ambito_distrito] ([distrito_id], [ambito_id]) VALUES (1268, 4)
INSERT [dbo].[ambito_distrito] ([distrito_id], [ambito_id]) VALUES (1269, 4)
INSERT [dbo].[ambito_distrito] ([distrito_id], [ambito_id]) VALUES (1270, 4)
INSERT [dbo].[ambito_distrito] ([distrito_id], [ambito_id]) VALUES (1271, 4)
INSERT [dbo].[ambito_distrito] ([distrito_id], [ambito_id]) VALUES (1272, 4)
INSERT [dbo].[ambito_distrito] ([distrito_id], [ambito_id]) VALUES (1273, 4)
INSERT [dbo].[ambito_distrito] ([distrito_id], [ambito_id]) VALUES (1274, 4)
INSERT [dbo].[ambito_distrito] ([distrito_id], [ambito_id]) VALUES (1275, 5)
INSERT [dbo].[ambito_distrito] ([distrito_id], [ambito_id]) VALUES (1276, 5)
INSERT [dbo].[ambito_distrito] ([distrito_id], [ambito_id]) VALUES (1277, 5)
INSERT [dbo].[ambito_distrito] ([distrito_id], [ambito_id]) VALUES (1278, 5)
INSERT [dbo].[ambito_distrito] ([distrito_id], [ambito_id]) VALUES (1279, 5)
INSERT [dbo].[ambito_distrito] ([distrito_id], [ambito_id]) VALUES (1280, 5)
INSERT [dbo].[ambito_distrito] ([distrito_id], [ambito_id]) VALUES (1281, 5)
INSERT [dbo].[ambito_distrito] ([distrito_id], [ambito_id]) VALUES (1282, 5)
INSERT [dbo].[ambito_distrito] ([distrito_id], [ambito_id]) VALUES (1283, 5)
INSERT [dbo].[ambito_distrito] ([distrito_id], [ambito_id]) VALUES (1284, 5)
INSERT [dbo].[ambito_distrito] ([distrito_id], [ambito_id]) VALUES (1285, 5)
INSERT [dbo].[ambito_distrito] ([distrito_id], [ambito_id]) VALUES (1286, 5)
INSERT [dbo].[ambito_distrito] ([distrito_id], [ambito_id]) VALUES (1287, 5)
INSERT [dbo].[ambito_distrito] ([distrito_id], [ambito_id]) VALUES (1288, 5)
INSERT [dbo].[ambito_distrito] ([distrito_id], [ambito_id]) VALUES (1289, 5)
INSERT [dbo].[ambito_distrito] ([distrito_id], [ambito_id]) VALUES (1290, 5)
INSERT [dbo].[ambito_distrito] ([distrito_id], [ambito_id]) VALUES (1291, 5)
INSERT [dbo].[ambito_distrito] ([distrito_id], [ambito_id]) VALUES (1292, 5)
INSERT [dbo].[ambito_distrito] ([distrito_id], [ambito_id]) VALUES (1293, 5)
INSERT [dbo].[ambito_distrito] ([distrito_id], [ambito_id]) VALUES (1294, 5)
INSERT [dbo].[ambito_distrito] ([distrito_id], [ambito_id]) VALUES (1295, 5)
INSERT [dbo].[ambito_distrito] ([distrito_id], [ambito_id]) VALUES (1296, 5)
INSERT [dbo].[ambito_distrito] ([distrito_id], [ambito_id]) VALUES (1297, 5)
INSERT [dbo].[ambito_distrito] ([distrito_id], [ambito_id]) VALUES (1298, 5)
INSERT [dbo].[ambito_distrito] ([distrito_id], [ambito_id]) VALUES (1299, 5)
INSERT [dbo].[ambito_distrito] ([distrito_id], [ambito_id]) VALUES (1300, 5)

INSERT [dbo].[ambito_distrito] ([distrito_id], [ambito_id]) VALUES (1301, 5)
INSERT [dbo].[ambito_distrito] ([distrito_id], [ambito_id]) VALUES (1302, 5)
INSERT [dbo].[ambito_distrito] ([distrito_id], [ambito_id]) VALUES (1303, 5)
INSERT [dbo].[ambito_distrito] ([distrito_id], [ambito_id]) VALUES (1304, 5)
INSERT [dbo].[ambito_distrito] ([distrito_id], [ambito_id]) VALUES (1305, 5)
INSERT [dbo].[ambito_distrito] ([distrito_id], [ambito_id]) VALUES (1306, 5)
INSERT [dbo].[ambito_distrito] ([distrito_id], [ambito_id]) VALUES (1307, 5)
INSERT [dbo].[ambito_distrito] ([distrito_id], [ambito_id]) VALUES (1308, 5)
INSERT [dbo].[ambito_distrito] ([distrito_id], [ambito_id]) VALUES (1309, 5)
INSERT [dbo].[ambito_distrito] ([distrito_id], [ambito_id]) VALUES (1310, 5)
INSERT [dbo].[ambito_distrito] ([distrito_id], [ambito_id]) VALUES (1311, 5)
INSERT [dbo].[ambito_distrito] ([distrito_id], [ambito_id]) VALUES (1312, 5)
INSERT [dbo].[ambito_distrito] ([distrito_id], [ambito_id]) VALUES (1313, 5)
INSERT [dbo].[ambito_distrito] ([distrito_id], [ambito_id]) VALUES (1314, 5)
INSERT [dbo].[ambito_distrito] ([distrito_id], [ambito_id]) VALUES (1315, 5)
INSERT [dbo].[ambito_distrito] ([distrito_id], [ambito_id]) VALUES (1316, 5)
INSERT [dbo].[ambito_distrito] ([distrito_id], [ambito_id]) VALUES (1317, 5)
INSERT [dbo].[ambito_distrito] ([distrito_id], [ambito_id]) VALUES (1318, 1)
INSERT [dbo].[ambito_distrito] ([distrito_id], [ambito_id]) VALUES (1319, 1)
INSERT [dbo].[ambito_distrito] ([distrito_id], [ambito_id]) VALUES (1320, 1)
INSERT [dbo].[ambito_distrito] ([distrito_id], [ambito_id]) VALUES (1321, 1)
INSERT [dbo].[ambito_distrito] ([distrito_id], [ambito_id]) VALUES (1322, 1)
INSERT [dbo].[ambito_distrito] ([distrito_id], [ambito_id]) VALUES (1323, 1)
INSERT [dbo].[ambito_distrito] ([distrito_id], [ambito_id]) VALUES (1324, 1)
INSERT [dbo].[ambito_distrito] ([distrito_id], [ambito_id]) VALUES (1325, 1)
INSERT [dbo].[ambito_distrito] ([distrito_id], [ambito_id]) VALUES (1326, 1)
INSERT [dbo].[ambito_distrito] ([distrito_id], [ambito_id]) VALUES (1327, 1)
INSERT [dbo].[ambito_distrito] ([distrito_id], [ambito_id]) VALUES (1328, 1)
INSERT [dbo].[ambito_distrito] ([distrito_id], [ambito_id]) VALUES (1329, 1)
INSERT [dbo].[ambito_distrito] ([distrito_id], [ambito_id]) VALUES (1330, 1)
INSERT [dbo].[ambito_distrito] ([distrito_id], [ambito_id]) VALUES (1331, 1)
INSERT [dbo].[ambito_distrito] ([distrito_id], [ambito_id]) VALUES (1332, 1)
INSERT [dbo].[ambito_distrito] ([distrito_id], [ambito_id]) VALUES (1333, 1)
INSERT [dbo].[ambito_distrito] ([distrito_id], [ambito_id]) VALUES (1334, 1)
INSERT [dbo].[ambito_distrito] ([distrito_id], [ambito_id]) VALUES (1335, 1)
INSERT [dbo].[ambito_distrito] ([distrito_id], [ambito_id]) VALUES (1336, 1)
INSERT [dbo].[ambito_distrito] ([distrito_id], [ambito_id]) VALUES (1337, 1)
INSERT [dbo].[ambito_distrito] ([distrito_id], [ambito_id]) VALUES (1338, 1)
INSERT [dbo].[ambito_distrito] ([distrito_id], [ambito_id]) VALUES (1339, 1)
INSERT [dbo].[ambito_distrito] ([distrito_id], [ambito_id]) VALUES (1340, 1)
INSERT [dbo].[ambito_distrito] ([distrito_id], [ambito_id]) VALUES (1341, 1)
INSERT [dbo].[ambito_distrito] ([distrito_id], [ambito_id]) VALUES (1342, 1)
INSERT [dbo].[ambito_distrito] ([distrito_id], [ambito_id]) VALUES (1343, 1)
INSERT [dbo].[ambito_distrito] ([distrito_id], [ambito_id]) VALUES (1344, 1)
INSERT [dbo].[ambito_distrito] ([distrito_id], [ambito_id]) VALUES (1345, 1)
INSERT [dbo].[ambito_distrito] ([distrito_id], [ambito_id]) VALUES (1346, 1)
INSERT [dbo].[ambito_distrito] ([distrito_id], [ambito_id]) VALUES (1347, 1)
INSERT [dbo].[ambito_distrito] ([distrito_id], [ambito_id]) VALUES (1348, 1)
INSERT [dbo].[ambito_distrito] ([distrito_id], [ambito_id]) VALUES (1349, 1)
INSERT [dbo].[ambito_distrito] ([distrito_id], [ambito_id]) VALUES (1350, 1)
INSERT [dbo].[ambito_distrito] ([distrito_id], [ambito_id]) VALUES (1351, 1)
INSERT [dbo].[ambito_distrito] ([distrito_id], [ambito_id]) VALUES (1352, 1)
INSERT [dbo].[ambito_distrito] ([distrito_id], [ambito_id]) VALUES (1353, 1)
INSERT [dbo].[ambito_distrito] ([distrito_id], [ambito_id]) VALUES (1354, 1)
INSERT [dbo].[ambito_distrito] ([distrito_id], [ambito_id]) VALUES (1355, 1)
INSERT [dbo].[ambito_distrito] ([distrito_id], [ambito_id]) VALUES (1356, 1)
INSERT [dbo].[ambito_distrito] ([distrito_id], [ambito_id]) VALUES (1357, 1)
INSERT [dbo].[ambito_distrito] ([distrito_id], [ambito_id]) VALUES (1358, 1)
INSERT [dbo].[ambito_distrito] ([distrito_id], [ambito_id]) VALUES (1359, 1)
INSERT [dbo].[ambito_distrito] ([distrito_id], [ambito_id]) VALUES (1360, 1)
INSERT [dbo].[ambito_distrito] ([distrito_id], [ambito_id]) VALUES (1361, 1)
INSERT [dbo].[ambito_distrito] ([distrito_id], [ambito_id]) VALUES (1362, 1)
INSERT [dbo].[ambito_distrito] ([distrito_id], [ambito_id]) VALUES (1363, 1)
INSERT [dbo].[ambito_distrito] ([distrito_id], [ambito_id]) VALUES (1364, 1)
INSERT [dbo].[ambito_distrito] ([distrito_id], [ambito_id]) VALUES (1365, 1)
INSERT [dbo].[ambito_distrito] ([distrito_id], [ambito_id]) VALUES (1366, 1)
INSERT [dbo].[ambito_distrito] ([distrito_id], [ambito_id]) VALUES (1367, 1)
INSERT [dbo].[ambito_distrito] ([distrito_id], [ambito_id]) VALUES (1368, 1)
INSERT [dbo].[ambito_distrito] ([distrito_id], [ambito_id]) VALUES (1369, 1)
INSERT [dbo].[ambito_distrito] ([distrito_id], [ambito_id]) VALUES (1370, 1)
INSERT [dbo].[ambito_distrito] ([distrito_id], [ambito_id]) VALUES (1371, 1)
INSERT [dbo].[ambito_distrito] ([distrito_id], [ambito_id]) VALUES (1372, 1)
INSERT [dbo].[ambito_distrito] ([distrito_id], [ambito_id]) VALUES (1373, 1)
INSERT [dbo].[ambito_distrito] ([distrito_id], [ambito_id]) VALUES (1374, 1)
INSERT [dbo].[ambito_distrito] ([distrito_id], [ambito_id]) VALUES (1375, 1)
INSERT [dbo].[ambito_distrito] ([distrito_id], [ambito_id]) VALUES (1376, 1)
INSERT [dbo].[ambito_distrito] ([distrito_id], [ambito_id]) VALUES (1377, 1)
INSERT [dbo].[ambito_distrito] ([distrito_id], [ambito_id]) VALUES (1378, 1)
INSERT [dbo].[ambito_distrito] ([distrito_id], [ambito_id]) VALUES (1379, 1)
INSERT [dbo].[ambito_distrito] ([distrito_id], [ambito_id]) VALUES (1380, 1)
INSERT [dbo].[ambito_distrito] ([distrito_id], [ambito_id]) VALUES (1381, 1)
INSERT [dbo].[ambito_distrito] ([distrito_id], [ambito_id]) VALUES (1382, 1)
INSERT [dbo].[ambito_distrito] ([distrito_id], [ambito_id]) VALUES (1383, 1)
INSERT [dbo].[ambito_distrito] ([distrito_id], [ambito_id]) VALUES (1384, 1)
INSERT [dbo].[ambito_distrito] ([distrito_id], [ambito_id]) VALUES (1385, 1)
INSERT [dbo].[ambito_distrito] ([distrito_id], [ambito_id]) VALUES (1386, 1)
INSERT [dbo].[ambito_distrito] ([distrito_id], [ambito_id]) VALUES (1387, 1)
INSERT [dbo].[ambito_distrito] ([distrito_id], [ambito_id]) VALUES (1388, 1)
INSERT [dbo].[ambito_distrito] ([distrito_id], [ambito_id]) VALUES (1389, 1)
INSERT [dbo].[ambito_distrito] ([distrito_id], [ambito_id]) VALUES (1390, 1)
INSERT [dbo].[ambito_distrito] ([distrito_id], [ambito_id]) VALUES (1391, 1)
INSERT [dbo].[ambito_distrito] ([distrito_id], [ambito_id]) VALUES (1392, 1)
INSERT [dbo].[ambito_distrito] ([distrito_id], [ambito_id]) VALUES (1393, 1)
INSERT [dbo].[ambito_distrito] ([distrito_id], [ambito_id]) VALUES (1394, 1)
INSERT [dbo].[ambito_distrito] ([distrito_id], [ambito_id]) VALUES (1395, 1)
INSERT [dbo].[ambito_distrito] ([distrito_id], [ambito_id]) VALUES (1396, 1)
INSERT [dbo].[ambito_distrito] ([distrito_id], [ambito_id]) VALUES (1397, 1)
INSERT [dbo].[ambito_distrito] ([distrito_id], [ambito_id]) VALUES (1398, 1)
INSERT [dbo].[ambito_distrito] ([distrito_id], [ambito_id]) VALUES (1399, 1)
INSERT [dbo].[ambito_distrito] ([distrito_id], [ambito_id]) VALUES (1400, 1)

INSERT [dbo].[ambito_distrito] ([distrito_id], [ambito_id]) VALUES (1401, 1)
INSERT [dbo].[ambito_distrito] ([distrito_id], [ambito_id]) VALUES (1402, 1)
INSERT [dbo].[ambito_distrito] ([distrito_id], [ambito_id]) VALUES (1403, 1)
INSERT [dbo].[ambito_distrito] ([distrito_id], [ambito_id]) VALUES (1404, 1)
INSERT [dbo].[ambito_distrito] ([distrito_id], [ambito_id]) VALUES (1405, 1)
INSERT [dbo].[ambito_distrito] ([distrito_id], [ambito_id]) VALUES (1406, 1)
INSERT [dbo].[ambito_distrito] ([distrito_id], [ambito_id]) VALUES (1407, 1)
INSERT [dbo].[ambito_distrito] ([distrito_id], [ambito_id]) VALUES (1408, 1)
INSERT [dbo].[ambito_distrito] ([distrito_id], [ambito_id]) VALUES (1409, 1)
INSERT [dbo].[ambito_distrito] ([distrito_id], [ambito_id]) VALUES (1410, 1)
INSERT [dbo].[ambito_distrito] ([distrito_id], [ambito_id]) VALUES (1411, 1)
INSERT [dbo].[ambito_distrito] ([distrito_id], [ambito_id]) VALUES (1412, 1)
INSERT [dbo].[ambito_distrito] ([distrito_id], [ambito_id]) VALUES (1413, 1)
INSERT [dbo].[ambito_distrito] ([distrito_id], [ambito_id]) VALUES (1414, 1)
INSERT [dbo].[ambito_distrito] ([distrito_id], [ambito_id]) VALUES (1415, 1)
INSERT [dbo].[ambito_distrito] ([distrito_id], [ambito_id]) VALUES (1416, 1)
INSERT [dbo].[ambito_distrito] ([distrito_id], [ambito_id]) VALUES (1417, 1)
INSERT [dbo].[ambito_distrito] ([distrito_id], [ambito_id]) VALUES (1418, 1)
INSERT [dbo].[ambito_distrito] ([distrito_id], [ambito_id]) VALUES (1419, 1)
INSERT [dbo].[ambito_distrito] ([distrito_id], [ambito_id]) VALUES (1420, 1)
INSERT [dbo].[ambito_distrito] ([distrito_id], [ambito_id]) VALUES (1421, 1)
INSERT [dbo].[ambito_distrito] ([distrito_id], [ambito_id]) VALUES (1422, 1)
INSERT [dbo].[ambito_distrito] ([distrito_id], [ambito_id]) VALUES (1423, 1)
INSERT [dbo].[ambito_distrito] ([distrito_id], [ambito_id]) VALUES (1424, 1)
INSERT [dbo].[ambito_distrito] ([distrito_id], [ambito_id]) VALUES (1425, 1)
INSERT [dbo].[ambito_distrito] ([distrito_id], [ambito_id]) VALUES (1426, 1)
INSERT [dbo].[ambito_distrito] ([distrito_id], [ambito_id]) VALUES (1427, 1)
INSERT [dbo].[ambito_distrito] ([distrito_id], [ambito_id]) VALUES (1428, 1)
INSERT [dbo].[ambito_distrito] ([distrito_id], [ambito_id]) VALUES (1429, 1)
INSERT [dbo].[ambito_distrito] ([distrito_id], [ambito_id]) VALUES (1430, 1)
INSERT [dbo].[ambito_distrito] ([distrito_id], [ambito_id]) VALUES (1431, 1)
INSERT [dbo].[ambito_distrito] ([distrito_id], [ambito_id]) VALUES (1432, 1)
INSERT [dbo].[ambito_distrito] ([distrito_id], [ambito_id]) VALUES (1433, 1)
INSERT [dbo].[ambito_distrito] ([distrito_id], [ambito_id]) VALUES (1434, 1)
INSERT [dbo].[ambito_distrito] ([distrito_id], [ambito_id]) VALUES (1435, 1)
INSERT [dbo].[ambito_distrito] ([distrito_id], [ambito_id]) VALUES (1436, 1)
INSERT [dbo].[ambito_distrito] ([distrito_id], [ambito_id]) VALUES (1437, 1)
INSERT [dbo].[ambito_distrito] ([distrito_id], [ambito_id]) VALUES (1438, 1)
INSERT [dbo].[ambito_distrito] ([distrito_id], [ambito_id]) VALUES (1439, 1)
INSERT [dbo].[ambito_distrito] ([distrito_id], [ambito_id]) VALUES (1440, 1)
INSERT [dbo].[ambito_distrito] ([distrito_id], [ambito_id]) VALUES (1441, 1)
INSERT [dbo].[ambito_distrito] ([distrito_id], [ambito_id]) VALUES (1442, 1)
INSERT [dbo].[ambito_distrito] ([distrito_id], [ambito_id]) VALUES (1443, 1)
INSERT [dbo].[ambito_distrito] ([distrito_id], [ambito_id]) VALUES (1444, 1)
INSERT [dbo].[ambito_distrito] ([distrito_id], [ambito_id]) VALUES (1445, 1)
INSERT [dbo].[ambito_distrito] ([distrito_id], [ambito_id]) VALUES (1446, 4)
INSERT [dbo].[ambito_distrito] ([distrito_id], [ambito_id]) VALUES (1447, 4)
INSERT [dbo].[ambito_distrito] ([distrito_id], [ambito_id]) VALUES (1448, 4)
INSERT [dbo].[ambito_distrito] ([distrito_id], [ambito_id]) VALUES (1449, 4)
INSERT [dbo].[ambito_distrito] ([distrito_id], [ambito_id]) VALUES (1450, 4)
INSERT [dbo].[ambito_distrito] ([distrito_id], [ambito_id]) VALUES (1451, 4)
INSERT [dbo].[ambito_distrito] ([distrito_id], [ambito_id]) VALUES (1452, 4)
INSERT [dbo].[ambito_distrito] ([distrito_id], [ambito_id]) VALUES (1453, 4)
INSERT [dbo].[ambito_distrito] ([distrito_id], [ambito_id]) VALUES (1454, 4)
INSERT [dbo].[ambito_distrito] ([distrito_id], [ambito_id]) VALUES (1455, 4)
INSERT [dbo].[ambito_distrito] ([distrito_id], [ambito_id]) VALUES (1456, 4)
INSERT [dbo].[ambito_distrito] ([distrito_id], [ambito_id]) VALUES (1457, 4)
INSERT [dbo].[ambito_distrito] ([distrito_id], [ambito_id]) VALUES (1458, 4)
INSERT [dbo].[ambito_distrito] ([distrito_id], [ambito_id]) VALUES (1459, 4)
INSERT [dbo].[ambito_distrito] ([distrito_id], [ambito_id]) VALUES (1460, 4)
INSERT [dbo].[ambito_distrito] ([distrito_id], [ambito_id]) VALUES (1461, 4)
INSERT [dbo].[ambito_distrito] ([distrito_id], [ambito_id]) VALUES (1462, 4)
INSERT [dbo].[ambito_distrito] ([distrito_id], [ambito_id]) VALUES (1463, 4)
INSERT [dbo].[ambito_distrito] ([distrito_id], [ambito_id]) VALUES (1464, 4)
INSERT [dbo].[ambito_distrito] ([distrito_id], [ambito_id]) VALUES (1465, 4)
INSERT [dbo].[ambito_distrito] ([distrito_id], [ambito_id]) VALUES (1466, 4)
INSERT [dbo].[ambito_distrito] ([distrito_id], [ambito_id]) VALUES (1467, 4)
INSERT [dbo].[ambito_distrito] ([distrito_id], [ambito_id]) VALUES (1468, 4)
INSERT [dbo].[ambito_distrito] ([distrito_id], [ambito_id]) VALUES (1469, 4)
INSERT [dbo].[ambito_distrito] ([distrito_id], [ambito_id]) VALUES (1470, 4)
INSERT [dbo].[ambito_distrito] ([distrito_id], [ambito_id]) VALUES (1471, 4)
INSERT [dbo].[ambito_distrito] ([distrito_id], [ambito_id]) VALUES (1472, 4)
INSERT [dbo].[ambito_distrito] ([distrito_id], [ambito_id]) VALUES (1473, 4)
INSERT [dbo].[ambito_distrito] ([distrito_id], [ambito_id]) VALUES (1474, 4)
INSERT [dbo].[ambito_distrito] ([distrito_id], [ambito_id]) VALUES (1475, 4)
INSERT [dbo].[ambito_distrito] ([distrito_id], [ambito_id]) VALUES (1476, 4)
INSERT [dbo].[ambito_distrito] ([distrito_id], [ambito_id]) VALUES (1477, 4)
INSERT [dbo].[ambito_distrito] ([distrito_id], [ambito_id]) VALUES (1478, 4)
INSERT [dbo].[ambito_distrito] ([distrito_id], [ambito_id]) VALUES (1479, 4)
INSERT [dbo].[ambito_distrito] ([distrito_id], [ambito_id]) VALUES (1480, 4)
INSERT [dbo].[ambito_distrito] ([distrito_id], [ambito_id]) VALUES (1481, 4)
INSERT [dbo].[ambito_distrito] ([distrito_id], [ambito_id]) VALUES (1482, 4)
INSERT [dbo].[ambito_distrito] ([distrito_id], [ambito_id]) VALUES (1483, 4)
INSERT [dbo].[ambito_distrito] ([distrito_id], [ambito_id]) VALUES (1484, 4)
INSERT [dbo].[ambito_distrito] ([distrito_id], [ambito_id]) VALUES (1485, 4)
INSERT [dbo].[ambito_distrito] ([distrito_id], [ambito_id]) VALUES (1486, 4)
INSERT [dbo].[ambito_distrito] ([distrito_id], [ambito_id]) VALUES (1487, 4)
INSERT [dbo].[ambito_distrito] ([distrito_id], [ambito_id]) VALUES (1488, 4)
INSERT [dbo].[ambito_distrito] ([distrito_id], [ambito_id]) VALUES (1489, 4)
INSERT [dbo].[ambito_distrito] ([distrito_id], [ambito_id]) VALUES (1490, 4)
INSERT [dbo].[ambito_distrito] ([distrito_id], [ambito_id]) VALUES (1491, 4)
INSERT [dbo].[ambito_distrito] ([distrito_id], [ambito_id]) VALUES (1492, 4)
INSERT [dbo].[ambito_distrito] ([distrito_id], [ambito_id]) VALUES (1493, 4)
INSERT [dbo].[ambito_distrito] ([distrito_id], [ambito_id]) VALUES (1494, 4)
INSERT [dbo].[ambito_distrito] ([distrito_id], [ambito_id]) VALUES (1495, 4)
INSERT [dbo].[ambito_distrito] ([distrito_id], [ambito_id]) VALUES (1496, 4)
INSERT [dbo].[ambito_distrito] ([distrito_id], [ambito_id]) VALUES (1497, 4)
INSERT [dbo].[ambito_distrito] ([distrito_id], [ambito_id]) VALUES (1498, 4)
INSERT [dbo].[ambito_distrito] ([distrito_id], [ambito_id]) VALUES (1499, 4)
INSERT [dbo].[ambito_distrito] ([distrito_id], [ambito_id]) VALUES (1500, 4)

INSERT [dbo].[ambito_distrito] ([distrito_id], [ambito_id]) VALUES (1501, 4)
INSERT [dbo].[ambito_distrito] ([distrito_id], [ambito_id]) VALUES (1502, 4)
INSERT [dbo].[ambito_distrito] ([distrito_id], [ambito_id]) VALUES (1503, 4)
INSERT [dbo].[ambito_distrito] ([distrito_id], [ambito_id]) VALUES (1504, 4)
INSERT [dbo].[ambito_distrito] ([distrito_id], [ambito_id]) VALUES (1505, 4)
INSERT [dbo].[ambito_distrito] ([distrito_id], [ambito_id]) VALUES (1506, 4)
INSERT [dbo].[ambito_distrito] ([distrito_id], [ambito_id]) VALUES (1507, 4)
INSERT [dbo].[ambito_distrito] ([distrito_id], [ambito_id]) VALUES (1508, 4)
INSERT [dbo].[ambito_distrito] ([distrito_id], [ambito_id]) VALUES (1509, 4)
INSERT [dbo].[ambito_distrito] ([distrito_id], [ambito_id]) VALUES (1510, 4)
INSERT [dbo].[ambito_distrito] ([distrito_id], [ambito_id]) VALUES (1511, 4)
INSERT [dbo].[ambito_distrito] ([distrito_id], [ambito_id]) VALUES (1512, 4)
INSERT [dbo].[ambito_distrito] ([distrito_id], [ambito_id]) VALUES (1513, 4)
INSERT [dbo].[ambito_distrito] ([distrito_id], [ambito_id]) VALUES (1514, 4)
INSERT [dbo].[ambito_distrito] ([distrito_id], [ambito_id]) VALUES (1515, 4)
INSERT [dbo].[ambito_distrito] ([distrito_id], [ambito_id]) VALUES (1516, 4)
INSERT [dbo].[ambito_distrito] ([distrito_id], [ambito_id]) VALUES (1517, 4)
INSERT [dbo].[ambito_distrito] ([distrito_id], [ambito_id]) VALUES (1518, 4)
INSERT [dbo].[ambito_distrito] ([distrito_id], [ambito_id]) VALUES (1519, 4)
INSERT [dbo].[ambito_distrito] ([distrito_id], [ambito_id]) VALUES (1520, 4)
INSERT [dbo].[ambito_distrito] ([distrito_id], [ambito_id]) VALUES (1521, 4)
INSERT [dbo].[ambito_distrito] ([distrito_id], [ambito_id]) VALUES (1522, 4)
INSERT [dbo].[ambito_distrito] ([distrito_id], [ambito_id]) VALUES (1523, 4)
INSERT [dbo].[ambito_distrito] ([distrito_id], [ambito_id]) VALUES (1524, 4)
INSERT [dbo].[ambito_distrito] ([distrito_id], [ambito_id]) VALUES (1525, 4)
INSERT [dbo].[ambito_distrito] ([distrito_id], [ambito_id]) VALUES (1526, 4)
INSERT [dbo].[ambito_distrito] ([distrito_id], [ambito_id]) VALUES (1527, 4)
INSERT [dbo].[ambito_distrito] ([distrito_id], [ambito_id]) VALUES (1528, 4)
INSERT [dbo].[ambito_distrito] ([distrito_id], [ambito_id]) VALUES (1529, 4)
INSERT [dbo].[ambito_distrito] ([distrito_id], [ambito_id]) VALUES (1530, 4)
INSERT [dbo].[ambito_distrito] ([distrito_id], [ambito_id]) VALUES (1531, 4)
INSERT [dbo].[ambito_distrito] ([distrito_id], [ambito_id]) VALUES (1532, 4)
INSERT [dbo].[ambito_distrito] ([distrito_id], [ambito_id]) VALUES (1533, 4)
INSERT [dbo].[ambito_distrito] ([distrito_id], [ambito_id]) VALUES (1534, 4)
INSERT [dbo].[ambito_distrito] ([distrito_id], [ambito_id]) VALUES (1535, 4)
INSERT [dbo].[ambito_distrito] ([distrito_id], [ambito_id]) VALUES (1536, 4)
INSERT [dbo].[ambito_distrito] ([distrito_id], [ambito_id]) VALUES (1537, 4)
INSERT [dbo].[ambito_distrito] ([distrito_id], [ambito_id]) VALUES (1538, 4)
INSERT [dbo].[ambito_distrito] ([distrito_id], [ambito_id]) VALUES (1539, 4)
INSERT [dbo].[ambito_distrito] ([distrito_id], [ambito_id]) VALUES (1540, 4)
INSERT [dbo].[ambito_distrito] ([distrito_id], [ambito_id]) VALUES (1541, 4)
INSERT [dbo].[ambito_distrito] ([distrito_id], [ambito_id]) VALUES (1542, 4)
INSERT [dbo].[ambito_distrito] ([distrito_id], [ambito_id]) VALUES (1543, 4)
INSERT [dbo].[ambito_distrito] ([distrito_id], [ambito_id]) VALUES (1544, 4)
INSERT [dbo].[ambito_distrito] ([distrito_id], [ambito_id]) VALUES (1545, 4)
INSERT [dbo].[ambito_distrito] ([distrito_id], [ambito_id]) VALUES (1546, 4)
INSERT [dbo].[ambito_distrito] ([distrito_id], [ambito_id]) VALUES (1547, 4)
INSERT [dbo].[ambito_distrito] ([distrito_id], [ambito_id]) VALUES (1548, 4)
INSERT [dbo].[ambito_distrito] ([distrito_id], [ambito_id]) VALUES (1549, 4)
INSERT [dbo].[ambito_distrito] ([distrito_id], [ambito_id]) VALUES (1550, 4)
INSERT [dbo].[ambito_distrito] ([distrito_id], [ambito_id]) VALUES (1551, 4)
INSERT [dbo].[ambito_distrito] ([distrito_id], [ambito_id]) VALUES (1552, 4)
INSERT [dbo].[ambito_distrito] ([distrito_id], [ambito_id]) VALUES (1553, 4)
INSERT [dbo].[ambito_distrito] ([distrito_id], [ambito_id]) VALUES (1554, 4)
INSERT [dbo].[ambito_distrito] ([distrito_id], [ambito_id]) VALUES (1555, 4)
INSERT [dbo].[ambito_distrito] ([distrito_id], [ambito_id]) VALUES (1556, 4)
INSERT [dbo].[ambito_distrito] ([distrito_id], [ambito_id]) VALUES (1557, 4)
INSERT [dbo].[ambito_distrito] ([distrito_id], [ambito_id]) VALUES (1558, 4)
INSERT [dbo].[ambito_distrito] ([distrito_id], [ambito_id]) VALUES (1559, 4)
INSERT [dbo].[ambito_distrito] ([distrito_id], [ambito_id]) VALUES (1560, 4)
INSERT [dbo].[ambito_distrito] ([distrito_id], [ambito_id]) VALUES (1561, 4)
INSERT [dbo].[ambito_distrito] ([distrito_id], [ambito_id]) VALUES (1562, 4)
INSERT [dbo].[ambito_distrito] ([distrito_id], [ambito_id]) VALUES (1563, 4)
INSERT [dbo].[ambito_distrito] ([distrito_id], [ambito_id]) VALUES (1564, 4)
INSERT [dbo].[ambito_distrito] ([distrito_id], [ambito_id]) VALUES (1565, 4)
INSERT [dbo].[ambito_distrito] ([distrito_id], [ambito_id]) VALUES (1566, 4)
INSERT [dbo].[ambito_distrito] ([distrito_id], [ambito_id]) VALUES (1567, 4)
INSERT [dbo].[ambito_distrito] ([distrito_id], [ambito_id]) VALUES (1568, 4)
INSERT [dbo].[ambito_distrito] ([distrito_id], [ambito_id]) VALUES (1569, 4)
INSERT [dbo].[ambito_distrito] ([distrito_id], [ambito_id]) VALUES (1570, 4)
INSERT [dbo].[ambito_distrito] ([distrito_id], [ambito_id]) VALUES (1571, 4)
INSERT [dbo].[ambito_distrito] ([distrito_id], [ambito_id]) VALUES (1572, 4)
INSERT [dbo].[ambito_distrito] ([distrito_id], [ambito_id]) VALUES (1573, 4)
INSERT [dbo].[ambito_distrito] ([distrito_id], [ambito_id]) VALUES (1574, 4)
INSERT [dbo].[ambito_distrito] ([distrito_id], [ambito_id]) VALUES (1575, 4)
INSERT [dbo].[ambito_distrito] ([distrito_id], [ambito_id]) VALUES (1576, 4)
INSERT [dbo].[ambito_distrito] ([distrito_id], [ambito_id]) VALUES (1577, 4)
INSERT [dbo].[ambito_distrito] ([distrito_id], [ambito_id]) VALUES (1578, 4)
INSERT [dbo].[ambito_distrito] ([distrito_id], [ambito_id]) VALUES (1579, 4)
INSERT [dbo].[ambito_distrito] ([distrito_id], [ambito_id]) VALUES (1580, 4)
INSERT [dbo].[ambito_distrito] ([distrito_id], [ambito_id]) VALUES (1581, 4)
INSERT [dbo].[ambito_distrito] ([distrito_id], [ambito_id]) VALUES (1582, 4)
INSERT [dbo].[ambito_distrito] ([distrito_id], [ambito_id]) VALUES (1583, 4)
INSERT [dbo].[ambito_distrito] ([distrito_id], [ambito_id]) VALUES (1584, 4)
INSERT [dbo].[ambito_distrito] ([distrito_id], [ambito_id]) VALUES (1585, 4)
INSERT [dbo].[ambito_distrito] ([distrito_id], [ambito_id]) VALUES (1586, 4)
INSERT [dbo].[ambito_distrito] ([distrito_id], [ambito_id]) VALUES (1587, 4)
INSERT [dbo].[ambito_distrito] ([distrito_id], [ambito_id]) VALUES (1588, 4)
INSERT [dbo].[ambito_distrito] ([distrito_id], [ambito_id]) VALUES (1589, 4)
INSERT [dbo].[ambito_distrito] ([distrito_id], [ambito_id]) VALUES (1590, 4)
INSERT [dbo].[ambito_distrito] ([distrito_id], [ambito_id]) VALUES (1591, 4)
INSERT [dbo].[ambito_distrito] ([distrito_id], [ambito_id]) VALUES (1592, 4)
INSERT [dbo].[ambito_distrito] ([distrito_id], [ambito_id]) VALUES (1593, 4)
INSERT [dbo].[ambito_distrito] ([distrito_id], [ambito_id]) VALUES (1594, 4)
INSERT [dbo].[ambito_distrito] ([distrito_id], [ambito_id]) VALUES (1595, 4)
INSERT [dbo].[ambito_distrito] ([distrito_id], [ambito_id]) VALUES (1596, 4)
INSERT [dbo].[ambito_distrito] ([distrito_id], [ambito_id]) VALUES (1597, 4)
INSERT [dbo].[ambito_distrito] ([distrito_id], [ambito_id]) VALUES (1598, 4)
INSERT [dbo].[ambito_distrito] ([distrito_id], [ambito_id]) VALUES (1599, 4)
INSERT [dbo].[ambito_distrito] ([distrito_id], [ambito_id]) VALUES (1600, 4)

INSERT [dbo].[ambito_distrito] ([distrito_id], [ambito_id]) VALUES (1601, 4)
INSERT [dbo].[ambito_distrito] ([distrito_id], [ambito_id]) VALUES (1602, 4)
INSERT [dbo].[ambito_distrito] ([distrito_id], [ambito_id]) VALUES (1603, 4)
INSERT [dbo].[ambito_distrito] ([distrito_id], [ambito_id]) VALUES (1604, 4)
INSERT [dbo].[ambito_distrito] ([distrito_id], [ambito_id]) VALUES (1605, 4)
INSERT [dbo].[ambito_distrito] ([distrito_id], [ambito_id]) VALUES (1606, 4)
INSERT [dbo].[ambito_distrito] ([distrito_id], [ambito_id]) VALUES (1607, 4)
INSERT [dbo].[ambito_distrito] ([distrito_id], [ambito_id]) VALUES (1608, 4)
INSERT [dbo].[ambito_distrito] ([distrito_id], [ambito_id]) VALUES (1609, 4)
INSERT [dbo].[ambito_distrito] ([distrito_id], [ambito_id]) VALUES (1610, 4)
INSERT [dbo].[ambito_distrito] ([distrito_id], [ambito_id]) VALUES (1611, 4)
INSERT [dbo].[ambito_distrito] ([distrito_id], [ambito_id]) VALUES (1612, 4)
INSERT [dbo].[ambito_distrito] ([distrito_id], [ambito_id]) VALUES (1613, 4)
INSERT [dbo].[ambito_distrito] ([distrito_id], [ambito_id]) VALUES (1614, 4)
INSERT [dbo].[ambito_distrito] ([distrito_id], [ambito_id]) VALUES (1615, 4)
INSERT [dbo].[ambito_distrito] ([distrito_id], [ambito_id]) VALUES (1616, 4)
INSERT [dbo].[ambito_distrito] ([distrito_id], [ambito_id]) VALUES (1617, 4)
INSERT [dbo].[ambito_distrito] ([distrito_id], [ambito_id]) VALUES (1618, 4)
INSERT [dbo].[ambito_distrito] ([distrito_id], [ambito_id]) VALUES (1619, 4)
INSERT [dbo].[ambito_distrito] ([distrito_id], [ambito_id]) VALUES (1620, 4)
INSERT [dbo].[ambito_distrito] ([distrito_id], [ambito_id]) VALUES (1621, 4)
INSERT [dbo].[ambito_distrito] ([distrito_id], [ambito_id]) VALUES (1622, 4)
INSERT [dbo].[ambito_distrito] ([distrito_id], [ambito_id]) VALUES (1623, 4)
INSERT [dbo].[ambito_distrito] ([distrito_id], [ambito_id]) VALUES (1624, 4)
INSERT [dbo].[ambito_distrito] ([distrito_id], [ambito_id]) VALUES (1625, 4)
INSERT [dbo].[ambito_distrito] ([distrito_id], [ambito_id]) VALUES (1626, 4)
INSERT [dbo].[ambito_distrito] ([distrito_id], [ambito_id]) VALUES (1627, 4)
INSERT [dbo].[ambito_distrito] ([distrito_id], [ambito_id]) VALUES (1628, 4)
INSERT [dbo].[ambito_distrito] ([distrito_id], [ambito_id]) VALUES (1629, 4)
INSERT [dbo].[ambito_distrito] ([distrito_id], [ambito_id]) VALUES (1630, 4)
INSERT [dbo].[ambito_distrito] ([distrito_id], [ambito_id]) VALUES (1631, 4)
INSERT [dbo].[ambito_distrito] ([distrito_id], [ambito_id]) VALUES (1632, 4)
INSERT [dbo].[ambito_distrito] ([distrito_id], [ambito_id]) VALUES (1633, 4)
INSERT [dbo].[ambito_distrito] ([distrito_id], [ambito_id]) VALUES (1634, 4)
INSERT [dbo].[ambito_distrito] ([distrito_id], [ambito_id]) VALUES (1635, 4)
INSERT [dbo].[ambito_distrito] ([distrito_id], [ambito_id]) VALUES (1636, 4)
INSERT [dbo].[ambito_distrito] ([distrito_id], [ambito_id]) VALUES (1637, 4)
INSERT [dbo].[ambito_distrito] ([distrito_id], [ambito_id]) VALUES (1638, 4)
INSERT [dbo].[ambito_distrito] ([distrito_id], [ambito_id]) VALUES (1639, 4)
INSERT [dbo].[ambito_distrito] ([distrito_id], [ambito_id]) VALUES (1640, 4)
INSERT [dbo].[ambito_distrito] ([distrito_id], [ambito_id]) VALUES (1641, 4)
INSERT [dbo].[ambito_distrito] ([distrito_id], [ambito_id]) VALUES (1642, 4)
INSERT [dbo].[ambito_distrito] ([distrito_id], [ambito_id]) VALUES (1643, 4)
INSERT [dbo].[ambito_distrito] ([distrito_id], [ambito_id]) VALUES (1644, 4)
INSERT [dbo].[ambito_distrito] ([distrito_id], [ambito_id]) VALUES (1645, 4)
INSERT [dbo].[ambito_distrito] ([distrito_id], [ambito_id]) VALUES (1646, 4)
INSERT [dbo].[ambito_distrito] ([distrito_id], [ambito_id]) VALUES (1647, 4)
INSERT [dbo].[ambito_distrito] ([distrito_id], [ambito_id]) VALUES (1648, 4)
INSERT [dbo].[ambito_distrito] ([distrito_id], [ambito_id]) VALUES (1649, 4)
INSERT [dbo].[ambito_distrito] ([distrito_id], [ambito_id]) VALUES (1650, 4)
INSERT [dbo].[ambito_distrito] ([distrito_id], [ambito_id]) VALUES (1651, 4)
INSERT [dbo].[ambito_distrito] ([distrito_id], [ambito_id]) VALUES (1652, 4)
INSERT [dbo].[ambito_distrito] ([distrito_id], [ambito_id]) VALUES (1653, 4)
INSERT [dbo].[ambito_distrito] ([distrito_id], [ambito_id]) VALUES (1654, 4)
INSERT [dbo].[ambito_distrito] ([distrito_id], [ambito_id]) VALUES (1655, 4)
INSERT [dbo].[ambito_distrito] ([distrito_id], [ambito_id]) VALUES (1656, 4)
INSERT [dbo].[ambito_distrito] ([distrito_id], [ambito_id]) VALUES (1657, 4)
INSERT [dbo].[ambito_distrito] ([distrito_id], [ambito_id]) VALUES (1658, 4)
INSERT [dbo].[ambito_distrito] ([distrito_id], [ambito_id]) VALUES (1659, 4)
INSERT [dbo].[ambito_distrito] ([distrito_id], [ambito_id]) VALUES (1660, 4)
INSERT [dbo].[ambito_distrito] ([distrito_id], [ambito_id]) VALUES (1661, 4)
INSERT [dbo].[ambito_distrito] ([distrito_id], [ambito_id]) VALUES (1662, 4)
INSERT [dbo].[ambito_distrito] ([distrito_id], [ambito_id]) VALUES (1663, 4)
INSERT [dbo].[ambito_distrito] ([distrito_id], [ambito_id]) VALUES (1664, 4)
INSERT [dbo].[ambito_distrito] ([distrito_id], [ambito_id]) VALUES (1665, 4)
INSERT [dbo].[ambito_distrito] ([distrito_id], [ambito_id]) VALUES (1666, 4)
INSERT [dbo].[ambito_distrito] ([distrito_id], [ambito_id]) VALUES (1667, 4)
INSERT [dbo].[ambito_distrito] ([distrito_id], [ambito_id]) VALUES (1668, 4)
INSERT [dbo].[ambito_distrito] ([distrito_id], [ambito_id]) VALUES (1669, 4)
INSERT [dbo].[ambito_distrito] ([distrito_id], [ambito_id]) VALUES (1670, 4)
INSERT [dbo].[ambito_distrito] ([distrito_id], [ambito_id]) VALUES (1671, 4)
INSERT [dbo].[ambito_distrito] ([distrito_id], [ambito_id]) VALUES (1672, 4)
INSERT [dbo].[ambito_distrito] ([distrito_id], [ambito_id]) VALUES (1673, 4)
INSERT [dbo].[ambito_distrito] ([distrito_id], [ambito_id]) VALUES (1674, 4)
INSERT [dbo].[ambito_distrito] ([distrito_id], [ambito_id]) VALUES (1675, 4)
INSERT [dbo].[ambito_distrito] ([distrito_id], [ambito_id]) VALUES (1676, 4)
INSERT [dbo].[ambito_distrito] ([distrito_id], [ambito_id]) VALUES (1677, 4)
INSERT [dbo].[ambito_distrito] ([distrito_id], [ambito_id]) VALUES (1678, 4)
INSERT [dbo].[ambito_distrito] ([distrito_id], [ambito_id]) VALUES (1679, 4)
INSERT [dbo].[ambito_distrito] ([distrito_id], [ambito_id]) VALUES (1680, 4)
INSERT [dbo].[ambito_distrito] ([distrito_id], [ambito_id]) VALUES (1681, 4)
INSERT [dbo].[ambito_distrito] ([distrito_id], [ambito_id]) VALUES (1682, 4)
INSERT [dbo].[ambito_distrito] ([distrito_id], [ambito_id]) VALUES (1683, 4)
INSERT [dbo].[ambito_distrito] ([distrito_id], [ambito_id]) VALUES (1684, 4)
INSERT [dbo].[ambito_distrito] ([distrito_id], [ambito_id]) VALUES (1685, 4)
INSERT [dbo].[ambito_distrito] ([distrito_id], [ambito_id]) VALUES (1686, 4)
INSERT [dbo].[ambito_distrito] ([distrito_id], [ambito_id]) VALUES (1687, 4)
INSERT [dbo].[ambito_distrito] ([distrito_id], [ambito_id]) VALUES (1688, 4)
INSERT [dbo].[ambito_distrito] ([distrito_id], [ambito_id]) VALUES (1689, 4)
INSERT [dbo].[ambito_distrito] ([distrito_id], [ambito_id]) VALUES (1690, 4)
INSERT [dbo].[ambito_distrito] ([distrito_id], [ambito_id]) VALUES (1691, 4)
INSERT [dbo].[ambito_distrito] ([distrito_id], [ambito_id]) VALUES (1692, 4)
INSERT [dbo].[ambito_distrito] ([distrito_id], [ambito_id]) VALUES (1693, 4)
INSERT [dbo].[ambito_distrito] ([distrito_id], [ambito_id]) VALUES (1694, 4)
INSERT [dbo].[ambito_distrito] ([distrito_id], [ambito_id]) VALUES (1695, 4)
INSERT [dbo].[ambito_distrito] ([distrito_id], [ambito_id]) VALUES (1696, 4)
INSERT [dbo].[ambito_distrito] ([distrito_id], [ambito_id]) VALUES (1697, 4)
INSERT [dbo].[ambito_distrito] ([distrito_id], [ambito_id]) VALUES (1698, 4)
INSERT [dbo].[ambito_distrito] ([distrito_id], [ambito_id]) VALUES (1699, 4)
INSERT [dbo].[ambito_distrito] ([distrito_id], [ambito_id]) VALUES (1700, 4)

INSERT [dbo].[ambito_distrito] ([distrito_id], [ambito_id]) VALUES (1701, 4)
INSERT [dbo].[ambito_distrito] ([distrito_id], [ambito_id]) VALUES (1702, 4)
INSERT [dbo].[ambito_distrito] ([distrito_id], [ambito_id]) VALUES (1703, 4)
INSERT [dbo].[ambito_distrito] ([distrito_id], [ambito_id]) VALUES (1704, 4)
INSERT [dbo].[ambito_distrito] ([distrito_id], [ambito_id]) VALUES (1705, 4)
INSERT [dbo].[ambito_distrito] ([distrito_id], [ambito_id]) VALUES (1706, 4)
INSERT [dbo].[ambito_distrito] ([distrito_id], [ambito_id]) VALUES (1707, 4)
INSERT [dbo].[ambito_distrito] ([distrito_id], [ambito_id]) VALUES (1708, 4)
INSERT [dbo].[ambito_distrito] ([distrito_id], [ambito_id]) VALUES (1709, 4)
INSERT [dbo].[ambito_distrito] ([distrito_id], [ambito_id]) VALUES (1710, 4)
INSERT [dbo].[ambito_distrito] ([distrito_id], [ambito_id]) VALUES (1711, 4)
INSERT [dbo].[ambito_distrito] ([distrito_id], [ambito_id]) VALUES (1712, 4)
INSERT [dbo].[ambito_distrito] ([distrito_id], [ambito_id]) VALUES (1713, 4)
INSERT [dbo].[ambito_distrito] ([distrito_id], [ambito_id]) VALUES (1714, 4)
INSERT [dbo].[ambito_distrito] ([distrito_id], [ambito_id]) VALUES (1715, 4)
INSERT [dbo].[ambito_distrito] ([distrito_id], [ambito_id]) VALUES (1716, 4)
INSERT [dbo].[ambito_distrito] ([distrito_id], [ambito_id]) VALUES (1717, 4)
INSERT [dbo].[ambito_distrito] ([distrito_id], [ambito_id]) VALUES (1718, 4)
INSERT [dbo].[ambito_distrito] ([distrito_id], [ambito_id]) VALUES (1719, 4)
INSERT [dbo].[ambito_distrito] ([distrito_id], [ambito_id]) VALUES (1720, 4)
INSERT [dbo].[ambito_distrito] ([distrito_id], [ambito_id]) VALUES (1721, 4)
INSERT [dbo].[ambito_distrito] ([distrito_id], [ambito_id]) VALUES (1722, 4)
INSERT [dbo].[ambito_distrito] ([distrito_id], [ambito_id]) VALUES (1723, 4)
INSERT [dbo].[ambito_distrito] ([distrito_id], [ambito_id]) VALUES (1724, 4)
INSERT [dbo].[ambito_distrito] ([distrito_id], [ambito_id]) VALUES (1725, 4)
INSERT [dbo].[ambito_distrito] ([distrito_id], [ambito_id]) VALUES (1726, 4)
INSERT [dbo].[ambito_distrito] ([distrito_id], [ambito_id]) VALUES (1727, 4)
INSERT [dbo].[ambito_distrito] ([distrito_id], [ambito_id]) VALUES (1728, 4)
INSERT [dbo].[ambito_distrito] ([distrito_id], [ambito_id]) VALUES (1729, 4)
INSERT [dbo].[ambito_distrito] ([distrito_id], [ambito_id]) VALUES (1730, 4)
INSERT [dbo].[ambito_distrito] ([distrito_id], [ambito_id]) VALUES (1731, 4)
INSERT [dbo].[ambito_distrito] ([distrito_id], [ambito_id]) VALUES (1732, 4)
INSERT [dbo].[ambito_distrito] ([distrito_id], [ambito_id]) VALUES (1733, 4)
INSERT [dbo].[ambito_distrito] ([distrito_id], [ambito_id]) VALUES (1734, 4)
INSERT [dbo].[ambito_distrito] ([distrito_id], [ambito_id]) VALUES (1735, 4)
INSERT [dbo].[ambito_distrito] ([distrito_id], [ambito_id]) VALUES (1736, 4)
INSERT [dbo].[ambito_distrito] ([distrito_id], [ambito_id]) VALUES (1737, 4)
INSERT [dbo].[ambito_distrito] ([distrito_id], [ambito_id]) VALUES (1738, 4)
INSERT [dbo].[ambito_distrito] ([distrito_id], [ambito_id]) VALUES (1739, 4)
INSERT [dbo].[ambito_distrito] ([distrito_id], [ambito_id]) VALUES (1740, 4)
INSERT [dbo].[ambito_distrito] ([distrito_id], [ambito_id]) VALUES (1741, 4)
INSERT [dbo].[ambito_distrito] ([distrito_id], [ambito_id]) VALUES (1742, 4)
INSERT [dbo].[ambito_distrito] ([distrito_id], [ambito_id]) VALUES (1743, 4)
INSERT [dbo].[ambito_distrito] ([distrito_id], [ambito_id]) VALUES (1744, 4)
INSERT [dbo].[ambito_distrito] ([distrito_id], [ambito_id]) VALUES (1745, 4)
INSERT [dbo].[ambito_distrito] ([distrito_id], [ambito_id]) VALUES (1746, 4)
INSERT [dbo].[ambito_distrito] ([distrito_id], [ambito_id]) VALUES (1747, 4)
INSERT [dbo].[ambito_distrito] ([distrito_id], [ambito_id]) VALUES (1748, 4)
INSERT [dbo].[ambito_distrito] ([distrito_id], [ambito_id]) VALUES (1749, 4)
INSERT [dbo].[ambito_distrito] ([distrito_id], [ambito_id]) VALUES (1750, 4)
INSERT [dbo].[ambito_distrito] ([distrito_id], [ambito_id]) VALUES (1751, 4)
INSERT [dbo].[ambito_distrito] ([distrito_id], [ambito_id]) VALUES (1752, 4)
INSERT [dbo].[ambito_distrito] ([distrito_id], [ambito_id]) VALUES (1753, 4)
INSERT [dbo].[ambito_distrito] ([distrito_id], [ambito_id]) VALUES (1754, 4)
INSERT [dbo].[ambito_distrito] ([distrito_id], [ambito_id]) VALUES (1755, 4)
INSERT [dbo].[ambito_distrito] ([distrito_id], [ambito_id]) VALUES (1756, 4)
INSERT [dbo].[ambito_distrito] ([distrito_id], [ambito_id]) VALUES (1757, 4)
INSERT [dbo].[ambito_distrito] ([distrito_id], [ambito_id]) VALUES (1758, 4)
INSERT [dbo].[ambito_distrito] ([distrito_id], [ambito_id]) VALUES (1759, 4)
INSERT [dbo].[ambito_distrito] ([distrito_id], [ambito_id]) VALUES (1760, 4)
INSERT [dbo].[ambito_distrito] ([distrito_id], [ambito_id]) VALUES (1761, 4)
INSERT [dbo].[ambito_distrito] ([distrito_id], [ambito_id]) VALUES (1762, 4)
INSERT [dbo].[ambito_distrito] ([distrito_id], [ambito_id]) VALUES (1763, 4)
INSERT [dbo].[ambito_distrito] ([distrito_id], [ambito_id]) VALUES (1764, 4)
INSERT [dbo].[ambito_distrito] ([distrito_id], [ambito_id]) VALUES (1765, 4)
INSERT [dbo].[ambito_distrito] ([distrito_id], [ambito_id]) VALUES (1766, 4)
INSERT [dbo].[ambito_distrito] ([distrito_id], [ambito_id]) VALUES (1767, 4)
INSERT [dbo].[ambito_distrito] ([distrito_id], [ambito_id]) VALUES (1768, 4)
INSERT [dbo].[ambito_distrito] ([distrito_id], [ambito_id]) VALUES (1769, 4)
INSERT [dbo].[ambito_distrito] ([distrito_id], [ambito_id]) VALUES (1770, 4)
INSERT [dbo].[ambito_distrito] ([distrito_id], [ambito_id]) VALUES (1771, 4)
INSERT [dbo].[ambito_distrito] ([distrito_id], [ambito_id]) VALUES (1772, 4)
INSERT [dbo].[ambito_distrito] ([distrito_id], [ambito_id]) VALUES (1773, 4)
INSERT [dbo].[ambito_distrito] ([distrito_id], [ambito_id]) VALUES (1774, 4)
INSERT [dbo].[ambito_distrito] ([distrito_id], [ambito_id]) VALUES (1775, 4)
INSERT [dbo].[ambito_distrito] ([distrito_id], [ambito_id]) VALUES (1776, 4)
INSERT [dbo].[ambito_distrito] ([distrito_id], [ambito_id]) VALUES (1777, 4)
INSERT [dbo].[ambito_distrito] ([distrito_id], [ambito_id]) VALUES (1778, 4)
INSERT [dbo].[ambito_distrito] ([distrito_id], [ambito_id]) VALUES (1779, 4)
INSERT [dbo].[ambito_distrito] ([distrito_id], [ambito_id]) VALUES (1780, 4)
INSERT [dbo].[ambito_distrito] ([distrito_id], [ambito_id]) VALUES (1781, 4)
INSERT [dbo].[ambito_distrito] ([distrito_id], [ambito_id]) VALUES (1782, 4)
INSERT [dbo].[ambito_distrito] ([distrito_id], [ambito_id]) VALUES (1783, 4)
INSERT [dbo].[ambito_distrito] ([distrito_id], [ambito_id]) VALUES (1784, 4)
INSERT [dbo].[ambito_distrito] ([distrito_id], [ambito_id]) VALUES (1785, 4)
INSERT [dbo].[ambito_distrito] ([distrito_id], [ambito_id]) VALUES (1786, 4)
INSERT [dbo].[ambito_distrito] ([distrito_id], [ambito_id]) VALUES (1787, 4)
INSERT [dbo].[ambito_distrito] ([distrito_id], [ambito_id]) VALUES (1788, 4)
INSERT [dbo].[ambito_distrito] ([distrito_id], [ambito_id]) VALUES (1789, 4)
INSERT [dbo].[ambito_distrito] ([distrito_id], [ambito_id]) VALUES (1790, 4)
INSERT [dbo].[ambito_distrito] ([distrito_id], [ambito_id]) VALUES (1791, 4)
INSERT [dbo].[ambito_distrito] ([distrito_id], [ambito_id]) VALUES (1792, 4)
INSERT [dbo].[ambito_distrito] ([distrito_id], [ambito_id]) VALUES (1793, 4)
INSERT [dbo].[ambito_distrito] ([distrito_id], [ambito_id]) VALUES (1794, 4)
INSERT [dbo].[ambito_distrito] ([distrito_id], [ambito_id]) VALUES (1795, 4)
INSERT [dbo].[ambito_distrito] ([distrito_id], [ambito_id]) VALUES (1796, 4)
INSERT [dbo].[ambito_distrito] ([distrito_id], [ambito_id]) VALUES (1797, 4)
INSERT [dbo].[ambito_distrito] ([distrito_id], [ambito_id]) VALUES (1798, 4)
INSERT [dbo].[ambito_distrito] ([distrito_id], [ambito_id]) VALUES (1799, 4)
INSERT [dbo].[ambito_distrito] ([distrito_id], [ambito_id]) VALUES (1800, 4)

INSERT [dbo].[ambito_distrito] ([distrito_id], [ambito_id]) VALUES (1801, 4)
INSERT [dbo].[ambito_distrito] ([distrito_id], [ambito_id]) VALUES (1802, 4)
INSERT [dbo].[ambito_distrito] ([distrito_id], [ambito_id]) VALUES (1803, 4)
INSERT [dbo].[ambito_distrito] ([distrito_id], [ambito_id]) VALUES (1804, 4)
INSERT [dbo].[ambito_distrito] ([distrito_id], [ambito_id]) VALUES (1805, 4)
INSERT [dbo].[ambito_distrito] ([distrito_id], [ambito_id]) VALUES (1806, 4)
INSERT [dbo].[ambito_distrito] ([distrito_id], [ambito_id]) VALUES (1807, 4)
INSERT [dbo].[ambito_distrito] ([distrito_id], [ambito_id]) VALUES (1808, 4)
INSERT [dbo].[ambito_distrito] ([distrito_id], [ambito_id]) VALUES (1809, 4)
INSERT [dbo].[ambito_distrito] ([distrito_id], [ambito_id]) VALUES (1810, 4)
INSERT [dbo].[ambito_distrito] ([distrito_id], [ambito_id]) VALUES (1811, 4)
INSERT [dbo].[ambito_distrito] ([distrito_id], [ambito_id]) VALUES (1812, 4)
INSERT [dbo].[ambito_distrito] ([distrito_id], [ambito_id]) VALUES (1813, 4)
INSERT [dbo].[ambito_distrito] ([distrito_id], [ambito_id]) VALUES (1814, 4)
INSERT [dbo].[ambito_distrito] ([distrito_id], [ambito_id]) VALUES (1815, 4)
INSERT [dbo].[ambito_distrito] ([distrito_id], [ambito_id]) VALUES (1816, 4)
INSERT [dbo].[ambito_distrito] ([distrito_id], [ambito_id]) VALUES (1817, 4)
INSERT [dbo].[ambito_distrito] ([distrito_id], [ambito_id]) VALUES (1818, 4)
INSERT [dbo].[ambito_distrito] ([distrito_id], [ambito_id]) VALUES (1819, 4)
INSERT [dbo].[ambito_distrito] ([distrito_id], [ambito_id]) VALUES (1820, 4)
INSERT [dbo].[ambito_distrito] ([distrito_id], [ambito_id]) VALUES (1821, 4)
INSERT [dbo].[ambito_distrito] ([distrito_id], [ambito_id]) VALUES (1822, 4)
INSERT [dbo].[ambito_distrito] ([distrito_id], [ambito_id]) VALUES (1823, 4)
INSERT [dbo].[ambito_distrito] ([distrito_id], [ambito_id]) VALUES (1824, 4)
INSERT [dbo].[ambito_distrito] ([distrito_id], [ambito_id]) VALUES (1825, 4)
INSERT [dbo].[ambito_distrito] ([distrito_id], [ambito_id]) VALUES (1826, 4)
INSERT [dbo].[ambito_distrito] ([distrito_id], [ambito_id]) VALUES (1827, 4)
INSERT [dbo].[ambito_distrito] ([distrito_id], [ambito_id]) VALUES (1828, 4)
INSERT [dbo].[ambito_distrito] ([distrito_id], [ambito_id]) VALUES (1829, 4)
INSERT [dbo].[ambito_distrito] ([distrito_id], [ambito_id]) VALUES (1830, 4)
INSERT [dbo].[ambito_distrito] ([distrito_id], [ambito_id]) VALUES (1831, 4)
INSERT [dbo].[ambito_distrito] ([distrito_id], [ambito_id]) VALUES (1832, 4)
INSERT [dbo].[ambito_distrito] ([distrito_id], [ambito_id]) VALUES (1833, 4)
INSERT [dbo].[ambito_distrito] ([distrito_id], [ambito_id]) VALUES (1834, 4)
INSERT [dbo].[ambito_distrito] ([distrito_id], [ambito_id]) VALUES (1835, 4)
INSERT [dbo].[ambito_distrito] ([distrito_id], [ambito_id]) VALUES (1836, 4)
INSERT [dbo].[ambito_distrito] ([distrito_id], [ambito_id]) VALUES (1837, 4)
INSERT [dbo].[ambito_distrito] ([distrito_id], [ambito_id]) VALUES (1838, 4)
INSERT [dbo].[ambito_distrito] ([distrito_id], [ambito_id]) VALUES (1839, 4)
INSERT [dbo].[ambito_distrito] ([distrito_id], [ambito_id]) VALUES (1840, 4)
INSERT [dbo].[ambito_distrito] ([distrito_id], [ambito_id]) VALUES (1841, 4)
INSERT [dbo].[ambito_distrito] ([distrito_id], [ambito_id]) VALUES (1842, 4)
INSERT [dbo].[ambito_distrito] ([distrito_id], [ambito_id]) VALUES (1843, 4)
INSERT [dbo].[ambito_distrito] ([distrito_id], [ambito_id]) VALUES (1844, 4)
INSERT [dbo].[ambito_distrito] ([distrito_id], [ambito_id]) VALUES (1845, 4)
INSERT [dbo].[ambito_distrito] ([distrito_id], [ambito_id]) VALUES (1846, 4)
INSERT [dbo].[ambito_distrito] ([distrito_id], [ambito_id]) VALUES (1847, 4)
INSERT [dbo].[ambito_distrito] ([distrito_id], [ambito_id]) VALUES (1848, 4)
INSERT [dbo].[ambito_distrito] ([distrito_id], [ambito_id]) VALUES (1849, 4)
INSERT [dbo].[ambito_distrito] ([distrito_id], [ambito_id]) VALUES (1850, 4)
INSERT [dbo].[ambito_distrito] ([distrito_id], [ambito_id]) VALUES (1851, 4)
INSERT [dbo].[ambito_distrito] ([distrito_id], [ambito_id]) VALUES (1852, 4)
INSERT [dbo].[ambito_distrito] ([distrito_id], [ambito_id]) VALUES (1853, 4)
INSERT [dbo].[ambito_distrito] ([distrito_id], [ambito_id]) VALUES (1854, 4)
INSERT [dbo].[ambito_distrito] ([distrito_id], [ambito_id]) VALUES (1855, 4)
INSERT [dbo].[ambito_distrito] ([distrito_id], [ambito_id]) VALUES (1856, 4)
INSERT [dbo].[ambito_distrito] ([distrito_id], [ambito_id]) VALUES (1857, 4)
INSERT [dbo].[ambito_distrito] ([distrito_id], [ambito_id]) VALUES (1858, 4)
INSERT [dbo].[ambito_distrito] ([distrito_id], [ambito_id]) VALUES (1859, 4)
INSERT [dbo].[ambito_distrito] ([distrito_id], [ambito_id]) VALUES (1860, 4)
INSERT [dbo].[ambito_distrito] ([distrito_id], [ambito_id]) VALUES (1861, 4)
INSERT [dbo].[ambito_distrito] ([distrito_id], [ambito_id]) VALUES (1862, 4)
INSERT [dbo].[ambito_distrito] ([distrito_id], [ambito_id]) VALUES (1863, 4)
INSERT [dbo].[ambito_distrito] ([distrito_id], [ambito_id]) VALUES (1864, 4)
INSERT [dbo].[ambito_distrito] ([distrito_id], [ambito_id]) VALUES (1865, 4)
INSERT [dbo].[ambito_distrito] ([distrito_id], [ambito_id]) VALUES (1866, 4)
INSERT [dbo].[ambito_distrito] ([distrito_id], [ambito_id]) VALUES (1867, 4)





