USE [db_externa_core]

SET IDENTITY_INSERT [dbo].[tipo_plazo_distribucion] ON 

INSERT [dbo].[tipo_plazo_distribucion] ([tipo_plazo_distribucion_id], [nombre]) VALUES (1,'REGULAR')
INSERT [dbo].[tipo_plazo_distribucion] ([tipo_plazo_distribucion_id], [nombre]) VALUES (2,'ESPECIAL')
SET IDENTITY_INSERT [dbo].[tipo_plazo_distribucion] OFF
SET IDENTITY_INSERT [dbo].[plazo_distribucion] ON 

INSERT [dbo].[plazo_distribucion] ([plazo_distribucion_id], [nombre], [tiempo_envio], [tipo_plazo_distribucion_id], [activo]) VALUES (1,'ESTÁNDAR', 96, 1, 1)
INSERT [dbo].[plazo_distribucion] ([plazo_distribucion_id], [nombre], [tiempo_envio], [tipo_plazo_distribucion_id], [activo]) VALUES (2,'72 HORAS', 72, 2, 1)
INSERT [dbo].[plazo_distribucion] ([plazo_distribucion_id], [nombre], [tiempo_envio], [tipo_plazo_distribucion_id], [activo]) VALUES (3,'48 HORAS', 48, 2, 1)
INSERT [dbo].[plazo_distribucion] ([plazo_distribucion_id], [nombre], [tiempo_envio], [tipo_plazo_distribucion_id], [activo]) VALUES (4,'24 HORAS', 24, 2, 1)
SET IDENTITY_INSERT [dbo].[plazo_distribucion] OFF
SET IDENTITY_INSERT [dbo].[tipo_seguridad] ON 

INSERT [dbo].[tipo_seguridad] ([tipo_seguridad_id], [nombre], [activo]) VALUES (1,'SIN GPS', 1)
INSERT [dbo].[tipo_seguridad] ([tipo_seguridad_id], [nombre], [activo]) VALUES (2,'GPS BÁSICO', 1)
SET IDENTITY_INSERT [dbo].[tipo_seguridad] OFF
SET IDENTITY_INSERT [dbo].[tipo_servicio] ON 

INSERT [dbo].[tipo_servicio] ([tipo_servicio_id], [nombre], [activo]) VALUES (1,'DISTRIBUCIÓN', 1)
SET IDENTITY_INSERT [dbo].[tipo_servicio] OFF
SET IDENTITY_INSERT [dbo].[envio] ON 

INSERT [dbo].[envio] ([envio_id], [autorizado], [buzon_id], [ruta_autorizacion], [sede_id], [tipo_documento_id], [plazo_distribucion_id], [tipo_seguridad_id], [tipo_servicio_id]) VALUES (1, 1, 5, NULL, 3, 1, 1, 1, 1)
INSERT [dbo].[envio] ([envio_id], [autorizado], [buzon_id], [ruta_autorizacion], [sede_id], [tipo_documento_id], [plazo_distribucion_id], [tipo_seguridad_id], [tipo_servicio_id]) VALUES (2, 1, 5, NULL, 3, 1, 1, 1, 1)
INSERT [dbo].[envio] ([envio_id], [autorizado], [buzon_id], [ruta_autorizacion], [sede_id], [tipo_documento_id], [plazo_distribucion_id], [tipo_seguridad_id], [tipo_servicio_id]) VALUES (3, 1, 5, NULL, 3, 1, 1, 1, 1)
INSERT [dbo].[envio] ([envio_id], [autorizado], [buzon_id], [ruta_autorizacion], [sede_id], [tipo_documento_id], [plazo_distribucion_id], [tipo_seguridad_id], [tipo_servicio_id]) VALUES (4, 1, 5, NULL, 3, 1, 1, 1, 1)
INSERT [dbo].[envio] ([envio_id], [autorizado], [buzon_id], [ruta_autorizacion], [sede_id], [tipo_documento_id], [plazo_distribucion_id], [tipo_seguridad_id], [tipo_servicio_id]) VALUES (5, 1, 5, NULL, 3, 1, 1, 1, 1)
INSERT [dbo].[envio] ([envio_id], [autorizado], [buzon_id], [ruta_autorizacion], [sede_id], [tipo_documento_id], [plazo_distribucion_id], [tipo_seguridad_id], [tipo_servicio_id]) VALUES (6, 1, 5, NULL, 3, 1, 1, 1, 1)
INSERT [dbo].[envio] ([envio_id], [autorizado], [buzon_id], [ruta_autorizacion], [sede_id], [tipo_documento_id], [plazo_distribucion_id], [tipo_seguridad_id], [tipo_servicio_id]) VALUES (7, 1, 5, NULL, 3, 1, 1, 1, 1)
INSERT [dbo].[envio] ([envio_id], [autorizado], [buzon_id], [ruta_autorizacion], [sede_id], [tipo_documento_id], [plazo_distribucion_id], [tipo_seguridad_id], [tipo_servicio_id]) VALUES (8, 1, 5, NULL, 3, 1, 1, 1, 1)
INSERT [dbo].[envio] ([envio_id], [autorizado], [buzon_id], [ruta_autorizacion], [sede_id], [tipo_documento_id], [plazo_distribucion_id], [tipo_seguridad_id], [tipo_servicio_id]) VALUES (9, 1, 5, NULL, 3, 1, 1, 1, 1)
INSERT [dbo].[envio] ([envio_id], [autorizado], [buzon_id], [ruta_autorizacion], [sede_id], [tipo_documento_id], [plazo_distribucion_id], [tipo_seguridad_id], [tipo_servicio_id]) VALUES (10, 1, 5, NULL, 3, 1, 1, 1, 1)
INSERT [dbo].[envio] ([envio_id], [autorizado], [buzon_id], [ruta_autorizacion], [sede_id], [tipo_documento_id], [plazo_distribucion_id], [tipo_seguridad_id], [tipo_servicio_id]) VALUES (11, 1, 5, NULL, 3, 1, 2, 1, 1)
INSERT [dbo].[envio] ([envio_id], [autorizado], [buzon_id], [ruta_autorizacion], [sede_id], [tipo_documento_id], [plazo_distribucion_id], [tipo_seguridad_id], [tipo_servicio_id]) VALUES (12, 1, 5, NULL, 3, 1, 2, 1, 1)
INSERT [dbo].[envio] ([envio_id], [autorizado], [buzon_id], [ruta_autorizacion], [sede_id], [tipo_documento_id], [plazo_distribucion_id], [tipo_seguridad_id], [tipo_servicio_id]) VALUES (13, 1, 5, NULL, 3, 1, 2, 1, 1)
INSERT [dbo].[envio] ([envio_id], [autorizado], [buzon_id], [ruta_autorizacion], [sede_id], [tipo_documento_id], [plazo_distribucion_id], [tipo_seguridad_id], [tipo_servicio_id]) VALUES (14, 1, 5, NULL, 3, 1, 2, 1, 1)
INSERT [dbo].[envio] ([envio_id], [autorizado], [buzon_id], [ruta_autorizacion], [sede_id], [tipo_documento_id], [plazo_distribucion_id], [tipo_seguridad_id], [tipo_servicio_id]) VALUES (15, 1, 5,'15.msg', 3, 1, 3, 1, 1)
INSERT [dbo].[envio] ([envio_id], [autorizado], [buzon_id], [ruta_autorizacion], [sede_id], [tipo_documento_id], [plazo_distribucion_id], [tipo_seguridad_id], [tipo_servicio_id]) VALUES (16, 1, 5,'16.msg', 3, 1, 3, 1, 1)
INSERT [dbo].[envio] ([envio_id], [autorizado], [buzon_id], [ruta_autorizacion], [sede_id], [tipo_documento_id], [plazo_distribucion_id], [tipo_seguridad_id], [tipo_servicio_id]) VALUES (17, 0, 5,'17.msg', 3, 1, 3, 1, 1)
INSERT [dbo].[envio] ([envio_id], [autorizado], [buzon_id], [ruta_autorizacion], [sede_id], [tipo_documento_id], [plazo_distribucion_id], [tipo_seguridad_id], [tipo_servicio_id]) VALUES (18, 1, 5,'18.msg', 3, 1, 4, 1, 1)
INSERT [dbo].[envio] ([envio_id], [autorizado], [buzon_id], [ruta_autorizacion], [sede_id], [tipo_documento_id], [plazo_distribucion_id], [tipo_seguridad_id], [tipo_servicio_id]) VALUES (19, 1, 5,'19.msg', 3, 1, 4, 1, 1)
INSERT [dbo].[envio] ([envio_id], [autorizado], [buzon_id], [ruta_autorizacion], [sede_id], [tipo_documento_id], [plazo_distribucion_id], [tipo_seguridad_id], [tipo_servicio_id]) VALUES (20, 0, 5,'20.msg', 3, 1, 4, 1, 1)
INSERT [dbo].[envio] ([envio_id], [autorizado], [buzon_id], [ruta_autorizacion], [sede_id], [tipo_documento_id], [plazo_distribucion_id], [tipo_seguridad_id], [tipo_servicio_id]) VALUES (21, 1, 6, NULL, 4, 1, 1, 1, 1)
INSERT [dbo].[envio] ([envio_id], [autorizado], [buzon_id], [ruta_autorizacion], [sede_id], [tipo_documento_id], [plazo_distribucion_id], [tipo_seguridad_id], [tipo_servicio_id]) VALUES (22, 1, 6, NULL, 4, 1, 1, 1, 1)
INSERT [dbo].[envio] ([envio_id], [autorizado], [buzon_id], [ruta_autorizacion], [sede_id], [tipo_documento_id], [plazo_distribucion_id], [tipo_seguridad_id], [tipo_servicio_id]) VALUES (23, 1, 6, NULL, 4, 1, 1, 1, 1)
INSERT [dbo].[envio] ([envio_id], [autorizado], [buzon_id], [ruta_autorizacion], [sede_id], [tipo_documento_id], [plazo_distribucion_id], [tipo_seguridad_id], [tipo_servicio_id]) VALUES (24, 1, 6, NULL, 4, 1, 1, 1, 1)
INSERT [dbo].[envio] ([envio_id], [autorizado], [buzon_id], [ruta_autorizacion], [sede_id], [tipo_documento_id], [plazo_distribucion_id], [tipo_seguridad_id], [tipo_servicio_id]) VALUES (25, 1, 6, NULL, 4, 1, 1, 1, 1)
INSERT [dbo].[envio] ([envio_id], [autorizado], [buzon_id], [ruta_autorizacion], [sede_id], [tipo_documento_id], [plazo_distribucion_id], [tipo_seguridad_id], [tipo_servicio_id]) VALUES (26, 1, 6, NULL, 4, 1, 1, 1, 1)
INSERT [dbo].[envio] ([envio_id], [autorizado], [buzon_id], [ruta_autorizacion], [sede_id], [tipo_documento_id], [plazo_distribucion_id], [tipo_seguridad_id], [tipo_servicio_id]) VALUES (27, 1, 6, NULL, 4, 1, 1, 1, 1)
INSERT [dbo].[envio] ([envio_id], [autorizado], [buzon_id], [ruta_autorizacion], [sede_id], [tipo_documento_id], [plazo_distribucion_id], [tipo_seguridad_id], [tipo_servicio_id]) VALUES (28, 1, 6, NULL, 4, 1, 1, 1, 1)
INSERT [dbo].[envio] ([envio_id], [autorizado], [buzon_id], [ruta_autorizacion], [sede_id], [tipo_documento_id], [plazo_distribucion_id], [tipo_seguridad_id], [tipo_servicio_id]) VALUES (29, 1, 6, NULL, 4, 1, 1, 1, 1)
INSERT [dbo].[envio] ([envio_id], [autorizado], [buzon_id], [ruta_autorizacion], [sede_id], [tipo_documento_id], [plazo_distribucion_id], [tipo_seguridad_id], [tipo_servicio_id]) VALUES (30, 1, 6, NULL, 4, 1, 1, 1, 1)
INSERT [dbo].[envio] ([envio_id], [autorizado], [buzon_id], [ruta_autorizacion], [sede_id], [tipo_documento_id], [plazo_distribucion_id], [tipo_seguridad_id], [tipo_servicio_id]) VALUES (31, 1, 6,'31.msg', 4, 1, 2, 1, 1)
INSERT [dbo].[envio] ([envio_id], [autorizado], [buzon_id], [ruta_autorizacion], [sede_id], [tipo_documento_id], [plazo_distribucion_id], [tipo_seguridad_id], [tipo_servicio_id]) VALUES (32, 1, 6,'32.msg', 4, 1, 2, 1, 1)
INSERT [dbo].[envio] ([envio_id], [autorizado], [buzon_id], [ruta_autorizacion], [sede_id], [tipo_documento_id], [plazo_distribucion_id], [tipo_seguridad_id], [tipo_servicio_id]) VALUES (33, 1, 6,'33.msg', 4, 1, 2, 1, 1)
INSERT [dbo].[envio] ([envio_id], [autorizado], [buzon_id], [ruta_autorizacion], [sede_id], [tipo_documento_id], [plazo_distribucion_id], [tipo_seguridad_id], [tipo_servicio_id]) VALUES (34, 1, 6,'34.msg', 4, 1, 2, 1, 1)
INSERT [dbo].[envio] ([envio_id], [autorizado], [buzon_id], [ruta_autorizacion], [sede_id], [tipo_documento_id], [plazo_distribucion_id], [tipo_seguridad_id], [tipo_servicio_id]) VALUES (35, 1, 6,'35.msg', 4, 1, 3, 1, 1)
INSERT [dbo].[envio] ([envio_id], [autorizado], [buzon_id], [ruta_autorizacion], [sede_id], [tipo_documento_id], [plazo_distribucion_id], [tipo_seguridad_id], [tipo_servicio_id]) VALUES (36, 1, 6,'36.msg', 4, 1, 3, 1, 1)
INSERT [dbo].[envio] ([envio_id], [autorizado], [buzon_id], [ruta_autorizacion], [sede_id], [tipo_documento_id], [plazo_distribucion_id], [tipo_seguridad_id], [tipo_servicio_id]) VALUES (37, 0, 6,'37.msg', 4, 1, 3, 1, 1)
INSERT [dbo].[envio] ([envio_id], [autorizado], [buzon_id], [ruta_autorizacion], [sede_id], [tipo_documento_id], [plazo_distribucion_id], [tipo_seguridad_id], [tipo_servicio_id]) VALUES (38, 1, 6,'38.msg', 4, 1, 4, 1, 1)
INSERT [dbo].[envio] ([envio_id], [autorizado], [buzon_id], [ruta_autorizacion], [sede_id], [tipo_documento_id], [plazo_distribucion_id], [tipo_seguridad_id], [tipo_servicio_id]) VALUES (39, 1, 6,'39.msg', 4, 1, 4, 1, 1)
INSERT [dbo].[envio] ([envio_id], [autorizado], [buzon_id], [ruta_autorizacion], [sede_id], [tipo_documento_id], [plazo_distribucion_id], [tipo_seguridad_id], [tipo_servicio_id]) VALUES (40, 0, 6,'40.msg', 4, 1, 4, 1, 1)
INSERT [dbo].[envio] ([envio_id], [autorizado], [buzon_id], [ruta_autorizacion], [sede_id], [tipo_documento_id], [plazo_distribucion_id], [tipo_seguridad_id], [tipo_servicio_id]) VALUES (41, 1, 7, NULL, 5, 1, 1, 1, 1)
INSERT [dbo].[envio] ([envio_id], [autorizado], [buzon_id], [ruta_autorizacion], [sede_id], [tipo_documento_id], [plazo_distribucion_id], [tipo_seguridad_id], [tipo_servicio_id]) VALUES (42, 1, 7, NULL, 5, 1, 1, 1, 1)
INSERT [dbo].[envio] ([envio_id], [autorizado], [buzon_id], [ruta_autorizacion], [sede_id], [tipo_documento_id], [plazo_distribucion_id], [tipo_seguridad_id], [tipo_servicio_id]) VALUES (43, 1, 7, NULL, 5, 1, 1, 1, 1)
INSERT [dbo].[envio] ([envio_id], [autorizado], [buzon_id], [ruta_autorizacion], [sede_id], [tipo_documento_id], [plazo_distribucion_id], [tipo_seguridad_id], [tipo_servicio_id]) VALUES (44, 1, 7, NULL, 5, 1, 1, 1, 1)
INSERT [dbo].[envio] ([envio_id], [autorizado], [buzon_id], [ruta_autorizacion], [sede_id], [tipo_documento_id], [plazo_distribucion_id], [tipo_seguridad_id], [tipo_servicio_id]) VALUES (45, 1, 7, NULL, 5, 1, 1, 1, 1)
INSERT [dbo].[envio] ([envio_id], [autorizado], [buzon_id], [ruta_autorizacion], [sede_id], [tipo_documento_id], [plazo_distribucion_id], [tipo_seguridad_id], [tipo_servicio_id]) VALUES (46, 1, 7, NULL, 5, 1, 1, 1, 1)
INSERT [dbo].[envio] ([envio_id], [autorizado], [buzon_id], [ruta_autorizacion], [sede_id], [tipo_documento_id], [plazo_distribucion_id], [tipo_seguridad_id], [tipo_servicio_id]) VALUES (47, 1, 7, NULL, 5, 1, 1, 1, 1)
INSERT [dbo].[envio] ([envio_id], [autorizado], [buzon_id], [ruta_autorizacion], [sede_id], [tipo_documento_id], [plazo_distribucion_id], [tipo_seguridad_id], [tipo_servicio_id]) VALUES (48, 1, 7, NULL, 5, 1, 1, 1, 1)
INSERT [dbo].[envio] ([envio_id], [autorizado], [buzon_id], [ruta_autorizacion], [sede_id], [tipo_documento_id], [plazo_distribucion_id], [tipo_seguridad_id], [tipo_servicio_id]) VALUES (49, 1, 7, NULL, 5, 1, 1, 1, 1)
INSERT [dbo].[envio] ([envio_id], [autorizado], [buzon_id], [ruta_autorizacion], [sede_id], [tipo_documento_id], [plazo_distribucion_id], [tipo_seguridad_id], [tipo_servicio_id]) VALUES (50, 1, 7, NULL, 5, 1, 1, 1, 1)
INSERT [dbo].[envio] ([envio_id], [autorizado], [buzon_id], [ruta_autorizacion], [sede_id], [tipo_documento_id], [plazo_distribucion_id], [tipo_seguridad_id], [tipo_servicio_id]) VALUES (51, 1, 7,'51.msg', 5, 1, 2, 1, 1)
INSERT [dbo].[envio] ([envio_id], [autorizado], [buzon_id], [ruta_autorizacion], [sede_id], [tipo_documento_id], [plazo_distribucion_id], [tipo_seguridad_id], [tipo_servicio_id]) VALUES (52, 1, 7,'52.msg', 5, 1, 2, 1, 1)
INSERT [dbo].[envio] ([envio_id], [autorizado], [buzon_id], [ruta_autorizacion], [sede_id], [tipo_documento_id], [plazo_distribucion_id], [tipo_seguridad_id], [tipo_servicio_id]) VALUES (53, 1, 7,'53.msg', 5, 1, 2, 1, 1)
INSERT [dbo].[envio] ([envio_id], [autorizado], [buzon_id], [ruta_autorizacion], [sede_id], [tipo_documento_id], [plazo_distribucion_id], [tipo_seguridad_id], [tipo_servicio_id]) VALUES (54, 1, 7,'54.msg', 5, 1, 3, 1, 1)
INSERT [dbo].[envio] ([envio_id], [autorizado], [buzon_id], [ruta_autorizacion], [sede_id], [tipo_documento_id], [plazo_distribucion_id], [tipo_seguridad_id], [tipo_servicio_id]) VALUES (55, 1, 7,'55.msg', 5, 1, 3, 1, 1)
INSERT [dbo].[envio] ([envio_id], [autorizado], [buzon_id], [ruta_autorizacion], [sede_id], [tipo_documento_id], [plazo_distribucion_id], [tipo_seguridad_id], [tipo_servicio_id]) VALUES (56, 0, 7,'56.msg', 5, 1, 3, 1, 1)
INSERT [dbo].[envio] ([envio_id], [autorizado], [buzon_id], [ruta_autorizacion], [sede_id], [tipo_documento_id], [plazo_distribucion_id], [tipo_seguridad_id], [tipo_servicio_id]) VALUES (57, 1, 7,'57.msg', 5, 1, 4, 1, 1)
INSERT [dbo].[envio] ([envio_id], [autorizado], [buzon_id], [ruta_autorizacion], [sede_id], [tipo_documento_id], [plazo_distribucion_id], [tipo_seguridad_id], [tipo_servicio_id]) VALUES (58, 1, 7,'58.msg', 5, 1, 4, 1, 1)
INSERT [dbo].[envio] ([envio_id], [autorizado], [buzon_id], [ruta_autorizacion], [sede_id], [tipo_documento_id], [plazo_distribucion_id], [tipo_seguridad_id], [tipo_servicio_id]) VALUES (59, 0, 7,'59.msg', 5, 1, 4, 1, 1)
INSERT [dbo].[envio] ([envio_id], [autorizado], [buzon_id], [ruta_autorizacion], [sede_id], [tipo_documento_id], [plazo_distribucion_id], [tipo_seguridad_id], [tipo_servicio_id]) VALUES (60, 1, 8, NULL, 6, 1, 1, 1, 1)
INSERT [dbo].[envio] ([envio_id], [autorizado], [buzon_id], [ruta_autorizacion], [sede_id], [tipo_documento_id], [plazo_distribucion_id], [tipo_seguridad_id], [tipo_servicio_id]) VALUES (61, 1, 8, NULL, 6, 1, 1, 1, 1)
INSERT [dbo].[envio] ([envio_id], [autorizado], [buzon_id], [ruta_autorizacion], [sede_id], [tipo_documento_id], [plazo_distribucion_id], [tipo_seguridad_id], [tipo_servicio_id]) VALUES (62, 1, 8, NULL, 6, 1, 1, 1, 1)
INSERT [dbo].[envio] ([envio_id], [autorizado], [buzon_id], [ruta_autorizacion], [sede_id], [tipo_documento_id], [plazo_distribucion_id], [tipo_seguridad_id], [tipo_servicio_id]) VALUES (63, 1, 8, NULL, 6, 1, 1, 1, 1)
INSERT [dbo].[envio] ([envio_id], [autorizado], [buzon_id], [ruta_autorizacion], [sede_id], [tipo_documento_id], [plazo_distribucion_id], [tipo_seguridad_id], [tipo_servicio_id]) VALUES (64, 1, 8, NULL, 6, 1, 1, 1, 1)
INSERT [dbo].[envio] ([envio_id], [autorizado], [buzon_id], [ruta_autorizacion], [sede_id], [tipo_documento_id], [plazo_distribucion_id], [tipo_seguridad_id], [tipo_servicio_id]) VALUES (65, 1, 8, NULL, 6, 1, 1, 1, 1)
INSERT [dbo].[envio] ([envio_id], [autorizado], [buzon_id], [ruta_autorizacion], [sede_id], [tipo_documento_id], [plazo_distribucion_id], [tipo_seguridad_id], [tipo_servicio_id]) VALUES (66, 1, 8, NULL, 6, 1, 1, 1, 1)
INSERT [dbo].[envio] ([envio_id], [autorizado], [buzon_id], [ruta_autorizacion], [sede_id], [tipo_documento_id], [plazo_distribucion_id], [tipo_seguridad_id], [tipo_servicio_id]) VALUES (67, 1, 8, NULL, 6, 1, 1, 1, 1)
INSERT [dbo].[envio] ([envio_id], [autorizado], [buzon_id], [ruta_autorizacion], [sede_id], [tipo_documento_id], [plazo_distribucion_id], [tipo_seguridad_id], [tipo_servicio_id]) VALUES (68, 1, 8, NULL, 6, 1, 1, 1, 1)
INSERT [dbo].[envio] ([envio_id], [autorizado], [buzon_id], [ruta_autorizacion], [sede_id], [tipo_documento_id], [plazo_distribucion_id], [tipo_seguridad_id], [tipo_servicio_id]) VALUES (69, 1, 8, NULL, 6, 1, 1, 1, 1)
INSERT [dbo].[envio] ([envio_id], [autorizado], [buzon_id], [ruta_autorizacion], [sede_id], [tipo_documento_id], [plazo_distribucion_id], [tipo_seguridad_id], [tipo_servicio_id]) VALUES (70, 1, 8,'70.msg', 6, 1, 2, 1, 1)
INSERT [dbo].[envio] ([envio_id], [autorizado], [buzon_id], [ruta_autorizacion], [sede_id], [tipo_documento_id], [plazo_distribucion_id], [tipo_seguridad_id], [tipo_servicio_id]) VALUES (71, 1, 8,'71.msg', 6, 1, 2, 1, 1)
INSERT [dbo].[envio] ([envio_id], [autorizado], [buzon_id], [ruta_autorizacion], [sede_id], [tipo_documento_id], [plazo_distribucion_id], [tipo_seguridad_id], [tipo_servicio_id]) VALUES (72, 1, 8,'72.msg', 6, 1, 2, 1, 1)
INSERT [dbo].[envio] ([envio_id], [autorizado], [buzon_id], [ruta_autorizacion], [sede_id], [tipo_documento_id], [plazo_distribucion_id], [tipo_seguridad_id], [tipo_servicio_id]) VALUES (73, 1, 8,'73.msg', 6, 1, 2, 1, 1)
INSERT [dbo].[envio] ([envio_id], [autorizado], [buzon_id], [ruta_autorizacion], [sede_id], [tipo_documento_id], [plazo_distribucion_id], [tipo_seguridad_id], [tipo_servicio_id]) VALUES (74, 1, 8,'74.msg', 6, 1, 3, 1, 1)
INSERT [dbo].[envio] ([envio_id], [autorizado], [buzon_id], [ruta_autorizacion], [sede_id], [tipo_documento_id], [plazo_distribucion_id], [tipo_seguridad_id], [tipo_servicio_id]) VALUES (75, 1, 8,'75.msg', 6, 1, 3, 1, 1)
INSERT [dbo].[envio] ([envio_id], [autorizado], [buzon_id], [ruta_autorizacion], [sede_id], [tipo_documento_id], [plazo_distribucion_id], [tipo_seguridad_id], [tipo_servicio_id]) VALUES (76, 0, 8,'76.msg', 6, 1, 3, 1, 1)
INSERT [dbo].[envio] ([envio_id], [autorizado], [buzon_id], [ruta_autorizacion], [sede_id], [tipo_documento_id], [plazo_distribucion_id], [tipo_seguridad_id], [tipo_servicio_id]) VALUES (77, 1, 8,'77.msg', 6, 1, 4, 1, 1)
INSERT [dbo].[envio] ([envio_id], [autorizado], [buzon_id], [ruta_autorizacion], [sede_id], [tipo_documento_id], [plazo_distribucion_id], [tipo_seguridad_id], [tipo_servicio_id]) VALUES (78, 1, 8,'78.msg', 6, 1, 4, 1, 1)
INSERT [dbo].[envio] ([envio_id], [autorizado], [buzon_id], [ruta_autorizacion], [sede_id], [tipo_documento_id], [plazo_distribucion_id], [tipo_seguridad_id], [tipo_servicio_id]) VALUES (79, 0, 8,'79.msg', 6, 1, 4, 1, 1)
SET IDENTITY_INSERT [dbo].[envio] OFF
SET IDENTITY_INSERT [dbo].[documento] ON 

INSERT [dbo].[documento] ([documento_id], [contacto_destino], [direccion], [distrito_id], [documento_autogenerado], [nro_documento], [razon_social_destino], [recepcionado], [referencia], [telefono], [envio_id], [codigo_devolucion]) VALUES (1,'Sonia Portugal','AV LOS JARDINES', 690,'EX00000001','8104845','EXACT S.A.C', 1,'JARDINES','012540844', 1,' ')
INSERT [dbo].[documento] ([documento_id], [contacto_destino], [direccion], [distrito_id], [documento_autogenerado], [nro_documento], [razon_social_destino], [recepcionado], [referencia], [telefono], [envio_id], [codigo_devolucion]) VALUES (2,'RONALD SANTOS','AV RONALD', 710,'EX00000002','704412074','RONALD SAC', 0,'RORORO','012548960', 2,' ')
INSERT [dbo].[documento] ([documento_id], [contacto_destino], [direccion], [distrito_id], [documento_autogenerado], [nro_documento], [razon_social_destino], [recepcionado], [referencia], [telefono], [envio_id], [codigo_devolucion]) VALUES (3,'PERCY','AV GRIFO', 277,'EX00000003','974651940','PERCY SAC', 0,'GRIFO','013369712', 3,' ')
INSERT [dbo].[documento] ([documento_id], [contacto_destino], [direccion], [distrito_id], [documento_autogenerado], [nro_documento], [razon_social_destino], [recepcionado], [referencia], [telefono], [envio_id], [codigo_devolucion]) VALUES (4,'KATY','AV KATY', 1544,'EX00000004','974651942','KATY SAC', 1,'KATYTY','04840847', 4,' ')
INSERT [dbo].[documento] ([documento_id], [contacto_destino], [direccion], [distrito_id], [documento_autogenerado], [nro_documento], [razon_social_destino], [recepcionado], [referencia], [telefono], [envio_id], [codigo_devolucion]) VALUES (5,'SERVICE','AV. SAN JOSE', 919,'EX00000005','78048484','SERVICE SAC', 0,'SAN JOSE','01570548', 5,' ')
INSERT [dbo].[documento] ([documento_id], [contacto_destino], [direccion], [distrito_id], [documento_autogenerado], [nro_documento], [razon_social_destino], [recepcionado], [referencia], [telefono], [envio_id], [codigo_devolucion]) VALUES (6,'PARED','AV PARED', 928,'EX00000006','5045421874','PARED SAC', 0,'PAREDRED','01540871', 6,' ')
INSERT [dbo].[documento] ([documento_id], [contacto_destino], [direccion], [distrito_id], [documento_autogenerado], [nro_documento], [razon_social_destino], [recepcionado], [referencia], [telefono], [envio_id], [codigo_devolucion]) VALUES (7,'LAPIZ','AV LAPIZ', 1517,'EX00000007','54056481541','LAPIZ SAC', 0,'LAPIZPIZ','02450112', 7,' ')
INSERT [dbo].[documento] ([documento_id], [contacto_destino], [direccion], [distrito_id], [documento_autogenerado], [nro_documento], [razon_social_destino], [recepcionado], [referencia], [telefono], [envio_id], [codigo_devolucion]) VALUES (8,'EMPRESA','AV EMPRESA', 1551,'EX00000008','1512312412','EMPRESA SAC', 0,'EMPRESASASA','015740848', 8,' ')
INSERT [dbo].[documento] ([documento_id], [contacto_destino], [direccion], [distrito_id], [documento_autogenerado], [nro_documento], [razon_social_destino], [recepcionado], [referencia], [telefono], [envio_id], [codigo_devolucion]) VALUES (9,'TECLADO','AV TECLADO', 1569,'EX00000009','56074854851','TECLADO SAC', 0,'TECLADODO','20450412', 9,' ')
INSERT [dbo].[documento] ([documento_id], [contacto_destino], [direccion], [distrito_id], [documento_autogenerado], [nro_documento], [razon_social_destino], [recepcionado], [referencia], [telefono], [envio_id], [codigo_devolucion]) VALUES (10,'MOUSE','AV MOUSE', 1508,'EX00000010','15045410','MOUSE SAC', 0,'MOUSESE','7123142', 10,' ')
INSERT [dbo].[documento] ([documento_id], [contacto_destino], [direccion], [distrito_id], [documento_autogenerado], [nro_documento], [razon_social_destino], [recepcionado], [referencia], [telefono], [envio_id], [codigo_devolucion]) VALUES (11,'BOTELLA','AV BOTELLA', 630,'EX00000011','51087410','BOTELLA SAC', 1,'BOTELLAYA','010748412', 11,' ')
INSERT [dbo].[documento] ([documento_id], [contacto_destino], [direccion], [distrito_id], [documento_autogenerado], [nro_documento], [razon_social_destino], [recepcionado], [referencia], [telefono], [envio_id], [codigo_devolucion]) VALUES (12,'PAPEL','AV PAPEL', 586,'EX00000012','5123124123','PAPEL SAC', 0,'PAPEPEL','0187408', 12,' ')
INSERT [dbo].[documento] ([documento_id], [contacto_destino], [direccion], [distrito_id], [documento_autogenerado], [nro_documento], [razon_social_destino], [recepcionado], [referencia], [telefono], [envio_id], [codigo_devolucion]) VALUES (13,'Sonia Portugal','AV. HORIZONTES', 1282,'EX00000013','16514123','EXACT S.A.C', 1,'CEVICHERIA','2694561', 13,' ')
INSERT [dbo].[documento] ([documento_id], [contacto_destino], [direccion], [distrito_id], [documento_autogenerado], [nro_documento], [razon_social_destino], [recepcionado], [referencia], [telefono], [envio_id], [codigo_devolucion]) VALUES (14,'NORTICE','AV ISLA', 1505,'EX00000014','980941541','NORTICE SAC', 0,'ISLALA','01574087', 14,' ')
INSERT [dbo].[documento] ([documento_id], [contacto_destino], [direccion], [distrito_id], [documento_autogenerado], [nro_documento], [razon_social_destino], [recepcionado], [referencia], [telefono], [envio_id], [codigo_devolucion]) VALUES (15,'JAZE','AV. JAZETOY', 1324,'EX00000015','87097404','JAZE SAC', 1,'JAZEEE','025408711', 15,' ')
INSERT [dbo].[documento] ([documento_id], [contacto_destino], [direccion], [distrito_id], [documento_autogenerado], [nro_documento], [razon_social_destino], [recepcionado], [referencia], [telefono], [envio_id], [codigo_devolucion]) VALUES (16,'JAZE','AV. JAZETOY', 1324,'EX00000016','87097404','JAZE SAC', 0,'JAZEEE','025408711', 16,' ')
INSERT [dbo].[documento] ([documento_id], [contacto_destino], [direccion], [distrito_id], [documento_autogenerado], [nro_documento], [razon_social_destino], [recepcionado], [referencia], [telefono], [envio_id], [codigo_devolucion]) VALUES (17,'JAZE','AV. JAZETOY', 1324,'EX00000017','87097404','JAZE SAC', 0,'JAZEEE','025408711', 17,' ')
INSERT [dbo].[documento] ([documento_id], [contacto_destino], [direccion], [distrito_id], [documento_autogenerado], [nro_documento], [razon_social_destino], [recepcionado], [referencia], [telefono], [envio_id], [codigo_devolucion]) VALUES (18,'INKA KOLA','AV. INKA KOLA', 1468,'EX00000018','151231241','INKA KOLA SAC', 1,'COCA COLA','870454711', 18,' ')
INSERT [dbo].[documento] ([documento_id], [contacto_destino], [direccion], [distrito_id], [documento_autogenerado], [nro_documento], [razon_social_destino], [recepcionado], [referencia], [telefono], [envio_id], [codigo_devolucion]) VALUES (19,'MESA','AV. MESA REDONDA', 1252,'EX00000019','61412313','MESA SAC', 0,'MESA CUADRADA','2047804', 19,' ')
INSERT [dbo].[documento] ([documento_id], [contacto_destino], [direccion], [distrito_id], [documento_autogenerado], [nro_documento], [razon_social_destino], [recepcionado], [referencia], [telefono], [envio_id], [codigo_devolucion]) VALUES (20,'ACZINO','AV. VISCO', 606,'EX00000020','60897894','ACZINO SAC', 0,'VISQUITO','0609701', 20,' ')
INSERT [dbo].[documento] ([documento_id], [contacto_destino], [direccion], [distrito_id], [documento_autogenerado], [nro_documento], [razon_social_destino], [recepcionado], [referencia], [telefono], [envio_id], [codigo_devolucion]) VALUES (21,'Sonia Portugal','av exact sac', 1253,'EX00000021','1512314123','EXACT S.A.C', 1,'por la curva','02411086', 21,' ')
INSERT [dbo].[documento] ([documento_id], [contacto_destino], [direccion], [distrito_id], [documento_autogenerado], [nro_documento], [razon_social_destino], [recepcionado], [referencia], [telefono], [envio_id], [codigo_devolucion]) VALUES (22,'Jorge Rodriguez','av precur', 919,'EX00000022','974651940','RONALD SAC', 0,'por la tienda','0212087', 22,' ')
INSERT [dbo].[documento] ([documento_id], [contacto_destino], [direccion], [distrito_id], [documento_autogenerado], [nro_documento], [razon_social_destino], [recepcionado], [referencia], [telefono], [envio_id], [codigo_devolucion]) VALUES (23,'CONSTANTINO','AV DEL SOL', 952,'EX00000023','87109874','BOTELLAS SAC', 0,'EN LA ESQUINA','05454470', 23,' ')
INSERT [dbo].[documento] ([documento_id], [contacto_destino], [direccion], [distrito_id], [documento_autogenerado], [nro_documento], [razon_social_destino], [recepcionado], [referencia], [telefono], [envio_id], [codigo_devolucion]) VALUES (24,'PIERO','AV JUANES', 690,'EX00000024','122131312','PETRO SAC', 1,'POR LA PILETA','0450448', 24,' ')
INSERT [dbo].[documento] ([documento_id], [contacto_destino], [direccion], [distrito_id], [documento_autogenerado], [nro_documento], [razon_social_destino], [recepcionado], [referencia], [telefono], [envio_id], [codigo_devolucion]) VALUES (25,'TITO','AV ALAMEDA SUR', 1019,'EX00000025','6807498474','TORSO SAC', 0, NULL,'04540807', 25,' ')
INSERT [dbo].[documento] ([documento_id], [contacto_destino], [direccion], [distrito_id], [documento_autogenerado], [nro_documento], [razon_social_destino], [recepcionado], [referencia], [telefono], [envio_id], [codigo_devolucion]) VALUES (26, NULL,'AV TORTUGAS', 1524,'EX00000026','08788473123','', 0, NULL, NULL, 26,' ')
INSERT [dbo].[documento] ([documento_id], [contacto_destino], [direccion], [distrito_id], [documento_autogenerado], [nro_documento], [razon_social_destino], [recepcionado], [referencia], [telefono], [envio_id], [codigo_devolucion]) VALUES (27, NULL,'AV ALAMEDA NORTE', 1324,'EX00000027','0787355124','DOMINOS SAC', 0, NULL, NULL, 27,' ')
INSERT [dbo].[documento] ([documento_id], [contacto_destino], [direccion], [distrito_id], [documento_autogenerado], [nro_documento], [razon_social_destino], [recepcionado], [referencia], [telefono], [envio_id], [codigo_devolucion]) VALUES (28, NULL,'AV JORJITO 123', 1019,'EX00000028','123124123', NULL, 0, NULL, NULL, 28,' ')
INSERT [dbo].[documento] ([documento_id], [contacto_destino], [direccion], [distrito_id], [documento_autogenerado], [nro_documento], [razon_social_destino], [recepcionado], [referencia], [telefono], [envio_id], [codigo_devolucion]) VALUES (29, NULL,'AV DUCLOS', 857,'EX00000029','151234151', NULL, 0, NULL, NULL, 29,' ')
INSERT [dbo].[documento] ([documento_id], [contacto_destino], [direccion], [distrito_id], [documento_autogenerado], [nro_documento], [razon_social_destino], [recepcionado], [referencia], [telefono], [envio_id], [codigo_devolucion]) VALUES (30, NULL,'AV MONITO', 36,'EX00000030','9746519401', NULL, 0, NULL, NULL, 30,' ')
INSERT [dbo].[documento] ([documento_id], [contacto_destino], [direccion], [distrito_id], [documento_autogenerado], [nro_documento], [razon_social_destino], [recepcionado], [referencia], [telefono], [envio_id], [codigo_devolucion]) VALUES (31, NULL,'AV LIBRETA', 928,'EX00000031','4124142', NULL, 1, NULL, NULL, 31,' ')
INSERT [dbo].[documento] ([documento_id], [contacto_destino], [direccion], [distrito_id], [documento_autogenerado], [nro_documento], [razon_social_destino], [recepcionado], [referencia], [telefono], [envio_id], [codigo_devolucion]) VALUES (32, NULL,'AV DEL PARQUE', 1498,'EX00000032','786436346', NULL, 0, NULL, NULL, 32,' ')
INSERT [dbo].[documento] ([documento_id], [contacto_destino], [direccion], [distrito_id], [documento_autogenerado], [nro_documento], [razon_social_destino], [recepcionado], [referencia], [telefono], [envio_id], [codigo_devolucion]) VALUES (33, NULL,'AV LORETO', 867,'EX00000033','353124125', NULL, 1, NULL, NULL, 33,' ')
INSERT [dbo].[documento] ([documento_id], [contacto_destino], [direccion], [distrito_id], [documento_autogenerado], [nro_documento], [razon_social_destino], [recepcionado], [referencia], [telefono], [envio_id], [codigo_devolucion]) VALUES (34, NULL,'AV DEL AIRE', 241,'EX00000034','621341412', NULL, 0, NULL, NULL, 34,' ')
INSERT [dbo].[documento] ([documento_id], [contacto_destino], [direccion], [distrito_id], [documento_autogenerado], [nro_documento], [razon_social_destino], [recepcionado], [referencia], [telefono], [envio_id], [codigo_devolucion]) VALUES (35, NULL,'AV DON JOSE', 1194,'EX00000035','974651940', NULL, 1, NULL, NULL, 35,' ')
INSERT [dbo].[documento] ([documento_id], [contacto_destino], [direccion], [distrito_id], [documento_autogenerado], [nro_documento], [razon_social_destino], [recepcionado], [referencia], [telefono], [envio_id], [codigo_devolucion]) VALUES (36, NULL,'AV CALLEJON', 675,'EX00000036','14124315123', NULL, 0, NULL, NULL, 36,' ')
INSERT [dbo].[documento] ([documento_id], [contacto_destino], [direccion], [distrito_id], [documento_autogenerado], [nro_documento], [razon_social_destino], [recepcionado], [referencia], [telefono], [envio_id], [codigo_devolucion]) VALUES (37, NULL,'AV DEL RIO', 1493,'EX00000037','15123123123', NULL, 0, NULL, NULL, 37,' ')
INSERT [dbo].[documento] ([documento_id], [contacto_destino], [direccion], [distrito_id], [documento_autogenerado], [nro_documento], [razon_social_destino], [recepcionado], [referencia], [telefono], [envio_id], [codigo_devolucion]) VALUES (38, NULL,'AV SURCO', 396,'EX00000038','16414123', NULL, 1, NULL, NULL, 38,' ')
INSERT [dbo].[documento] ([documento_id], [contacto_destino], [direccion], [distrito_id], [documento_autogenerado], [nro_documento], [razon_social_destino], [recepcionado], [referencia], [telefono], [envio_id], [codigo_devolucion]) VALUES (39, NULL,'AV ROQUITA', 1114,'EX00000039','4213123213', NULL, 0, NULL, NULL, 39,' ')
INSERT [dbo].[documento] ([documento_id], [contacto_destino], [direccion], [distrito_id], [documento_autogenerado], [nro_documento], [razon_social_destino], [recepcionado], [referencia], [telefono], [envio_id], [codigo_devolucion]) VALUES (40, NULL,'AV RADIO', 691,'EX00000040','6135224123', NULL, 0, NULL, NULL, 40,' ')
INSERT [dbo].[documento] ([documento_id], [contacto_destino], [direccion], [distrito_id], [documento_autogenerado], [nro_documento], [razon_social_destino], [recepcionado], [referencia], [telefono], [envio_id], [codigo_devolucion]) VALUES (41,'Sonia Portugal','av elote', 1509,'EX00000041','974651940','EXACT S.A.C', 1,'','', 41,' ')
INSERT [dbo].[documento] ([documento_id], [contacto_destino], [direccion], [distrito_id], [documento_autogenerado], [nro_documento], [razon_social_destino], [recepcionado], [referencia], [telefono], [envio_id], [codigo_devolucion]) VALUES (42, NULL,'AV LAGO', 1075,'EX00000042','4123123', NULL, 0, NULL, NULL, 42,' ')
INSERT [dbo].[documento] ([documento_id], [contacto_destino], [direccion], [distrito_id], [documento_autogenerado], [nro_documento], [razon_social_destino], [recepcionado], [referencia], [telefono], [envio_id], [codigo_devolucion]) VALUES (43, NULL,'AV LARCCITO', 1175,'EX00000043','14123213', NULL, 0, NULL, NULL, 43,' ')
INSERT [dbo].[documento] ([documento_id], [contacto_destino], [direccion], [distrito_id], [documento_autogenerado], [nro_documento], [razon_social_destino], [recepcionado], [referencia], [telefono], [envio_id], [codigo_devolucion]) VALUES (44, NULL,'AV DEXTER', 883,'EX00000044','5123213', NULL, 1, NULL, NULL, 44,' ')
INSERT [dbo].[documento] ([documento_id], [contacto_destino], [direccion], [distrito_id], [documento_autogenerado], [nro_documento], [razon_social_destino], [recepcionado], [referencia], [telefono], [envio_id], [codigo_devolucion]) VALUES (45, NULL,'AV LIMLAY', 1375,'EX00000045','241231', NULL, 0, NULL, NULL, 45,' ')
INSERT [dbo].[documento] ([documento_id], [contacto_destino], [direccion], [distrito_id], [documento_autogenerado], [nro_documento], [razon_social_destino], [recepcionado], [referencia], [telefono], [envio_id], [codigo_devolucion]) VALUES (46, NULL,'AV DEL VALLE', 1521,'EX00000046','151243213', NULL, 0, NULL, NULL, 46,' ')
INSERT [dbo].[documento] ([documento_id], [contacto_destino], [direccion], [distrito_id], [documento_autogenerado], [nro_documento], [razon_social_destino], [recepcionado], [referencia], [telefono], [envio_id], [codigo_devolucion]) VALUES (47, NULL,'AV QUINTO', 796,'EX00000047','61313123', NULL, 0, NULL, NULL, 47,' ')
INSERT [dbo].[documento] ([documento_id], [contacto_destino], [direccion], [distrito_id], [documento_autogenerado], [nro_documento], [razon_social_destino], [recepcionado], [referencia], [telefono], [envio_id], [codigo_devolucion]) VALUES (48, NULL,'AV PELIN', 227,'EX00000048','14512321421', NULL, 0, NULL, NULL, 48)
INSERT [dbo].[documento] ([documento_id], [contacto_destino], [direccion], [distrito_id], [documento_autogenerado], [nro_documento], [razon_social_destino], [recepcionado], [referencia], [telefono], [envio_id], [codigo_devolucion]) VALUES (49, NULL,'AV DEANS', 428,'EX00000049','617845814', NULL, 0, NULL, NULL, 49,' ')
INSERT [dbo].[documento] ([documento_id], [contacto_destino], [direccion], [distrito_id], [documento_autogenerado], [nro_documento], [razon_social_destino], [recepcionado], [referencia], [telefono], [envio_id], [codigo_devolucion]) VALUES (50, NULL,'AV PANTILLO', 1259,'EX00000050','614612341', NULL, 0, NULL, NULL, 50,' ')
INSERT [dbo].[documento] ([documento_id], [contacto_destino], [direccion], [distrito_id], [documento_autogenerado], [nro_documento], [razon_social_destino], [recepcionado], [referencia], [telefono], [envio_id], [codigo_devolucion]) VALUES (51,'','AV PISCO', 1023,'EX00000051','6141241241','SAC SAC', 1,'','', 51,' ')
INSERT [dbo].[documento] ([documento_id], [contacto_destino], [direccion], [distrito_id], [documento_autogenerado], [nro_documento], [razon_social_destino], [recepcionado], [referencia], [telefono], [envio_id], [codigo_devolucion]) VALUES (52,'','AV PISCO', 1023,'EX00000052','6141241241','SAC SAC', 0,'','', 51,' ')
INSERT [dbo].[documento] ([documento_id], [contacto_destino], [direccion], [distrito_id], [documento_autogenerado], [nro_documento], [razon_social_destino], [recepcionado], [referencia], [telefono], [envio_id], [codigo_devolucion]) VALUES (53, NULL,'AV SALAD', 1354,'EX00000053','731412123','OPNENTS', 1, NULL, NULL, 52,' ')
INSERT [dbo].[documento] ([documento_id], [contacto_destino], [direccion], [distrito_id], [documento_autogenerado], [nro_documento], [razon_social_destino], [recepcionado], [referencia], [telefono], [envio_id], [codigo_devolucion]) VALUES (54, NULL,'AV ATENEA', 686,'EX00000054','68739484', NULL, 0, NULL, NULL, 53,' ')
INSERT [dbo].[documento] ([documento_id], [contacto_destino], [direccion], [distrito_id], [documento_autogenerado], [nro_documento], [razon_social_destino], [recepcionado], [referencia], [telefono], [envio_id], [codigo_devolucion]) VALUES (55, NULL,'AV SELVA', 1264,'EX00000055','9746519402', NULL, 1, NULL, NULL, 54,' ')
INSERT [dbo].[documento] ([documento_id], [contacto_destino], [direccion], [distrito_id], [documento_autogenerado], [nro_documento], [razon_social_destino], [recepcionado], [referencia], [telefono], [envio_id], [codigo_devolucion]) VALUES (56, NULL,'AV SALIDA', 1019,'EX00000056','1221312', NULL, 0, NULL, NULL, 55,' ')
INSERT [dbo].[documento] ([documento_id], [contacto_destino], [direccion], [distrito_id], [documento_autogenerado], [nro_documento], [razon_social_destino], [recepcionado], [referencia], [telefono], [envio_id], [codigo_devolucion]) VALUES (57, NULL,'AV CALLE123', 1528,'EX00000057','9746519432', NULL, 0, NULL, NULL, 56,' ')
INSERT [dbo].[documento] ([documento_id], [contacto_destino], [direccion], [distrito_id], [documento_autogenerado], [nro_documento], [razon_social_destino], [recepcionado], [referencia], [telefono], [envio_id], [codigo_devolucion]) VALUES (58, NULL,'AV PASCO', 1553,'EX00000058','161341342', NULL, 1, NULL, NULL, 57,' ')
INSERT [dbo].[documento] ([documento_id], [contacto_destino], [direccion], [distrito_id], [documento_autogenerado], [nro_documento], [razon_social_destino], [recepcionado], [referencia], [telefono], [envio_id], [codigo_devolucion]) VALUES (59, NULL,'AV ICA', 1018,'EX00000059','124123123', NULL, 0, NULL, NULL, 58,' ')
INSERT [dbo].[documento] ([documento_id], [contacto_destino], [direccion], [distrito_id], [documento_autogenerado], [nro_documento], [razon_social_destino], [recepcionado], [referencia], [telefono], [envio_id], [codigo_devolucion]) VALUES (60, NULL,'AV MARIA', 1507,'EX00000060','09872324', NULL, 0, NULL, NULL, 59,' ')
INSERT [dbo].[documento] ([documento_id], [contacto_destino], [direccion], [distrito_id], [documento_autogenerado], [nro_documento], [razon_social_destino], [recepcionado], [referencia], [telefono], [envio_id], [codigo_devolucion]) VALUES (61,'','av lima', 853,'EX00000061','1412312312','EXACT S.A.C', 1,'','', 60,' ')
INSERT [dbo].[documento] ([documento_id], [contacto_destino], [direccion], [distrito_id], [documento_autogenerado], [nro_documento], [razon_social_destino], [recepcionado], [referencia], [telefono], [envio_id], [codigo_devolucion]) VALUES (62, NULL,'AV EL ACHA', 1542,'EX00000062','974651940','ENRIQUE SAC', 0, NULL, NULL, 61,' ')
INSERT [dbo].[documento] ([documento_id], [contacto_destino], [direccion], [distrito_id], [documento_autogenerado], [nro_documento], [razon_social_destino], [recepcionado], [referencia], [telefono], [envio_id], [codigo_devolucion]) VALUES (63, NULL,'AV TALISMAN', 1255,'EX00000063','5123124123','ADAMS SAC', 0, NULL, NULL, 62,' ')
INSERT [dbo].[documento] ([documento_id], [contacto_destino], [direccion], [distrito_id], [documento_autogenerado], [nro_documento], [razon_social_destino], [recepcionado], [referencia], [telefono], [envio_id], [codigo_devolucion]) VALUES (64, NULL,'AV PISCINA', 1329,'EX00000064','612312412', NULL, 1, NULL, NULL, 63,' ')
INSERT [dbo].[documento] ([documento_id], [contacto_destino], [direccion], [distrito_id], [documento_autogenerado], [nro_documento], [razon_social_destino], [recepcionado], [referencia], [telefono], [envio_id], [codigo_devolucion]) VALUES (65, NULL,'AV DNKVLK', 844,'EX00000065','7612312321','DUNKELVOLK', 0, NULL, NULL, 64,' ')
INSERT [dbo].[documento] ([documento_id], [contacto_destino], [direccion], [distrito_id], [documento_autogenerado], [nro_documento], [razon_social_destino], [recepcionado], [referencia], [telefono], [envio_id], [codigo_devolucion]) VALUES (66, NULL,'AV CITRUS', 1555,'EX00000066','61231231', NULL, 0, NULL, NULL, 65,' ')
INSERT [dbo].[documento] ([documento_id], [contacto_destino], [direccion], [distrito_id], [documento_autogenerado], [nro_documento], [razon_social_destino], [recepcionado], [referencia], [telefono], [envio_id], [codigo_devolucion]) VALUES (67, NULL,'AV SATIPO', 467,'EX00000067','122131312311','CIFRUT', 0, NULL, NULL, 66,' ')
INSERT [dbo].[documento] ([documento_id], [contacto_destino], [direccion], [distrito_id], [documento_autogenerado], [nro_documento], [razon_social_destino], [recepcionado], [referencia], [telefono], [envio_id], [codigo_devolucion]) VALUES (68, NULL,'AV ILOS', 1528,'EX00000068','97465194011','TERNOS SAC', 0, NULL, NULL, 67,' ')
INSERT [dbo].[documento] ([documento_id], [contacto_destino], [direccion], [distrito_id], [documento_autogenerado], [nro_documento], [razon_social_destino], [recepcionado], [referencia], [telefono], [envio_id], [codigo_devolucion]) VALUES (69, NULL,'AV TUPAC', 283,'EX00000069','AV LLANTO','TUPAC', 0, NULL, NULL, 68,' ')
INSERT [dbo].[documento] ([documento_id], [contacto_destino], [direccion], [distrito_id], [documento_autogenerado], [nro_documento], [razon_social_destino], [recepcionado], [referencia], [telefono], [envio_id], [codigo_devolucion]) VALUES (70, NULL,'AV JEANS', 693,'EX00000070','541245123','JEANS SAC', 0, NULL, NULL, 69,' ')
INSERT [dbo].[documento] ([documento_id], [contacto_destino], [direccion], [distrito_id], [documento_autogenerado], [nro_documento], [razon_social_destino], [recepcionado], [referencia], [telefono], [envio_id], [codigo_devolucion]) VALUES (71, NULL,'AV ALCATEL', 1174,'EX00000071','512312312','ALCATEL SAC', 1, NULL, NULL, 70,' ')
INSERT [dbo].[documento] ([documento_id], [contacto_destino], [direccion], [distrito_id], [documento_autogenerado], [nro_documento], [razon_social_destino], [recepcionado], [referencia], [telefono], [envio_id], [codigo_devolucion]) VALUES (72, NULL,'AV JUNIN', 1075,'EX00000072','5123123', NULL, 0, NULL, NULL, 71,' ')
INSERT [dbo].[documento] ([documento_id], [contacto_destino], [direccion], [distrito_id], [documento_autogenerado], [nro_documento], [razon_social_destino], [recepcionado], [referencia], [telefono], [envio_id], [codigo_devolucion]) VALUES (73, NULL,'AV LORETO', 1468,'EX00000073','4241151940','TROME SAC', 1, NULL, NULL, 72,' ')
INSERT [dbo].[documento] ([documento_id], [contacto_destino], [direccion], [distrito_id], [documento_autogenerado], [nro_documento], [razon_social_destino], [recepcionado], [referencia], [telefono], [envio_id], [codigo_devolucion]) VALUES (74, NULL,'AV DORITOS', 935,'EX00000074','61412412411','DORITOS SAC', 0, NULL, NULL, 73,' ')
INSERT [dbo].[documento] ([documento_id], [contacto_destino], [direccion], [distrito_id], [documento_autogenerado], [nro_documento], [razon_social_destino], [recepcionado], [referencia], [telefono], [envio_id], [codigo_devolucion]) VALUES (75, NULL,'AV TOTUS', 331,'EX00000075','122324234','TOTUS SAC', 1, NULL, NULL, 74,' ')
INSERT [dbo].[documento] ([documento_id], [contacto_destino], [direccion], [distrito_id], [documento_autogenerado], [nro_documento], [razon_social_destino], [recepcionado], [referencia], [telefono], [envio_id], [codigo_devolucion]) VALUES (76, NULL,'AV METRO', 1212,'EX00000076','923401934','METRO SAC', 0, NULL, NULL, 75,' ')
INSERT [dbo].[documento] ([documento_id], [contacto_destino], [direccion], [distrito_id], [documento_autogenerado], [nro_documento], [razon_social_destino], [recepcionado], [referencia], [telefono], [envio_id], [codigo_devolucion]) VALUES (77, NULL,'AV RIO DEL SUR', 1025,'EX00000077', NULL,'RIO SAC', 0, NULL, NULL, 76,' ')
INSERT [dbo].[documento] ([documento_id], [contacto_destino], [direccion], [distrito_id], [documento_autogenerado], [nro_documento], [razon_social_destino], [recepcionado], [referencia], [telefono], [envio_id], [codigo_devolucion]) VALUES (78, NULL,'AV PALTA', 480,'EX00000078','684706462','PALTA SAC', 1, NULL, NULL, 77,' ')
INSERT [dbo].[documento] ([documento_id], [contacto_destino], [direccion], [distrito_id], [documento_autogenerado], [nro_documento], [razon_social_destino], [recepcionado], [referencia], [telefono], [envio_id], [codigo_devolucion]) VALUES (79, NULL,'AV HP', 306,'EX00000079','1523124123','LAPTOP SAC', 0, NULL, NULL, 78,' ')
INSERT [dbo].[documento] ([documento_id], [contacto_destino], [direccion], [distrito_id], [documento_autogenerado], [nro_documento], [razon_social_destino], [recepcionado], [referencia], [telefono], [envio_id], [codigo_devolucion]) VALUES (80,'','AV. VONDI', 12,'EX00000080','687015414','BOND SAC', 0,'','', 79,' ')
SET IDENTITY_INSERT [dbo].[documento] OFF
SET IDENTITY_INSERT [dbo].[tipo_estado_documento] ON 

INSERT [dbo].[tipo_estado_documento] ([tipo_estado_documento_id], [nombre]) VALUES (1,'ESTADOS UTD')
INSERT [dbo].[tipo_estado_documento] ([tipo_estado_documento_id], [nombre]) VALUES (2,'RESULTADOS PROVEEDOR')
SET IDENTITY_INSERT [dbo].[tipo_estado_documento] OFF
SET IDENTITY_INSERT [dbo].[estado_documento] ON 

INSERT [dbo].[estado_documento] ([estado_documento_id], [nombre], [tipo_estado_documento_id]) VALUES (1,'CREADO', 1)
INSERT [dbo].[estado_documento] ([estado_documento_id], [nombre], [tipo_estado_documento_id]) VALUES (2,'CUSTODIADO', 1)
INSERT [dbo].[estado_documento] ([estado_documento_id], [nombre], [tipo_estado_documento_id]) VALUES (3,'PENDIENTE DE ENTREGA', 1)
INSERT [dbo].[estado_documento] ([estado_documento_id], [nombre], [tipo_estado_documento_id]) VALUES (4,'ENTREGADO', 2)
INSERT [dbo].[estado_documento] ([estado_documento_id], [nombre], [tipo_estado_documento_id]) VALUES (5,'REZAGADO', 2)
INSERT [dbo].[estado_documento] ([estado_documento_id], [nombre], [tipo_estado_documento_id]) VALUES (6,'NO DISTRIBUIBLE', 2)
INSERT [dbo].[estado_documento] ([estado_documento_id], [nombre], [tipo_estado_documento_id]) VALUES (7,'DENEGADO', 1)
INSERT [dbo].[estado_documento] ([estado_documento_id], [nombre], [tipo_estado_documento_id]) VALUES (8,'ELIMINADO', 1)
SET IDENTITY_INSERT [dbo].[estado_documento] OFF

INSERT [dbo].[estado_documento_permitido] ([estado_documento_id], [estado_documento_permitido_id]) VALUES (1,9)
INSERT [dbo].[estado_documento_permitido] ([estado_documento_id], [estado_documento_permitido_id]) VALUES (2,1)
INSERT [dbo].[estado_documento_permitido] ([estado_documento_id], [estado_documento_permitido_id]) VALUES (3,2)
INSERT [dbo].[estado_documento_permitido] ([estado_documento_id], [estado_documento_permitido_id]) VALUES (2,9)
INSERT [dbo].[estado_documento_permitido] ([estado_documento_id], [estado_documento_permitido_id]) VALUES (3,9)

SET IDENTITY_INSERT [dbo].[seguimiento_documento] ON 

INSERT [dbo].[seguimiento_documento] ([seguimiento_documento_id], [fecha], [link_imagen], [observacion], [usuario_id], [documento_id], [estado_documento_id]) VALUES (1, CAST('2019-02-25T16:30:28.3660000' AS DateTime2), NULL, NULL, 5, 1, 1)
INSERT [dbo].[seguimiento_documento] ([seguimiento_documento_id], [fecha], [link_imagen], [observacion], [usuario_id], [documento_id], [estado_documento_id]) VALUES (2, CAST('2019-02-25T16:34:05.6400000' AS DateTime2), NULL, NULL, 5, 2, 1)
INSERT [dbo].[seguimiento_documento] ([seguimiento_documento_id], [fecha], [link_imagen], [observacion], [usuario_id], [documento_id], [estado_documento_id]) VALUES (3, CAST('2019-02-25T16:34:45.0370000' AS DateTime2), NULL, NULL, 5, 3, 1)
INSERT [dbo].[seguimiento_documento] ([seguimiento_documento_id], [fecha], [link_imagen], [observacion], [usuario_id], [documento_id], [estado_documento_id]) VALUES (4, CAST('2019-02-25T16:35:23.1160000' AS DateTime2), NULL, NULL, 5, 4, 1)
INSERT [dbo].[seguimiento_documento] ([seguimiento_documento_id], [fecha], [link_imagen], [observacion], [usuario_id], [documento_id], [estado_documento_id]) VALUES (5, CAST('2019-02-25T16:36:17.6980000' AS DateTime2), NULL, NULL, 5, 5, 1)
INSERT [dbo].[seguimiento_documento] ([seguimiento_documento_id], [fecha], [link_imagen], [observacion], [usuario_id], [documento_id], [estado_documento_id]) VALUES (6, CAST('2019-02-25T16:37:09.4740000' AS DateTime2), NULL, NULL, 5, 6, 1)
INSERT [dbo].[seguimiento_documento] ([seguimiento_documento_id], [fecha], [link_imagen], [observacion], [usuario_id], [documento_id], [estado_documento_id]) VALUES (7, CAST('2019-02-25T16:37:51.4990000' AS DateTime2), NULL, NULL, 5, 7, 1)
INSERT [dbo].[seguimiento_documento] ([seguimiento_documento_id], [fecha], [link_imagen], [observacion], [usuario_id], [documento_id], [estado_documento_id]) VALUES (8, CAST('2019-02-25T16:38:25.6910000' AS DateTime2), NULL, NULL, 5, 8, 1)
INSERT [dbo].[seguimiento_documento] ([seguimiento_documento_id], [fecha], [link_imagen], [observacion], [usuario_id], [documento_id], [estado_documento_id]) VALUES (9, CAST('2019-02-25T16:39:27.1630000' AS DateTime2), NULL, NULL, 5, 9, 1)
INSERT [dbo].[seguimiento_documento] ([seguimiento_documento_id], [fecha], [link_imagen], [observacion], [usuario_id], [documento_id], [estado_documento_id]) VALUES (10, CAST('2019-02-25T16:40:08.3070000' AS DateTime2), NULL, NULL, 5, 10, 1)
INSERT [dbo].[seguimiento_documento] ([seguimiento_documento_id], [fecha], [link_imagen], [observacion], [usuario_id], [documento_id], [estado_documento_id]) VALUES (11, CAST('2019-02-25T16:41:19.8950000' AS DateTime2), NULL, NULL, 5, 11, 1)
INSERT [dbo].[seguimiento_documento] ([seguimiento_documento_id], [fecha], [link_imagen], [observacion], [usuario_id], [documento_id], [estado_documento_id]) VALUES (12, CAST('2019-02-25T16:41:53.6650000' AS DateTime2), NULL, NULL, 5, 12, 1)
INSERT [dbo].[seguimiento_documento] ([seguimiento_documento_id], [fecha], [link_imagen], [observacion], [usuario_id], [documento_id], [estado_documento_id]) VALUES (13, CAST('2019-02-25T16:42:37.0550000' AS DateTime2), NULL, NULL, 5, 13, 1)
INSERT [dbo].[seguimiento_documento] ([seguimiento_documento_id], [fecha], [link_imagen], [observacion], [usuario_id], [documento_id], [estado_documento_id]) VALUES (14, CAST('2019-02-25T16:44:00.9930000' AS DateTime2), NULL, NULL, 5, 14, 1)
INSERT [dbo].[seguimiento_documento] ([seguimiento_documento_id], [fecha], [link_imagen], [observacion], [usuario_id], [documento_id], [estado_documento_id]) VALUES (15, CAST('2019-02-25T16:47:51.1350000' AS DateTime2), NULL, NULL, 5, 15, 1)
INSERT [dbo].[seguimiento_documento] ([seguimiento_documento_id], [fecha], [link_imagen], [observacion], [usuario_id], [documento_id], [estado_documento_id]) VALUES (16, CAST('2019-02-25T16:47:51.1390000' AS DateTime2), NULL, NULL, 5, 16, 1)
INSERT [dbo].[seguimiento_documento] ([seguimiento_documento_id], [fecha], [link_imagen], [observacion], [usuario_id], [documento_id], [estado_documento_id]) VALUES (17, CAST('2019-02-25T16:47:51.1400000' AS DateTime2), NULL, NULL, 5, 17, 1)
INSERT [dbo].[seguimiento_documento] ([seguimiento_documento_id], [fecha], [link_imagen], [observacion], [usuario_id], [documento_id], [estado_documento_id]) VALUES (18, CAST('2019-02-25T16:52:42.3660000' AS DateTime2), NULL, NULL, 5, 18, 1)
INSERT [dbo].[seguimiento_documento] ([seguimiento_documento_id], [fecha], [link_imagen], [observacion], [usuario_id], [documento_id], [estado_documento_id]) VALUES (19, CAST('2019-02-25T16:54:09.4570000' AS DateTime2), NULL, NULL, 5, 19, 1)
INSERT [dbo].[seguimiento_documento] ([seguimiento_documento_id], [fecha], [link_imagen], [observacion], [usuario_id], [documento_id], [estado_documento_id]) VALUES (20, CAST('2019-02-25T16:55:07.1830000' AS DateTime2), NULL, NULL, 5, 20, 1)
INSERT [dbo].[seguimiento_documento] ([seguimiento_documento_id], [fecha], [link_imagen], [observacion], [usuario_id], [documento_id], [estado_documento_id]) VALUES (21, CAST('2019-02-26T09:24:15.1140000' AS DateTime2), NULL, NULL, 1, 17, 8)
INSERT [dbo].[seguimiento_documento] ([seguimiento_documento_id], [fecha], [link_imagen], [observacion], [usuario_id], [documento_id], [estado_documento_id]) VALUES (22, CAST('2019-02-26T09:24:22.2820000' AS DateTime2), NULL, NULL, 1, 20, 8)
INSERT [dbo].[seguimiento_documento] ([seguimiento_documento_id], [fecha], [link_imagen], [observacion], [usuario_id], [documento_id], [estado_documento_id]) VALUES (23, CAST('2019-02-26T09:24:26.9520000' AS DateTime2), NULL,'El documento ha sido autorizado', 1, 15, 1)
INSERT [dbo].[seguimiento_documento] ([seguimiento_documento_id], [fecha], [link_imagen], [observacion], [usuario_id], [documento_id], [estado_documento_id]) VALUES (24, CAST('2019-02-26T09:24:28.5530000' AS DateTime2), NULL,'El documento ha sido autorizado', 1, 16, 1)
INSERT [dbo].[seguimiento_documento] ([seguimiento_documento_id], [fecha], [link_imagen], [observacion], [usuario_id], [documento_id], [estado_documento_id]) VALUES (25, CAST('2019-02-26T09:24:30.0070000' AS DateTime2), NULL,'El documento ha sido autorizado', 1, 18, 1)
INSERT [dbo].[seguimiento_documento] ([seguimiento_documento_id], [fecha], [link_imagen], [observacion], [usuario_id], [documento_id], [estado_documento_id]) VALUES (26, CAST('2019-02-26T09:24:31.5760000' AS DateTime2), NULL,'El documento ha sido autorizado', 1, 19, 1)
INSERT [dbo].[seguimiento_documento] ([seguimiento_documento_id], [fecha], [link_imagen], [observacion], [usuario_id], [documento_id], [estado_documento_id]) VALUES (27, CAST('2019-02-26T09:26:16.9440000' AS DateTime2), NULL, NULL, 1, 1, 2)
INSERT [dbo].[seguimiento_documento] ([seguimiento_documento_id], [fecha], [link_imagen], [observacion], [usuario_id], [documento_id], [estado_documento_id]) VALUES (28, CAST('2019-02-26T09:26:16.9460000' AS DateTime2), NULL, NULL, 1, 2, 2)
INSERT [dbo].[seguimiento_documento] ([seguimiento_documento_id], [fecha], [link_imagen], [observacion], [usuario_id], [documento_id], [estado_documento_id]) VALUES (29, CAST('2019-02-26T09:26:16.9460000' AS DateTime2), NULL, NULL, 1, 3, 2)
INSERT [dbo].[seguimiento_documento] ([seguimiento_documento_id], [fecha], [link_imagen], [observacion], [usuario_id], [documento_id], [estado_documento_id]) VALUES (30, CAST('2019-02-26T09:26:16.9470000' AS DateTime2), NULL, NULL, 1, 4, 2)
INSERT [dbo].[seguimiento_documento] ([seguimiento_documento_id], [fecha], [link_imagen], [observacion], [usuario_id], [documento_id], [estado_documento_id]) VALUES (31, CAST('2019-02-26T09:26:16.9470000' AS DateTime2), NULL, NULL, 1, 5, 2)
INSERT [dbo].[seguimiento_documento] ([seguimiento_documento_id], [fecha], [link_imagen], [observacion], [usuario_id], [documento_id], [estado_documento_id]) VALUES (32, CAST('2019-02-26T09:26:16.9480000' AS DateTime2), NULL, NULL, 1, 6, 2)
INSERT [dbo].[seguimiento_documento] ([seguimiento_documento_id], [fecha], [link_imagen], [observacion], [usuario_id], [documento_id], [estado_documento_id]) VALUES (33, CAST('2019-02-26T09:26:16.9480000' AS DateTime2), NULL, NULL, 1, 7, 2)
INSERT [dbo].[seguimiento_documento] ([seguimiento_documento_id], [fecha], [link_imagen], [observacion], [usuario_id], [documento_id], [estado_documento_id]) VALUES (34, CAST('2019-02-26T09:26:16.9480000' AS DateTime2), NULL, NULL, 1, 8, 2)
INSERT [dbo].[seguimiento_documento] ([seguimiento_documento_id], [fecha], [link_imagen], [observacion], [usuario_id], [documento_id], [estado_documento_id]) VALUES (35, CAST('2019-02-26T09:26:24.1660000' AS DateTime2), NULL, NULL, 1, 11, 2)
INSERT [dbo].[seguimiento_documento] ([seguimiento_documento_id], [fecha], [link_imagen], [observacion], [usuario_id], [documento_id], [estado_documento_id]) VALUES (36, CAST('2019-02-26T09:26:24.1690000' AS DateTime2), NULL, NULL, 1, 12, 2)
INSERT [dbo].[seguimiento_documento] ([seguimiento_documento_id], [fecha], [link_imagen], [observacion], [usuario_id], [documento_id], [estado_documento_id]) VALUES (37, CAST('2019-02-26T09:26:24.1690000' AS DateTime2), NULL, NULL, 1, 13, 2)
INSERT [dbo].[seguimiento_documento] ([seguimiento_documento_id], [fecha], [link_imagen], [observacion], [usuario_id], [documento_id], [estado_documento_id]) VALUES (38, CAST('2019-02-26T09:26:30.1410000' AS DateTime2), NULL, NULL, 1, 15, 2)
INSERT [dbo].[seguimiento_documento] ([seguimiento_documento_id], [fecha], [link_imagen], [observacion], [usuario_id], [documento_id], [estado_documento_id]) VALUES (39, CAST('2019-02-26T09:26:30.1420000' AS DateTime2), NULL, NULL, 1, 16, 2)
INSERT [dbo].[seguimiento_documento] ([seguimiento_documento_id], [fecha], [link_imagen], [observacion], [usuario_id], [documento_id], [estado_documento_id]) VALUES (40, CAST('2019-02-26T09:26:34.6000000' AS DateTime2), NULL, NULL, 1, 18, 2)
INSERT [dbo].[seguimiento_documento] ([seguimiento_documento_id], [fecha], [link_imagen], [observacion], [usuario_id], [documento_id], [estado_documento_id]) VALUES (41, CAST('2019-02-26T09:26:34.6000000' AS DateTime2), NULL, NULL, 1, 19, 2)
INSERT [dbo].[seguimiento_documento] ([seguimiento_documento_id], [fecha], [link_imagen], [observacion], [usuario_id], [documento_id], [estado_documento_id]) VALUES (42, CAST('2019-02-26T09:32:14.4650000' AS DateTime2), NULL, NULL, 1, 3, 3)
INSERT [dbo].[seguimiento_documento] ([seguimiento_documento_id], [fecha], [link_imagen], [observacion], [usuario_id], [documento_id], [estado_documento_id]) VALUES (43, CAST('2019-02-26T09:32:14.4670000' AS DateTime2), NULL, NULL, 1, 5, 3)
INSERT [dbo].[seguimiento_documento] ([seguimiento_documento_id], [fecha], [link_imagen], [observacion], [usuario_id], [documento_id], [estado_documento_id]) VALUES (44, CAST('2019-02-26T09:32:14.4670000' AS DateTime2), NULL, NULL, 1, 6, 3)
INSERT [dbo].[seguimiento_documento] ([seguimiento_documento_id], [fecha], [link_imagen], [observacion], [usuario_id], [documento_id], [estado_documento_id]) VALUES (45, CAST('2019-02-26T09:32:14.4680000' AS DateTime2), NULL, NULL, 1, 2, 3)
INSERT [dbo].[seguimiento_documento] ([seguimiento_documento_id], [fecha], [link_imagen], [observacion], [usuario_id], [documento_id], [estado_documento_id]) VALUES (46, CAST('2019-02-26T09:32:14.4680000' AS DateTime2), NULL, NULL, 1, 4, 3)
INSERT [dbo].[seguimiento_documento] ([seguimiento_documento_id], [fecha], [link_imagen], [observacion], [usuario_id], [documento_id], [estado_documento_id]) VALUES (47, CAST('2019-02-26T09:32:14.4680000' AS DateTime2), NULL, NULL, 1, 1, 3)
INSERT [dbo].[seguimiento_documento] ([seguimiento_documento_id], [fecha], [link_imagen], [observacion], [usuario_id], [documento_id], [estado_documento_id]) VALUES (48, CAST('2019-02-26T09:32:16.3670000' AS DateTime2), NULL, NULL, 1, 12, 3)
INSERT [dbo].[seguimiento_documento] ([seguimiento_documento_id], [fecha], [link_imagen], [observacion], [usuario_id], [documento_id], [estado_documento_id]) VALUES (49, CAST('2019-02-26T09:32:16.3680000' AS DateTime2), NULL, NULL, 1, 11, 3)
INSERT [dbo].[seguimiento_documento] ([seguimiento_documento_id], [fecha], [link_imagen], [observacion], [usuario_id], [documento_id], [estado_documento_id]) VALUES (50, CAST('2019-02-26T09:32:16.3680000' AS DateTime2), NULL, NULL, 1, 13, 3)
INSERT [dbo].[seguimiento_documento] ([seguimiento_documento_id], [fecha], [link_imagen], [observacion], [usuario_id], [documento_id], [estado_documento_id]) VALUES (51, CAST('2019-02-26T09:32:18.3740000' AS DateTime2), NULL, NULL, 1, 15, 3)
INSERT [dbo].[seguimiento_documento] ([seguimiento_documento_id], [fecha], [link_imagen], [observacion], [usuario_id], [documento_id], [estado_documento_id]) VALUES (52, CAST('2019-02-26T09:32:18.3750000' AS DateTime2), NULL, NULL, 1, 16, 3)
INSERT [dbo].[seguimiento_documento] ([seguimiento_documento_id], [fecha], [link_imagen], [observacion], [usuario_id], [documento_id], [estado_documento_id]) VALUES (53, CAST('2019-02-26T09:32:20.2800000' AS DateTime2), NULL, NULL, 1, 18, 3)
INSERT [dbo].[seguimiento_documento] ([seguimiento_documento_id], [fecha], [link_imagen], [observacion], [usuario_id], [documento_id], [estado_documento_id]) VALUES (54, CAST('2019-02-26T09:32:20.2800000' AS DateTime2), NULL, NULL, 1, 19, 3)
INSERT [dbo].[seguimiento_documento] ([seguimiento_documento_id], [fecha], [link_imagen], [observacion], [usuario_id], [documento_id], [estado_documento_id]) VALUES (55, CAST('2019-02-27T13:30:00.0000000' AS DateTime2),'http://2.bp.blogspot.com/-LhaKkBU4eW4/U6puYNTyTpI/AAAAAAAAACU/D4C42MuBK68/s1600/img046.jpg','', 1, 1, 4)
INSERT [dbo].[seguimiento_documento] ([seguimiento_documento_id], [fecha], [link_imagen], [observacion], [usuario_id], [documento_id], [estado_documento_id]) VALUES (56, CAST('2019-02-27T10:10:00.0000000' AS DateTime2),'http://2.bp.blogspot.com/-LhaKkBU4eW4/U6puYNTyTpI/AAAAAAAAACU/D4C42MuBK68/s1600/img046.jpg','', 1, 2, 4)
INSERT [dbo].[seguimiento_documento] ([seguimiento_documento_id], [fecha], [link_imagen], [observacion], [usuario_id], [documento_id], [estado_documento_id]) VALUES (57, CAST('2019-02-27T13:30:00.0000000' AS DateTime2),'https://imgix.bustle.com/elite-daily/2017/05/08101715/Facebook-Dislike-1.jpg?w=1020&h=574&fit=crop&crop=faces&auto=format&q=70','No vive ahí', 1, 3, 5)
INSERT [dbo].[seguimiento_documento] ([seguimiento_documento_id], [fecha], [link_imagen], [observacion], [usuario_id], [documento_id], [estado_documento_id]) VALUES (58, CAST('2019-02-27T13:30:00.0000000' AS DateTime2),'https://imgix.bustle.com/elite-daily/2017/05/08101715/Facebook-Dislike-1.jpg?w=1020&h=574&fit=crop&crop=faces&auto=format&q=70','No vive ahí', 1, 4, 5)
INSERT [dbo].[seguimiento_documento] ([seguimiento_documento_id], [fecha], [link_imagen], [observacion], [usuario_id], [documento_id], [estado_documento_id]) VALUES (59, CAST('2019-02-27T13:30:00.0000000' AS DateTime2),'','', 1, 5, 6)
INSERT [dbo].[seguimiento_documento] ([seguimiento_documento_id], [fecha], [link_imagen], [observacion], [usuario_id], [documento_id], [estado_documento_id]) VALUES (60, CAST('2019-02-27T13:30:00.0000000' AS DateTime2),'','', 1, 6, 7)
INSERT [dbo].[seguimiento_documento] ([seguimiento_documento_id], [fecha], [link_imagen], [observacion], [usuario_id], [documento_id], [estado_documento_id]) VALUES (61, CAST('2019-02-26T09:48:46.1300000' AS DateTime2),'https://imgix.bustle.com/elite-daily/2017/05/08101715/Facebook-Dislike-1.jpg?w=1020&h=574&fit=crop&crop=faces&auto=format&q=70','Documento Devuelto', 1, 4, 5)
INSERT [dbo].[seguimiento_documento] ([seguimiento_documento_id], [fecha], [link_imagen], [observacion], [usuario_id], [documento_id], [estado_documento_id]) VALUES (62, CAST('2019-02-26T09:52:53.5800000' AS DateTime2),'http://2.bp.blogspot.com/-LhaKkBU4eW4/U6puYNTyTpI/AAAAAAAAACU/D4C42MuBK68/s1600/img046.jpg','Cargo Recibido', 1, 1, 4)
INSERT [dbo].[seguimiento_documento] ([seguimiento_documento_id], [fecha], [link_imagen], [observacion], [usuario_id], [documento_id], [estado_documento_id]) VALUES (63, CAST('2019-02-27T10:10:00.0000000' AS DateTime2),'http://2.bp.blogspot.com/-LhaKkBU4eW4/U6puYNTyTpI/AAAAAAAAACU/D4C42MuBK68/s1600/img046.jpg','', 1, 11, 4)
INSERT [dbo].[seguimiento_documento] ([seguimiento_documento_id], [fecha], [link_imagen], [observacion], [usuario_id], [documento_id], [estado_documento_id]) VALUES (64, CAST('2019-03-04T13:30:00.0000000' AS DateTime2),'http://2.bp.blogspot.com/-LhaKkBU4eW4/U6puYNTyTpI/AAAAAAAAACU/D4C42MuBK68/s1600/img046.jpg','', 1, 12, 4)
INSERT [dbo].[seguimiento_documento] ([seguimiento_documento_id], [fecha], [link_imagen], [observacion], [usuario_id], [documento_id], [estado_documento_id]) VALUES (66, CAST('2019-02-26T10:07:45.0810000' AS DateTime2),'http://2.bp.blogspot.com/-LhaKkBU4eW4/U6puYNTyTpI/AAAAAAAAACU/D4C42MuBK68/s1600/img046.jpg','Cargo Recibido', 1, 11, 4)
INSERT [dbo].[seguimiento_documento] ([seguimiento_documento_id], [fecha], [link_imagen], [observacion], [usuario_id], [documento_id], [estado_documento_id]) VALUES (68, CAST('2019-02-27T13:30:00.0000000' AS DateTime2),'http://2.bp.blogspot.com/-LhaKkBU4eW4/U6puYNTyTpI/AAAAAAAAACU/D4C42MuBK68/s1600/img046.jpg','', 1, 15, 4)
INSERT [dbo].[seguimiento_documento] ([seguimiento_documento_id], [fecha], [link_imagen], [observacion], [usuario_id], [documento_id], [estado_documento_id]) VALUES (69, CAST('2019-03-04T00:00:00.0000000' AS DateTime2),'http://2.bp.blogspot.com/-LhaKkBU4eW4/U6puYNTyTpI/AAAAAAAAACU/D4C42MuBK68/s1600/img046.jpg','', 1, 16, 4)
INSERT [dbo].[seguimiento_documento] ([seguimiento_documento_id], [fecha], [link_imagen], [observacion], [usuario_id], [documento_id], [estado_documento_id]) VALUES (70, CAST('2019-02-26T10:12:47.2090000' AS DateTime2),'http://2.bp.blogspot.com/-LhaKkBU4eW4/U6puYNTyTpI/AAAAAAAAACU/D4C42MuBK68/s1600/img046.jpg','Cargo Recibido', 1, 15, 4)
INSERT [dbo].[seguimiento_documento] ([seguimiento_documento_id], [fecha], [link_imagen], [observacion], [usuario_id], [documento_id], [estado_documento_id]) VALUES (71, CAST('2019-02-27T13:30:00.0000000' AS DateTime2),'http://2.bp.blogspot.com/-LhaKkBU4eW4/U6puYNTyTpI/AAAAAAAAACU/D4C42MuBK68/s1600/img046.jpg','', 1, 18, 4)
INSERT [dbo].[seguimiento_documento] ([seguimiento_documento_id], [fecha], [link_imagen], [observacion], [usuario_id], [documento_id], [estado_documento_id]) VALUES (72, CAST('2019-03-04T00:00:00.0000000' AS DateTime2),'http://2.bp.blogspot.com/-LhaKkBU4eW4/U6puYNTyTpI/AAAAAAAAACU/D4C42MuBK68/s1600/img046.jpg','', 1, 19, 4)
INSERT [dbo].[seguimiento_documento] ([seguimiento_documento_id], [fecha], [link_imagen], [observacion], [usuario_id], [documento_id], [estado_documento_id]) VALUES (73, CAST('2019-02-26T10:15:00.2210000' AS DateTime2),'http://2.bp.blogspot.com/-LhaKkBU4eW4/U6puYNTyTpI/AAAAAAAAACU/D4C42MuBK68/s1600/img046.jpg','Cargo Recibido', 1, 18, 4)
INSERT [dbo].[seguimiento_documento] ([seguimiento_documento_id], [fecha], [link_imagen], [observacion], [usuario_id], [documento_id], [estado_documento_id]) VALUES (74, CAST('2019-02-26T10:28:16.3000000' AS DateTime2), NULL, NULL, 6, 21, 1)
INSERT [dbo].[seguimiento_documento] ([seguimiento_documento_id], [fecha], [link_imagen], [observacion], [usuario_id], [documento_id], [estado_documento_id]) VALUES (75, CAST('2019-02-26T10:29:05.0720000' AS DateTime2), NULL, NULL, 6, 22, 1)
INSERT [dbo].[seguimiento_documento] ([seguimiento_documento_id], [fecha], [link_imagen], [observacion], [usuario_id], [documento_id], [estado_documento_id]) VALUES (76, CAST('2019-02-26T10:30:15.1270000' AS DateTime2), NULL, NULL, 6, 23, 1)
INSERT [dbo].[seguimiento_documento] ([seguimiento_documento_id], [fecha], [link_imagen], [observacion], [usuario_id], [documento_id], [estado_documento_id]) VALUES (77, CAST('2019-02-26T10:33:58.1520000' AS DateTime2), NULL, NULL, 6, 24, 1)
INSERT [dbo].[seguimiento_documento] ([seguimiento_documento_id], [fecha], [link_imagen], [observacion], [usuario_id], [documento_id], [estado_documento_id]) VALUES (78, CAST('2019-02-26T10:35:36.8720000' AS DateTime2), NULL, NULL, 6, 25, 1)
INSERT [dbo].[seguimiento_documento] ([seguimiento_documento_id], [fecha], [link_imagen], [observacion], [usuario_id], [documento_id], [estado_documento_id]) VALUES (79, CAST('2019-02-26T10:36:16.8680000' AS DateTime2), NULL, NULL, 6, 26, 1)
INSERT [dbo].[seguimiento_documento] ([seguimiento_documento_id], [fecha], [link_imagen], [observacion], [usuario_id], [documento_id], [estado_documento_id]) VALUES (80, CAST('2019-02-26T10:36:55.7580000' AS DateTime2), NULL, NULL, 6, 27, 1)
INSERT [dbo].[seguimiento_documento] ([seguimiento_documento_id], [fecha], [link_imagen], [observacion], [usuario_id], [documento_id], [estado_documento_id]) VALUES (81, CAST('2019-02-26T10:37:20.4680000' AS DateTime2), NULL, NULL, 6, 28, 1)
INSERT [dbo].[seguimiento_documento] ([seguimiento_documento_id], [fecha], [link_imagen], [observacion], [usuario_id], [documento_id], [estado_documento_id]) VALUES (82, CAST('2019-02-26T10:37:43.6310000' AS DateTime2), NULL, NULL, 6, 29, 1)
INSERT [dbo].[seguimiento_documento] ([seguimiento_documento_id], [fecha], [link_imagen], [observacion], [usuario_id], [documento_id], [estado_documento_id]) VALUES (83, CAST('2019-02-26T10:38:19.8260000' AS DateTime2), NULL, NULL, 6, 30, 1)
INSERT [dbo].[seguimiento_documento] ([seguimiento_documento_id], [fecha], [link_imagen], [observacion], [usuario_id], [documento_id], [estado_documento_id]) VALUES (84, CAST('2019-02-26T10:51:14.5770000' AS DateTime2), NULL, NULL, 6, 31, 1)
INSERT [dbo].[seguimiento_documento] ([seguimiento_documento_id], [fecha], [link_imagen], [observacion], [usuario_id], [documento_id], [estado_documento_id]) VALUES (85, CAST('2019-02-26T10:51:53.7360000' AS DateTime2), NULL, NULL, 6, 32, 1)
INSERT [dbo].[seguimiento_documento] ([seguimiento_documento_id], [fecha], [link_imagen], [observacion], [usuario_id], [documento_id], [estado_documento_id]) VALUES (86, CAST('2019-02-26T10:52:20.5060000' AS DateTime2), NULL, NULL, 6, 33, 1)
INSERT [dbo].[seguimiento_documento] ([seguimiento_documento_id], [fecha], [link_imagen], [observacion], [usuario_id], [documento_id], [estado_documento_id]) VALUES (87, CAST('2019-02-26T10:52:50.0950000' AS DateTime2), NULL, NULL, 6, 34, 1)
INSERT [dbo].[seguimiento_documento] ([seguimiento_documento_id], [fecha], [link_imagen], [observacion], [usuario_id], [documento_id], [estado_documento_id]) VALUES (88, CAST('2019-02-26T10:53:19.7410000' AS DateTime2), NULL, NULL, 6, 35, 1)
INSERT [dbo].[seguimiento_documento] ([seguimiento_documento_id], [fecha], [link_imagen], [observacion], [usuario_id], [documento_id], [estado_documento_id]) VALUES (89, CAST('2019-02-26T10:53:50.1320000' AS DateTime2), NULL, NULL, 6, 36, 1)
INSERT [dbo].[seguimiento_documento] ([seguimiento_documento_id], [fecha], [link_imagen], [observacion], [usuario_id], [documento_id], [estado_documento_id]) VALUES (90, CAST('2019-02-26T10:54:17.5060000' AS DateTime2), NULL, NULL, 6, 37, 1)
INSERT [dbo].[seguimiento_documento] ([seguimiento_documento_id], [fecha], [link_imagen], [observacion], [usuario_id], [documento_id], [estado_documento_id]) VALUES (91, CAST('2019-02-26T10:54:49.6780000' AS DateTime2), NULL, NULL, 6, 38, 1)
INSERT [dbo].[seguimiento_documento] ([seguimiento_documento_id], [fecha], [link_imagen], [observacion], [usuario_id], [documento_id], [estado_documento_id]) VALUES (92, CAST('2019-02-26T10:55:15.0430000' AS DateTime2), NULL, NULL, 6, 39, 1)
INSERT [dbo].[seguimiento_documento] ([seguimiento_documento_id], [fecha], [link_imagen], [observacion], [usuario_id], [documento_id], [estado_documento_id]) VALUES (93, CAST('2019-02-26T10:55:39.5900000' AS DateTime2), NULL, NULL, 6, 40, 1)
INSERT [dbo].[seguimiento_documento] ([seguimiento_documento_id], [fecha], [link_imagen], [observacion], [usuario_id], [documento_id], [estado_documento_id]) VALUES (94, CAST('2019-02-26T11:08:44.7690000' AS DateTime2), NULL, NULL, 2, 21, 2)
INSERT [dbo].[seguimiento_documento] ([seguimiento_documento_id], [fecha], [link_imagen], [observacion], [usuario_id], [documento_id], [estado_documento_id]) VALUES (95, CAST('2019-02-26T11:15:07.0040000' AS DateTime2), NULL, NULL, 2, 37, 8)
INSERT [dbo].[seguimiento_documento] ([seguimiento_documento_id], [fecha], [link_imagen], [observacion], [usuario_id], [documento_id], [estado_documento_id]) VALUES (96, CAST('2019-02-26T11:15:13.5300000' AS DateTime2), NULL, NULL, 2, 40, 8)
INSERT [dbo].[seguimiento_documento] ([seguimiento_documento_id], [fecha], [link_imagen], [observacion], [usuario_id], [documento_id], [estado_documento_id]) VALUES (97, CAST('2019-02-26T11:15:46.0600000' AS DateTime2), NULL, NULL, 2, 22, 2)
INSERT [dbo].[seguimiento_documento] ([seguimiento_documento_id], [fecha], [link_imagen], [observacion], [usuario_id], [documento_id], [estado_documento_id]) VALUES (98, CAST('2019-02-26T11:15:46.0610000' AS DateTime2), NULL, NULL, 2, 23, 2)
INSERT [dbo].[seguimiento_documento] ([seguimiento_documento_id], [fecha], [link_imagen], [observacion], [usuario_id], [documento_id], [estado_documento_id]) VALUES (99, CAST('2019-02-26T11:15:46.0610000' AS DateTime2), NULL, NULL, 2, 24, 2)
INSERT [dbo].[seguimiento_documento] ([seguimiento_documento_id], [fecha], [link_imagen], [observacion], [usuario_id], [documento_id], [estado_documento_id]) VALUES (100, CAST('2019-02-26T11:15:46.0610000' AS DateTime2), NULL, NULL, 2, 25, 2)
INSERT [dbo].[seguimiento_documento] ([seguimiento_documento_id], [fecha], [link_imagen], [observacion], [usuario_id], [documento_id], [estado_documento_id]) VALUES (101, CAST('2019-02-26T11:15:46.0620000' AS DateTime2), NULL, NULL, 2, 26, 2)

INSERT [dbo].[seguimiento_documento] ([seguimiento_documento_id], [fecha], [link_imagen], [observacion], [usuario_id], [documento_id], [estado_documento_id]) VALUES (102, CAST('2019-02-26T11:15:46.0620000' AS DateTime2), NULL, NULL, 2, 27, 2)
INSERT [dbo].[seguimiento_documento] ([seguimiento_documento_id], [fecha], [link_imagen], [observacion], [usuario_id], [documento_id], [estado_documento_id]) VALUES (103, CAST('2019-02-26T11:15:46.0620000' AS DateTime2), NULL, NULL, 2, 28, 2)
INSERT [dbo].[seguimiento_documento] ([seguimiento_documento_id], [fecha], [link_imagen], [observacion], [usuario_id], [documento_id], [estado_documento_id]) VALUES (104, CAST('2019-02-26T11:15:55.2260000' AS DateTime2), NULL, NULL, 2, 31, 2)
INSERT [dbo].[seguimiento_documento] ([seguimiento_documento_id], [fecha], [link_imagen], [observacion], [usuario_id], [documento_id], [estado_documento_id]) VALUES (105, CAST('2019-02-26T11:15:55.2260000' AS DateTime2), NULL, NULL, 2, 32, 2)
INSERT [dbo].[seguimiento_documento] ([seguimiento_documento_id], [fecha], [link_imagen], [observacion], [usuario_id], [documento_id], [estado_documento_id]) VALUES (106, CAST('2019-02-26T11:15:55.2270000' AS DateTime2), NULL, NULL, 2, 33, 2)
INSERT [dbo].[seguimiento_documento] ([seguimiento_documento_id], [fecha], [link_imagen], [observacion], [usuario_id], [documento_id], [estado_documento_id]) VALUES (107, CAST('2019-02-26T11:16:10.7110000' AS DateTime2), NULL, NULL, 2, 35, 2)
INSERT [dbo].[seguimiento_documento] ([seguimiento_documento_id], [fecha], [link_imagen], [observacion], [usuario_id], [documento_id], [estado_documento_id]) VALUES (108, CAST('2019-02-26T11:16:10.7130000' AS DateTime2), NULL, NULL, 2, 36, 2)
INSERT [dbo].[seguimiento_documento] ([seguimiento_documento_id], [fecha], [link_imagen], [observacion], [usuario_id], [documento_id], [estado_documento_id]) VALUES (109, CAST('2019-02-26T11:16:10.7130000' AS DateTime2), NULL, NULL, 2, 38, 2)
INSERT [dbo].[seguimiento_documento] ([seguimiento_documento_id], [fecha], [link_imagen], [observacion], [usuario_id], [documento_id], [estado_documento_id]) VALUES (110, CAST('2019-02-26T11:16:10.7130000' AS DateTime2), NULL, NULL, 2, 39, 2)
INSERT [dbo].[seguimiento_documento] ([seguimiento_documento_id], [fecha], [link_imagen], [observacion], [usuario_id], [documento_id], [estado_documento_id]) VALUES (111, CAST('2019-02-26T11:20:18.2920000' AS DateTime2), NULL,'El documento ha sido autorizado', 2, 39, 2)
INSERT [dbo].[seguimiento_documento] ([seguimiento_documento_id], [fecha], [link_imagen], [observacion], [usuario_id], [documento_id], [estado_documento_id]) VALUES (112, CAST('2019-02-26T11:20:19.8980000' AS DateTime2), NULL,'El documento ha sido autorizado', 2, 38, 2)
INSERT [dbo].[seguimiento_documento] ([seguimiento_documento_id], [fecha], [link_imagen], [observacion], [usuario_id], [documento_id], [estado_documento_id]) VALUES (113, CAST('2019-02-26T11:20:29.0030000' AS DateTime2), NULL,'El documento ha sido autorizado', 2, 36, 2)
INSERT [dbo].[seguimiento_documento] ([seguimiento_documento_id], [fecha], [link_imagen], [observacion], [usuario_id], [documento_id], [estado_documento_id]) VALUES (114, CAST('2019-02-26T11:20:30.9600000' AS DateTime2), NULL,'El documento ha sido autorizado', 2, 35, 2)
INSERT [dbo].[seguimiento_documento] ([seguimiento_documento_id], [fecha], [link_imagen], [observacion], [usuario_id], [documento_id], [estado_documento_id]) VALUES (115, CAST('2019-02-26T11:20:44.2480000' AS DateTime2), NULL,'El documento ha sido autorizado', 2, 34, 1)
INSERT [dbo].[seguimiento_documento] ([seguimiento_documento_id], [fecha], [link_imagen], [observacion], [usuario_id], [documento_id], [estado_documento_id]) VALUES (116, CAST('2019-02-26T11:20:58.8250000' AS DateTime2), NULL,'El documento ha sido autorizado', 2, 33, 2)
INSERT [dbo].[seguimiento_documento] ([seguimiento_documento_id], [fecha], [link_imagen], [observacion], [usuario_id], [documento_id], [estado_documento_id]) VALUES (117, CAST('2019-02-26T11:21:00.5110000' AS DateTime2), NULL,'El documento ha sido autorizado', 2, 32, 2)
INSERT [dbo].[seguimiento_documento] ([seguimiento_documento_id], [fecha], [link_imagen], [observacion], [usuario_id], [documento_id], [estado_documento_id]) VALUES (118, CAST('2019-02-26T11:21:01.8580000' AS DateTime2), NULL,'El documento ha sido autorizado', 2, 31, 2)
INSERT [dbo].[seguimiento_documento] ([seguimiento_documento_id], [fecha], [link_imagen], [observacion], [usuario_id], [documento_id], [estado_documento_id]) VALUES (119, CAST('2019-02-26T11:23:04.5270000' AS DateTime2), NULL, NULL, 2, 24, 3)
INSERT [dbo].[seguimiento_documento] ([seguimiento_documento_id], [fecha], [link_imagen], [observacion], [usuario_id], [documento_id], [estado_documento_id]) VALUES (120, CAST('2019-02-26T11:23:04.5280000' AS DateTime2), NULL, NULL, 2, 22, 3)
INSERT [dbo].[seguimiento_documento] ([seguimiento_documento_id], [fecha], [link_imagen], [observacion], [usuario_id], [documento_id], [estado_documento_id]) VALUES (121, CAST('2019-02-26T11:23:04.5300000' AS DateTime2), NULL, NULL, 2, 26, 3)
INSERT [dbo].[seguimiento_documento] ([seguimiento_documento_id], [fecha], [link_imagen], [observacion], [usuario_id], [documento_id], [estado_documento_id]) VALUES (122, CAST('2019-02-26T11:23:04.5300000' AS DateTime2), NULL, NULL, 2, 25, 3)
INSERT [dbo].[seguimiento_documento] ([seguimiento_documento_id], [fecha], [link_imagen], [observacion], [usuario_id], [documento_id], [estado_documento_id]) VALUES (123, CAST('2019-02-26T11:23:04.5300000' AS DateTime2), NULL, NULL, 2, 23, 3)
INSERT [dbo].[seguimiento_documento] ([seguimiento_documento_id], [fecha], [link_imagen], [observacion], [usuario_id], [documento_id], [estado_documento_id]) VALUES (124, CAST('2019-02-26T11:23:04.5310000' AS DateTime2), NULL, NULL, 2, 21, 3)
INSERT [dbo].[seguimiento_documento] ([seguimiento_documento_id], [fecha], [link_imagen], [observacion], [usuario_id], [documento_id], [estado_documento_id]) VALUES (125, CAST('2019-02-26T11:23:06.2290000' AS DateTime2), NULL, NULL, 2, 33, 3)
INSERT [dbo].[seguimiento_documento] ([seguimiento_documento_id], [fecha], [link_imagen], [observacion], [usuario_id], [documento_id], [estado_documento_id]) VALUES (126, CAST('2019-02-26T11:23:06.2290000' AS DateTime2), NULL, NULL, 2, 31, 3)
INSERT [dbo].[seguimiento_documento] ([seguimiento_documento_id], [fecha], [link_imagen], [observacion], [usuario_id], [documento_id], [estado_documento_id]) VALUES (127, CAST('2019-02-26T11:23:06.2300000' AS DateTime2), NULL, NULL, 2, 32, 3)
INSERT [dbo].[seguimiento_documento] ([seguimiento_documento_id], [fecha], [link_imagen], [observacion], [usuario_id], [documento_id], [estado_documento_id]) VALUES (128, CAST('2019-02-26T11:23:08.5390000' AS DateTime2), NULL, NULL, 2, 35, 3)
INSERT [dbo].[seguimiento_documento] ([seguimiento_documento_id], [fecha], [link_imagen], [observacion], [usuario_id], [documento_id], [estado_documento_id]) VALUES (129, CAST('2019-02-26T11:23:08.5400000' AS DateTime2), NULL, NULL, 2, 36, 3)
INSERT [dbo].[seguimiento_documento] ([seguimiento_documento_id], [fecha], [link_imagen], [observacion], [usuario_id], [documento_id], [estado_documento_id]) VALUES (130, CAST('2019-02-26T11:23:09.9680000' AS DateTime2), NULL, NULL, 2, 39, 3)
INSERT [dbo].[seguimiento_documento] ([seguimiento_documento_id], [fecha], [link_imagen], [observacion], [usuario_id], [documento_id], [estado_documento_id]) VALUES (131, CAST('2019-02-26T11:23:09.9690000' AS DateTime2), NULL, NULL, 2, 38, 3)
INSERT [dbo].[seguimiento_documento] ([seguimiento_documento_id], [fecha], [link_imagen], [observacion], [usuario_id], [documento_id], [estado_documento_id]) VALUES (132, CAST('2019-02-27T15:00:00.0000000' AS DateTime2),'http://2.bp.blogspot.com/-LhaKkBU4eW4/U6puYNTyTpI/AAAAAAAAACU/D4C42MuBK68/s1600/img046.jpg','', 2, 21, 4)
INSERT [dbo].[seguimiento_documento] ([seguimiento_documento_id], [fecha], [link_imagen], [observacion], [usuario_id], [documento_id], [estado_documento_id]) VALUES (133, CAST('2019-02-27T15:00:00.0000000' AS DateTime2),'http://2.bp.blogspot.com/-LhaKkBU4eW4/U6puYNTyTpI/AAAAAAAAACU/D4C42MuBK68/s1600/img046.jpg','', 2, 22, 4)
INSERT [dbo].[seguimiento_documento] ([seguimiento_documento_id], [fecha], [link_imagen], [observacion], [usuario_id], [documento_id], [estado_documento_id]) VALUES (134, CAST('2019-02-27T12:00:00.0000000' AS DateTime2),'https://imgix.bustle.com/elite-daily/2017/05/08101715/Facebook-Dislike-1.jpg?w=1020&h=574&fit=crop&crop=faces&auto=format&q=70','NO VIVE AHÍ', 2, 23, 5)
INSERT [dbo].[seguimiento_documento] ([seguimiento_documento_id], [fecha], [link_imagen], [observacion], [usuario_id], [documento_id], [estado_documento_id]) VALUES (135, CAST('2019-02-27T12:00:00.0000000' AS DateTime2),'https://imgix.bustle.com/elite-daily/2017/05/08101715/Facebook-Dislike-1.jpg?w=1020&h=574&fit=crop&crop=faces&auto=format&q=70','NO VIVE AHÍ', 2, 24, 5)
INSERT [dbo].[seguimiento_documento] ([seguimiento_documento_id], [fecha], [link_imagen], [observacion], [usuario_id], [documento_id], [estado_documento_id]) VALUES (136, CAST('2019-02-27T12:00:00.0000000' AS DateTime2),'','', 2, 25, 6)
INSERT [dbo].[seguimiento_documento] ([seguimiento_documento_id], [fecha], [link_imagen], [observacion], [usuario_id], [documento_id], [estado_documento_id]) VALUES (137, CAST('2019-02-27T12:00:00.0000000' AS DateTime2),'','', 2, 26, 7)
INSERT [dbo].[seguimiento_documento] ([seguimiento_documento_id], [fecha], [link_imagen], [observacion], [usuario_id], [documento_id], [estado_documento_id]) VALUES (138, CAST('2019-02-26T11:29:58.8000000' AS DateTime2),'http://2.bp.blogspot.com/-LhaKkBU4eW4/U6puYNTyTpI/AAAAAAAAACU/D4C42MuBK68/s1600/img046.jpg','Cargo Recibido', 2, 21, 4)
INSERT [dbo].[seguimiento_documento] ([seguimiento_documento_id], [fecha], [link_imagen], [observacion], [usuario_id], [documento_id], [estado_documento_id]) VALUES (139, CAST('2019-02-26T11:30:19.0410000' AS DateTime2),'https://imgix.bustle.com/elite-daily/2017/05/08101715/Facebook-Dislike-1.jpg?w=1020&h=574&fit=crop&crop=faces&auto=format&q=70','Documento Devuelto', 2, 24, 5)
INSERT [dbo].[seguimiento_documento] ([seguimiento_documento_id], [fecha], [link_imagen], [observacion], [usuario_id], [documento_id], [estado_documento_id]) VALUES (140, CAST('2019-02-27T12:00:00.0000000' AS DateTime2),'http://2.bp.blogspot.com/-LhaKkBU4eW4/U6puYNTyTpI/AAAAAAAAACU/D4C42MuBK68/s1600/img046.jpg','', 2, 31, 4)
INSERT [dbo].[seguimiento_documento] ([seguimiento_documento_id], [fecha], [link_imagen], [observacion], [usuario_id], [documento_id], [estado_documento_id]) VALUES (141, CAST('2019-03-08T15:00:00.0000000' AS DateTime2),'http://2.bp.blogspot.com/-LhaKkBU4eW4/U6puYNTyTpI/AAAAAAAAACU/D4C42MuBK68/s1600/img046.jpg','', 2, 32, 4)
INSERT [dbo].[seguimiento_documento] ([seguimiento_documento_id], [fecha], [link_imagen], [observacion], [usuario_id], [documento_id], [estado_documento_id]) VALUES (142, CAST('2019-02-27T12:00:00.0000000' AS DateTime2),'https://imgix.bustle.com/elite-daily/2017/05/08101715/Facebook-Dislike-1.jpg?w=1020&h=574&fit=crop&crop=faces&auto=format&q=70','NO VIVE AHÍ', 2, 33, 5)
INSERT [dbo].[seguimiento_documento] ([seguimiento_documento_id], [fecha], [link_imagen], [observacion], [usuario_id], [documento_id], [estado_documento_id]) VALUES (143, CAST('2019-02-26T11:32:54.5550000' AS DateTime2),'http://2.bp.blogspot.com/-LhaKkBU4eW4/U6puYNTyTpI/AAAAAAAAACU/D4C42MuBK68/s1600/img046.jpg','Cargo Recibido', 2, 31, 4)
INSERT [dbo].[seguimiento_documento] ([seguimiento_documento_id], [fecha], [link_imagen], [observacion], [usuario_id], [documento_id], [estado_documento_id]) VALUES (144, CAST('2019-02-26T11:33:16.3420000' AS DateTime2),'https://imgix.bustle.com/elite-daily/2017/05/08101715/Facebook-Dislike-1.jpg?w=1020&h=574&fit=crop&crop=faces&auto=format&q=70','Documento Devuelto', 2, 33, 5)
INSERT [dbo].[seguimiento_documento] ([seguimiento_documento_id], [fecha], [link_imagen], [observacion], [usuario_id], [documento_id], [estado_documento_id]) VALUES (145, CAST('2019-02-27T12:00:00.0000000' AS DateTime2),'http://2.bp.blogspot.com/-LhaKkBU4eW4/U6puYNTyTpI/AAAAAAAAACU/D4C42MuBK68/s1600/img046.jpg','', 2, 35, 4)
INSERT [dbo].[seguimiento_documento] ([seguimiento_documento_id], [fecha], [link_imagen], [observacion], [usuario_id], [documento_id], [estado_documento_id]) VALUES (146, CAST('2019-03-08T15:00:00.0000000' AS DateTime2),'http://2.bp.blogspot.com/-LhaKkBU4eW4/U6puYNTyTpI/AAAAAAAAACU/D4C42MuBK68/s1600/img046.jpg','', 2, 36, 4)
INSERT [dbo].[seguimiento_documento] ([seguimiento_documento_id], [fecha], [link_imagen], [observacion], [usuario_id], [documento_id], [estado_documento_id]) VALUES (147, CAST('2019-02-26T11:34:55.7860000' AS DateTime2),'http://2.bp.blogspot.com/-LhaKkBU4eW4/U6puYNTyTpI/AAAAAAAAACU/D4C42MuBK68/s1600/img046.jpg','Cargo Recibido', 2, 35, 4)
INSERT [dbo].[seguimiento_documento] ([seguimiento_documento_id], [fecha], [link_imagen], [observacion], [usuario_id], [documento_id], [estado_documento_id]) VALUES (148, CAST('2019-02-27T12:00:00.0000000' AS DateTime2),'http://2.bp.blogspot.com/-LhaKkBU4eW4/U6puYNTyTpI/AAAAAAAAACU/D4C42MuBK68/s1600/img046.jpg','', 2, 38, 4)
INSERT [dbo].[seguimiento_documento] ([seguimiento_documento_id], [fecha], [link_imagen], [observacion], [usuario_id], [documento_id], [estado_documento_id]) VALUES (149, CAST('2019-03-08T15:00:00.0000000' AS DateTime2),'http://2.bp.blogspot.com/-LhaKkBU4eW4/U6puYNTyTpI/AAAAAAAAACU/D4C42MuBK68/s1600/img046.jpg','', 2, 39, 4)
INSERT [dbo].[seguimiento_documento] ([seguimiento_documento_id], [fecha], [link_imagen], [observacion], [usuario_id], [documento_id], [estado_documento_id]) VALUES (150, CAST('2019-02-26T11:36:52.2330000' AS DateTime2),'http://2.bp.blogspot.com/-LhaKkBU4eW4/U6puYNTyTpI/AAAAAAAAACU/D4C42MuBK68/s1600/img046.jpg','Cargo Recibido', 2, 38, 4)
INSERT [dbo].[seguimiento_documento] ([seguimiento_documento_id], [fecha], [link_imagen], [observacion], [usuario_id], [documento_id], [estado_documento_id]) VALUES (151, CAST('2019-02-26T12:21:24.3080000' AS DateTime2), NULL, NULL, 7, 41, 1)
INSERT [dbo].[seguimiento_documento] ([seguimiento_documento_id], [fecha], [link_imagen], [observacion], [usuario_id], [documento_id], [estado_documento_id]) VALUES (152, CAST('2019-02-26T12:21:48.7440000' AS DateTime2), NULL, NULL, 7, 42, 1)
INSERT [dbo].[seguimiento_documento] ([seguimiento_documento_id], [fecha], [link_imagen], [observacion], [usuario_id], [documento_id], [estado_documento_id]) VALUES (153, CAST('2019-02-26T12:22:11.4900000' AS DateTime2), NULL, NULL, 7, 43, 1)
INSERT [dbo].[seguimiento_documento] ([seguimiento_documento_id], [fecha], [link_imagen], [observacion], [usuario_id], [documento_id], [estado_documento_id]) VALUES (154, CAST('2019-02-26T12:22:33.7010000' AS DateTime2), NULL, NULL, 7, 44, 1)
INSERT [dbo].[seguimiento_documento] ([seguimiento_documento_id], [fecha], [link_imagen], [observacion], [usuario_id], [documento_id], [estado_documento_id]) VALUES (155, CAST('2019-02-26T12:22:54.5070000' AS DateTime2), NULL, NULL, 7, 45, 1)
INSERT [dbo].[seguimiento_documento] ([seguimiento_documento_id], [fecha], [link_imagen], [observacion], [usuario_id], [documento_id], [estado_documento_id]) VALUES (156, CAST('2019-02-26T12:23:19.3460000' AS DateTime2), NULL, NULL, 7, 46, 1)
INSERT [dbo].[seguimiento_documento] ([seguimiento_documento_id], [fecha], [link_imagen], [observacion], [usuario_id], [documento_id], [estado_documento_id]) VALUES (157, CAST('2019-02-26T12:23:46.1230000' AS DateTime2), NULL, NULL, 7, 47, 1)
INSERT [dbo].[seguimiento_documento] ([seguimiento_documento_id], [fecha], [link_imagen], [observacion], [usuario_id], [documento_id], [estado_documento_id]) VALUES (158, CAST('2019-02-26T12:25:57.8990000' AS DateTime2), NULL, NULL, 7, 48, 1)
INSERT [dbo].[seguimiento_documento] ([seguimiento_documento_id], [fecha], [link_imagen], [observacion], [usuario_id], [documento_id], [estado_documento_id]) VALUES (159, CAST('2019-02-26T12:26:23.4660000' AS DateTime2), NULL, NULL, 7, 49, 1)
INSERT [dbo].[seguimiento_documento] ([seguimiento_documento_id], [fecha], [link_imagen], [observacion], [usuario_id], [documento_id], [estado_documento_id]) VALUES (160, CAST('2019-02-26T12:26:55.3780000' AS DateTime2), NULL, NULL, 7, 50, 1)
INSERT [dbo].[seguimiento_documento] ([seguimiento_documento_id], [fecha], [link_imagen], [observacion], [usuario_id], [documento_id], [estado_documento_id]) VALUES (161, CAST('2019-02-26T12:32:00.9710000' AS DateTime2), NULL, NULL, 7, 51, 1)
INSERT [dbo].[seguimiento_documento] ([seguimiento_documento_id], [fecha], [link_imagen], [observacion], [usuario_id], [documento_id], [estado_documento_id]) VALUES (162, CAST('2019-02-26T12:32:00.9710000' AS DateTime2), NULL, NULL, 7, 52, 1)
INSERT [dbo].[seguimiento_documento] ([seguimiento_documento_id], [fecha], [link_imagen], [observacion], [usuario_id], [documento_id], [estado_documento_id]) VALUES (163, CAST('2019-02-26T12:32:39.6920000' AS DateTime2), NULL, NULL, 7, 53, 1)
INSERT [dbo].[seguimiento_documento] ([seguimiento_documento_id], [fecha], [link_imagen], [observacion], [usuario_id], [documento_id], [estado_documento_id]) VALUES (164, CAST('2019-02-26T12:33:11.6990000' AS DateTime2), NULL, NULL, 7, 54, 1)
INSERT [dbo].[seguimiento_documento] ([seguimiento_documento_id], [fecha], [link_imagen], [observacion], [usuario_id], [documento_id], [estado_documento_id]) VALUES (165, CAST('2019-02-26T12:33:43.1730000' AS DateTime2), NULL, NULL, 7, 55, 1)
INSERT [dbo].[seguimiento_documento] ([seguimiento_documento_id], [fecha], [link_imagen], [observacion], [usuario_id], [documento_id], [estado_documento_id]) VALUES (166, CAST('2019-02-26T12:34:11.6770000' AS DateTime2), NULL, NULL, 7, 56, 1)
INSERT [dbo].[seguimiento_documento] ([seguimiento_documento_id], [fecha], [link_imagen], [observacion], [usuario_id], [documento_id], [estado_documento_id]) VALUES (167, CAST('2019-02-26T12:34:59.0770000' AS DateTime2), NULL, NULL, 7, 57, 1)
INSERT [dbo].[seguimiento_documento] ([seguimiento_documento_id], [fecha], [link_imagen], [observacion], [usuario_id], [documento_id], [estado_documento_id]) VALUES (168, CAST('2019-02-26T12:35:24.8820000' AS DateTime2), NULL, NULL, 7, 58, 1)
INSERT [dbo].[seguimiento_documento] ([seguimiento_documento_id], [fecha], [link_imagen], [observacion], [usuario_id], [documento_id], [estado_documento_id]) VALUES (169, CAST('2019-02-26T12:35:49.8880000' AS DateTime2), NULL, NULL, 7, 59, 1)
INSERT [dbo].[seguimiento_documento] ([seguimiento_documento_id], [fecha], [link_imagen], [observacion], [usuario_id], [documento_id], [estado_documento_id]) VALUES (170, CAST('2019-02-26T12:36:18.8810000' AS DateTime2), NULL, NULL, 7, 60, 1)
INSERT [dbo].[seguimiento_documento] ([seguimiento_documento_id], [fecha], [link_imagen], [observacion], [usuario_id], [documento_id], [estado_documento_id]) VALUES (171, CAST('2019-02-26T12:38:01.6180000' AS DateTime2), NULL, NULL, 3, 60, 8)
INSERT [dbo].[seguimiento_documento] ([seguimiento_documento_id], [fecha], [link_imagen], [observacion], [usuario_id], [documento_id], [estado_documento_id]) VALUES (172, CAST('2019-02-26T12:38:05.3870000' AS DateTime2), NULL, NULL, 3, 57, 8)
INSERT [dbo].[seguimiento_documento] ([seguimiento_documento_id], [fecha], [link_imagen], [observacion], [usuario_id], [documento_id], [estado_documento_id]) VALUES (173, CAST('2019-02-26T12:38:07.7510000' AS DateTime2), NULL,'El documento ha sido autorizado', 3, 52, 1)
INSERT [dbo].[seguimiento_documento] ([seguimiento_documento_id], [fecha], [link_imagen], [observacion], [usuario_id], [documento_id], [estado_documento_id]) VALUES (174, CAST('2019-02-26T12:38:07.7530000' AS DateTime2), NULL,'El documento ha sido autorizado', 3, 51, 1)
INSERT [dbo].[seguimiento_documento] ([seguimiento_documento_id], [fecha], [link_imagen], [observacion], [usuario_id], [documento_id], [estado_documento_id]) VALUES (175, CAST('2019-02-26T12:38:09.5680000' AS DateTime2), NULL,'El documento ha sido autorizado', 3, 53, 1)
INSERT [dbo].[seguimiento_documento] ([seguimiento_documento_id], [fecha], [link_imagen], [observacion], [usuario_id], [documento_id], [estado_documento_id]) VALUES (176, CAST('2019-02-26T12:38:11.0370000' AS DateTime2), NULL,'El documento ha sido autorizado', 3, 54, 1)
INSERT [dbo].[seguimiento_documento] ([seguimiento_documento_id], [fecha], [link_imagen], [observacion], [usuario_id], [documento_id], [estado_documento_id]) VALUES (177, CAST('2019-02-26T12:38:12.3450000' AS DateTime2), NULL,'El documento ha sido autorizado', 3, 55, 1)
INSERT [dbo].[seguimiento_documento] ([seguimiento_documento_id], [fecha], [link_imagen], [observacion], [usuario_id], [documento_id], [estado_documento_id]) VALUES (178, CAST('2019-02-26T12:38:13.7230000' AS DateTime2), NULL,'El documento ha sido autorizado', 3, 56, 1)
INSERT [dbo].[seguimiento_documento] ([seguimiento_documento_id], [fecha], [link_imagen], [observacion], [usuario_id], [documento_id], [estado_documento_id]) VALUES (179, CAST('2019-02-26T12:38:15.0070000' AS DateTime2), NULL,'El documento ha sido autorizado', 3, 58, 1)
INSERT [dbo].[seguimiento_documento] ([seguimiento_documento_id], [fecha], [link_imagen], [observacion], [usuario_id], [documento_id], [estado_documento_id]) VALUES (180, CAST('2019-02-26T12:38:16.9740000' AS DateTime2), NULL,'El documento ha sido autorizado', 3, 59, 1)
INSERT [dbo].[seguimiento_documento] ([seguimiento_documento_id], [fecha], [link_imagen], [observacion], [usuario_id], [documento_id], [estado_documento_id]) VALUES (181, CAST('2019-02-26T12:40:13.6320000' AS DateTime2), NULL, NULL, 3, 41, 2)
INSERT [dbo].[seguimiento_documento] ([seguimiento_documento_id], [fecha], [link_imagen], [observacion], [usuario_id], [documento_id], [estado_documento_id]) VALUES (182, CAST('2019-02-26T12:40:13.6340000' AS DateTime2), NULL, NULL, 3, 42, 2)
INSERT [dbo].[seguimiento_documento] ([seguimiento_documento_id], [fecha], [link_imagen], [observacion], [usuario_id], [documento_id], [estado_documento_id]) VALUES (183, CAST('2019-02-26T12:40:13.6340000' AS DateTime2), NULL, NULL, 3, 43, 2)
INSERT [dbo].[seguimiento_documento] ([seguimiento_documento_id], [fecha], [link_imagen], [observacion], [usuario_id], [documento_id], [estado_documento_id]) VALUES (184, CAST('2019-02-26T12:40:13.6340000' AS DateTime2), NULL, NULL, 3, 44, 2)
INSERT [dbo].[seguimiento_documento] ([seguimiento_documento_id], [fecha], [link_imagen], [observacion], [usuario_id], [documento_id], [estado_documento_id]) VALUES (185, CAST('2019-02-26T12:40:13.6350000' AS DateTime2), NULL, NULL, 3, 45, 2)
INSERT [dbo].[seguimiento_documento] ([seguimiento_documento_id], [fecha], [link_imagen], [observacion], [usuario_id], [documento_id], [estado_documento_id]) VALUES (186, CAST('2019-02-26T12:40:13.6350000' AS DateTime2), NULL, NULL, 3, 46, 2)
INSERT [dbo].[seguimiento_documento] ([seguimiento_documento_id], [fecha], [link_imagen], [observacion], [usuario_id], [documento_id], [estado_documento_id]) VALUES (187, CAST('2019-02-26T12:40:13.6350000' AS DateTime2), NULL, NULL, 3, 47, 2)
INSERT [dbo].[seguimiento_documento] ([seguimiento_documento_id], [fecha], [link_imagen], [observacion], [usuario_id], [documento_id], [estado_documento_id]) VALUES (188, CAST('2019-02-26T12:40:13.6360000' AS DateTime2), NULL, NULL, 3, 48, 2)
INSERT [dbo].[seguimiento_documento] ([seguimiento_documento_id], [fecha], [link_imagen], [observacion], [usuario_id], [documento_id], [estado_documento_id]) VALUES (189, CAST('2019-02-26T12:41:18.7480000' AS DateTime2), NULL, NULL, 3, 51, 2)
INSERT [dbo].[seguimiento_documento] ([seguimiento_documento_id], [fecha], [link_imagen], [observacion], [usuario_id], [documento_id], [estado_documento_id]) VALUES (190, CAST('2019-02-26T12:41:18.7500000' AS DateTime2), NULL, NULL, 3, 53, 2)
INSERT [dbo].[seguimiento_documento] ([seguimiento_documento_id], [fecha], [link_imagen], [observacion], [usuario_id], [documento_id], [estado_documento_id]) VALUES (191, CAST('2019-02-26T12:41:21.0150000' AS DateTime2), NULL, NULL, 3, 52, 2)
INSERT [dbo].[seguimiento_documento] ([seguimiento_documento_id], [fecha], [link_imagen], [observacion], [usuario_id], [documento_id], [estado_documento_id]) VALUES (192, CAST('2019-02-26T12:41:29.5920000' AS DateTime2), NULL, NULL, 3, 55, 2)
INSERT [dbo].[seguimiento_documento] ([seguimiento_documento_id], [fecha], [link_imagen], [observacion], [usuario_id], [documento_id], [estado_documento_id]) VALUES (193, CAST('2019-02-26T12:41:29.5960000' AS DateTime2), NULL, NULL, 3, 56, 2)
INSERT [dbo].[seguimiento_documento] ([seguimiento_documento_id], [fecha], [link_imagen], [observacion], [usuario_id], [documento_id], [estado_documento_id]) VALUES (194, CAST('2019-02-26T12:41:36.0180000' AS DateTime2), NULL, NULL, 3, 58, 2)
INSERT [dbo].[seguimiento_documento] ([seguimiento_documento_id], [fecha], [link_imagen], [observacion], [usuario_id], [documento_id], [estado_documento_id]) VALUES (195, CAST('2019-02-26T12:41:36.0200000' AS DateTime2), NULL, NULL, 3, 59, 2)
INSERT [dbo].[seguimiento_documento] ([seguimiento_documento_id], [fecha], [link_imagen], [observacion], [usuario_id], [documento_id], [estado_documento_id]) VALUES (196, CAST('2019-02-26T12:45:06.6860000' AS DateTime2), NULL, NULL, 3, 43, 3)
INSERT [dbo].[seguimiento_documento] ([seguimiento_documento_id], [fecha], [link_imagen], [observacion], [usuario_id], [documento_id], [estado_documento_id]) VALUES (197, CAST('2019-02-26T12:45:06.6870000' AS DateTime2), NULL, NULL, 3, 41, 3)
INSERT [dbo].[seguimiento_documento] ([seguimiento_documento_id], [fecha], [link_imagen], [observacion], [usuario_id], [documento_id], [estado_documento_id]) VALUES (198, CAST('2019-02-26T12:45:06.6880000' AS DateTime2), NULL, NULL, 3, 45, 3)
INSERT [dbo].[seguimiento_documento] ([seguimiento_documento_id], [fecha], [link_imagen], [observacion], [usuario_id], [documento_id], [estado_documento_id]) VALUES (199, CAST('2019-02-26T12:45:06.6880000' AS DateTime2), NULL, NULL, 3, 46, 3)
INSERT [dbo].[seguimiento_documento] ([seguimiento_documento_id], [fecha], [link_imagen], [observacion], [usuario_id], [documento_id], [estado_documento_id]) VALUES (200, CAST('2019-02-26T12:45:06.6880000' AS DateTime2), NULL, NULL, 3, 44, 3)
INSERT [dbo].[seguimiento_documento] ([seguimiento_documento_id], [fecha], [link_imagen], [observacion], [usuario_id], [documento_id], [estado_documento_id]) VALUES (201, CAST('2019-02-26T12:45:06.6890000' AS DateTime2), NULL, NULL, 3, 42, 3)

INSERT [dbo].[seguimiento_documento] ([seguimiento_documento_id], [fecha], [link_imagen], [observacion], [usuario_id], [documento_id], [estado_documento_id]) VALUES (202, CAST('2019-02-26T12:45:08.5200000' AS DateTime2), NULL, NULL, 3, 52, 3)
INSERT [dbo].[seguimiento_documento] ([seguimiento_documento_id], [fecha], [link_imagen], [observacion], [usuario_id], [documento_id], [estado_documento_id]) VALUES (203, CAST('2019-02-26T12:45:08.5200000' AS DateTime2), NULL, NULL, 3, 51, 3)
INSERT [dbo].[seguimiento_documento] ([seguimiento_documento_id], [fecha], [link_imagen], [observacion], [usuario_id], [documento_id], [estado_documento_id]) VALUES (204, CAST('2019-02-26T12:45:08.5210000' AS DateTime2), NULL, NULL, 3, 53, 3)
INSERT [dbo].[seguimiento_documento] ([seguimiento_documento_id], [fecha], [link_imagen], [observacion], [usuario_id], [documento_id], [estado_documento_id]) VALUES (205, CAST('2019-02-26T12:45:10.6190000' AS DateTime2), NULL, NULL, 3, 56, 3)
INSERT [dbo].[seguimiento_documento] ([seguimiento_documento_id], [fecha], [link_imagen], [observacion], [usuario_id], [documento_id], [estado_documento_id]) VALUES (206, CAST('2019-02-26T12:45:10.6190000' AS DateTime2), NULL, NULL, 3, 55, 3)
INSERT [dbo].[seguimiento_documento] ([seguimiento_documento_id], [fecha], [link_imagen], [observacion], [usuario_id], [documento_id], [estado_documento_id]) VALUES (207, CAST('2019-02-26T12:45:12.2030000' AS DateTime2), NULL, NULL, 3, 59, 3)
INSERT [dbo].[seguimiento_documento] ([seguimiento_documento_id], [fecha], [link_imagen], [observacion], [usuario_id], [documento_id], [estado_documento_id]) VALUES (208, CAST('2019-02-26T12:45:12.2030000' AS DateTime2), NULL, NULL, 3, 58, 3)
INSERT [dbo].[seguimiento_documento] ([seguimiento_documento_id], [fecha], [link_imagen], [observacion], [usuario_id], [documento_id], [estado_documento_id]) VALUES (209, CAST('2019-02-27T09:30:00.0000000' AS DateTime2),'http://2.bp.blogspot.com/-LhaKkBU4eW4/U6puYNTyTpI/AAAAAAAAACU/D4C42MuBK68/s1600/img046.jpg','', 3, 41, 4)
INSERT [dbo].[seguimiento_documento] ([seguimiento_documento_id], [fecha], [link_imagen], [observacion], [usuario_id], [documento_id], [estado_documento_id]) VALUES (210, CAST('2019-02-27T09:30:00.0000000' AS DateTime2),'http://2.bp.blogspot.com/-LhaKkBU4eW4/U6puYNTyTpI/AAAAAAAAACU/D4C42MuBK68/s1600/img046.jpg','', 3, 42, 4)
INSERT [dbo].[seguimiento_documento] ([seguimiento_documento_id], [fecha], [link_imagen], [observacion], [usuario_id], [documento_id], [estado_documento_id]) VALUES (211, CAST('2019-02-27T09:30:00.0000000' AS DateTime2),'https://imgix.bustle.com/elite-daily/2017/05/08101715/Facebook-Dislike-1.jpg?w=1020&h=574&fit=crop&crop=faces&auto=format&q=70
','NO VIVE AHÍ', 3, 43, 5)
INSERT [dbo].[seguimiento_documento] ([seguimiento_documento_id], [fecha], [link_imagen], [observacion], [usuario_id], [documento_id], [estado_documento_id]) VALUES (212, CAST('2019-02-27T09:30:00.0000000' AS DateTime2),'https://imgix.bustle.com/elite-daily/2017/05/08101715/Facebook-Dislike-1.jpg?w=1020&h=574&fit=crop&crop=faces&auto=format&q=70
','NO VIVE AHÍ', 3, 44, 5)
INSERT [dbo].[seguimiento_documento] ([seguimiento_documento_id], [fecha], [link_imagen], [observacion], [usuario_id], [documento_id], [estado_documento_id]) VALUES (213, CAST('2019-02-27T09:30:00.0000000' AS DateTime2),'','', 3, 45, 6)
INSERT [dbo].[seguimiento_documento] ([seguimiento_documento_id], [fecha], [link_imagen], [observacion], [usuario_id], [documento_id], [estado_documento_id]) VALUES (214, CAST('2019-02-27T09:30:00.0000000' AS DateTime2),'','', 3, 46, 7)
INSERT [dbo].[seguimiento_documento] ([seguimiento_documento_id], [fecha], [link_imagen], [observacion], [usuario_id], [documento_id], [estado_documento_id]) VALUES (215, CAST('2019-02-27T09:30:00.0000000' AS DateTime2),'http://2.bp.blogspot.com/-LhaKkBU4eW4/U6puYNTyTpI/AAAAAAAAACU/D4C42MuBK68/s1600/img046.jpg
','', 3, 51, 4)
INSERT [dbo].[seguimiento_documento] ([seguimiento_documento_id], [fecha], [link_imagen], [observacion], [usuario_id], [documento_id], [estado_documento_id]) VALUES (216, CAST('2019-03-27T09:30:00.0000000' AS DateTime2),'http://2.bp.blogspot.com/-LhaKkBU4eW4/U6puYNTyTpI/AAAAAAAAACU/D4C42MuBK68/s1600/img046.jpg
','', 3, 52, 4)
INSERT [dbo].[seguimiento_documento] ([seguimiento_documento_id], [fecha], [link_imagen], [observacion], [usuario_id], [documento_id], [estado_documento_id]) VALUES (217, CAST('2019-02-27T09:30:00.0000000' AS DateTime2),'https://imgix.bustle.com/elite-daily/2017/05/08101715/Facebook-Dislike-1.jpg?w=1020&h=574&fit=crop&crop=faces&auto=format&q=70','NO VIVE AHÍ', 3, 53, 5)
INSERT [dbo].[seguimiento_documento] ([seguimiento_documento_id], [fecha], [link_imagen], [observacion], [usuario_id], [documento_id], [estado_documento_id]) VALUES (218, CAST('2019-02-27T09:30:00.0000000' AS DateTime2),'http://2.bp.blogspot.com/-LhaKkBU4eW4/U6puYNTyTpI/AAAAAAAAACU/D4C42MuBK68/s1600/img046.jpg
','', 3, 55, 4)
INSERT [dbo].[seguimiento_documento] ([seguimiento_documento_id], [fecha], [link_imagen], [observacion], [usuario_id], [documento_id], [estado_documento_id]) VALUES (219, CAST('2019-03-27T09:30:00.0000000' AS DateTime2),'http://2.bp.blogspot.com/-LhaKkBU4eW4/U6puYNTyTpI/AAAAAAAAACU/D4C42MuBK68/s1600/img046.jpg
','', 3, 56, 4)
INSERT [dbo].[seguimiento_documento] ([seguimiento_documento_id], [fecha], [link_imagen], [observacion], [usuario_id], [documento_id], [estado_documento_id]) VALUES (220, CAST('2019-02-27T09:30:00.0000000' AS DateTime2),'http://2.bp.blogspot.com/-LhaKkBU4eW4/U6puYNTyTpI/AAAAAAAAACU/D4C42MuBK68/s1600/img046.jpg
','', 3, 58, 4)
INSERT [dbo].[seguimiento_documento] ([seguimiento_documento_id], [fecha], [link_imagen], [observacion], [usuario_id], [documento_id], [estado_documento_id]) VALUES (221, CAST('2019-03-27T09:30:00.0000000' AS DateTime2),'http://2.bp.blogspot.com/-LhaKkBU4eW4/U6puYNTyTpI/AAAAAAAAACU/D4C42MuBK68/s1600/img046.jpg
','', 3, 59, 4)
INSERT [dbo].[seguimiento_documento] ([seguimiento_documento_id], [fecha], [link_imagen], [observacion], [usuario_id], [documento_id], [estado_documento_id]) VALUES (222, CAST('2019-02-26T15:42:27.1320000' AS DateTime2),'http://2.bp.blogspot.com/-LhaKkBU4eW4/U6puYNTyTpI/AAAAAAAAACU/D4C42MuBK68/s1600/img046.jpg','Cargo Recibido', 3, 41, 4)
INSERT [dbo].[seguimiento_documento] ([seguimiento_documento_id], [fecha], [link_imagen], [observacion], [usuario_id], [documento_id], [estado_documento_id]) VALUES (223, CAST('2019-02-26T15:42:35.9830000' AS DateTime2),'http://2.bp.blogspot.com/-LhaKkBU4eW4/U6puYNTyTpI/AAAAAAAAACU/D4C42MuBK68/s1600/img046.jpg
','Cargo Recibido', 3, 51, 4)
INSERT [dbo].[seguimiento_documento] ([seguimiento_documento_id], [fecha], [link_imagen], [observacion], [usuario_id], [documento_id], [estado_documento_id]) VALUES (224, CAST('2019-02-26T15:42:42.6900000' AS DateTime2),'http://2.bp.blogspot.com/-LhaKkBU4eW4/U6puYNTyTpI/AAAAAAAAACU/D4C42MuBK68/s1600/img046.jpg
','Cargo Recibido', 3, 55, 4)
INSERT [dbo].[seguimiento_documento] ([seguimiento_documento_id], [fecha], [link_imagen], [observacion], [usuario_id], [documento_id], [estado_documento_id]) VALUES (225, CAST('2019-02-26T15:42:48.1510000' AS DateTime2),'http://2.bp.blogspot.com/-LhaKkBU4eW4/U6puYNTyTpI/AAAAAAAAACU/D4C42MuBK68/s1600/img046.jpg
','Cargo Recibido', 3, 58, 4)
INSERT [dbo].[seguimiento_documento] ([seguimiento_documento_id], [fecha], [link_imagen], [observacion], [usuario_id], [documento_id], [estado_documento_id]) VALUES (226, CAST('2019-02-26T15:43:07.1860000' AS DateTime2),'https://imgix.bustle.com/elite-daily/2017/05/08101715/Facebook-Dislike-1.jpg?w=1020&h=574&fit=crop&crop=faces&auto=format&q=70
','Documento Devuelto', 3, 44, 5)
INSERT [dbo].[seguimiento_documento] ([seguimiento_documento_id], [fecha], [link_imagen], [observacion], [usuario_id], [documento_id], [estado_documento_id]) VALUES (227, CAST('2019-02-26T15:43:12.0840000' AS DateTime2),'https://imgix.bustle.com/elite-daily/2017/05/08101715/Facebook-Dislike-1.jpg?w=1020&h=574&fit=crop&crop=faces&auto=format&q=70','Documento Devuelto', 3, 53, 5)
INSERT [dbo].[seguimiento_documento] ([seguimiento_documento_id], [fecha], [link_imagen], [observacion], [usuario_id], [documento_id], [estado_documento_id]) VALUES (228, CAST('2019-02-26T15:54:06.4320000' AS DateTime2), NULL, NULL, 8, 61, 1)
INSERT [dbo].[seguimiento_documento] ([seguimiento_documento_id], [fecha], [link_imagen], [observacion], [usuario_id], [documento_id], [estado_documento_id]) VALUES (229, CAST('2019-02-26T15:54:50.1090000' AS DateTime2), NULL, NULL, 8, 62, 1)
INSERT [dbo].[seguimiento_documento] ([seguimiento_documento_id], [fecha], [link_imagen], [observacion], [usuario_id], [documento_id], [estado_documento_id]) VALUES (230, CAST('2019-02-26T15:55:24.1190000' AS DateTime2), NULL, NULL, 8, 63, 1)
INSERT [dbo].[seguimiento_documento] ([seguimiento_documento_id], [fecha], [link_imagen], [observacion], [usuario_id], [documento_id], [estado_documento_id]) VALUES (231, CAST('2019-02-26T15:55:50.8610000' AS DateTime2), NULL, NULL, 8, 64, 1)
INSERT [dbo].[seguimiento_documento] ([seguimiento_documento_id], [fecha], [link_imagen], [observacion], [usuario_id], [documento_id], [estado_documento_id]) VALUES (232, CAST('2019-02-26T15:56:24.5530000' AS DateTime2), NULL, NULL, 8, 65, 1)
INSERT [dbo].[seguimiento_documento] ([seguimiento_documento_id], [fecha], [link_imagen], [observacion], [usuario_id], [documento_id], [estado_documento_id]) VALUES (233, CAST('2019-02-26T15:56:50.4450000' AS DateTime2), NULL, NULL, 8, 66, 1)
INSERT [dbo].[seguimiento_documento] ([seguimiento_documento_id], [fecha], [link_imagen], [observacion], [usuario_id], [documento_id], [estado_documento_id]) VALUES (234, CAST('2019-02-26T15:57:19.9610000' AS DateTime2), NULL, NULL, 8, 67, 1)
INSERT [dbo].[seguimiento_documento] ([seguimiento_documento_id], [fecha], [link_imagen], [observacion], [usuario_id], [documento_id], [estado_documento_id]) VALUES (235, CAST('2019-02-26T15:58:29.7710000' AS DateTime2), NULL, NULL, 8, 68, 1)
INSERT [dbo].[seguimiento_documento] ([seguimiento_documento_id], [fecha], [link_imagen], [observacion], [usuario_id], [documento_id], [estado_documento_id]) VALUES (236, CAST('2019-02-26T15:59:07.1070000' AS DateTime2), NULL, NULL, 8, 69, 1)
INSERT [dbo].[seguimiento_documento] ([seguimiento_documento_id], [fecha], [link_imagen], [observacion], [usuario_id], [documento_id], [estado_documento_id]) VALUES (237, CAST('2019-02-26T15:59:31.7680000' AS DateTime2), NULL, NULL, 8, 70, 1)
INSERT [dbo].[seguimiento_documento] ([seguimiento_documento_id], [fecha], [link_imagen], [observacion], [usuario_id], [documento_id], [estado_documento_id]) VALUES (238, CAST('2019-02-26T16:01:32.2790000' AS DateTime2), NULL, NULL, 8, 71, 1)
INSERT [dbo].[seguimiento_documento] ([seguimiento_documento_id], [fecha], [link_imagen], [observacion], [usuario_id], [documento_id], [estado_documento_id]) VALUES (239, CAST('2019-02-26T16:01:57.7820000' AS DateTime2), NULL, NULL, 8, 72, 1)
INSERT [dbo].[seguimiento_documento] ([seguimiento_documento_id], [fecha], [link_imagen], [observacion], [usuario_id], [documento_id], [estado_documento_id]) VALUES (240, CAST('2019-02-26T16:02:34.4610000' AS DateTime2), NULL, NULL, 8, 73, 1)
INSERT [dbo].[seguimiento_documento] ([seguimiento_documento_id], [fecha], [link_imagen], [observacion], [usuario_id], [documento_id], [estado_documento_id]) VALUES (241, CAST('2019-02-26T16:03:22.8270000' AS DateTime2), NULL, NULL, 8, 74, 1)
INSERT [dbo].[seguimiento_documento] ([seguimiento_documento_id], [fecha], [link_imagen], [observacion], [usuario_id], [documento_id], [estado_documento_id]) VALUES (242, CAST('2019-02-26T16:04:12.8260000' AS DateTime2), NULL, NULL, 8, 75, 1)
INSERT [dbo].[seguimiento_documento] ([seguimiento_documento_id], [fecha], [link_imagen], [observacion], [usuario_id], [documento_id], [estado_documento_id]) VALUES (243, CAST('2019-02-26T16:05:19.3400000' AS DateTime2), NULL, NULL, 8, 76, 1)
INSERT [dbo].[seguimiento_documento] ([seguimiento_documento_id], [fecha], [link_imagen], [observacion], [usuario_id], [documento_id], [estado_documento_id]) VALUES (244, CAST('2019-02-26T16:06:14.6510000' AS DateTime2), NULL, NULL, 8, 77, 1)
INSERT [dbo].[seguimiento_documento] ([seguimiento_documento_id], [fecha], [link_imagen], [observacion], [usuario_id], [documento_id], [estado_documento_id]) VALUES (245, CAST('2019-02-26T16:06:55.4300000' AS DateTime2), NULL, NULL, 8, 78, 1)
INSERT [dbo].[seguimiento_documento] ([seguimiento_documento_id], [fecha], [link_imagen], [observacion], [usuario_id], [documento_id], [estado_documento_id]) VALUES (246, CAST('2019-02-26T16:07:57.8090000' AS DateTime2), NULL, NULL, 8, 79, 1)
INSERT [dbo].[seguimiento_documento] ([seguimiento_documento_id], [fecha], [link_imagen], [observacion], [usuario_id], [documento_id], [estado_documento_id]) VALUES (247, CAST('2019-02-26T16:16:51.3230000' AS DateTime2), NULL, NULL, 8, 80, 1)
INSERT [dbo].[seguimiento_documento] ([seguimiento_documento_id], [fecha], [link_imagen], [observacion], [usuario_id], [documento_id], [estado_documento_id]) VALUES (248, CAST('2019-02-26T16:20:13.8390000' AS DateTime2), NULL, NULL, 9, 80, 8)
INSERT [dbo].[seguimiento_documento] ([seguimiento_documento_id], [fecha], [link_imagen], [observacion], [usuario_id], [documento_id], [estado_documento_id]) VALUES (249, CAST('2019-02-26T16:20:17.2360000' AS DateTime2), NULL, NULL, 9, 77, 8)
INSERT [dbo].[seguimiento_documento] ([seguimiento_documento_id], [fecha], [link_imagen], [observacion], [usuario_id], [documento_id], [estado_documento_id]) VALUES (250, CAST('2019-02-26T16:20:28.9350000' AS DateTime2), NULL,'El documento ha sido autorizado', 9, 71, 1)
INSERT [dbo].[seguimiento_documento] ([seguimiento_documento_id], [fecha], [link_imagen], [observacion], [usuario_id], [documento_id], [estado_documento_id]) VALUES (251, CAST('2019-02-26T16:20:30.3730000' AS DateTime2), NULL,'El documento ha sido autorizado', 9, 72, 1)
INSERT [dbo].[seguimiento_documento] ([seguimiento_documento_id], [fecha], [link_imagen], [observacion], [usuario_id], [documento_id], [estado_documento_id]) VALUES (252, CAST('2019-02-26T16:20:32.2040000' AS DateTime2), NULL,'El documento ha sido autorizado', 9, 73, 1)
INSERT [dbo].[seguimiento_documento] ([seguimiento_documento_id], [fecha], [link_imagen], [observacion], [usuario_id], [documento_id], [estado_documento_id]) VALUES (253, CAST('2019-02-26T16:20:33.9490000' AS DateTime2), NULL,'El documento ha sido autorizado', 9, 74, 1)
INSERT [dbo].[seguimiento_documento] ([seguimiento_documento_id], [fecha], [link_imagen], [observacion], [usuario_id], [documento_id], [estado_documento_id]) VALUES (254, CAST('2019-02-26T16:20:35.3170000' AS DateTime2), NULL,'El documento ha sido autorizado', 9, 75, 1)
INSERT [dbo].[seguimiento_documento] ([seguimiento_documento_id], [fecha], [link_imagen], [observacion], [usuario_id], [documento_id], [estado_documento_id]) VALUES (255, CAST('2019-02-26T16:20:37.0610000' AS DateTime2), NULL,'El documento ha sido autorizado', 9, 76, 1)
INSERT [dbo].[seguimiento_documento] ([seguimiento_documento_id], [fecha], [link_imagen], [observacion], [usuario_id], [documento_id], [estado_documento_id]) VALUES (256, CAST('2019-02-26T16:20:38.5160000' AS DateTime2), NULL,'El documento ha sido autorizado', 9, 78, 1)
INSERT [dbo].[seguimiento_documento] ([seguimiento_documento_id], [fecha], [link_imagen], [observacion], [usuario_id], [documento_id], [estado_documento_id]) VALUES (257, CAST('2019-02-26T16:20:39.8240000' AS DateTime2), NULL,'El documento ha sido autorizado', 9, 79, 1)
INSERT [dbo].[seguimiento_documento] ([seguimiento_documento_id], [fecha], [link_imagen], [observacion], [usuario_id], [documento_id], [estado_documento_id]) VALUES (258, CAST('2019-02-26T16:26:33.4480000' AS DateTime2), NULL, NULL, 4, 61, 2)
INSERT [dbo].[seguimiento_documento] ([seguimiento_documento_id], [fecha], [link_imagen], [observacion], [usuario_id], [documento_id], [estado_documento_id]) VALUES (259, CAST('2019-02-26T16:26:33.4500000' AS DateTime2), NULL, NULL, 4, 62, 2)
INSERT [dbo].[seguimiento_documento] ([seguimiento_documento_id], [fecha], [link_imagen], [observacion], [usuario_id], [documento_id], [estado_documento_id]) VALUES (260, CAST('2019-02-26T16:26:33.4510000' AS DateTime2), NULL, NULL, 4, 63, 2)
INSERT [dbo].[seguimiento_documento] ([seguimiento_documento_id], [fecha], [link_imagen], [observacion], [usuario_id], [documento_id], [estado_documento_id]) VALUES (261, CAST('2019-02-26T16:26:33.4510000' AS DateTime2), NULL, NULL, 4, 64, 2)
INSERT [dbo].[seguimiento_documento] ([seguimiento_documento_id], [fecha], [link_imagen], [observacion], [usuario_id], [documento_id], [estado_documento_id]) VALUES (262, CAST('2019-02-26T16:26:33.4520000' AS DateTime2), NULL, NULL, 4, 65, 2)
INSERT [dbo].[seguimiento_documento] ([seguimiento_documento_id], [fecha], [link_imagen], [observacion], [usuario_id], [documento_id], [estado_documento_id]) VALUES (263, CAST('2019-02-26T16:26:33.4520000' AS DateTime2), NULL, NULL, 4, 66, 2)
INSERT [dbo].[seguimiento_documento] ([seguimiento_documento_id], [fecha], [link_imagen], [observacion], [usuario_id], [documento_id], [estado_documento_id]) VALUES (264, CAST('2019-02-26T16:26:33.4520000' AS DateTime2), NULL, NULL, 4, 67, 2)
INSERT [dbo].[seguimiento_documento] ([seguimiento_documento_id], [fecha], [link_imagen], [observacion], [usuario_id], [documento_id], [estado_documento_id]) VALUES (265, CAST('2019-02-26T16:26:33.4530000' AS DateTime2), NULL, NULL, 4, 68, 2)
INSERT [dbo].[seguimiento_documento] ([seguimiento_documento_id], [fecha], [link_imagen], [observacion], [usuario_id], [documento_id], [estado_documento_id]) VALUES (266, CAST('2019-02-26T16:26:43.4910000' AS DateTime2), NULL, NULL, 4, 71, 2)
INSERT [dbo].[seguimiento_documento] ([seguimiento_documento_id], [fecha], [link_imagen], [observacion], [usuario_id], [documento_id], [estado_documento_id]) VALUES (267, CAST('2019-02-26T16:26:43.4920000' AS DateTime2), NULL, NULL, 4, 72, 2)
INSERT [dbo].[seguimiento_documento] ([seguimiento_documento_id], [fecha], [link_imagen], [observacion], [usuario_id], [documento_id], [estado_documento_id]) VALUES (268, CAST('2019-02-26T16:26:43.4920000' AS DateTime2), NULL, NULL, 4, 73, 2)
INSERT [dbo].[seguimiento_documento] ([seguimiento_documento_id], [fecha], [link_imagen], [observacion], [usuario_id], [documento_id], [estado_documento_id]) VALUES (269, CAST('2019-02-26T16:26:50.1500000' AS DateTime2), NULL, NULL, 4, 75, 2)
INSERT [dbo].[seguimiento_documento] ([seguimiento_documento_id], [fecha], [link_imagen], [observacion], [usuario_id], [documento_id], [estado_documento_id]) VALUES (270, CAST('2019-02-26T16:26:50.1500000' AS DateTime2), NULL, NULL, 4, 76, 2)
INSERT [dbo].[seguimiento_documento] ([seguimiento_documento_id], [fecha], [link_imagen], [observacion], [usuario_id], [documento_id], [estado_documento_id]) VALUES (271, CAST('2019-02-26T16:26:53.8220000' AS DateTime2), NULL, NULL, 4, 78, 2)
INSERT [dbo].[seguimiento_documento] ([seguimiento_documento_id], [fecha], [link_imagen], [observacion], [usuario_id], [documento_id], [estado_documento_id]) VALUES (272, CAST('2019-02-26T16:26:53.8230000' AS DateTime2), NULL, NULL, 4, 79, 2)
INSERT [dbo].[seguimiento_documento] ([seguimiento_documento_id], [fecha], [link_imagen], [observacion], [usuario_id], [documento_id], [estado_documento_id]) VALUES (273, CAST('2019-02-26T16:32:04.7360000' AS DateTime2), NULL, NULL, 4, 64, 3)
INSERT [dbo].[seguimiento_documento] ([seguimiento_documento_id], [fecha], [link_imagen], [observacion], [usuario_id], [documento_id], [estado_documento_id]) VALUES (274, CAST('2019-02-26T16:32:04.7380000' AS DateTime2), NULL, NULL, 4, 61, 3)
INSERT [dbo].[seguimiento_documento] ([seguimiento_documento_id], [fecha], [link_imagen], [observacion], [usuario_id], [documento_id], [estado_documento_id]) VALUES (275, CAST('2019-02-26T16:32:04.7380000' AS DateTime2), NULL, NULL, 4, 63, 3)
INSERT [dbo].[seguimiento_documento] ([seguimiento_documento_id], [fecha], [link_imagen], [observacion], [usuario_id], [documento_id], [estado_documento_id]) VALUES (276, CAST('2019-02-26T16:32:04.7380000' AS DateTime2), NULL, NULL, 4, 65, 3)
INSERT [dbo].[seguimiento_documento] ([seguimiento_documento_id], [fecha], [link_imagen], [observacion], [usuario_id], [documento_id], [estado_documento_id]) VALUES (277, CAST('2019-02-26T16:32:04.7390000' AS DateTime2), NULL, NULL, 4, 62, 3)
INSERT [dbo].[seguimiento_documento] ([seguimiento_documento_id], [fecha], [link_imagen], [observacion], [usuario_id], [documento_id], [estado_documento_id]) VALUES (278, CAST('2019-02-26T16:32:04.7390000' AS DateTime2), NULL, NULL, 4, 66, 3)
INSERT [dbo].[seguimiento_documento] ([seguimiento_documento_id], [fecha], [link_imagen], [observacion], [usuario_id], [documento_id], [estado_documento_id]) VALUES (279, CAST('2019-02-26T16:32:06.4210000' AS DateTime2), NULL, NULL, 4, 72, 3)
INSERT [dbo].[seguimiento_documento] ([seguimiento_documento_id], [fecha], [link_imagen], [observacion], [usuario_id], [documento_id], [estado_documento_id]) VALUES (280, CAST('2019-02-26T16:32:06.4210000' AS DateTime2), NULL, NULL, 4, 71, 3)
INSERT [dbo].[seguimiento_documento] ([seguimiento_documento_id], [fecha], [link_imagen], [observacion], [usuario_id], [documento_id], [estado_documento_id]) VALUES (281, CAST('2019-02-26T16:32:06.4210000' AS DateTime2), NULL, NULL, 4, 73, 3)
INSERT [dbo].[seguimiento_documento] ([seguimiento_documento_id], [fecha], [link_imagen], [observacion], [usuario_id], [documento_id], [estado_documento_id]) VALUES (282, CAST('2019-02-26T16:32:08.5010000' AS DateTime2), NULL, NULL, 4, 76, 3)
INSERT [dbo].[seguimiento_documento] ([seguimiento_documento_id], [fecha], [link_imagen], [observacion], [usuario_id], [documento_id], [estado_documento_id]) VALUES (283, CAST('2019-02-26T16:32:08.5020000' AS DateTime2), NULL, NULL, 4, 75, 3)
INSERT [dbo].[seguimiento_documento] ([seguimiento_documento_id], [fecha], [link_imagen], [observacion], [usuario_id], [documento_id], [estado_documento_id]) VALUES (284, CAST('2019-02-26T16:32:10.2870000' AS DateTime2), NULL, NULL, 4, 78, 3)
INSERT [dbo].[seguimiento_documento] ([seguimiento_documento_id], [fecha], [link_imagen], [observacion], [usuario_id], [documento_id], [estado_documento_id]) VALUES (285, CAST('2019-02-26T16:32:10.2870000' AS DateTime2), NULL, NULL, 4, 79, 3)
INSERT [dbo].[seguimiento_documento] ([seguimiento_documento_id], [fecha], [link_imagen], [observacion], [usuario_id], [documento_id], [estado_documento_id]) VALUES (286, CAST('2019-02-27T10:30:00.0000000' AS DateTime2),'http://2.bp.blogspot.com/-LhaKkBU4eW4/U6puYNTyTpI/AAAAAAAAACU/D4C42MuBK68/s1600/img046.jpg','', 4, 61, 4)
INSERT [dbo].[seguimiento_documento] ([seguimiento_documento_id], [fecha], [link_imagen], [observacion], [usuario_id], [documento_id], [estado_documento_id]) VALUES (287, CAST('2019-02-27T10:30:00.0000000' AS DateTime2),'http://2.bp.blogspot.com/-LhaKkBU4eW4/U6puYNTyTpI/AAAAAAAAACU/D4C42MuBK68/s1600/img046.jpg','', 4, 62, 4)
INSERT [dbo].[seguimiento_documento] ([seguimiento_documento_id], [fecha], [link_imagen], [observacion], [usuario_id], [documento_id], [estado_documento_id]) VALUES (288, CAST('2019-02-27T10:30:00.0000000' AS DateTime2),'https://imgix.bustle.com/elite-daily/2017/05/08101715/Facebook-Dislike-1.jpg?w=1020&h=574&fit=crop&crop=faces&auto=format&q=70','No vive ahí', 4, 63, 5)
INSERT [dbo].[seguimiento_documento] ([seguimiento_documento_id], [fecha], [link_imagen], [observacion], [usuario_id], [documento_id], [estado_documento_id]) VALUES (289, CAST('2019-02-27T10:30:00.0000000' AS DateTime2),'https://imgix.bustle.com/elite-daily/2017/05/08101715/Facebook-Dislike-1.jpg?w=1020&h=574&fit=crop&crop=faces&auto=format&q=70','No vive ahí', 4, 64, 5)
INSERT [dbo].[seguimiento_documento] ([seguimiento_documento_id], [fecha], [link_imagen], [observacion], [usuario_id], [documento_id], [estado_documento_id]) VALUES (290, CAST('2019-02-27T10:30:00.0000000' AS DateTime2),'','', 4, 65, 6)
INSERT [dbo].[seguimiento_documento] ([seguimiento_documento_id], [fecha], [link_imagen], [observacion], [usuario_id], [documento_id], [estado_documento_id]) VALUES (291, CAST('2019-02-27T10:30:00.0000000' AS DateTime2),'','', 4, 66, 7)
INSERT [dbo].[seguimiento_documento] ([seguimiento_documento_id], [fecha], [link_imagen], [observacion], [usuario_id], [documento_id], [estado_documento_id]) VALUES (292, CAST('2019-02-27T10:30:00.0000000' AS DateTime2),'http://2.bp.blogspot.com/-LhaKkBU4eW4/U6puYNTyTpI/AAAAAAAAACU/D4C42MuBK68/s1600/img046.jpg','', 4, 71, 4)
INSERT [dbo].[seguimiento_documento] ([seguimiento_documento_id], [fecha], [link_imagen], [observacion], [usuario_id], [documento_id], [estado_documento_id]) VALUES (293, CAST('2019-03-27T10:30:00.0000000' AS DateTime2),'http://2.bp.blogspot.com/-LhaKkBU4eW4/U6puYNTyTpI/AAAAAAAAACU/D4C42MuBK68/s1600/img046.jpg','', 4, 72, 4)
INSERT [dbo].[seguimiento_documento] ([seguimiento_documento_id], [fecha], [link_imagen], [observacion], [usuario_id], [documento_id], [estado_documento_id]) VALUES (294, CAST('2019-02-27T10:30:00.0000000' AS DateTime2),'https://imgix.bustle.com/elite-daily/2017/05/08101715/Facebook-Dislike-1.jpg?w=1020&h=574&fit=crop&crop=faces&auto=format&q=70','No vive ahí', 4, 73, 5)
INSERT [dbo].[seguimiento_documento] ([seguimiento_documento_id], [fecha], [link_imagen], [observacion], [usuario_id], [documento_id], [estado_documento_id]) VALUES (295, CAST('2019-02-27T10:30:00.0000000' AS DateTime2),'http://2.bp.blogspot.com/-LhaKkBU4eW4/U6puYNTyTpI/AAAAAAAAACU/D4C42MuBK68/s1600/img046.jpg','', 4, 75, 4)
INSERT [dbo].[seguimiento_documento] ([seguimiento_documento_id], [fecha], [link_imagen], [observacion], [usuario_id], [documento_id], [estado_documento_id]) VALUES (296, CAST('2019-03-27T10:30:00.0000000' AS DateTime2),'http://2.bp.blogspot.com/-LhaKkBU4eW4/U6puYNTyTpI/AAAAAAAAACU/D4C42MuBK68/s1600/img046.jpg','', 4, 76, 4)
INSERT [dbo].[seguimiento_documento] ([seguimiento_documento_id], [fecha], [link_imagen], [observacion], [usuario_id], [documento_id], [estado_documento_id]) VALUES (297, CAST('2019-02-27T10:30:00.0000000' AS DateTime2),'http://2.bp.blogspot.com/-LhaKkBU4eW4/U6puYNTyTpI/AAAAAAAAACU/D4C42MuBK68/s1600/img046.jpg','', 4, 78, 4)
INSERT [dbo].[seguimiento_documento] ([seguimiento_documento_id], [fecha], [link_imagen], [observacion], [usuario_id], [documento_id], [estado_documento_id]) VALUES (298, CAST('2019-03-27T10:30:00.0000000' AS DateTime2),'http://2.bp.blogspot.com/-LhaKkBU4eW4/U6puYNTyTpI/AAAAAAAAACU/D4C42MuBK68/s1600/img046.jpg','', 4, 79, 4)
INSERT [dbo].[seguimiento_documento] ([seguimiento_documento_id], [fecha], [link_imagen], [observacion], [usuario_id], [documento_id], [estado_documento_id]) VALUES (299, CAST('2019-02-26T16:42:54.0350000' AS DateTime2),'http://2.bp.blogspot.com/-LhaKkBU4eW4/U6puYNTyTpI/AAAAAAAAACU/D4C42MuBK68/s1600/img046.jpg','Cargo Recibido', 4, 61, 4)
INSERT [dbo].[seguimiento_documento] ([seguimiento_documento_id], [fecha], [link_imagen], [observacion], [usuario_id], [documento_id], [estado_documento_id]) VALUES (300, CAST('2019-02-26T16:42:58.6790000' AS DateTime2),'http://2.bp.blogspot.com/-LhaKkBU4eW4/U6puYNTyTpI/AAAAAAAAACU/D4C42MuBK68/s1600/img046.jpg','Cargo Recibido', 4, 71, 4)
INSERT [dbo].[seguimiento_documento] ([seguimiento_documento_id], [fecha], [link_imagen], [observacion], [usuario_id], [documento_id], [estado_documento_id]) VALUES (301, CAST('2019-02-26T16:43:06.9410000' AS DateTime2),'http://2.bp.blogspot.com/-LhaKkBU4eW4/U6puYNTyTpI/AAAAAAAAACU/D4C42MuBK68/s1600/img046.jpg','Cargo Recibido', 4, 75, 4)

INSERT [dbo].[seguimiento_documento] ([seguimiento_documento_id], [fecha], [link_imagen], [observacion], [usuario_id], [documento_id], [estado_documento_id]) VALUES (302, CAST('2019-02-26T16:43:08.7520000' AS DateTime2),'http://2.bp.blogspot.com/-LhaKkBU4eW4/U6puYNTyTpI/AAAAAAAAACU/D4C42MuBK68/s1600/img046.jpg','Cargo Recibido', 4, 78, 4)
INSERT [dbo].[seguimiento_documento] ([seguimiento_documento_id], [fecha], [link_imagen], [observacion], [usuario_id], [documento_id], [estado_documento_id]) VALUES (303, CAST('2019-02-26T16:43:19.2460000' AS DateTime2),'https://imgix.bustle.com/elite-daily/2017/05/08101715/Facebook-Dislike-1.jpg?w=1020&h=574&fit=crop&crop=faces&auto=format&q=70','Documento Devuelto', 4, 64, 5)
INSERT [dbo].[seguimiento_documento] ([seguimiento_documento_id], [fecha], [link_imagen], [observacion], [usuario_id], [documento_id], [estado_documento_id]) VALUES (304, CAST('2019-02-26T16:43:21.0500000' AS DateTime2),'https://imgix.bustle.com/elite-daily/2017/05/08101715/Facebook-Dislike-1.jpg?w=1020&h=574&fit=crop&crop=faces&auto=format&q=70','Documento Devuelto', 4, 73, 5)
SET IDENTITY_INSERT [dbo].[seguimiento_documento] OFF
SET IDENTITY_INSERT [dbo].[proveedor] ON 

INSERT [dbo].[proveedor] ([proveedor_id], [nombre], [activo]) VALUES (1,'DOCFLOW', 1)
INSERT [dbo].[proveedor] ([proveedor_id], [nombre], [activo]) VALUES (2,'URBANO', 1)
SET IDENTITY_INSERT [dbo].[proveedor] OFF
SET IDENTITY_INSERT [dbo].[guia] ON 

INSERT [dbo].[guia] ([guia_id], [numero_guia], [sede_id], [plazo_distribucion_id], [proveedor_id], [tipo_seguridad_id], [tipo_servicio_id]) VALUES (2,'GUIA14789632', 3, 1, 1, 1, 1)
INSERT [dbo].[guia] ([guia_id], [numero_guia], [sede_id], [plazo_distribucion_id], [proveedor_id], [tipo_seguridad_id], [tipo_servicio_id]) VALUES (3,'GUIA512312412', 3, 2, 2, 1, 1)
INSERT [dbo].[guia] ([guia_id], [numero_guia], [sede_id], [plazo_distribucion_id], [proveedor_id], [tipo_seguridad_id], [tipo_servicio_id]) VALUES (4,'GUIA16234234', 3, 3, 1, 1, 1)
INSERT [dbo].[guia] ([guia_id], [numero_guia], [sede_id], [plazo_distribucion_id], [proveedor_id], [tipo_seguridad_id], [tipo_servicio_id]) VALUES (5,'GUIA8765423', 3, 4, 2, 1, 1)
INSERT [dbo].[guia] ([guia_id], [numero_guia], [sede_id], [plazo_distribucion_id], [proveedor_id], [tipo_seguridad_id], [tipo_servicio_id]) VALUES (6,'GUIA1542132', 4, 1, 2, 1, 1)
INSERT [dbo].[guia] ([guia_id], [numero_guia], [sede_id], [plazo_distribucion_id], [proveedor_id], [tipo_seguridad_id], [tipo_servicio_id]) VALUES (7,'GUIA5612413', 4, 2, 1, 1, 1)
INSERT [dbo].[guia] ([guia_id], [numero_guia], [sede_id], [plazo_distribucion_id], [proveedor_id], [tipo_seguridad_id], [tipo_servicio_id]) VALUES (8,'GUIA1123321', 4, 3, 2, 1, 1)
INSERT [dbo].[guia] ([guia_id], [numero_guia], [sede_id], [plazo_distribucion_id], [proveedor_id], [tipo_seguridad_id], [tipo_servicio_id]) VALUES (9,'GUIA134123', 4, 4, 2, 1, 1)
INSERT [dbo].[guia] ([guia_id], [numero_guia], [sede_id], [plazo_distribucion_id], [proveedor_id], [tipo_seguridad_id], [tipo_servicio_id]) VALUES (10,'GUIA81421312', 5, 1, 1, 1, 1)
INSERT [dbo].[guia] ([guia_id], [numero_guia], [sede_id], [plazo_distribucion_id], [proveedor_id], [tipo_seguridad_id], [tipo_servicio_id]) VALUES (11,'GUIA5141232', 5, 2, 2, 1, 1)
INSERT [dbo].[guia] ([guia_id], [numero_guia], [sede_id], [plazo_distribucion_id], [proveedor_id], [tipo_seguridad_id], [tipo_servicio_id]) VALUES (12,'GUIA5814123', 5, 3, 2, 1, 1)
INSERT [dbo].[guia] ([guia_id], [numero_guia], [sede_id], [plazo_distribucion_id], [proveedor_id], [tipo_seguridad_id], [tipo_servicio_id]) VALUES (13,'GUIAEXTER133', 5, 4, 2, 1, 1)
INSERT [dbo].[guia] ([guia_id], [numero_guia], [sede_id], [plazo_distribucion_id], [proveedor_id], [tipo_seguridad_id], [tipo_servicio_id]) VALUES (14,'GUIA5721Y412', 6, 1, 2, 1, 1)
INSERT [dbo].[guia] ([guia_id], [numero_guia], [sede_id], [plazo_distribucion_id], [proveedor_id], [tipo_seguridad_id], [tipo_servicio_id]) VALUES (15,'0987654321', 6, 2, 1, 1, 1)
INSERT [dbo].[guia] ([guia_id], [numero_guia], [sede_id], [plazo_distribucion_id], [proveedor_id], [tipo_seguridad_id], [tipo_servicio_id]) VALUES (16,'123321232', 6, 3, 1, 1, 1)
INSERT [dbo].[guia] ([guia_id], [numero_guia], [sede_id], [plazo_distribucion_id], [proveedor_id], [tipo_seguridad_id], [tipo_servicio_id]) VALUES (17,'541231231', 6, 4, 1, 1, 1)
SET IDENTITY_INSERT [dbo].[guia] OFF
INSERT [dbo].[documento_guia] ([documento_id], [guia_id], [fecha_asociacion], [validado]) VALUES (1, 2, CAST('2019-02-26T09:27:39.6310000' AS DateTime2), 1)
INSERT [dbo].[documento_guia] ([documento_id], [guia_id], [fecha_asociacion], [validado]) VALUES (2, 2, CAST('2019-02-26T09:27:39.6320000' AS DateTime2), 1)
INSERT [dbo].[documento_guia] ([documento_id], [guia_id], [fecha_asociacion], [validado]) VALUES (3, 2, CAST('2019-02-26T09:27:39.6320000' AS DateTime2), 1)
INSERT [dbo].[documento_guia] ([documento_id], [guia_id], [fecha_asociacion], [validado]) VALUES (4, 2, CAST('2019-02-26T09:27:39.6310000' AS DateTime2), 1)
INSERT [dbo].[documento_guia] ([documento_id], [guia_id], [fecha_asociacion], [validado]) VALUES (5, 2, CAST('2019-02-26T09:27:39.6310000' AS DateTime2), 1)
INSERT [dbo].[documento_guia] ([documento_id], [guia_id], [fecha_asociacion], [validado]) VALUES (6, 2, CAST('2019-02-26T09:27:39.6310000' AS DateTime2), 1)
INSERT [dbo].[documento_guia] ([documento_id], [guia_id], [fecha_asociacion], [validado]) VALUES (11, 3, CAST('2019-02-26T09:29:10.2360000' AS DateTime2), 1)
INSERT [dbo].[documento_guia] ([documento_id], [guia_id], [fecha_asociacion], [validado]) VALUES (12, 3, CAST('2019-02-26T09:29:10.2360000' AS DateTime2), 1)
INSERT [dbo].[documento_guia] ([documento_id], [guia_id], [fecha_asociacion], [validado]) VALUES (13, 3, CAST('2019-02-26T09:29:10.2360000' AS DateTime2), 1)
INSERT [dbo].[documento_guia] ([documento_id], [guia_id], [fecha_asociacion], [validado]) VALUES (15, 4, CAST('2019-02-26T09:29:53.8810000' AS DateTime2), 1)
INSERT [dbo].[documento_guia] ([documento_id], [guia_id], [fecha_asociacion], [validado]) VALUES (16, 4, CAST('2019-02-26T09:29:53.8810000' AS DateTime2), 1)
INSERT [dbo].[documento_guia] ([documento_id], [guia_id], [fecha_asociacion], [validado]) VALUES (18, 5, CAST('2019-02-26T09:30:32.2890000' AS DateTime2), 1)
INSERT [dbo].[documento_guia] ([documento_id], [guia_id], [fecha_asociacion], [validado]) VALUES (19, 5, CAST('2019-02-26T09:30:32.2890000' AS DateTime2), 1)
INSERT [dbo].[documento_guia] ([documento_id], [guia_id], [fecha_asociacion], [validado]) VALUES (21, 6, CAST('2019-02-26T11:17:17.8010000' AS DateTime2), 1)
INSERT [dbo].[documento_guia] ([documento_id], [guia_id], [fecha_asociacion], [validado]) VALUES (22, 6, CAST('2019-02-26T11:17:17.8000000' AS DateTime2), 1)
INSERT [dbo].[documento_guia] ([documento_id], [guia_id], [fecha_asociacion], [validado]) VALUES (23, 6, CAST('2019-02-26T11:17:17.8000000' AS DateTime2), 1)
INSERT [dbo].[documento_guia] ([documento_id], [guia_id], [fecha_asociacion], [validado]) VALUES (24, 6, CAST('2019-02-26T11:17:17.8000000' AS DateTime2), 1)
INSERT [dbo].[documento_guia] ([documento_id], [guia_id], [fecha_asociacion], [validado]) VALUES (25, 6, CAST('2019-02-26T11:17:17.8010000' AS DateTime2), 1)
INSERT [dbo].[documento_guia] ([documento_id], [guia_id], [fecha_asociacion], [validado]) VALUES (26, 6, CAST('2019-02-26T11:17:17.8010000' AS DateTime2), 1)
INSERT [dbo].[documento_guia] ([documento_id], [guia_id], [fecha_asociacion], [validado]) VALUES (31, 7, CAST('2019-02-26T11:21:31.2280000' AS DateTime2), 1)
INSERT [dbo].[documento_guia] ([documento_id], [guia_id], [fecha_asociacion], [validado]) VALUES (32, 7, CAST('2019-02-26T11:21:31.2270000' AS DateTime2), 1)
INSERT [dbo].[documento_guia] ([documento_id], [guia_id], [fecha_asociacion], [validado]) VALUES (33, 7, CAST('2019-02-26T11:21:31.2280000' AS DateTime2), 1)
INSERT [dbo].[documento_guia] ([documento_id], [guia_id], [fecha_asociacion], [validado]) VALUES (35, 8, CAST('2019-02-26T11:22:12.3060000' AS DateTime2), 1)
INSERT [dbo].[documento_guia] ([documento_id], [guia_id], [fecha_asociacion], [validado]) VALUES (36, 8, CAST('2019-02-26T11:22:12.3060000' AS DateTime2), 1)
INSERT [dbo].[documento_guia] ([documento_id], [guia_id], [fecha_asociacion], [validado]) VALUES (38, 9, CAST('2019-02-26T11:22:26.2090000' AS DateTime2), 1)
INSERT [dbo].[documento_guia] ([documento_id], [guia_id], [fecha_asociacion], [validado]) VALUES (39, 9, CAST('2019-02-26T11:22:26.2090000' AS DateTime2), 1)
INSERT [dbo].[documento_guia] ([documento_id], [guia_id], [fecha_asociacion], [validado]) VALUES (41, 10, CAST('2019-02-26T12:43:00.4550000' AS DateTime2), 1)
INSERT [dbo].[documento_guia] ([documento_id], [guia_id], [fecha_asociacion], [validado]) VALUES (42, 10, CAST('2019-02-26T12:43:00.4550000' AS DateTime2), 1)
INSERT [dbo].[documento_guia] ([documento_id], [guia_id], [fecha_asociacion], [validado]) VALUES (43, 10, CAST('2019-02-26T12:43:00.4550000' AS DateTime2), 1)
INSERT [dbo].[documento_guia] ([documento_id], [guia_id], [fecha_asociacion], [validado]) VALUES (44, 10, CAST('2019-02-26T12:43:00.4550000' AS DateTime2), 1)
INSERT [dbo].[documento_guia] ([documento_id], [guia_id], [fecha_asociacion], [validado]) VALUES (45, 10, CAST('2019-02-26T12:43:00.4550000' AS DateTime2), 1)
INSERT [dbo].[documento_guia] ([documento_id], [guia_id], [fecha_asociacion], [validado]) VALUES (46, 10, CAST('2019-02-26T12:43:00.4550000' AS DateTime2), 1)
INSERT [dbo].[documento_guia] ([documento_id], [guia_id], [fecha_asociacion], [validado]) VALUES (51, 11, CAST('2019-02-26T12:44:04.1500000' AS DateTime2), 1)
INSERT [dbo].[documento_guia] ([documento_id], [guia_id], [fecha_asociacion], [validado]) VALUES (52, 11, CAST('2019-02-26T12:44:04.1500000' AS DateTime2), 1)
INSERT [dbo].[documento_guia] ([documento_id], [guia_id], [fecha_asociacion], [validado]) VALUES (53, 11, CAST('2019-02-26T12:44:04.1500000' AS DateTime2), 1)
INSERT [dbo].[documento_guia] ([documento_id], [guia_id], [fecha_asociacion], [validado]) VALUES (55, 12, CAST('2019-02-26T12:44:25.6900000' AS DateTime2), 1)
INSERT [dbo].[documento_guia] ([documento_id], [guia_id], [fecha_asociacion], [validado]) VALUES (56, 12, CAST('2019-02-26T12:44:25.6900000' AS DateTime2), 1)
INSERT [dbo].[documento_guia] ([documento_id], [guia_id], [fecha_asociacion], [validado]) VALUES (58, 13, CAST('2019-02-26T12:44:56.7040000' AS DateTime2), 1)
INSERT [dbo].[documento_guia] ([documento_id], [guia_id], [fecha_asociacion], [validado]) VALUES (59, 13, CAST('2019-02-26T12:44:56.7040000' AS DateTime2), 1)
INSERT [dbo].[documento_guia] ([documento_id], [guia_id], [fecha_asociacion], [validado]) VALUES (61, 14, CAST('2019-02-26T16:29:26.6850000' AS DateTime2), 1)
INSERT [dbo].[documento_guia] ([documento_id], [guia_id], [fecha_asociacion], [validado]) VALUES (62, 14, CAST('2019-02-26T16:29:26.6840000' AS DateTime2), 1)
INSERT [dbo].[documento_guia] ([documento_id], [guia_id], [fecha_asociacion], [validado]) VALUES (63, 14, CAST('2019-02-26T16:29:26.6830000' AS DateTime2), 1)
INSERT [dbo].[documento_guia] ([documento_id], [guia_id], [fecha_asociacion], [validado]) VALUES (64, 14, CAST('2019-02-26T16:29:26.6840000' AS DateTime2), 1)
INSERT [dbo].[documento_guia] ([documento_id], [guia_id], [fecha_asociacion], [validado]) VALUES (65, 14, CAST('2019-02-26T16:29:26.6850000' AS DateTime2), 1)
INSERT [dbo].[documento_guia] ([documento_id], [guia_id], [fecha_asociacion], [validado]) VALUES (66, 14, CAST('2019-02-26T16:29:26.6850000' AS DateTime2), 1)
INSERT [dbo].[documento_guia] ([documento_id], [guia_id], [fecha_asociacion], [validado]) VALUES (71, 15, CAST('2019-02-26T16:31:04.4560000' AS DateTime2), 1)
INSERT [dbo].[documento_guia] ([documento_id], [guia_id], [fecha_asociacion], [validado]) VALUES (72, 15, CAST('2019-02-26T16:31:04.4560000' AS DateTime2), 1)
INSERT [dbo].[documento_guia] ([documento_id], [guia_id], [fecha_asociacion], [validado]) VALUES (73, 15, CAST('2019-02-26T16:31:04.4560000' AS DateTime2), 1)
INSERT [dbo].[documento_guia] ([documento_id], [guia_id], [fecha_asociacion], [validado]) VALUES (75, 16, CAST('2019-02-26T16:31:38.7480000' AS DateTime2), 1)
INSERT [dbo].[documento_guia] ([documento_id], [guia_id], [fecha_asociacion], [validado]) VALUES (76, 16, CAST('2019-02-26T16:31:38.7480000' AS DateTime2), 1)
INSERT [dbo].[documento_guia] ([documento_id], [guia_id], [fecha_asociacion], [validado]) VALUES (78, 17, CAST('2019-02-26T16:31:52.7560000' AS DateTime2), 1)
INSERT [dbo].[documento_guia] ([documento_id], [guia_id], [fecha_asociacion], [validado]) VALUES (79, 17, CAST('2019-02-26T16:31:52.7560000' AS DateTime2), 1)
SET IDENTITY_INSERT [dbo].[estado_guia] ON 

INSERT [dbo].[estado_guia] ([estado_guia_id], [nombre]) VALUES (1,'CREADO')
INSERT [dbo].[estado_guia] ([estado_guia_id], [nombre]) VALUES (2,'ENVIADO')
INSERT [dbo].[estado_guia] ([estado_guia_id], [nombre]) VALUES (3,'DESCARGADO')
SET IDENTITY_INSERT [dbo].[estado_guia] OFF
SET IDENTITY_INSERT [dbo].[seguimiento_guia] ON 

INSERT [dbo].[seguimiento_guia] ([seguimiento_guia_id], [fecha], [usuario_id], [estado_guia_id], [guia_id]) VALUES (2, CAST('2019-02-26T09:27:39.6320000' AS DateTime2), 1, 1, 2)
INSERT [dbo].[seguimiento_guia] ([seguimiento_guia_id], [fecha], [usuario_id], [estado_guia_id], [guia_id]) VALUES (3, CAST('2019-02-26T09:29:10.2360000' AS DateTime2), 1, 1, 3)
INSERT [dbo].[seguimiento_guia] ([seguimiento_guia_id], [fecha], [usuario_id], [estado_guia_id], [guia_id]) VALUES (4, CAST('2019-02-26T09:29:53.8810000' AS DateTime2), 1, 1, 4)
INSERT [dbo].[seguimiento_guia] ([seguimiento_guia_id], [fecha], [usuario_id], [estado_guia_id], [guia_id]) VALUES (5, CAST('2019-02-26T09:30:32.2890000' AS DateTime2), 1, 1, 5)
INSERT [dbo].[seguimiento_guia] ([seguimiento_guia_id], [fecha], [usuario_id], [estado_guia_id], [guia_id]) VALUES (6, CAST('2019-02-26T09:32:14.4630000' AS DateTime2), 1, 2, 2)
INSERT [dbo].[seguimiento_guia] ([seguimiento_guia_id], [fecha], [usuario_id], [estado_guia_id], [guia_id]) VALUES (7, CAST('2019-02-26T09:32:16.3670000' AS DateTime2), 1, 2, 3)
INSERT [dbo].[seguimiento_guia] ([seguimiento_guia_id], [fecha], [usuario_id], [estado_guia_id], [guia_id]) VALUES (8, CAST('2019-02-26T09:32:18.3730000' AS DateTime2), 1, 2, 4)
INSERT [dbo].[seguimiento_guia] ([seguimiento_guia_id], [fecha], [usuario_id], [estado_guia_id], [guia_id]) VALUES (9, CAST('2019-02-26T09:32:20.2790000' AS DateTime2), 1, 2, 5)
INSERT [dbo].[seguimiento_guia] ([seguimiento_guia_id], [fecha], [usuario_id], [estado_guia_id], [guia_id]) VALUES (10, CAST('2019-02-26T11:17:17.8010000' AS DateTime2), 2, 1, 6)
INSERT [dbo].[seguimiento_guia] ([seguimiento_guia_id], [fecha], [usuario_id], [estado_guia_id], [guia_id]) VALUES (11, CAST('2019-02-26T11:21:31.2280000' AS DateTime2), 2, 1, 7)
INSERT [dbo].[seguimiento_guia] ([seguimiento_guia_id], [fecha], [usuario_id], [estado_guia_id], [guia_id]) VALUES (12, CAST('2019-02-26T11:22:12.3060000' AS DateTime2), 2, 1, 8)
INSERT [dbo].[seguimiento_guia] ([seguimiento_guia_id], [fecha], [usuario_id], [estado_guia_id], [guia_id]) VALUES (13, CAST('2019-02-26T11:22:26.2090000' AS DateTime2), 2, 1, 9)
INSERT [dbo].[seguimiento_guia] ([seguimiento_guia_id], [fecha], [usuario_id], [estado_guia_id], [guia_id]) VALUES (14, CAST('2019-02-26T11:23:04.5250000' AS DateTime2), 2, 2, 6)
INSERT [dbo].[seguimiento_guia] ([seguimiento_guia_id], [fecha], [usuario_id], [estado_guia_id], [guia_id]) VALUES (15, CAST('2019-02-26T11:23:06.2280000' AS DateTime2), 2, 2, 7)
INSERT [dbo].[seguimiento_guia] ([seguimiento_guia_id], [fecha], [usuario_id], [estado_guia_id], [guia_id]) VALUES (16, CAST('2019-02-26T11:23:08.5360000' AS DateTime2), 2, 2, 8)
INSERT [dbo].[seguimiento_guia] ([seguimiento_guia_id], [fecha], [usuario_id], [estado_guia_id], [guia_id]) VALUES (17, CAST('2019-02-26T11:23:09.9670000' AS DateTime2), 2, 2, 9)
INSERT [dbo].[seguimiento_guia] ([seguimiento_guia_id], [fecha], [usuario_id], [estado_guia_id], [guia_id]) VALUES (18, CAST('2019-02-26T12:43:00.4550000' AS DateTime2), 3, 1, 10)
INSERT [dbo].[seguimiento_guia] ([seguimiento_guia_id], [fecha], [usuario_id], [estado_guia_id], [guia_id]) VALUES (19, CAST('2019-02-26T12:44:04.1500000' AS DateTime2), 3, 1, 11)
INSERT [dbo].[seguimiento_guia] ([seguimiento_guia_id], [fecha], [usuario_id], [estado_guia_id], [guia_id]) VALUES (20, CAST('2019-02-26T12:44:25.6900000' AS DateTime2), 3, 1, 12)
INSERT [dbo].[seguimiento_guia] ([seguimiento_guia_id], [fecha], [usuario_id], [estado_guia_id], [guia_id]) VALUES (21, CAST('2019-02-26T12:44:56.7040000' AS DateTime2), 3, 1, 13)
INSERT [dbo].[seguimiento_guia] ([seguimiento_guia_id], [fecha], [usuario_id], [estado_guia_id], [guia_id]) VALUES (22, CAST('2019-02-26T12:45:06.6850000' AS DateTime2), 3, 2, 10)
INSERT [dbo].[seguimiento_guia] ([seguimiento_guia_id], [fecha], [usuario_id], [estado_guia_id], [guia_id]) VALUES (23, CAST('2019-02-26T12:45:08.5200000' AS DateTime2), 3, 2, 11)
INSERT [dbo].[seguimiento_guia] ([seguimiento_guia_id], [fecha], [usuario_id], [estado_guia_id], [guia_id]) VALUES (24, CAST('2019-02-26T12:45:10.6180000' AS DateTime2), 3, 2, 12)
INSERT [dbo].[seguimiento_guia] ([seguimiento_guia_id], [fecha], [usuario_id], [estado_guia_id], [guia_id]) VALUES (25, CAST('2019-02-26T12:45:12.2020000' AS DateTime2), 3, 2, 13)
INSERT [dbo].[seguimiento_guia] ([seguimiento_guia_id], [fecha], [usuario_id], [estado_guia_id], [guia_id]) VALUES (26, CAST('2019-02-26T16:29:26.6850000' AS DateTime2), 4, 1, 14)
INSERT [dbo].[seguimiento_guia] ([seguimiento_guia_id], [fecha], [usuario_id], [estado_guia_id], [guia_id]) VALUES (27, CAST('2019-02-26T16:31:04.4560000' AS DateTime2), 4, 1, 15)
INSERT [dbo].[seguimiento_guia] ([seguimiento_guia_id], [fecha], [usuario_id], [estado_guia_id], [guia_id]) VALUES (28, CAST('2019-02-26T16:31:38.7480000' AS DateTime2), 4, 1, 16)
INSERT [dbo].[seguimiento_guia] ([seguimiento_guia_id], [fecha], [usuario_id], [estado_guia_id], [guia_id]) VALUES (29, CAST('2019-02-26T16:31:52.7560000' AS DateTime2), 4, 1, 17)
INSERT [dbo].[seguimiento_guia] ([seguimiento_guia_id], [fecha], [usuario_id], [estado_guia_id], [guia_id]) VALUES (30, CAST('2019-02-26T16:32:04.7350000' AS DateTime2), 4, 2, 14)
INSERT [dbo].[seguimiento_guia] ([seguimiento_guia_id], [fecha], [usuario_id], [estado_guia_id], [guia_id]) VALUES (31, CAST('2019-02-26T16:32:06.4200000' AS DateTime2), 4, 2, 15)
INSERT [dbo].[seguimiento_guia] ([seguimiento_guia_id], [fecha], [usuario_id], [estado_guia_id], [guia_id]) VALUES (32, CAST('2019-02-26T16:32:08.5010000' AS DateTime2), 4, 2, 16)
INSERT [dbo].[seguimiento_guia] ([seguimiento_guia_id], [fecha], [usuario_id], [estado_guia_id], [guia_id]) VALUES (33, CAST('2019-02-26T16:32:10.2860000' AS DateTime2), 4, 2, 17)
SET IDENTITY_INSERT [dbo].[seguimiento_guia] OFF
INSERT [dbo].[area_plazo_distribucion] ([area_id], [plazo_distribucion_id]) VALUES (1, 2)
INSERT [dbo].[area_plazo_distribucion] ([area_id], [plazo_distribucion_id]) VALUES (2, 1)
INSERT [dbo].[area_plazo_distribucion] ([area_id], [plazo_distribucion_id]) VALUES (3, 1)
INSERT [dbo].[area_plazo_distribucion] ([area_id], [plazo_distribucion_id]) VALUES (4, 1)
INSERT [dbo].[area_plazo_distribucion] ([area_id], [plazo_distribucion_id]) VALUES (9, 4)
INSERT [dbo].[buzon_plazo_distribucion] ([buzon_id], [plazo_distribucion_id]) VALUES (5, 1)
INSERT [dbo].[buzon_plazo_distribucion] ([buzon_id], [plazo_distribucion_id]) VALUES (6, 1)
INSERT [dbo].[buzon_plazo_distribucion] ([buzon_id], [plazo_distribucion_id]) VALUES (7, 1)
INSERT [dbo].[buzon_plazo_distribucion] ([buzon_id], [plazo_distribucion_id]) VALUES (8, 1)
INSERT [dbo].[buzon_plazo_distribucion] ([buzon_id], [plazo_distribucion_id]) VALUES (9, 4)
INSERT [dbo].[proveedor_plazo_distribucion] ([proveedor_id], [plazo_distribucion_id]) VALUES (1, 1)
INSERT [dbo].[proveedor_plazo_distribucion] ([proveedor_id], [plazo_distribucion_id]) VALUES (1, 2)
INSERT [dbo].[proveedor_plazo_distribucion] ([proveedor_id], [plazo_distribucion_id]) VALUES (1, 3)
INSERT [dbo].[proveedor_plazo_distribucion] ([proveedor_id], [plazo_distribucion_id]) VALUES (1, 4)
INSERT [dbo].[proveedor_plazo_distribucion] ([proveedor_id], [plazo_distribucion_id]) VALUES (2, 1)
INSERT [dbo].[proveedor_plazo_distribucion] ([proveedor_id], [plazo_distribucion_id]) VALUES (2, 2)
INSERT [dbo].[proveedor_plazo_distribucion] ([proveedor_id], [plazo_distribucion_id]) VALUES (2, 3)
INSERT [dbo].[proveedor_plazo_distribucion] ([proveedor_id], [plazo_distribucion_id]) VALUES (2, 4)
INSERT [dbo].[buzon_tipo_seguridad] ([buzon_id], [tipo_seguridad_id]) VALUES (1, 1)
SET IDENTITY_INSERT [dbo].[motivo_estado] ON
INSERT [dbo].[motivo_estado] ([motivo_estado_id], [nombre], [estado_documento_id]) VALUES (1, 'ENTREGADO A TERCERO', 4)
INSERT [dbo].[motivo_estado] ([motivo_estado_id], [nombre], [estado_documento_id]) VALUES (2, 'ENTREGADO A TITULAR', 4)
INSERT [dbo].[motivo_estado] ([motivo_estado_id], [nombre], [estado_documento_id]) VALUES (3, 'ENTREGADO CON FIRMA', 4)
INSERT [dbo].[motivo_estado] ([motivo_estado_id], [nombre], [estado_documento_id]) VALUES (4, 'ENTREGADO CON SELLO', 4)
INSERT [dbo].[motivo_estado] ([motivo_estado_id], [nombre], [estado_documento_id]) VALUES (5, 'ENTREGADO EN AGENCIA', 4)
INSERT [dbo].[motivo_estado] ([motivo_estado_id], [nombre], [estado_documento_id]) VALUES (6, 'ENTREGADO SIN SELLO', 4)
INSERT [dbo].[motivo_estado] ([motivo_estado_id], [nombre], [estado_documento_id]) VALUES (7, 'BUZON', 4)
INSERT [dbo].[motivo_estado] ([motivo_estado_id], [nombre], [estado_documento_id]) VALUES (8, 'BAJO PUERTA', 4)
INSERT [dbo].[motivo_estado] ([motivo_estado_id], [nombre], [estado_documento_id]) VALUES (9, 'AUSENTE', 5)
INSERT [dbo].[motivo_estado] ([motivo_estado_id], [nombre], [estado_documento_id]) VALUES (10,'DIRECCION INCORRECTA', 5)
INSERT [dbo].[motivo_estado] ([motivo_estado_id], [nombre], [estado_documento_id]) VALUES (11,'SE MUDO', 5)
INSERT [dbo].[motivo_estado] ([motivo_estado_id], [nombre], [estado_documento_id]) VALUES (12,'DESCONOCIDO', 5)
INSERT [dbo].[motivo_estado] ([motivo_estado_id], [nombre], [estado_documento_id]) VALUES (13,'RECHAZADO', 5)
INSERT [dbo].[motivo_estado] ([motivo_estado_id], [nombre], [estado_documento_id]) VALUES (14,'NO PERMITE ENTREGA', 5)
INSERT [dbo].[motivo_estado] ([motivo_estado_id], [nombre], [estado_documento_id]) VALUES (15,'FALLECIDO', 5)
INSERT [dbo].[motivo_estado] ([motivo_estado_id], [nombre], [estado_documento_id]) VALUES (16,'EXTRAVIADO/ROBADO', 6)
INSERT [dbo].[motivo_estado] ([motivo_estado_id], [nombre], [estado_documento_id]) VALUES (17,'FALTANTE', 6)
INSERT [dbo].[motivo_estado] ([motivo_estado_id], [nombre], [estado_documento_id]) VALUES (18,'ANULADO', 6)
INSERT [dbo].[motivo_estado] ([motivo_estado_id], [nombre], [estado_documento_id]) VALUES (19,'DEVUELTO', 6)
INSERT [dbo].[motivo_estado] ([motivo_estado_id], [nombre], [estado_documento_id]) VALUES (20,'ZONA PELIGROSA', 6)
INSERT [dbo].[motivo_estado] ([motivo_estado_id], [nombre], [estado_documento_id]) VALUES (21,'SIN COBERTURA', 6)
INSERT [dbo].[motivo_estado] ([motivo_estado_id], [nombre], [estado_documento_id]) VALUES (22,'NO EXISTE', 6)
INSERT [dbo].[motivo_estado] ([motivo_estado_id], [nombre], [estado_documento_id]) VALUES (23,'NO ACCESIBLE', 6)
INSERT [dbo].[motivo_estado] ([motivo_estado_id], [nombre], [estado_documento_id]) VALUES (24,'SIN FISICO', 6)
INSERT [dbo].[motivo_estado] ([motivo_estado_id], [nombre], [estado_documento_id]) VALUES (25,'SIN RECOJO', 6)
INSERT [dbo].[motivo_estado] ([motivo_estado_id], [nombre], [estado_documento_id]) VALUES (26,'RETENIDO', 6)
SET IDENTITY_INSERT [dbo].[motivo_estado] OFF