USE [db_externa_core]
GO
SET IDENTITY_INSERT [dbo].[tipo_devolucion] ON 

INSERT [dbo].[tipo_devolucion] ([tipo_devolucion_id], [nombre]) VALUES (1, N'CARGO')
INSERT [dbo].[tipo_devolucion] ([tipo_devolucion_id], [nombre]) VALUES (2, N'REZAGO')
INSERT [dbo].[tipo_devolucion] ([tipo_devolucion_id], [nombre]) VALUES (3, N'DENUNCIA')
SET IDENTITY_INSERT [dbo].[tipo_devolucion] OFF
SET IDENTITY_INSERT [dbo].[tipo_envio] ON 

INSERT [dbo].[tipo_envio] ([tipo_envio_id], [nombre]) VALUES (1, N'ENVIO REGULAR')
INSERT [dbo].[tipo_envio] ([tipo_envio_id], [nombre]) VALUES (2, N'ENVIO BLOQUE')
SET IDENTITY_INSERT [dbo].[tipo_envio] OFF
SET IDENTITY_INSERT [dbo].[tipo_seguridad] ON 

INSERT [dbo].[tipo_seguridad] ([tipo_seguridad_id], [activo], [nombre]) VALUES (1, 1, N'SIN GPS')
INSERT [dbo].[tipo_seguridad] ([tipo_seguridad_id], [activo], [nombre]) VALUES (2, 1, N'GPS BÁSICO')
SET IDENTITY_INSERT [dbo].[tipo_seguridad] OFF
SET IDENTITY_INSERT [dbo].[tipo_servicio] ON 

INSERT [dbo].[tipo_servicio] ([tipo_servicio_id], [activo], [nombre]) VALUES (1, 1, N'DISTRIBUCIÓN')
SET IDENTITY_INSERT [dbo].[tipo_servicio] OFF
SET IDENTITY_INSERT [dbo].[tipo_plazo_distribucion] ON 

INSERT [dbo].[tipo_plazo_distribucion] ([tipo_plazo_distribucion_id], [nombre]) VALUES (1, N'REGULAR')
INSERT [dbo].[tipo_plazo_distribucion] ([tipo_plazo_distribucion_id], [nombre]) VALUES (2, N'ESPECIAL')
INSERT [dbo].[tipo_plazo_distribucion] ([tipo_plazo_distribucion_id], [nombre]) VALUES (3, N'EXPRESS')
SET IDENTITY_INSERT [dbo].[tipo_plazo_distribucion] OFF
SET IDENTITY_INSERT [dbo].[plazo_distribucion] ON 

INSERT [dbo].[plazo_distribucion] ([plazo_distribucion_id], [activo], [nombre], [tiempo_envio], [tipo_plazo_distribucion_id]) VALUES (1, 1, N'ESTÁNDAR', 96, 1)
INSERT [dbo].[plazo_distribucion] ([plazo_distribucion_id], [activo], [nombre], [tiempo_envio], [tipo_plazo_distribucion_id]) VALUES (2, 1, N'72 HORAS', 72, 2)
INSERT [dbo].[plazo_distribucion] ([plazo_distribucion_id], [activo], [nombre], [tiempo_envio], [tipo_plazo_distribucion_id]) VALUES (3, 1, N'48 HORAS', 48, 2)
INSERT [dbo].[plazo_distribucion] ([plazo_distribucion_id], [activo], [nombre], [tiempo_envio], [tipo_plazo_distribucion_id]) VALUES (4, 1, N'24 HORAS', 24, 2)
INSERT [dbo].[plazo_distribucion] ([plazo_distribucion_id], [activo], [nombre], [tiempo_envio], [tipo_plazo_distribucion_id]) VALUES (5, 1, N'4 HORAS', 4, 2)
INSERT [dbo].[plazo_distribucion] ([plazo_distribucion_id], [activo], [nombre], [tiempo_envio], [tipo_plazo_distribucion_id]) VALUES (6, 1, N'2 HORAS', 2, 3)
INSERT [dbo].[plazo_distribucion] ([plazo_distribucion_id], [activo], [nombre], [tiempo_envio], [tipo_plazo_distribucion_id]) VALUES (7, 1, N'DIRECTORIO', 2, 3)
SET IDENTITY_INSERT [dbo].[plazo_distribucion] OFF
SET IDENTITY_INSERT [dbo].[envio] ON 

INSERT [dbo].[envio] ([envio_id], [buzon_id], [producto_id], [ruta_autorizacion], [sede_id], [tipo_clasificacion_id], [plazo_distribucion_id], [tipo_envio_id], [tipo_seguridad_id], [tipo_servicio_id]) VALUES (1, 5, 1, NULL, 5, 1, 1, 1, 1, 1)
INSERT [dbo].[envio] ([envio_id], [buzon_id], [producto_id], [ruta_autorizacion], [sede_id], [tipo_clasificacion_id], [plazo_distribucion_id], [tipo_envio_id], [tipo_seguridad_id], [tipo_servicio_id]) VALUES (2, 5, 1, NULL, 3, 1, 1, 1, 1, 1)
INSERT [dbo].[envio] ([envio_id], [buzon_id], [producto_id], [ruta_autorizacion], [sede_id], [tipo_clasificacion_id], [plazo_distribucion_id], [tipo_envio_id], [tipo_seguridad_id], [tipo_servicio_id]) VALUES (3, 5, 1, NULL, 6, 1, 1, 1, 1, 1)
INSERT [dbo].[envio] ([envio_id], [buzon_id], [producto_id], [ruta_autorizacion], [sede_id], [tipo_clasificacion_id], [plazo_distribucion_id], [tipo_envio_id], [tipo_seguridad_id], [tipo_servicio_id]) VALUES (4, 5, 1, NULL, 4, 1, 1, 1, 1, 1)
INSERT [dbo].[envio] ([envio_id], [buzon_id], [producto_id], [ruta_autorizacion], [sede_id], [tipo_clasificacion_id], [plazo_distribucion_id], [tipo_envio_id], [tipo_seguridad_id], [tipo_servicio_id]) VALUES (5, 5, 1, NULL, 5, 1, 2, 1, 1, 1)
INSERT [dbo].[envio] ([envio_id], [buzon_id], [producto_id], [ruta_autorizacion], [sede_id], [tipo_clasificacion_id], [plazo_distribucion_id], [tipo_envio_id], [tipo_seguridad_id], [tipo_servicio_id]) VALUES (6, 5, 1, NULL, 3, 1, 2, 1, 1, 1)
INSERT [dbo].[envio] ([envio_id], [buzon_id], [producto_id], [ruta_autorizacion], [sede_id], [tipo_clasificacion_id], [plazo_distribucion_id], [tipo_envio_id], [tipo_seguridad_id], [tipo_servicio_id]) VALUES (7, 6, 1, NULL, 3, 1, 1, 1, 1, 1)
INSERT [dbo].[envio] ([envio_id], [buzon_id], [producto_id], [ruta_autorizacion], [sede_id], [tipo_clasificacion_id], [plazo_distribucion_id], [tipo_envio_id], [tipo_seguridad_id], [tipo_servicio_id]) VALUES (8, 6, 1, NULL, 4, 1, 1, 1, 1, 1)
INSERT [dbo].[envio] ([envio_id], [buzon_id], [producto_id], [ruta_autorizacion], [sede_id], [tipo_clasificacion_id], [plazo_distribucion_id], [tipo_envio_id], [tipo_seguridad_id], [tipo_servicio_id]) VALUES (9, 6, 1, NULL, 5, 1, 1, 1, 1, 1)
INSERT [dbo].[envio] ([envio_id], [buzon_id], [producto_id], [ruta_autorizacion], [sede_id], [tipo_clasificacion_id], [plazo_distribucion_id], [tipo_envio_id], [tipo_seguridad_id], [tipo_servicio_id]) VALUES (10, 6, 1, NULL, 6, 1, 1, 1, 1, 1)
INSERT [dbo].[envio] ([envio_id], [buzon_id], [producto_id], [ruta_autorizacion], [sede_id], [tipo_clasificacion_id], [plazo_distribucion_id], [tipo_envio_id], [tipo_seguridad_id], [tipo_servicio_id]) VALUES (11, 8, 1, NULL, 3, 1, 2, 1, 1, 1)
INSERT [dbo].[envio] ([envio_id], [buzon_id], [producto_id], [ruta_autorizacion], [sede_id], [tipo_clasificacion_id], [plazo_distribucion_id], [tipo_envio_id], [tipo_seguridad_id], [tipo_servicio_id]) VALUES (12, 8, 1, NULL, 5, 1, 2, 1, 1, 1)
INSERT [dbo].[envio] ([envio_id], [buzon_id], [producto_id], [ruta_autorizacion], [sede_id], [tipo_clasificacion_id], [plazo_distribucion_id], [tipo_envio_id], [tipo_seguridad_id], [tipo_servicio_id]) VALUES (13, 7, 1, NULL, 5, 1, 1, 1, 1, 1)
INSERT [dbo].[envio] ([envio_id], [buzon_id], [producto_id], [ruta_autorizacion], [sede_id], [tipo_clasificacion_id], [plazo_distribucion_id], [tipo_envio_id], [tipo_seguridad_id], [tipo_servicio_id]) VALUES (14, 6, 1, NULL, 3, 1, 1, 1, 1, 1)
SET IDENTITY_INSERT [dbo].[envio] OFF
SET IDENTITY_INSERT [dbo].[documento] ON 

INSERT [dbo].[documento] ([documento_id], [codigo_devolucion], [contacto_destino], [direccion], [distrito_id], [documento_autogenerado], [nro_documento], [razon_social_destino], [recepcionado], [referencia], [telefono], [envio_id]) VALUES (1, NULL, N'RONALD SANTOS', N'DIR72', 1, N'EX00000001', N'DOC000003', N'RONALD SANTOS', 0, N'ABC', N'5558', 1)
INSERT [dbo].[documento] ([documento_id], [codigo_devolucion], [contacto_destino], [direccion], [distrito_id], [documento_autogenerado], [nro_documento], [razon_social_destino], [recepcionado], [referencia], [telefono], [envio_id]) VALUES (2, NULL, N'RONALD SANTOS', N'DIR73', 1, N'EX00000002', N'DOC000004', N'RONALD SANTOS', 0, N'ABC', N'5559', 1)
INSERT [dbo].[documento] ([documento_id], [codigo_devolucion], [contacto_destino], [direccion], [distrito_id], [documento_autogenerado], [nro_documento], [razon_social_destino], [recepcionado], [referencia], [telefono], [envio_id]) VALUES (3, NULL, N'RONALD SANTOS', N'DIR70', 1, N'EX00000003', N'DOC000001', N'RONALD SANTOS', 0, N'ABC', N'5556', 1)
INSERT [dbo].[documento] ([documento_id], [codigo_devolucion], [contacto_destino], [direccion], [distrito_id], [documento_autogenerado], [nro_documento], [razon_social_destino], [recepcionado], [referencia], [telefono], [envio_id]) VALUES (4, NULL, N'RONALD SANTOS', N'DIR71', 1, N'EX00000004', N'DOC000002', N'RONALD SANTOS', 0, N'ABC', N'5557', 1)
INSERT [dbo].[documento] ([documento_id], [codigo_devolucion], [contacto_destino], [direccion], [distrito_id], [documento_autogenerado], [nro_documento], [razon_social_destino], [recepcionado], [referencia], [telefono], [envio_id]) VALUES (5, NULL, N'RONALD SANTOS', N'DIR72', 1, N'EX00000005', N'DOC000007', N'RONALD SANTOS', 0, N'ABC', N'5558', 2)
INSERT [dbo].[documento] ([documento_id], [codigo_devolucion], [contacto_destino], [direccion], [distrito_id], [documento_autogenerado], [nro_documento], [razon_social_destino], [recepcionado], [referencia], [telefono], [envio_id]) VALUES (6, NULL, N'RONALD SANTOS', N'DIR71', 1, N'EX00000006', N'DOC000006', N'RONALD SANTOS', 0, N'ABC', N'5557', 2)
INSERT [dbo].[documento] ([documento_id], [codigo_devolucion], [contacto_destino], [direccion], [distrito_id], [documento_autogenerado], [nro_documento], [razon_social_destino], [recepcionado], [referencia], [telefono], [envio_id]) VALUES (7, NULL, N'RONALD SANTOS', N'DIR70', 1, N'EX00000007', N'DOC000005', N'RONALD SANTOS', 0, N'ABC', N'5556', 2)
INSERT [dbo].[documento] ([documento_id], [codigo_devolucion], [contacto_destino], [direccion], [distrito_id], [documento_autogenerado], [nro_documento], [razon_social_destino], [recepcionado], [referencia], [telefono], [envio_id]) VALUES (8, NULL, N'RONALD SANTOS', N'DIR73', 1, N'EX00000008', N'DOC000008', N'RONALD SANTOS', 0, N'ABC', N'5559', 2)
INSERT [dbo].[documento] ([documento_id], [codigo_devolucion], [contacto_destino], [direccion], [distrito_id], [documento_autogenerado], [nro_documento], [razon_social_destino], [recepcionado], [referencia], [telefono], [envio_id]) VALUES (9, NULL, N'RONALD SANTOS', N'DIR73', 1, N'EX00000009', N'DOC000016', N'RONALD SANTOS', 0, N'ABC', N'5559', 3)
INSERT [dbo].[documento] ([documento_id], [codigo_devolucion], [contacto_destino], [direccion], [distrito_id], [documento_autogenerado], [nro_documento], [razon_social_destino], [recepcionado], [referencia], [telefono], [envio_id]) VALUES (10, NULL, N'RONALD SANTOS', N'DIR71', 1, N'EX00000010', N'DOC000014', N'RONALD SANTOS', 0, N'ABC', N'5557', 3)
INSERT [dbo].[documento] ([documento_id], [codigo_devolucion], [contacto_destino], [direccion], [distrito_id], [documento_autogenerado], [nro_documento], [razon_social_destino], [recepcionado], [referencia], [telefono], [envio_id]) VALUES (11, NULL, N'RONALD SANTOS', N'DIR72', 1, N'EX00000011', N'DOC000015', N'RONALD SANTOS', 0, N'ABC', N'5558', 3)
INSERT [dbo].[documento] ([documento_id], [codigo_devolucion], [contacto_destino], [direccion], [distrito_id], [documento_autogenerado], [nro_documento], [razon_social_destino], [recepcionado], [referencia], [telefono], [envio_id]) VALUES (12, NULL, N'RONALD SANTOS', N'DIR70', 1, N'EX00000012', N'DOC000013', N'RONALD SANTOS', 0, N'ABC', N'5556', 3)
INSERT [dbo].[documento] ([documento_id], [codigo_devolucion], [contacto_destino], [direccion], [distrito_id], [documento_autogenerado], [nro_documento], [razon_social_destino], [recepcionado], [referencia], [telefono], [envio_id]) VALUES (13, NULL, N'RONALD SANTOS', N'DIR73', 1, N'EX00000013', N'DOC000012', N'RONALD SANTOS', 0, N'ABC', N'5559', 4)
INSERT [dbo].[documento] ([documento_id], [codigo_devolucion], [contacto_destino], [direccion], [distrito_id], [documento_autogenerado], [nro_documento], [razon_social_destino], [recepcionado], [referencia], [telefono], [envio_id]) VALUES (14, NULL, N'RONALD SANTOS', N'DIR71', 1, N'EX00000014', N'DOC000010', N'RONALD SANTOS', 0, N'ABC', N'5557', 4)
INSERT [dbo].[documento] ([documento_id], [codigo_devolucion], [contacto_destino], [direccion], [distrito_id], [documento_autogenerado], [nro_documento], [razon_social_destino], [recepcionado], [referencia], [telefono], [envio_id]) VALUES (15, NULL, N'RONALD SANTOS', N'DIR70', 1, N'EX00000015', N'DOC000009', N'RONALD SANTOS', 0, N'ABC', N'5556', 4)
INSERT [dbo].[documento] ([documento_id], [codigo_devolucion], [contacto_destino], [direccion], [distrito_id], [documento_autogenerado], [nro_documento], [razon_social_destino], [recepcionado], [referencia], [telefono], [envio_id]) VALUES (16, NULL, N'RONALD SANTOS', N'DIR72', 1, N'EX00000016', N'DOC000011', N'RONALD SANTOS', 0, N'ABC', N'5558', 4)
INSERT [dbo].[documento] ([documento_id], [codigo_devolucion], [contacto_destino], [direccion], [distrito_id], [documento_autogenerado], [nro_documento], [razon_social_destino], [recepcionado], [referencia], [telefono], [envio_id]) VALUES (17, NULL, N'RONALD SANTOS', N'DIR70', 1, N'EX00000017', N'DOC000013', N'RONALD SANTOS', 0, N'ABC', N'5556', 5)
INSERT [dbo].[documento] ([documento_id], [codigo_devolucion], [contacto_destino], [direccion], [distrito_id], [documento_autogenerado], [nro_documento], [razon_social_destino], [recepcionado], [referencia], [telefono], [envio_id]) VALUES (18, NULL, N'RONALD SANTOS', N'DIR73', 1, N'EX00000018', N'DOC000016', N'RONALD SANTOS', 0, N'ABC', N'5559', 5)
INSERT [dbo].[documento] ([documento_id], [codigo_devolucion], [contacto_destino], [direccion], [distrito_id], [documento_autogenerado], [nro_documento], [razon_social_destino], [recepcionado], [referencia], [telefono], [envio_id]) VALUES (19, NULL, N'RONALD SANTOS', N'DIR72', 1, N'EX00000019', N'DOC000015', N'RONALD SANTOS', 0, N'ABC', N'5558', 5)
INSERT [dbo].[documento] ([documento_id], [codigo_devolucion], [contacto_destino], [direccion], [distrito_id], [documento_autogenerado], [nro_documento], [razon_social_destino], [recepcionado], [referencia], [telefono], [envio_id]) VALUES (20, NULL, N'RONALD SANTOS', N'DIR71', 1, N'EX00000020', N'DOC000014', N'RONALD SANTOS', 0, N'ABC', N'5557', 5)
INSERT [dbo].[documento] ([documento_id], [codigo_devolucion], [contacto_destino], [direccion], [distrito_id], [documento_autogenerado], [nro_documento], [razon_social_destino], [recepcionado], [referencia], [telefono], [envio_id]) VALUES (21, NULL, N'RONALD SANTOS', N'DIR71', 1, N'EX00000021', N'DOC000010', N'RONALD SANTOS', 0, N'ABC', N'5557', 6)
INSERT [dbo].[documento] ([documento_id], [codigo_devolucion], [contacto_destino], [direccion], [distrito_id], [documento_autogenerado], [nro_documento], [razon_social_destino], [recepcionado], [referencia], [telefono], [envio_id]) VALUES (22, NULL, N'RONALD SANTOS', N'DIR73', 1, N'EX00000022', N'DOC000012', N'RONALD SANTOS', 0, N'ABC', N'5559', 6)
INSERT [dbo].[documento] ([documento_id], [codigo_devolucion], [contacto_destino], [direccion], [distrito_id], [documento_autogenerado], [nro_documento], [razon_social_destino], [recepcionado], [referencia], [telefono], [envio_id]) VALUES (23, NULL, N'RONALD SANTOS', N'DIR72', 1, N'EX00000023', N'DOC000011', N'RONALD SANTOS', 0, N'ABC', N'5558', 6)
INSERT [dbo].[documento] ([documento_id], [codigo_devolucion], [contacto_destino], [direccion], [distrito_id], [documento_autogenerado], [nro_documento], [razon_social_destino], [recepcionado], [referencia], [telefono], [envio_id]) VALUES (24, NULL, N'RONALD SANTOS', N'DIR70', 1, N'EX00000024', N'DOC000009', N'RONALD SANTOS', 0, N'ABC', N'5556', 6)
INSERT [dbo].[documento] ([documento_id], [codigo_devolucion], [contacto_destino], [direccion], [distrito_id], [documento_autogenerado], [nro_documento], [razon_social_destino], [recepcionado], [referencia], [telefono], [envio_id]) VALUES (25, NULL, N'RONALD SANTOS', N'DIR70', 1, N'EX00000025', N'DOC000005', N'RONALD SANTOS', 0, N'ABC', N'5556', 7)
INSERT [dbo].[documento] ([documento_id], [codigo_devolucion], [contacto_destino], [direccion], [distrito_id], [documento_autogenerado], [nro_documento], [razon_social_destino], [recepcionado], [referencia], [telefono], [envio_id]) VALUES (26, NULL, N'RONALD SANTOS', N'DIR72', 1, N'EX00000026', N'DOC000007', N'RONALD SANTOS', 0, N'ABC', N'5558', 7)
INSERT [dbo].[documento] ([documento_id], [codigo_devolucion], [contacto_destino], [direccion], [distrito_id], [documento_autogenerado], [nro_documento], [razon_social_destino], [recepcionado], [referencia], [telefono], [envio_id]) VALUES (27, NULL, N'RONALD SANTOS', N'DIR71', 1, N'EX00000027', N'DOC000006', N'RONALD SANTOS', 0, N'ABC', N'5557', 7)
INSERT [dbo].[documento] ([documento_id], [codigo_devolucion], [contacto_destino], [direccion], [distrito_id], [documento_autogenerado], [nro_documento], [razon_social_destino], [recepcionado], [referencia], [telefono], [envio_id]) VALUES (28, NULL, N'RONALD SANTOS', N'DIR73', 1, N'EX00000028', N'DOC000008', N'RONALD SANTOS', 0, N'ABC', N'5559', 7)
INSERT [dbo].[documento] ([documento_id], [codigo_devolucion], [contacto_destino], [direccion], [distrito_id], [documento_autogenerado], [nro_documento], [razon_social_destino], [recepcionado], [referencia], [telefono], [envio_id]) VALUES (29, NULL, N'RONALD SANTOS', N'DIR72', 1, N'EX00000029', N'DOC000015', N'RONALD SANTOS', 0, N'ABC', N'5558', 8)
INSERT [dbo].[documento] ([documento_id], [codigo_devolucion], [contacto_destino], [direccion], [distrito_id], [documento_autogenerado], [nro_documento], [razon_social_destino], [recepcionado], [referencia], [telefono], [envio_id]) VALUES (30, NULL, N'RONALD SANTOS', N'DIR73', 1, N'EX00000030', N'DOC000016', N'RONALD SANTOS', 0, N'ABC', N'5559', 8)
INSERT [dbo].[documento] ([documento_id], [codigo_devolucion], [contacto_destino], [direccion], [distrito_id], [documento_autogenerado], [nro_documento], [razon_social_destino], [recepcionado], [referencia], [telefono], [envio_id]) VALUES (31, NULL, N'RONALD SANTOS', N'DIR71', 1, N'EX00000031', N'DOC000014', N'RONALD SANTOS', 0, N'ABC', N'5557', 8)
INSERT [dbo].[documento] ([documento_id], [codigo_devolucion], [contacto_destino], [direccion], [distrito_id], [documento_autogenerado], [nro_documento], [razon_social_destino], [recepcionado], [referencia], [telefono], [envio_id]) VALUES (32, NULL, N'RONALD SANTOS', N'DIR70', 1, N'EX00000032', N'DOC000013', N'RONALD SANTOS', 0, N'ABC', N'5556', 8)
INSERT [dbo].[documento] ([documento_id], [codigo_devolucion], [contacto_destino], [direccion], [distrito_id], [documento_autogenerado], [nro_documento], [razon_social_destino], [recepcionado], [referencia], [telefono], [envio_id]) VALUES (33, NULL, N'RONALD SANTOS', N'DIR71', 1, N'EX00000033', N'DOC000010', N'RONALD SANTOS', 0, N'ABC', N'5557', 9)
INSERT [dbo].[documento] ([documento_id], [codigo_devolucion], [contacto_destino], [direccion], [distrito_id], [documento_autogenerado], [nro_documento], [razon_social_destino], [recepcionado], [referencia], [telefono], [envio_id]) VALUES (34, NULL, N'RONALD SANTOS', N'DIR72', 1, N'EX00000034', N'DOC000011', N'RONALD SANTOS', 0, N'ABC', N'5558', 9)
INSERT [dbo].[documento] ([documento_id], [codigo_devolucion], [contacto_destino], [direccion], [distrito_id], [documento_autogenerado], [nro_documento], [razon_social_destino], [recepcionado], [referencia], [telefono], [envio_id]) VALUES (35, NULL, N'RONALD SANTOS', N'DIR73', 1, N'EX00000035', N'DOC000012', N'RONALD SANTOS', 0, N'ABC', N'5559', 9)
INSERT [dbo].[documento] ([documento_id], [codigo_devolucion], [contacto_destino], [direccion], [distrito_id], [documento_autogenerado], [nro_documento], [razon_social_destino], [recepcionado], [referencia], [telefono], [envio_id]) VALUES (36, NULL, N'RONALD SANTOS', N'DIR70', 1, N'EX00000036', N'DOC000009', N'RONALD SANTOS', 0, N'ABC', N'5556', 9)
INSERT [dbo].[documento] ([documento_id], [codigo_devolucion], [contacto_destino], [direccion], [distrito_id], [documento_autogenerado], [nro_documento], [razon_social_destino], [recepcionado], [referencia], [telefono], [envio_id]) VALUES (37, NULL, N'RONALD SANTOS', N'DIR73', 1, N'EX00000037', N'DOC000012', N'RONALD SANTOS', 0, N'ABC', N'5559', 10)
INSERT [dbo].[documento] ([documento_id], [codigo_devolucion], [contacto_destino], [direccion], [distrito_id], [documento_autogenerado], [nro_documento], [razon_social_destino], [recepcionado], [referencia], [telefono], [envio_id]) VALUES (38, NULL, N'RONALD SANTOS', N'DIR72', 1, N'EX00000038', N'DOC000011', N'RONALD SANTOS', 0, N'ABC', N'5558', 10)
INSERT [dbo].[documento] ([documento_id], [codigo_devolucion], [contacto_destino], [direccion], [distrito_id], [documento_autogenerado], [nro_documento], [razon_social_destino], [recepcionado], [referencia], [telefono], [envio_id]) VALUES (39, NULL, N'RONALD SANTOS', N'DIR71', 1, N'EX00000039', N'DOC000010', N'RONALD SANTOS', 0, N'ABC', N'5557', 10)
INSERT [dbo].[documento] ([documento_id], [codigo_devolucion], [contacto_destino], [direccion], [distrito_id], [documento_autogenerado], [nro_documento], [razon_social_destino], [recepcionado], [referencia], [telefono], [envio_id]) VALUES (40, NULL, N'RONALD SANTOS', N'DIR70', 1, N'EX00000040', N'DOC000009', N'RONALD SANTOS', 0, N'ABC', N'5556', 10)
INSERT [dbo].[documento] ([documento_id], [codigo_devolucion], [contacto_destino], [direccion], [distrito_id], [documento_autogenerado], [nro_documento], [razon_social_destino], [recepcionado], [referencia], [telefono], [envio_id]) VALUES (41, NULL, N'RONALD SANTOS', N'DIR70', 1, N'EX00000041', N'DOC000013', N'RONALD SANTOS', 0, N'ABC', N'5556', 11)
INSERT [dbo].[documento] ([documento_id], [codigo_devolucion], [contacto_destino], [direccion], [distrito_id], [documento_autogenerado], [nro_documento], [razon_social_destino], [recepcionado], [referencia], [telefono], [envio_id]) VALUES (42, NULL, N'RONALD SANTOS', N'DIR73', 1, N'EX00000042', N'DOC000016', N'RONALD SANTOS', 0, N'ABC', N'5559', 11)
INSERT [dbo].[documento] ([documento_id], [codigo_devolucion], [contacto_destino], [direccion], [distrito_id], [documento_autogenerado], [nro_documento], [razon_social_destino], [recepcionado], [referencia], [telefono], [envio_id]) VALUES (43, NULL, N'RONALD SANTOS', N'DIR72', 1, N'EX00000043', N'DOC000015', N'RONALD SANTOS', 0, N'ABC', N'5558', 11)
INSERT [dbo].[documento] ([documento_id], [codigo_devolucion], [contacto_destino], [direccion], [distrito_id], [documento_autogenerado], [nro_documento], [razon_social_destino], [recepcionado], [referencia], [telefono], [envio_id]) VALUES (44, NULL, N'RONALD SANTOS', N'DIR71', 1, N'EX00000044', N'DOC000014', N'RONALD SANTOS', 0, N'ABC', N'5557', 11)
INSERT [dbo].[documento] ([documento_id], [codigo_devolucion], [contacto_destino], [direccion], [distrito_id], [documento_autogenerado], [nro_documento], [razon_social_destino], [recepcionado], [referencia], [telefono], [envio_id]) VALUES (45, NULL, N'RONALD SANTOS', N'DIR72', 1, N'EX00000045', N'DOC000015', N'RONALD SANTOS', 0, N'ABC', N'5558', 12)
INSERT [dbo].[documento] ([documento_id], [codigo_devolucion], [contacto_destino], [direccion], [distrito_id], [documento_autogenerado], [nro_documento], [razon_social_destino], [recepcionado], [referencia], [telefono], [envio_id]) VALUES (46, NULL, N'RONALD SANTOS', N'DIR73', 1, N'EX00000046', N'DOC000016', N'RONALD SANTOS', 0, N'ABC', N'5559', 12)
INSERT [dbo].[documento] ([documento_id], [codigo_devolucion], [contacto_destino], [direccion], [distrito_id], [documento_autogenerado], [nro_documento], [razon_social_destino], [recepcionado], [referencia], [telefono], [envio_id]) VALUES (47, NULL, N'RONALD SANTOS', N'DIR70', 1, N'EX00000047', N'DOC000013', N'RONALD SANTOS', 0, N'ABC', N'5556', 12)
INSERT [dbo].[documento] ([documento_id], [codigo_devolucion], [contacto_destino], [direccion], [distrito_id], [documento_autogenerado], [nro_documento], [razon_social_destino], [recepcionado], [referencia], [telefono], [envio_id]) VALUES (48, NULL, N'RONALD SANTOS', N'DIR71', 1, N'EX00000048', N'DOC000014', N'RONALD SANTOS', 0, N'ABC', N'5557', 12)
INSERT [dbo].[documento] ([documento_id], [codigo_devolucion], [contacto_destino], [direccion], [distrito_id], [documento_autogenerado], [nro_documento], [razon_social_destino], [recepcionado], [referencia], [telefono], [envio_id]) VALUES (49, NULL, N'RONALD SANTOS', N'DIR72', 1, N'EX00000049', N'DOC000015', N'RONALD SANTOS', 0, N'ABC', N'5558', 13)
INSERT [dbo].[documento] ([documento_id], [codigo_devolucion], [contacto_destino], [direccion], [distrito_id], [documento_autogenerado], [nro_documento], [razon_social_destino], [recepcionado], [referencia], [telefono], [envio_id]) VALUES (50, NULL, N'RONALD SANTOS', N'DIR70', 1, N'EX00000050', N'DOC000013', N'RONALD SANTOS', 0, N'ABC', N'5556', 13)
INSERT [dbo].[documento] ([documento_id], [codigo_devolucion], [contacto_destino], [direccion], [distrito_id], [documento_autogenerado], [nro_documento], [razon_social_destino], [recepcionado], [referencia], [telefono], [envio_id]) VALUES (51, NULL, N'RONALD SANTOS', N'DIR71', 1, N'EX00000051', N'DOC000014', N'RONALD SANTOS', 0, N'ABC', N'5557', 13)
INSERT [dbo].[documento] ([documento_id], [codigo_devolucion], [contacto_destino], [direccion], [distrito_id], [documento_autogenerado], [nro_documento], [razon_social_destino], [recepcionado], [referencia], [telefono], [envio_id]) VALUES (52, NULL, N'RONALD SANTOS', N'DIR73', 1, N'EX00000052', N'DOC000016', N'RONALD SANTOS', 0, N'ABC', N'5559', 13)
INSERT [dbo].[documento] ([documento_id], [codigo_devolucion], [contacto_destino], [direccion], [distrito_id], [documento_autogenerado], [nro_documento], [razon_social_destino], [recepcionado], [referencia], [telefono], [envio_id]) VALUES (53, NULL, N'RONALD SANTOS', N'DIR73', 1, N'EX00000053', N'DOC000012', N'RONALD SANTOS', 0, N'ABC', N'5559', 14)
INSERT [dbo].[documento] ([documento_id], [codigo_devolucion], [contacto_destino], [direccion], [distrito_id], [documento_autogenerado], [nro_documento], [razon_social_destino], [recepcionado], [referencia], [telefono], [envio_id]) VALUES (54, NULL, N'RONALD SANTOS', N'DIR71', 1, N'EX00000054', N'DOC000010', N'RONALD SANTOS', 0, N'ABC', N'5557', 14)
INSERT [dbo].[documento] ([documento_id], [codigo_devolucion], [contacto_destino], [direccion], [distrito_id], [documento_autogenerado], [nro_documento], [razon_social_destino], [recepcionado], [referencia], [telefono], [envio_id]) VALUES (55, NULL, N'RONALD SANTOS', N'DIR70', 1, N'EX00000055', N'DOC000009', N'RONALD SANTOS', 0, N'ABC', N'5556', 14)
INSERT [dbo].[documento] ([documento_id], [codigo_devolucion], [contacto_destino], [direccion], [distrito_id], [documento_autogenerado], [nro_documento], [razon_social_destino], [recepcionado], [referencia], [telefono], [envio_id]) VALUES (56, NULL, N'RONALD SANTOS', N'DIR72', 1, N'EX00000056', N'DOC000011', N'RONALD SANTOS', 0, N'ABC', N'5558', 14)
SET IDENTITY_INSERT [dbo].[documento] OFF
SET IDENTITY_INSERT [dbo].[tipo_estado_documento] ON 

INSERT [dbo].[tipo_estado_documento] ([tipo_estado_documento_id], [nombre]) VALUES (1, N'ESTADOS UTD')
INSERT [dbo].[tipo_estado_documento] ([tipo_estado_documento_id], [nombre]) VALUES (2, N'RESULTADOS PROVEEDOR')
SET IDENTITY_INSERT [dbo].[tipo_estado_documento] OFF
SET IDENTITY_INSERT [dbo].[estado_documento] ON 

INSERT [dbo].[estado_documento] ([estado_documento_id], [nombre], [tipo_estado_documento_id]) VALUES (1, N'CREADO', 1)
INSERT [dbo].[estado_documento] ([estado_documento_id], [nombre], [tipo_estado_documento_id]) VALUES (2, N'CUSTODIADO', 1)
INSERT [dbo].[estado_documento] ([estado_documento_id], [nombre], [tipo_estado_documento_id]) VALUES (3, N'PENDIENTE DE ENTREGA', 1)
INSERT [dbo].[estado_documento] ([estado_documento_id], [nombre], [tipo_estado_documento_id]) VALUES (4, N'ENTREGADO', 2)
INSERT [dbo].[estado_documento] ([estado_documento_id], [nombre], [tipo_estado_documento_id]) VALUES (5, N'REZAGADO', 2)
INSERT [dbo].[estado_documento] ([estado_documento_id], [nombre], [tipo_estado_documento_id]) VALUES (6, N'NO DISTRIBUIBLE', 2)
INSERT [dbo].[estado_documento] ([estado_documento_id], [nombre], [tipo_estado_documento_id]) VALUES (7, N'DENEGADO', 1)
INSERT [dbo].[estado_documento] ([estado_documento_id], [nombre], [tipo_estado_documento_id]) VALUES (8, N'ELIMINADO', 1)
INSERT [dbo].[estado_documento] ([estado_documento_id], [nombre], [tipo_estado_documento_id]) VALUES (9, N'RECEPCIONADO', 1)
INSERT [dbo].[estado_documento] ([estado_documento_id], [nombre], [tipo_estado_documento_id]) VALUES (10, N'CERRADO', 1)
SET IDENTITY_INSERT [dbo].[estado_documento] OFF
INSERT [dbo].[resultado_tipo_devolucion] ([estado_documento_id], [tipo_devolucion_id]) VALUES (4, 1)
INSERT [dbo].[resultado_tipo_devolucion] ([estado_documento_id], [tipo_devolucion_id]) VALUES (5, 1)
INSERT [dbo].[resultado_tipo_devolucion] ([estado_documento_id], [tipo_devolucion_id]) VALUES (5, 2)
INSERT [dbo].[resultado_tipo_devolucion] ([estado_documento_id], [tipo_devolucion_id]) VALUES (6, 2)
INSERT [dbo].[resultado_tipo_devolucion] ([estado_documento_id], [tipo_devolucion_id]) VALUES (6, 3)
SET IDENTITY_INSERT [dbo].[tipo_guia] ON 

INSERT [dbo].[tipo_guia] ([tipo_guia_id], [nombre]) VALUES (1, N' GUIA REGULAR')
INSERT [dbo].[tipo_guia] ([tipo_guia_id], [nombre]) VALUES (2, N' GUIA BLOQUE')
SET IDENTITY_INSERT [dbo].[tipo_guia] OFF
SET IDENTITY_INSERT [dbo].[proveedor] ON 

INSERT [dbo].[proveedor] ([proveedor_id], [activo], [nombre]) VALUES (1, 1, N'DOCFLOW')
INSERT [dbo].[proveedor] ([proveedor_id], [activo], [nombre]) VALUES (2, 1, N'URBANO')
SET IDENTITY_INSERT [dbo].[proveedor] OFF
SET IDENTITY_INSERT [dbo].[guia] ON 

INSERT [dbo].[guia] ([guia_id], [numero_guia], [producto_id], [region_id], [sede_id], [tipo_clasificacion_id], [plazo_distribucion_id], [proveedor_id], [tipo_guia_id], [tipo_seguridad_id], [tipo_servicio_id]) VALUES (1, N'SDSDSDSD', 1, 1, 5, 1, 1, 1, 1, 1, 1)
INSERT [dbo].[guia] ([guia_id], [numero_guia], [producto_id], [region_id], [sede_id], [tipo_clasificacion_id], [plazo_distribucion_id], [proveedor_id], [tipo_guia_id], [tipo_seguridad_id], [tipo_servicio_id]) VALUES (2, N'WDWDWDW23', 1, 1, 5, 1, 1, 2, 1, 1, 1)
INSERT [dbo].[guia] ([guia_id], [numero_guia], [producto_id], [region_id], [sede_id], [tipo_clasificacion_id], [plazo_distribucion_id], [proveedor_id], [tipo_guia_id], [tipo_seguridad_id], [tipo_servicio_id]) VALUES (3, N'DFHDFH65', 1, 1, 5, 1, 2, 1, 1, 1, 1)
INSERT [dbo].[guia] ([guia_id], [numero_guia], [producto_id], [region_id], [sede_id], [tipo_clasificacion_id], [plazo_distribucion_id], [proveedor_id], [tipo_guia_id], [tipo_seguridad_id], [tipo_servicio_id]) VALUES (4, N'SWDDSG54', 1, 1, 5, 1, 2, 2, 1, 1, 1)
INSERT [dbo].[guia] ([guia_id], [numero_guia], [producto_id], [region_id], [sede_id], [tipo_clasificacion_id], [plazo_distribucion_id], [proveedor_id], [tipo_guia_id], [tipo_seguridad_id], [tipo_servicio_id]) VALUES (5, N'WDWDWDW70', 1, 1, 4, 1, 1, 1, 1, 1, 1)
INSERT [dbo].[guia] ([guia_id], [numero_guia], [producto_id], [region_id], [sede_id], [tipo_clasificacion_id], [plazo_distribucion_id], [proveedor_id], [tipo_guia_id], [tipo_seguridad_id], [tipo_servicio_id]) VALUES (6, N'SDSDSDSD21', 1, 1, 4, 1, 1, 1, 1, 1, 1)
INSERT [dbo].[guia] ([guia_id], [numero_guia], [producto_id], [region_id], [sede_id], [tipo_clasificacion_id], [plazo_distribucion_id], [proveedor_id], [tipo_guia_id], [tipo_seguridad_id], [tipo_servicio_id]) VALUES (7, N'WDWDWDW66', 1, 1, 3, 1, 1, 1, 1, 1, 1)
INSERT [dbo].[guia] ([guia_id], [numero_guia], [producto_id], [region_id], [sede_id], [tipo_clasificacion_id], [plazo_distribucion_id], [proveedor_id], [tipo_guia_id], [tipo_seguridad_id], [tipo_servicio_id]) VALUES (8, N'SDSDSDSD543', 1, 1, 3, 1, 1, 2, 1, 1, 1)
INSERT [dbo].[guia] ([guia_id], [numero_guia], [producto_id], [region_id], [sede_id], [tipo_clasificacion_id], [plazo_distribucion_id], [proveedor_id], [tipo_guia_id], [tipo_seguridad_id], [tipo_servicio_id]) VALUES (9, N'SWDDSG09', 1, 1, 3, 1, 2, 1, 1, 1, 1)
INSERT [dbo].[guia] ([guia_id], [numero_guia], [producto_id], [region_id], [sede_id], [tipo_clasificacion_id], [plazo_distribucion_id], [proveedor_id], [tipo_guia_id], [tipo_seguridad_id], [tipo_servicio_id]) VALUES (10, N'EDEDEFE671', 1, 1, 3, 1, 2, 2, 1, 1, 1)
INSERT [dbo].[guia] ([guia_id], [numero_guia], [producto_id], [region_id], [sede_id], [tipo_clasificacion_id], [plazo_distribucion_id], [proveedor_id], [tipo_guia_id], [tipo_seguridad_id], [tipo_servicio_id]) VALUES (11, N'EDEDEFE602', 1, 1, 6, 1, 1, 1, 1, 1, 1)
INSERT [dbo].[guia] ([guia_id], [numero_guia], [producto_id], [region_id], [sede_id], [tipo_clasificacion_id], [plazo_distribucion_id], [proveedor_id], [tipo_guia_id], [tipo_seguridad_id], [tipo_servicio_id]) VALUES (13, N'DFHDFH094', 1, 1, 6, 1, 1, 2, 1, 1, 1)
INSERT [dbo].[guia] ([guia_id], [numero_guia], [producto_id], [region_id], [sede_id], [tipo_clasificacion_id], [plazo_distribucion_id], [proveedor_id], [tipo_guia_id], [tipo_seguridad_id], [tipo_servicio_id]) VALUES (14, N'SWDDSG652', 1, 1, 5, 1, 1, 1, 1, 1, 1)
INSERT [dbo].[guia] ([guia_id], [numero_guia], [producto_id], [region_id], [sede_id], [tipo_clasificacion_id], [plazo_distribucion_id], [proveedor_id], [tipo_guia_id], [tipo_seguridad_id], [tipo_servicio_id]) VALUES (15, N'EDEDEFE099', 1, 1, 3, 1, 1, 2, 1, 1, 1)
SET IDENTITY_INSERT [dbo].[guia] OFF
INSERT [dbo].[buzon_tipo_seguridad] ([buzon_id], [tipo_seguridad_id]) VALUES (1, 1)
INSERT [dbo].[documento_guia] ([documento_id], [guia_id], [fecha_asociacion], [validado]) VALUES (1, 1, CAST(N'2019-06-05T11:15:40.2540000' AS DateTime2), 1)
INSERT [dbo].[documento_guia] ([documento_id], [guia_id], [fecha_asociacion], [validado]) VALUES (2, 1, CAST(N'2019-06-05T11:15:40.2550000' AS DateTime2), 1)
INSERT [dbo].[documento_guia] ([documento_id], [guia_id], [fecha_asociacion], [validado]) VALUES (3, 1, CAST(N'2019-06-05T11:15:40.2550000' AS DateTime2), 1)
INSERT [dbo].[documento_guia] ([documento_id], [guia_id], [fecha_asociacion], [validado]) VALUES (4, 1, CAST(N'2019-06-05T11:15:40.2550000' AS DateTime2), 1)
INSERT [dbo].[documento_guia] ([documento_id], [guia_id], [fecha_asociacion], [validado]) VALUES (5, 7, CAST(N'2019-06-05T11:19:15.6870000' AS DateTime2), 1)
INSERT [dbo].[documento_guia] ([documento_id], [guia_id], [fecha_asociacion], [validado]) VALUES (6, 7, CAST(N'2019-06-05T11:19:15.6870000' AS DateTime2), 1)
INSERT [dbo].[documento_guia] ([documento_id], [guia_id], [fecha_asociacion], [validado]) VALUES (7, 7, CAST(N'2019-06-05T11:19:15.6870000' AS DateTime2), 1)
INSERT [dbo].[documento_guia] ([documento_id], [guia_id], [fecha_asociacion], [validado]) VALUES (8, 7, CAST(N'2019-06-05T11:19:15.6870000' AS DateTime2), 1)
INSERT [dbo].[documento_guia] ([documento_id], [guia_id], [fecha_asociacion], [validado]) VALUES (9, 11, CAST(N'2019-06-05T11:21:35.9950000' AS DateTime2), 1)
INSERT [dbo].[documento_guia] ([documento_id], [guia_id], [fecha_asociacion], [validado]) VALUES (10, 11, CAST(N'2019-06-05T11:21:35.9950000' AS DateTime2), 1)
INSERT [dbo].[documento_guia] ([documento_id], [guia_id], [fecha_asociacion], [validado]) VALUES (11, 11, CAST(N'2019-06-05T11:21:35.9950000' AS DateTime2), 1)
INSERT [dbo].[documento_guia] ([documento_id], [guia_id], [fecha_asociacion], [validado]) VALUES (12, 11, CAST(N'2019-06-05T11:21:35.9950000' AS DateTime2), 1)
INSERT [dbo].[documento_guia] ([documento_id], [guia_id], [fecha_asociacion], [validado]) VALUES (13, 5, CAST(N'2019-06-05T11:17:50.2380000' AS DateTime2), 1)
INSERT [dbo].[documento_guia] ([documento_id], [guia_id], [fecha_asociacion], [validado]) VALUES (14, 5, CAST(N'2019-06-05T11:17:50.2380000' AS DateTime2), 1)
INSERT [dbo].[documento_guia] ([documento_id], [guia_id], [fecha_asociacion], [validado]) VALUES (15, 5, CAST(N'2019-06-05T11:17:50.2380000' AS DateTime2), 1)
INSERT [dbo].[documento_guia] ([documento_id], [guia_id], [fecha_asociacion], [validado]) VALUES (16, 5, CAST(N'2019-06-05T11:17:50.2380000' AS DateTime2), 1)
INSERT [dbo].[documento_guia] ([documento_id], [guia_id], [fecha_asociacion], [validado]) VALUES (17, 3, CAST(N'2019-06-05T11:16:26.8060000' AS DateTime2), 1)
INSERT [dbo].[documento_guia] ([documento_id], [guia_id], [fecha_asociacion], [validado]) VALUES (18, 3, CAST(N'2019-06-05T11:16:26.8050000' AS DateTime2), 1)
INSERT [dbo].[documento_guia] ([documento_id], [guia_id], [fecha_asociacion], [validado]) VALUES (19, 3, CAST(N'2019-06-05T11:16:26.8050000' AS DateTime2), 1)
INSERT [dbo].[documento_guia] ([documento_id], [guia_id], [fecha_asociacion], [validado]) VALUES (20, 3, CAST(N'2019-06-05T11:16:26.8050000' AS DateTime2), 1)
INSERT [dbo].[documento_guia] ([documento_id], [guia_id], [fecha_asociacion], [validado]) VALUES (21, 9, CAST(N'2019-06-05T11:20:10.8460000' AS DateTime2), 1)
INSERT [dbo].[documento_guia] ([documento_id], [guia_id], [fecha_asociacion], [validado]) VALUES (22, 9, CAST(N'2019-06-05T11:20:10.8460000' AS DateTime2), 1)
INSERT [dbo].[documento_guia] ([documento_id], [guia_id], [fecha_asociacion], [validado]) VALUES (23, 9, CAST(N'2019-06-05T11:20:10.8470000' AS DateTime2), 1)
INSERT [dbo].[documento_guia] ([documento_id], [guia_id], [fecha_asociacion], [validado]) VALUES (24, 9, CAST(N'2019-06-05T11:20:10.8470000' AS DateTime2), 1)
INSERT [dbo].[documento_guia] ([documento_id], [guia_id], [fecha_asociacion], [validado]) VALUES (25, 8, CAST(N'2019-06-05T11:19:41.5230000' AS DateTime2), 1)
INSERT [dbo].[documento_guia] ([documento_id], [guia_id], [fecha_asociacion], [validado]) VALUES (26, 8, CAST(N'2019-06-05T11:19:41.5230000' AS DateTime2), 1)
INSERT [dbo].[documento_guia] ([documento_id], [guia_id], [fecha_asociacion], [validado]) VALUES (27, 8, CAST(N'2019-06-05T11:19:41.5230000' AS DateTime2), 1)
INSERT [dbo].[documento_guia] ([documento_id], [guia_id], [fecha_asociacion], [validado]) VALUES (28, 8, CAST(N'2019-06-05T11:19:41.5230000' AS DateTime2), 1)
INSERT [dbo].[documento_guia] ([documento_id], [guia_id], [fecha_asociacion], [validado]) VALUES (29, 6, CAST(N'2019-06-05T11:18:12.9380000' AS DateTime2), 1)
INSERT [dbo].[documento_guia] ([documento_id], [guia_id], [fecha_asociacion], [validado]) VALUES (30, 6, CAST(N'2019-06-05T11:18:12.9380000' AS DateTime2), 1)
INSERT [dbo].[documento_guia] ([documento_id], [guia_id], [fecha_asociacion], [validado]) VALUES (31, 6, CAST(N'2019-06-05T11:18:12.9380000' AS DateTime2), 1)
INSERT [dbo].[documento_guia] ([documento_id], [guia_id], [fecha_asociacion], [validado]) VALUES (32, 6, CAST(N'2019-06-05T11:18:12.9380000' AS DateTime2), 1)
INSERT [dbo].[documento_guia] ([documento_id], [guia_id], [fecha_asociacion], [validado]) VALUES (33, 2, CAST(N'2019-06-05T11:16:04.7460000' AS DateTime2), 1)
INSERT [dbo].[documento_guia] ([documento_id], [guia_id], [fecha_asociacion], [validado]) VALUES (34, 2, CAST(N'2019-06-05T11:16:04.7460000' AS DateTime2), 1)
INSERT [dbo].[documento_guia] ([documento_id], [guia_id], [fecha_asociacion], [validado]) VALUES (35, 2, CAST(N'2019-06-05T11:16:04.7460000' AS DateTime2), 1)
INSERT [dbo].[documento_guia] ([documento_id], [guia_id], [fecha_asociacion], [validado]) VALUES (36, 2, CAST(N'2019-06-05T11:16:04.7460000' AS DateTime2), 1)
INSERT [dbo].[documento_guia] ([documento_id], [guia_id], [fecha_asociacion], [validado]) VALUES (37, 13, CAST(N'2019-06-05T11:22:26.7390000' AS DateTime2), 1)
INSERT [dbo].[documento_guia] ([documento_id], [guia_id], [fecha_asociacion], [validado]) VALUES (38, 13, CAST(N'2019-06-05T11:22:26.7390000' AS DateTime2), 1)
INSERT [dbo].[documento_guia] ([documento_id], [guia_id], [fecha_asociacion], [validado]) VALUES (39, 13, CAST(N'2019-06-05T11:22:26.7390000' AS DateTime2), 1)
INSERT [dbo].[documento_guia] ([documento_id], [guia_id], [fecha_asociacion], [validado]) VALUES (40, 13, CAST(N'2019-06-05T11:22:26.7390000' AS DateTime2), 1)
INSERT [dbo].[documento_guia] ([documento_id], [guia_id], [fecha_asociacion], [validado]) VALUES (41, 10, CAST(N'2019-06-05T11:20:37.5470000' AS DateTime2), 1)
INSERT [dbo].[documento_guia] ([documento_id], [guia_id], [fecha_asociacion], [validado]) VALUES (42, 10, CAST(N'2019-06-05T11:20:37.5480000' AS DateTime2), 1)
INSERT [dbo].[documento_guia] ([documento_id], [guia_id], [fecha_asociacion], [validado]) VALUES (43, 10, CAST(N'2019-06-05T11:20:37.5480000' AS DateTime2), 1)
INSERT [dbo].[documento_guia] ([documento_id], [guia_id], [fecha_asociacion], [validado]) VALUES (44, 10, CAST(N'2019-06-05T11:20:37.5470000' AS DateTime2), 1)
INSERT [dbo].[documento_guia] ([documento_id], [guia_id], [fecha_asociacion], [validado]) VALUES (45, 4, CAST(N'2019-06-05T11:16:52.9510000' AS DateTime2), 1)
INSERT [dbo].[documento_guia] ([documento_id], [guia_id], [fecha_asociacion], [validado]) VALUES (46, 4, CAST(N'2019-06-05T11:16:52.9500000' AS DateTime2), 1)
INSERT [dbo].[documento_guia] ([documento_id], [guia_id], [fecha_asociacion], [validado]) VALUES (47, 4, CAST(N'2019-06-05T11:16:52.9510000' AS DateTime2), 1)
INSERT [dbo].[documento_guia] ([documento_id], [guia_id], [fecha_asociacion], [validado]) VALUES (48, 4, CAST(N'2019-06-05T11:16:52.9510000' AS DateTime2), 1)
INSERT [dbo].[documento_guia] ([documento_id], [guia_id], [fecha_asociacion], [validado]) VALUES (49, 14, CAST(N'2019-06-05T11:31:52.5410000' AS DateTime2), 1)
INSERT [dbo].[documento_guia] ([documento_id], [guia_id], [fecha_asociacion], [validado]) VALUES (50, 14, CAST(N'2019-06-05T11:31:52.5410000' AS DateTime2), 1)
INSERT [dbo].[documento_guia] ([documento_id], [guia_id], [fecha_asociacion], [validado]) VALUES (51, 14, CAST(N'2019-06-05T11:31:52.5410000' AS DateTime2), 1)
INSERT [dbo].[documento_guia] ([documento_id], [guia_id], [fecha_asociacion], [validado]) VALUES (52, 14, CAST(N'2019-06-05T11:31:52.5410000' AS DateTime2), 1)
INSERT [dbo].[documento_guia] ([documento_id], [guia_id], [fecha_asociacion], [validado]) VALUES (53, 15, CAST(N'2019-06-05T11:33:04.7280000' AS DateTime2), 1)
INSERT [dbo].[documento_guia] ([documento_id], [guia_id], [fecha_asociacion], [validado]) VALUES (54, 15, CAST(N'2019-06-05T11:33:04.7280000' AS DateTime2), 1)
INSERT [dbo].[documento_guia] ([documento_id], [guia_id], [fecha_asociacion], [validado]) VALUES (55, 15, CAST(N'2019-06-05T11:33:04.7280000' AS DateTime2), 1)
INSERT [dbo].[documento_guia] ([documento_id], [guia_id], [fecha_asociacion], [validado]) VALUES (56, 15, CAST(N'2019-06-05T11:33:04.7280000' AS DateTime2), 1)
SET IDENTITY_INSERT [dbo].[motivo_estado] ON 

INSERT [dbo].[motivo_estado] ([motivo_estado_id], [nombre], [estado_documento_id]) VALUES (1, N'ENTREGADO A TERCERO', 4)
INSERT [dbo].[motivo_estado] ([motivo_estado_id], [nombre], [estado_documento_id]) VALUES (2, N'ENTREGADO A TITULAR', 4)
INSERT [dbo].[motivo_estado] ([motivo_estado_id], [nombre], [estado_documento_id]) VALUES (3, N'ENTREGADO CON FIRMA', 4)
INSERT [dbo].[motivo_estado] ([motivo_estado_id], [nombre], [estado_documento_id]) VALUES (4, N'ENTREGADO CON SELLO', 4)
INSERT [dbo].[motivo_estado] ([motivo_estado_id], [nombre], [estado_documento_id]) VALUES (5, N'ENTREGADO EN AGENCIA', 4)
INSERT [dbo].[motivo_estado] ([motivo_estado_id], [nombre], [estado_documento_id]) VALUES (6, N'ENTREGADO SIN SELLO', 4)
INSERT [dbo].[motivo_estado] ([motivo_estado_id], [nombre], [estado_documento_id]) VALUES (7, N'BUZON', 4)
INSERT [dbo].[motivo_estado] ([motivo_estado_id], [nombre], [estado_documento_id]) VALUES (8, N'BAJO PUERTA', 4)
INSERT [dbo].[motivo_estado] ([motivo_estado_id], [nombre], [estado_documento_id]) VALUES (9, N'AUSENTE', 5)
INSERT [dbo].[motivo_estado] ([motivo_estado_id], [nombre], [estado_documento_id]) VALUES (10, N'DIRECCION INCORRECTA', 5)
INSERT [dbo].[motivo_estado] ([motivo_estado_id], [nombre], [estado_documento_id]) VALUES (11, N'SE MUDO', 5)
INSERT [dbo].[motivo_estado] ([motivo_estado_id], [nombre], [estado_documento_id]) VALUES (12, N'DESCONOCIDO', 5)
INSERT [dbo].[motivo_estado] ([motivo_estado_id], [nombre], [estado_documento_id]) VALUES (13, N'RECHAZADO', 5)
INSERT [dbo].[motivo_estado] ([motivo_estado_id], [nombre], [estado_documento_id]) VALUES (14, N'NO PERMITE ENTREGA', 5)
INSERT [dbo].[motivo_estado] ([motivo_estado_id], [nombre], [estado_documento_id]) VALUES (15, N'FALLECIDO', 5)
INSERT [dbo].[motivo_estado] ([motivo_estado_id], [nombre], [estado_documento_id]) VALUES (16, N'EXTRAVIADO O ROBADO', 6)
INSERT [dbo].[motivo_estado] ([motivo_estado_id], [nombre], [estado_documento_id]) VALUES (17, N'FALTANTE', 6)
INSERT [dbo].[motivo_estado] ([motivo_estado_id], [nombre], [estado_documento_id]) VALUES (18, N'ANULADO', 6)
INSERT [dbo].[motivo_estado] ([motivo_estado_id], [nombre], [estado_documento_id]) VALUES (19, N'DEVUELTO', 6)
INSERT [dbo].[motivo_estado] ([motivo_estado_id], [nombre], [estado_documento_id]) VALUES (20, N'ZONA PELIGROSA', 6)
INSERT [dbo].[motivo_estado] ([motivo_estado_id], [nombre], [estado_documento_id]) VALUES (21, N'SIN COBERTURA', 6)
INSERT [dbo].[motivo_estado] ([motivo_estado_id], [nombre], [estado_documento_id]) VALUES (22, N'NO EXISTE', 6)
INSERT [dbo].[motivo_estado] ([motivo_estado_id], [nombre], [estado_documento_id]) VALUES (23, N'NO ACCESIBLE', 6)
INSERT [dbo].[motivo_estado] ([motivo_estado_id], [nombre], [estado_documento_id]) VALUES (24, N'SIN FISICO', 6)
INSERT [dbo].[motivo_estado] ([motivo_estado_id], [nombre], [estado_documento_id]) VALUES (25, N'SIN RECOJO', 6)
INSERT [dbo].[motivo_estado] ([motivo_estado_id], [nombre], [estado_documento_id]) VALUES (26, N'RETENIDO', 6)
SET IDENTITY_INSERT [dbo].[motivo_estado] OFF
SET IDENTITY_INSERT [dbo].[seguimiento_documento] ON 

INSERT [dbo].[seguimiento_documento] ([seguimiento_documento_id], [fecha], [link_imagen], [observacion], [usuario_id], [documento_id], [estado_documento_id], [motivo_estado_id]) VALUES (1, CAST(N'2019-06-05T11:09:07.2190000' AS DateTime2), NULL, NULL, 5, 1, 1, NULL)
INSERT [dbo].[seguimiento_documento] ([seguimiento_documento_id], [fecha], [link_imagen], [observacion], [usuario_id], [documento_id], [estado_documento_id], [motivo_estado_id]) VALUES (2, CAST(N'2019-06-05T11:09:07.2280000' AS DateTime2), NULL, NULL, 5, 2, 1, NULL)
INSERT [dbo].[seguimiento_documento] ([seguimiento_documento_id], [fecha], [link_imagen], [observacion], [usuario_id], [documento_id], [estado_documento_id], [motivo_estado_id]) VALUES (3, CAST(N'2019-06-05T11:09:07.2290000' AS DateTime2), NULL, NULL, 5, 3, 1, NULL)
INSERT [dbo].[seguimiento_documento] ([seguimiento_documento_id], [fecha], [link_imagen], [observacion], [usuario_id], [documento_id], [estado_documento_id], [motivo_estado_id]) VALUES (4, CAST(N'2019-06-05T11:09:07.2300000' AS DateTime2), NULL, NULL, 5, 4, 1, NULL)
INSERT [dbo].[seguimiento_documento] ([seguimiento_documento_id], [fecha], [link_imagen], [observacion], [usuario_id], [documento_id], [estado_documento_id], [motivo_estado_id]) VALUES (5, CAST(N'2019-06-05T11:09:19.7730000' AS DateTime2), NULL, NULL, 5, 5, 1, NULL)
INSERT [dbo].[seguimiento_documento] ([seguimiento_documento_id], [fecha], [link_imagen], [observacion], [usuario_id], [documento_id], [estado_documento_id], [motivo_estado_id]) VALUES (6, CAST(N'2019-06-05T11:09:19.7740000' AS DateTime2), NULL, NULL, 5, 6, 1, NULL)
INSERT [dbo].[seguimiento_documento] ([seguimiento_documento_id], [fecha], [link_imagen], [observacion], [usuario_id], [documento_id], [estado_documento_id], [motivo_estado_id]) VALUES (7, CAST(N'2019-06-05T11:09:19.7750000' AS DateTime2), NULL, NULL, 5, 7, 1, NULL)
INSERT [dbo].[seguimiento_documento] ([seguimiento_documento_id], [fecha], [link_imagen], [observacion], [usuario_id], [documento_id], [estado_documento_id], [motivo_estado_id]) VALUES (8, CAST(N'2019-06-05T11:09:19.7760000' AS DateTime2), NULL, NULL, 5, 8, 1, NULL)
INSERT [dbo].[seguimiento_documento] ([seguimiento_documento_id], [fecha], [link_imagen], [observacion], [usuario_id], [documento_id], [estado_documento_id], [motivo_estado_id]) VALUES (9, CAST(N'2019-06-05T11:09:31.7460000' AS DateTime2), NULL, NULL, 5, 9, 1, NULL)
INSERT [dbo].[seguimiento_documento] ([seguimiento_documento_id], [fecha], [link_imagen], [observacion], [usuario_id], [documento_id], [estado_documento_id], [motivo_estado_id]) VALUES (10, CAST(N'2019-06-05T11:09:31.7490000' AS DateTime2), NULL, NULL, 5, 10, 1, NULL)
INSERT [dbo].[seguimiento_documento] ([seguimiento_documento_id], [fecha], [link_imagen], [observacion], [usuario_id], [documento_id], [estado_documento_id], [motivo_estado_id]) VALUES (11, CAST(N'2019-06-05T11:09:31.7500000' AS DateTime2), NULL, NULL, 5, 11, 1, NULL)
INSERT [dbo].[seguimiento_documento] ([seguimiento_documento_id], [fecha], [link_imagen], [observacion], [usuario_id], [documento_id], [estado_documento_id], [motivo_estado_id]) VALUES (12, CAST(N'2019-06-05T11:09:31.7510000' AS DateTime2), NULL, NULL, 5, 12, 1, NULL)
INSERT [dbo].[seguimiento_documento] ([seguimiento_documento_id], [fecha], [link_imagen], [observacion], [usuario_id], [documento_id], [estado_documento_id], [motivo_estado_id]) VALUES (13, CAST(N'2019-06-05T11:09:47.9080000' AS DateTime2), NULL, NULL, 5, 13, 1, NULL)
INSERT [dbo].[seguimiento_documento] ([seguimiento_documento_id], [fecha], [link_imagen], [observacion], [usuario_id], [documento_id], [estado_documento_id], [motivo_estado_id]) VALUES (14, CAST(N'2019-06-05T11:09:47.9090000' AS DateTime2), NULL, NULL, 5, 14, 1, NULL)
INSERT [dbo].[seguimiento_documento] ([seguimiento_documento_id], [fecha], [link_imagen], [observacion], [usuario_id], [documento_id], [estado_documento_id], [motivo_estado_id]) VALUES (15, CAST(N'2019-06-05T11:09:47.9100000' AS DateTime2), NULL, NULL, 5, 15, 1, NULL)
INSERT [dbo].[seguimiento_documento] ([seguimiento_documento_id], [fecha], [link_imagen], [observacion], [usuario_id], [documento_id], [estado_documento_id], [motivo_estado_id]) VALUES (16, CAST(N'2019-06-05T11:09:47.9110000' AS DateTime2), NULL, NULL, 5, 16, 1, NULL)
INSERT [dbo].[seguimiento_documento] ([seguimiento_documento_id], [fecha], [link_imagen], [observacion], [usuario_id], [documento_id], [estado_documento_id], [motivo_estado_id]) VALUES (17, CAST(N'2019-06-05T11:10:00.7330000' AS DateTime2), NULL, NULL, 5, 17, 1, NULL)
INSERT [dbo].[seguimiento_documento] ([seguimiento_documento_id], [fecha], [link_imagen], [observacion], [usuario_id], [documento_id], [estado_documento_id], [motivo_estado_id]) VALUES (18, CAST(N'2019-06-05T11:10:00.7350000' AS DateTime2), NULL, NULL, 5, 18, 1, NULL)
INSERT [dbo].[seguimiento_documento] ([seguimiento_documento_id], [fecha], [link_imagen], [observacion], [usuario_id], [documento_id], [estado_documento_id], [motivo_estado_id]) VALUES (19, CAST(N'2019-06-05T11:10:00.7360000' AS DateTime2), NULL, NULL, 5, 19, 1, NULL)
INSERT [dbo].[seguimiento_documento] ([seguimiento_documento_id], [fecha], [link_imagen], [observacion], [usuario_id], [documento_id], [estado_documento_id], [motivo_estado_id]) VALUES (20, CAST(N'2019-06-05T11:10:00.7370000' AS DateTime2), NULL, NULL, 5, 20, 1, NULL)
INSERT [dbo].[seguimiento_documento] ([seguimiento_documento_id], [fecha], [link_imagen], [observacion], [usuario_id], [documento_id], [estado_documento_id], [motivo_estado_id]) VALUES (21, CAST(N'2019-06-05T11:10:12.6820000' AS DateTime2), NULL, NULL, 5, 21, 1, NULL)
INSERT [dbo].[seguimiento_documento] ([seguimiento_documento_id], [fecha], [link_imagen], [observacion], [usuario_id], [documento_id], [estado_documento_id], [motivo_estado_id]) VALUES (22, CAST(N'2019-06-05T11:10:12.6820000' AS DateTime2), NULL, NULL, 5, 22, 1, NULL)
INSERT [dbo].[seguimiento_documento] ([seguimiento_documento_id], [fecha], [link_imagen], [observacion], [usuario_id], [documento_id], [estado_documento_id], [motivo_estado_id]) VALUES (23, CAST(N'2019-06-05T11:10:12.6830000' AS DateTime2), NULL, NULL, 5, 23, 1, NULL)
INSERT [dbo].[seguimiento_documento] ([seguimiento_documento_id], [fecha], [link_imagen], [observacion], [usuario_id], [documento_id], [estado_documento_id], [motivo_estado_id]) VALUES (24, CAST(N'2019-06-05T11:10:12.6840000' AS DateTime2), NULL, NULL, 5, 24, 1, NULL)
INSERT [dbo].[seguimiento_documento] ([seguimiento_documento_id], [fecha], [link_imagen], [observacion], [usuario_id], [documento_id], [estado_documento_id], [motivo_estado_id]) VALUES (25, CAST(N'2019-06-05T11:11:18.3180000' AS DateTime2), NULL, NULL, 6, 25, 1, NULL)
INSERT [dbo].[seguimiento_documento] ([seguimiento_documento_id], [fecha], [link_imagen], [observacion], [usuario_id], [documento_id], [estado_documento_id], [motivo_estado_id]) VALUES (26, CAST(N'2019-06-05T11:11:18.3200000' AS DateTime2), NULL, NULL, 6, 26, 1, NULL)
INSERT [dbo].[seguimiento_documento] ([seguimiento_documento_id], [fecha], [link_imagen], [observacion], [usuario_id], [documento_id], [estado_documento_id], [motivo_estado_id]) VALUES (27, CAST(N'2019-06-05T11:11:18.3200000' AS DateTime2), NULL, NULL, 6, 27, 1, NULL)
INSERT [dbo].[seguimiento_documento] ([seguimiento_documento_id], [fecha], [link_imagen], [observacion], [usuario_id], [documento_id], [estado_documento_id], [motivo_estado_id]) VALUES (28, CAST(N'2019-06-05T11:11:18.3210000' AS DateTime2), NULL, NULL, 6, 28, 1, NULL)
INSERT [dbo].[seguimiento_documento] ([seguimiento_documento_id], [fecha], [link_imagen], [observacion], [usuario_id], [documento_id], [estado_documento_id], [motivo_estado_id]) VALUES (29, CAST(N'2019-06-05T11:11:28.9530000' AS DateTime2), NULL, NULL, 6, 29, 1, NULL)
INSERT [dbo].[seguimiento_documento] ([seguimiento_documento_id], [fecha], [link_imagen], [observacion], [usuario_id], [documento_id], [estado_documento_id], [motivo_estado_id]) VALUES (30, CAST(N'2019-06-05T11:11:28.9540000' AS DateTime2), NULL, NULL, 6, 30, 1, NULL)
INSERT [dbo].[seguimiento_documento] ([seguimiento_documento_id], [fecha], [link_imagen], [observacion], [usuario_id], [documento_id], [estado_documento_id], [motivo_estado_id]) VALUES (31, CAST(N'2019-06-05T11:11:28.9550000' AS DateTime2), NULL, NULL, 6, 31, 1, NULL)
INSERT [dbo].[seguimiento_documento] ([seguimiento_documento_id], [fecha], [link_imagen], [observacion], [usuario_id], [documento_id], [estado_documento_id], [motivo_estado_id]) VALUES (32, CAST(N'2019-06-05T11:11:28.9560000' AS DateTime2), NULL, NULL, 6, 32, 1, NULL)
INSERT [dbo].[seguimiento_documento] ([seguimiento_documento_id], [fecha], [link_imagen], [observacion], [usuario_id], [documento_id], [estado_documento_id], [motivo_estado_id]) VALUES (33, CAST(N'2019-06-05T11:12:05.7360000' AS DateTime2), NULL, NULL, 6, 33, 1, NULL)
INSERT [dbo].[seguimiento_documento] ([seguimiento_documento_id], [fecha], [link_imagen], [observacion], [usuario_id], [documento_id], [estado_documento_id], [motivo_estado_id]) VALUES (34, CAST(N'2019-06-05T11:12:05.7380000' AS DateTime2), NULL, NULL, 6, 34, 1, NULL)
INSERT [dbo].[seguimiento_documento] ([seguimiento_documento_id], [fecha], [link_imagen], [observacion], [usuario_id], [documento_id], [estado_documento_id], [motivo_estado_id]) VALUES (35, CAST(N'2019-06-05T11:12:05.7390000' AS DateTime2), NULL, NULL, 6, 35, 1, NULL)
INSERT [dbo].[seguimiento_documento] ([seguimiento_documento_id], [fecha], [link_imagen], [observacion], [usuario_id], [documento_id], [estado_documento_id], [motivo_estado_id]) VALUES (36, CAST(N'2019-06-05T11:12:05.7400000' AS DateTime2), NULL, NULL, 6, 36, 1, NULL)
INSERT [dbo].[seguimiento_documento] ([seguimiento_documento_id], [fecha], [link_imagen], [observacion], [usuario_id], [documento_id], [estado_documento_id], [motivo_estado_id]) VALUES (37, CAST(N'2019-06-05T11:12:16.7040000' AS DateTime2), NULL, NULL, 6, 37, 1, NULL)
INSERT [dbo].[seguimiento_documento] ([seguimiento_documento_id], [fecha], [link_imagen], [observacion], [usuario_id], [documento_id], [estado_documento_id], [motivo_estado_id]) VALUES (38, CAST(N'2019-06-05T11:12:16.7050000' AS DateTime2), NULL, NULL, 6, 38, 1, NULL)
INSERT [dbo].[seguimiento_documento] ([seguimiento_documento_id], [fecha], [link_imagen], [observacion], [usuario_id], [documento_id], [estado_documento_id], [motivo_estado_id]) VALUES (39, CAST(N'2019-06-05T11:12:16.7060000' AS DateTime2), NULL, NULL, 6, 39, 1, NULL)
INSERT [dbo].[seguimiento_documento] ([seguimiento_documento_id], [fecha], [link_imagen], [observacion], [usuario_id], [documento_id], [estado_documento_id], [motivo_estado_id]) VALUES (40, CAST(N'2019-06-05T11:12:16.7060000' AS DateTime2), NULL, NULL, 6, 40, 1, NULL)
INSERT [dbo].[seguimiento_documento] ([seguimiento_documento_id], [fecha], [link_imagen], [observacion], [usuario_id], [documento_id], [estado_documento_id], [motivo_estado_id]) VALUES (41, CAST(N'2019-06-05T11:12:49.5230000' AS DateTime2), NULL, NULL, 8, 41, 1, NULL)
INSERT [dbo].[seguimiento_documento] ([seguimiento_documento_id], [fecha], [link_imagen], [observacion], [usuario_id], [documento_id], [estado_documento_id], [motivo_estado_id]) VALUES (42, CAST(N'2019-06-05T11:12:49.5250000' AS DateTime2), NULL, NULL, 8, 42, 1, NULL)
INSERT [dbo].[seguimiento_documento] ([seguimiento_documento_id], [fecha], [link_imagen], [observacion], [usuario_id], [documento_id], [estado_documento_id], [motivo_estado_id]) VALUES (43, CAST(N'2019-06-05T11:12:49.5260000' AS DateTime2), NULL, NULL, 8, 43, 1, NULL)
INSERT [dbo].[seguimiento_documento] ([seguimiento_documento_id], [fecha], [link_imagen], [observacion], [usuario_id], [documento_id], [estado_documento_id], [motivo_estado_id]) VALUES (44, CAST(N'2019-06-05T11:12:49.5270000' AS DateTime2), NULL, NULL, 8, 44, 1, NULL)
INSERT [dbo].[seguimiento_documento] ([seguimiento_documento_id], [fecha], [link_imagen], [observacion], [usuario_id], [documento_id], [estado_documento_id], [motivo_estado_id]) VALUES (45, CAST(N'2019-06-05T11:13:01.6520000' AS DateTime2), NULL, NULL, 8, 45, 1, NULL)
INSERT [dbo].[seguimiento_documento] ([seguimiento_documento_id], [fecha], [link_imagen], [observacion], [usuario_id], [documento_id], [estado_documento_id], [motivo_estado_id]) VALUES (46, CAST(N'2019-06-05T11:13:01.6520000' AS DateTime2), NULL, NULL, 8, 46, 1, NULL)
INSERT [dbo].[seguimiento_documento] ([seguimiento_documento_id], [fecha], [link_imagen], [observacion], [usuario_id], [documento_id], [estado_documento_id], [motivo_estado_id]) VALUES (47, CAST(N'2019-06-05T11:13:01.6530000' AS DateTime2), NULL, NULL, 8, 47, 1, NULL)
INSERT [dbo].[seguimiento_documento] ([seguimiento_documento_id], [fecha], [link_imagen], [observacion], [usuario_id], [documento_id], [estado_documento_id], [motivo_estado_id]) VALUES (48, CAST(N'2019-06-05T11:13:01.6540000' AS DateTime2), NULL, NULL, 8, 48, 1, NULL)
INSERT [dbo].[seguimiento_documento] ([seguimiento_documento_id], [fecha], [link_imagen], [observacion], [usuario_id], [documento_id], [estado_documento_id], [motivo_estado_id]) VALUES (49, CAST(N'2019-06-05T11:13:24.1820000' AS DateTime2), NULL, NULL, 3, 1, 2, NULL)
INSERT [dbo].[seguimiento_documento] ([seguimiento_documento_id], [fecha], [link_imagen], [observacion], [usuario_id], [documento_id], [estado_documento_id], [motivo_estado_id]) VALUES (50, CAST(N'2019-06-05T11:13:24.1830000' AS DateTime2), NULL, NULL, 3, 4, 2, NULL)
INSERT [dbo].[seguimiento_documento] ([seguimiento_documento_id], [fecha], [link_imagen], [observacion], [usuario_id], [documento_id], [estado_documento_id], [motivo_estado_id]) VALUES (51, CAST(N'2019-06-05T11:13:24.1830000' AS DateTime2), NULL, NULL, 3, 3, 2, NULL)
INSERT [dbo].[seguimiento_documento] ([seguimiento_documento_id], [fecha], [link_imagen], [observacion], [usuario_id], [documento_id], [estado_documento_id], [motivo_estado_id]) VALUES (52, CAST(N'2019-06-05T11:13:24.1840000' AS DateTime2), NULL, NULL, 3, 2, 2, NULL)
INSERT [dbo].[seguimiento_documento] ([seguimiento_documento_id], [fecha], [link_imagen], [observacion], [usuario_id], [documento_id], [estado_documento_id], [motivo_estado_id]) VALUES (53, CAST(N'2019-06-05T11:13:29.5410000' AS DateTime2), NULL, NULL, 3, 20, 2, NULL)
INSERT [dbo].[seguimiento_documento] ([seguimiento_documento_id], [fecha], [link_imagen], [observacion], [usuario_id], [documento_id], [estado_documento_id], [motivo_estado_id]) VALUES (54, CAST(N'2019-06-05T11:13:29.5410000' AS DateTime2), NULL, NULL, 3, 17, 2, NULL)
INSERT [dbo].[seguimiento_documento] ([seguimiento_documento_id], [fecha], [link_imagen], [observacion], [usuario_id], [documento_id], [estado_documento_id], [motivo_estado_id]) VALUES (55, CAST(N'2019-06-05T11:13:29.5420000' AS DateTime2), NULL, NULL, 3, 18, 2, NULL)
INSERT [dbo].[seguimiento_documento] ([seguimiento_documento_id], [fecha], [link_imagen], [observacion], [usuario_id], [documento_id], [estado_documento_id], [motivo_estado_id]) VALUES (56, CAST(N'2019-06-05T11:13:29.5420000' AS DateTime2), NULL, NULL, 3, 19, 2, NULL)
INSERT [dbo].[seguimiento_documento] ([seguimiento_documento_id], [fecha], [link_imagen], [observacion], [usuario_id], [documento_id], [estado_documento_id], [motivo_estado_id]) VALUES (57, CAST(N'2019-06-05T11:13:35.3470000' AS DateTime2), NULL, NULL, 3, 35, 2, NULL)
INSERT [dbo].[seguimiento_documento] ([seguimiento_documento_id], [fecha], [link_imagen], [observacion], [usuario_id], [documento_id], [estado_documento_id], [motivo_estado_id]) VALUES (58, CAST(N'2019-06-05T11:13:35.3470000' AS DateTime2), NULL, NULL, 3, 36, 2, NULL)
INSERT [dbo].[seguimiento_documento] ([seguimiento_documento_id], [fecha], [link_imagen], [observacion], [usuario_id], [documento_id], [estado_documento_id], [motivo_estado_id]) VALUES (59, CAST(N'2019-06-05T11:13:35.3480000' AS DateTime2), NULL, NULL, 3, 33, 2, NULL)
INSERT [dbo].[seguimiento_documento] ([seguimiento_documento_id], [fecha], [link_imagen], [observacion], [usuario_id], [documento_id], [estado_documento_id], [motivo_estado_id]) VALUES (60, CAST(N'2019-06-05T11:13:35.3480000' AS DateTime2), NULL, NULL, 3, 34, 2, NULL)
INSERT [dbo].[seguimiento_documento] ([seguimiento_documento_id], [fecha], [link_imagen], [observacion], [usuario_id], [documento_id], [estado_documento_id], [motivo_estado_id]) VALUES (61, CAST(N'2019-06-05T11:13:41.4330000' AS DateTime2), NULL, NULL, 3, 47, 2, NULL)
INSERT [dbo].[seguimiento_documento] ([seguimiento_documento_id], [fecha], [link_imagen], [observacion], [usuario_id], [documento_id], [estado_documento_id], [motivo_estado_id]) VALUES (62, CAST(N'2019-06-05T11:13:41.4340000' AS DateTime2), NULL, NULL, 3, 46, 2, NULL)
INSERT [dbo].[seguimiento_documento] ([seguimiento_documento_id], [fecha], [link_imagen], [observacion], [usuario_id], [documento_id], [estado_documento_id], [motivo_estado_id]) VALUES (63, CAST(N'2019-06-05T11:13:41.4340000' AS DateTime2), NULL, NULL, 3, 48, 2, NULL)
INSERT [dbo].[seguimiento_documento] ([seguimiento_documento_id], [fecha], [link_imagen], [observacion], [usuario_id], [documento_id], [estado_documento_id], [motivo_estado_id]) VALUES (64, CAST(N'2019-06-05T11:13:41.4350000' AS DateTime2), NULL, NULL, 3, 45, 2, NULL)
INSERT [dbo].[seguimiento_documento] ([seguimiento_documento_id], [fecha], [link_imagen], [observacion], [usuario_id], [documento_id], [estado_documento_id], [motivo_estado_id]) VALUES (65, CAST(N'2019-06-05T11:14:07.9570000' AS DateTime2), NULL, NULL, 2, 14, 2, NULL)
INSERT [dbo].[seguimiento_documento] ([seguimiento_documento_id], [fecha], [link_imagen], [observacion], [usuario_id], [documento_id], [estado_documento_id], [motivo_estado_id]) VALUES (66, CAST(N'2019-06-05T11:14:07.9590000' AS DateTime2), NULL, NULL, 2, 13, 2, NULL)
INSERT [dbo].[seguimiento_documento] ([seguimiento_documento_id], [fecha], [link_imagen], [observacion], [usuario_id], [documento_id], [estado_documento_id], [motivo_estado_id]) VALUES (67, CAST(N'2019-06-05T11:14:07.9600000' AS DateTime2), NULL, NULL, 2, 16, 2, NULL)
INSERT [dbo].[seguimiento_documento] ([seguimiento_documento_id], [fecha], [link_imagen], [observacion], [usuario_id], [documento_id], [estado_documento_id], [motivo_estado_id]) VALUES (68, CAST(N'2019-06-05T11:14:07.9600000' AS DateTime2), NULL, NULL, 2, 15, 2, NULL)
INSERT [dbo].[seguimiento_documento] ([seguimiento_documento_id], [fecha], [link_imagen], [observacion], [usuario_id], [documento_id], [estado_documento_id], [motivo_estado_id]) VALUES (69, CAST(N'2019-06-05T11:14:12.6750000' AS DateTime2), NULL, NULL, 2, 31, 2, NULL)
INSERT [dbo].[seguimiento_documento] ([seguimiento_documento_id], [fecha], [link_imagen], [observacion], [usuario_id], [documento_id], [estado_documento_id], [motivo_estado_id]) VALUES (70, CAST(N'2019-06-05T11:14:12.6760000' AS DateTime2), NULL, NULL, 2, 32, 2, NULL)
INSERT [dbo].[seguimiento_documento] ([seguimiento_documento_id], [fecha], [link_imagen], [observacion], [usuario_id], [documento_id], [estado_documento_id], [motivo_estado_id]) VALUES (71, CAST(N'2019-06-05T11:14:12.6760000' AS DateTime2), NULL, NULL, 2, 30, 2, NULL)
INSERT [dbo].[seguimiento_documento] ([seguimiento_documento_id], [fecha], [link_imagen], [observacion], [usuario_id], [documento_id], [estado_documento_id], [motivo_estado_id]) VALUES (72, CAST(N'2019-06-05T11:14:12.6770000' AS DateTime2), NULL, NULL, 2, 29, 2, NULL)
INSERT [dbo].[seguimiento_documento] ([seguimiento_documento_id], [fecha], [link_imagen], [observacion], [usuario_id], [documento_id], [estado_documento_id], [motivo_estado_id]) VALUES (73, CAST(N'2019-06-05T11:14:31.1580000' AS DateTime2), NULL, NULL, 1, 7, 2, NULL)
INSERT [dbo].[seguimiento_documento] ([seguimiento_documento_id], [fecha], [link_imagen], [observacion], [usuario_id], [documento_id], [estado_documento_id], [motivo_estado_id]) VALUES (74, CAST(N'2019-06-05T11:14:31.1580000' AS DateTime2), NULL, NULL, 1, 8, 2, NULL)
INSERT [dbo].[seguimiento_documento] ([seguimiento_documento_id], [fecha], [link_imagen], [observacion], [usuario_id], [documento_id], [estado_documento_id], [motivo_estado_id]) VALUES (75, CAST(N'2019-06-05T11:14:31.1590000' AS DateTime2), NULL, NULL, 1, 5, 2, NULL)
INSERT [dbo].[seguimiento_documento] ([seguimiento_documento_id], [fecha], [link_imagen], [observacion], [usuario_id], [documento_id], [estado_documento_id], [motivo_estado_id]) VALUES (76, CAST(N'2019-06-05T11:14:31.1590000' AS DateTime2), NULL, NULL, 1, 6, 2, NULL)
INSERT [dbo].[seguimiento_documento] ([seguimiento_documento_id], [fecha], [link_imagen], [observacion], [usuario_id], [documento_id], [estado_documento_id], [motivo_estado_id]) VALUES (77, CAST(N'2019-06-05T11:14:35.8990000' AS DateTime2), NULL, NULL, 1, 22, 2, NULL)
INSERT [dbo].[seguimiento_documento] ([seguimiento_documento_id], [fecha], [link_imagen], [observacion], [usuario_id], [documento_id], [estado_documento_id], [motivo_estado_id]) VALUES (78, CAST(N'2019-06-05T11:14:35.9000000' AS DateTime2), NULL, NULL, 1, 23, 2, NULL)
INSERT [dbo].[seguimiento_documento] ([seguimiento_documento_id], [fecha], [link_imagen], [observacion], [usuario_id], [documento_id], [estado_documento_id], [motivo_estado_id]) VALUES (79, CAST(N'2019-06-05T11:14:35.9000000' AS DateTime2), NULL, NULL, 1, 24, 2, NULL)
INSERT [dbo].[seguimiento_documento] ([seguimiento_documento_id], [fecha], [link_imagen], [observacion], [usuario_id], [documento_id], [estado_documento_id], [motivo_estado_id]) VALUES (80, CAST(N'2019-06-05T11:14:35.9010000' AS DateTime2), NULL, NULL, 1, 21, 2, NULL)
INSERT [dbo].[seguimiento_documento] ([seguimiento_documento_id], [fecha], [link_imagen], [observacion], [usuario_id], [documento_id], [estado_documento_id], [motivo_estado_id]) VALUES (81, CAST(N'2019-06-05T11:14:42.4490000' AS DateTime2), NULL, NULL, 1, 27, 2, NULL)
INSERT [dbo].[seguimiento_documento] ([seguimiento_documento_id], [fecha], [link_imagen], [observacion], [usuario_id], [documento_id], [estado_documento_id], [motivo_estado_id]) VALUES (82, CAST(N'2019-06-05T11:14:42.4500000' AS DateTime2), NULL, NULL, 1, 28, 2, NULL)
INSERT [dbo].[seguimiento_documento] ([seguimiento_documento_id], [fecha], [link_imagen], [observacion], [usuario_id], [documento_id], [estado_documento_id], [motivo_estado_id]) VALUES (83, CAST(N'2019-06-05T11:14:42.4510000' AS DateTime2), NULL, NULL, 1, 25, 2, NULL)
INSERT [dbo].[seguimiento_documento] ([seguimiento_documento_id], [fecha], [link_imagen], [observacion], [usuario_id], [documento_id], [estado_documento_id], [motivo_estado_id]) VALUES (84, CAST(N'2019-06-05T11:14:42.4510000' AS DateTime2), NULL, NULL, 1, 26, 2, NULL)
INSERT [dbo].[seguimiento_documento] ([seguimiento_documento_id], [fecha], [link_imagen], [observacion], [usuario_id], [documento_id], [estado_documento_id], [motivo_estado_id]) VALUES (85, CAST(N'2019-06-05T11:14:47.3150000' AS DateTime2), NULL, NULL, 1, 44, 2, NULL)
INSERT [dbo].[seguimiento_documento] ([seguimiento_documento_id], [fecha], [link_imagen], [observacion], [usuario_id], [documento_id], [estado_documento_id], [motivo_estado_id]) VALUES (86, CAST(N'2019-06-05T11:14:47.3150000' AS DateTime2), NULL, NULL, 1, 41, 2, NULL)
INSERT [dbo].[seguimiento_documento] ([seguimiento_documento_id], [fecha], [link_imagen], [observacion], [usuario_id], [documento_id], [estado_documento_id], [motivo_estado_id]) VALUES (87, CAST(N'2019-06-05T11:14:47.3160000' AS DateTime2), NULL, NULL, 1, 43, 2, NULL)
INSERT [dbo].[seguimiento_documento] ([seguimiento_documento_id], [fecha], [link_imagen], [observacion], [usuario_id], [documento_id], [estado_documento_id], [motivo_estado_id]) VALUES (88, CAST(N'2019-06-05T11:14:47.3160000' AS DateTime2), NULL, NULL, 1, 42, 2, NULL)
INSERT [dbo].[seguimiento_documento] ([seguimiento_documento_id], [fecha], [link_imagen], [observacion], [usuario_id], [documento_id], [estado_documento_id], [motivo_estado_id]) VALUES (89, CAST(N'2019-06-05T11:15:10.1470000' AS DateTime2), NULL, NULL, 4, 11, 2, NULL)
INSERT [dbo].[seguimiento_documento] ([seguimiento_documento_id], [fecha], [link_imagen], [observacion], [usuario_id], [documento_id], [estado_documento_id], [motivo_estado_id]) VALUES (90, CAST(N'2019-06-05T11:15:10.1490000' AS DateTime2), NULL, NULL, 4, 12, 2, NULL)
INSERT [dbo].[seguimiento_documento] ([seguimiento_documento_id], [fecha], [link_imagen], [observacion], [usuario_id], [documento_id], [estado_documento_id], [motivo_estado_id]) VALUES (91, CAST(N'2019-06-05T11:15:10.1490000' AS DateTime2), NULL, NULL, 4, 10, 2, NULL)
INSERT [dbo].[seguimiento_documento] ([seguimiento_documento_id], [fecha], [link_imagen], [observacion], [usuario_id], [documento_id], [estado_documento_id], [motivo_estado_id]) VALUES (92, CAST(N'2019-06-05T11:15:10.1500000' AS DateTime2), NULL, NULL, 4, 9, 2, NULL)
INSERT [dbo].[seguimiento_documento] ([seguimiento_documento_id], [fecha], [link_imagen], [observacion], [usuario_id], [documento_id], [estado_documento_id], [motivo_estado_id]) VALUES (93, CAST(N'2019-06-05T11:15:15.0510000' AS DateTime2), NULL, NULL, 4, 39, 2, NULL)
INSERT [dbo].[seguimiento_documento] ([seguimiento_documento_id], [fecha], [link_imagen], [observacion], [usuario_id], [documento_id], [estado_documento_id], [motivo_estado_id]) VALUES (94, CAST(N'2019-06-05T11:15:15.0520000' AS DateTime2), NULL, NULL, 4, 37, 2, NULL)
INSERT [dbo].[seguimiento_documento] ([seguimiento_documento_id], [fecha], [link_imagen], [observacion], [usuario_id], [documento_id], [estado_documento_id], [motivo_estado_id]) VALUES (95, CAST(N'2019-06-05T11:15:15.0520000' AS DateTime2), NULL, NULL, 4, 38, 2, NULL)
INSERT [dbo].[seguimiento_documento] ([seguimiento_documento_id], [fecha], [link_imagen], [observacion], [usuario_id], [documento_id], [estado_documento_id], [motivo_estado_id]) VALUES (96, CAST(N'2019-06-05T11:15:15.0530000' AS DateTime2), NULL, NULL, 4, 40, 2, NULL)
INSERT [dbo].[seguimiento_documento] ([seguimiento_documento_id], [fecha], [link_imagen], [observacion], [usuario_id], [documento_id], [estado_documento_id], [motivo_estado_id]) VALUES (97, CAST(N'2019-06-05T11:17:12.2710000' AS DateTime2), NULL, NULL, 3, 2, 3, NULL)
INSERT [dbo].[seguimiento_documento] ([seguimiento_documento_id], [fecha], [link_imagen], [observacion], [usuario_id], [documento_id], [estado_documento_id], [motivo_estado_id]) VALUES (98, CAST(N'2019-06-05T11:17:12.2730000' AS DateTime2), NULL, NULL, 3, 3, 3, NULL)
INSERT [dbo].[seguimiento_documento] ([seguimiento_documento_id], [fecha], [link_imagen], [observacion], [usuario_id], [documento_id], [estado_documento_id], [motivo_estado_id]) VALUES (99, CAST(N'2019-06-05T11:17:12.2740000' AS DateTime2), NULL, NULL, 3, 4, 3, NULL)
GO
INSERT [dbo].[seguimiento_documento] ([seguimiento_documento_id], [fecha], [link_imagen], [observacion], [usuario_id], [documento_id], [estado_documento_id], [motivo_estado_id]) VALUES (100, CAST(N'2019-06-05T11:17:12.2740000' AS DateTime2), NULL, NULL, 3, 1, 3, NULL)
INSERT [dbo].[seguimiento_documento] ([seguimiento_documento_id], [fecha], [link_imagen], [observacion], [usuario_id], [documento_id], [estado_documento_id], [motivo_estado_id]) VALUES (101, CAST(N'2019-06-05T11:17:13.8270000' AS DateTime2), NULL, NULL, 3, 33, 3, NULL)
INSERT [dbo].[seguimiento_documento] ([seguimiento_documento_id], [fecha], [link_imagen], [observacion], [usuario_id], [documento_id], [estado_documento_id], [motivo_estado_id]) VALUES (102, CAST(N'2019-06-05T11:17:13.8270000' AS DateTime2), NULL, NULL, 3, 34, 3, NULL)
INSERT [dbo].[seguimiento_documento] ([seguimiento_documento_id], [fecha], [link_imagen], [observacion], [usuario_id], [documento_id], [estado_documento_id], [motivo_estado_id]) VALUES (103, CAST(N'2019-06-05T11:17:13.8280000' AS DateTime2), NULL, NULL, 3, 36, 3, NULL)
INSERT [dbo].[seguimiento_documento] ([seguimiento_documento_id], [fecha], [link_imagen], [observacion], [usuario_id], [documento_id], [estado_documento_id], [motivo_estado_id]) VALUES (104, CAST(N'2019-06-05T11:17:13.8280000' AS DateTime2), NULL, NULL, 3, 35, 3, NULL)
INSERT [dbo].[seguimiento_documento] ([seguimiento_documento_id], [fecha], [link_imagen], [observacion], [usuario_id], [documento_id], [estado_documento_id], [motivo_estado_id]) VALUES (105, CAST(N'2019-06-05T11:17:15.3230000' AS DateTime2), NULL, NULL, 3, 19, 3, NULL)
INSERT [dbo].[seguimiento_documento] ([seguimiento_documento_id], [fecha], [link_imagen], [observacion], [usuario_id], [documento_id], [estado_documento_id], [motivo_estado_id]) VALUES (106, CAST(N'2019-06-05T11:17:15.3230000' AS DateTime2), NULL, NULL, 3, 17, 3, NULL)
INSERT [dbo].[seguimiento_documento] ([seguimiento_documento_id], [fecha], [link_imagen], [observacion], [usuario_id], [documento_id], [estado_documento_id], [motivo_estado_id]) VALUES (107, CAST(N'2019-06-05T11:17:15.3240000' AS DateTime2), NULL, NULL, 3, 18, 3, NULL)
INSERT [dbo].[seguimiento_documento] ([seguimiento_documento_id], [fecha], [link_imagen], [observacion], [usuario_id], [documento_id], [estado_documento_id], [motivo_estado_id]) VALUES (108, CAST(N'2019-06-05T11:17:15.3240000' AS DateTime2), NULL, NULL, 3, 20, 3, NULL)
INSERT [dbo].[seguimiento_documento] ([seguimiento_documento_id], [fecha], [link_imagen], [observacion], [usuario_id], [documento_id], [estado_documento_id], [motivo_estado_id]) VALUES (109, CAST(N'2019-06-05T11:17:16.8980000' AS DateTime2), NULL, NULL, 3, 45, 3, NULL)
INSERT [dbo].[seguimiento_documento] ([seguimiento_documento_id], [fecha], [link_imagen], [observacion], [usuario_id], [documento_id], [estado_documento_id], [motivo_estado_id]) VALUES (110, CAST(N'2019-06-05T11:17:16.8980000' AS DateTime2), NULL, NULL, 3, 46, 3, NULL)
INSERT [dbo].[seguimiento_documento] ([seguimiento_documento_id], [fecha], [link_imagen], [observacion], [usuario_id], [documento_id], [estado_documento_id], [motivo_estado_id]) VALUES (111, CAST(N'2019-06-05T11:17:16.8990000' AS DateTime2), NULL, NULL, 3, 48, 3, NULL)
INSERT [dbo].[seguimiento_documento] ([seguimiento_documento_id], [fecha], [link_imagen], [observacion], [usuario_id], [documento_id], [estado_documento_id], [motivo_estado_id]) VALUES (112, CAST(N'2019-06-05T11:17:16.8990000' AS DateTime2), NULL, NULL, 3, 47, 3, NULL)
INSERT [dbo].[seguimiento_documento] ([seguimiento_documento_id], [fecha], [link_imagen], [observacion], [usuario_id], [documento_id], [estado_documento_id], [motivo_estado_id]) VALUES (113, CAST(N'2019-06-05T11:18:38.6720000' AS DateTime2), NULL, NULL, 2, 15, 3, NULL)
INSERT [dbo].[seguimiento_documento] ([seguimiento_documento_id], [fecha], [link_imagen], [observacion], [usuario_id], [documento_id], [estado_documento_id], [motivo_estado_id]) VALUES (114, CAST(N'2019-06-05T11:18:38.6740000' AS DateTime2), NULL, NULL, 2, 13, 3, NULL)
INSERT [dbo].[seguimiento_documento] ([seguimiento_documento_id], [fecha], [link_imagen], [observacion], [usuario_id], [documento_id], [estado_documento_id], [motivo_estado_id]) VALUES (115, CAST(N'2019-06-05T11:18:38.6740000' AS DateTime2), NULL, NULL, 2, 16, 3, NULL)
INSERT [dbo].[seguimiento_documento] ([seguimiento_documento_id], [fecha], [link_imagen], [observacion], [usuario_id], [documento_id], [estado_documento_id], [motivo_estado_id]) VALUES (116, CAST(N'2019-06-05T11:18:38.6740000' AS DateTime2), NULL, NULL, 2, 14, 3, NULL)
INSERT [dbo].[seguimiento_documento] ([seguimiento_documento_id], [fecha], [link_imagen], [observacion], [usuario_id], [documento_id], [estado_documento_id], [motivo_estado_id]) VALUES (117, CAST(N'2019-06-05T11:18:40.1260000' AS DateTime2), NULL, NULL, 2, 29, 3, NULL)
INSERT [dbo].[seguimiento_documento] ([seguimiento_documento_id], [fecha], [link_imagen], [observacion], [usuario_id], [documento_id], [estado_documento_id], [motivo_estado_id]) VALUES (118, CAST(N'2019-06-05T11:18:40.1270000' AS DateTime2), NULL, NULL, 2, 32, 3, NULL)
INSERT [dbo].[seguimiento_documento] ([seguimiento_documento_id], [fecha], [link_imagen], [observacion], [usuario_id], [documento_id], [estado_documento_id], [motivo_estado_id]) VALUES (119, CAST(N'2019-06-05T11:18:40.1270000' AS DateTime2), NULL, NULL, 2, 31, 3, NULL)
INSERT [dbo].[seguimiento_documento] ([seguimiento_documento_id], [fecha], [link_imagen], [observacion], [usuario_id], [documento_id], [estado_documento_id], [motivo_estado_id]) VALUES (120, CAST(N'2019-06-05T11:18:40.1280000' AS DateTime2), NULL, NULL, 2, 30, 3, NULL)
INSERT [dbo].[seguimiento_documento] ([seguimiento_documento_id], [fecha], [link_imagen], [observacion], [usuario_id], [documento_id], [estado_documento_id], [motivo_estado_id]) VALUES (121, CAST(N'2019-06-05T11:20:52.1730000' AS DateTime2), NULL, NULL, 1, 8, 3, NULL)
INSERT [dbo].[seguimiento_documento] ([seguimiento_documento_id], [fecha], [link_imagen], [observacion], [usuario_id], [documento_id], [estado_documento_id], [motivo_estado_id]) VALUES (122, CAST(N'2019-06-05T11:20:52.1760000' AS DateTime2), NULL, NULL, 1, 5, 3, NULL)
INSERT [dbo].[seguimiento_documento] ([seguimiento_documento_id], [fecha], [link_imagen], [observacion], [usuario_id], [documento_id], [estado_documento_id], [motivo_estado_id]) VALUES (123, CAST(N'2019-06-05T11:20:52.1760000' AS DateTime2), NULL, NULL, 1, 6, 3, NULL)
INSERT [dbo].[seguimiento_documento] ([seguimiento_documento_id], [fecha], [link_imagen], [observacion], [usuario_id], [documento_id], [estado_documento_id], [motivo_estado_id]) VALUES (124, CAST(N'2019-06-05T11:20:52.1760000' AS DateTime2), NULL, NULL, 1, 7, 3, NULL)
INSERT [dbo].[seguimiento_documento] ([seguimiento_documento_id], [fecha], [link_imagen], [observacion], [usuario_id], [documento_id], [estado_documento_id], [motivo_estado_id]) VALUES (125, CAST(N'2019-06-05T11:20:53.8930000' AS DateTime2), NULL, NULL, 1, 25, 3, NULL)
INSERT [dbo].[seguimiento_documento] ([seguimiento_documento_id], [fecha], [link_imagen], [observacion], [usuario_id], [documento_id], [estado_documento_id], [motivo_estado_id]) VALUES (126, CAST(N'2019-06-05T11:20:53.8930000' AS DateTime2), NULL, NULL, 1, 27, 3, NULL)
INSERT [dbo].[seguimiento_documento] ([seguimiento_documento_id], [fecha], [link_imagen], [observacion], [usuario_id], [documento_id], [estado_documento_id], [motivo_estado_id]) VALUES (127, CAST(N'2019-06-05T11:20:53.8940000' AS DateTime2), NULL, NULL, 1, 26, 3, NULL)
INSERT [dbo].[seguimiento_documento] ([seguimiento_documento_id], [fecha], [link_imagen], [observacion], [usuario_id], [documento_id], [estado_documento_id], [motivo_estado_id]) VALUES (128, CAST(N'2019-06-05T11:20:53.8940000' AS DateTime2), NULL, NULL, 1, 28, 3, NULL)
INSERT [dbo].[seguimiento_documento] ([seguimiento_documento_id], [fecha], [link_imagen], [observacion], [usuario_id], [documento_id], [estado_documento_id], [motivo_estado_id]) VALUES (129, CAST(N'2019-06-05T11:20:57.0940000' AS DateTime2), NULL, NULL, 1, 24, 3, NULL)
INSERT [dbo].[seguimiento_documento] ([seguimiento_documento_id], [fecha], [link_imagen], [observacion], [usuario_id], [documento_id], [estado_documento_id], [motivo_estado_id]) VALUES (130, CAST(N'2019-06-05T11:20:57.0950000' AS DateTime2), NULL, NULL, 1, 22, 3, NULL)
INSERT [dbo].[seguimiento_documento] ([seguimiento_documento_id], [fecha], [link_imagen], [observacion], [usuario_id], [documento_id], [estado_documento_id], [motivo_estado_id]) VALUES (131, CAST(N'2019-06-05T11:20:57.0950000' AS DateTime2), NULL, NULL, 1, 21, 3, NULL)
INSERT [dbo].[seguimiento_documento] ([seguimiento_documento_id], [fecha], [link_imagen], [observacion], [usuario_id], [documento_id], [estado_documento_id], [motivo_estado_id]) VALUES (132, CAST(N'2019-06-05T11:20:57.0950000' AS DateTime2), NULL, NULL, 1, 23, 3, NULL)
INSERT [dbo].[seguimiento_documento] ([seguimiento_documento_id], [fecha], [link_imagen], [observacion], [usuario_id], [documento_id], [estado_documento_id], [motivo_estado_id]) VALUES (133, CAST(N'2019-06-05T11:20:58.6820000' AS DateTime2), NULL, NULL, 1, 41, 3, NULL)
INSERT [dbo].[seguimiento_documento] ([seguimiento_documento_id], [fecha], [link_imagen], [observacion], [usuario_id], [documento_id], [estado_documento_id], [motivo_estado_id]) VALUES (134, CAST(N'2019-06-05T11:20:58.6830000' AS DateTime2), NULL, NULL, 1, 43, 3, NULL)
INSERT [dbo].[seguimiento_documento] ([seguimiento_documento_id], [fecha], [link_imagen], [observacion], [usuario_id], [documento_id], [estado_documento_id], [motivo_estado_id]) VALUES (135, CAST(N'2019-06-05T11:20:58.6830000' AS DateTime2), NULL, NULL, 1, 42, 3, NULL)
INSERT [dbo].[seguimiento_documento] ([seguimiento_documento_id], [fecha], [link_imagen], [observacion], [usuario_id], [documento_id], [estado_documento_id], [motivo_estado_id]) VALUES (136, CAST(N'2019-06-05T11:20:58.6840000' AS DateTime2), NULL, NULL, 1, 44, 3, NULL)
INSERT [dbo].[seguimiento_documento] ([seguimiento_documento_id], [fecha], [link_imagen], [observacion], [usuario_id], [documento_id], [estado_documento_id], [motivo_estado_id]) VALUES (137, CAST(N'2019-06-05T11:22:54.6420000' AS DateTime2), NULL, NULL, 4, 9, 3, NULL)
INSERT [dbo].[seguimiento_documento] ([seguimiento_documento_id], [fecha], [link_imagen], [observacion], [usuario_id], [documento_id], [estado_documento_id], [motivo_estado_id]) VALUES (138, CAST(N'2019-06-05T11:22:54.6440000' AS DateTime2), NULL, NULL, 4, 11, 3, NULL)
INSERT [dbo].[seguimiento_documento] ([seguimiento_documento_id], [fecha], [link_imagen], [observacion], [usuario_id], [documento_id], [estado_documento_id], [motivo_estado_id]) VALUES (139, CAST(N'2019-06-05T11:22:54.6440000' AS DateTime2), NULL, NULL, 4, 10, 3, NULL)
INSERT [dbo].[seguimiento_documento] ([seguimiento_documento_id], [fecha], [link_imagen], [observacion], [usuario_id], [documento_id], [estado_documento_id], [motivo_estado_id]) VALUES (140, CAST(N'2019-06-05T11:22:54.6450000' AS DateTime2), NULL, NULL, 4, 12, 3, NULL)
INSERT [dbo].[seguimiento_documento] ([seguimiento_documento_id], [fecha], [link_imagen], [observacion], [usuario_id], [documento_id], [estado_documento_id], [motivo_estado_id]) VALUES (141, CAST(N'2019-06-05T11:22:56.5310000' AS DateTime2), NULL, NULL, 4, 38, 3, NULL)
INSERT [dbo].[seguimiento_documento] ([seguimiento_documento_id], [fecha], [link_imagen], [observacion], [usuario_id], [documento_id], [estado_documento_id], [motivo_estado_id]) VALUES (142, CAST(N'2019-06-05T11:22:56.5320000' AS DateTime2), NULL, NULL, 4, 40, 3, NULL)
INSERT [dbo].[seguimiento_documento] ([seguimiento_documento_id], [fecha], [link_imagen], [observacion], [usuario_id], [documento_id], [estado_documento_id], [motivo_estado_id]) VALUES (143, CAST(N'2019-06-05T11:22:56.5320000' AS DateTime2), NULL, NULL, 4, 37, 3, NULL)
INSERT [dbo].[seguimiento_documento] ([seguimiento_documento_id], [fecha], [link_imagen], [observacion], [usuario_id], [documento_id], [estado_documento_id], [motivo_estado_id]) VALUES (144, CAST(N'2019-06-05T11:22:56.5330000' AS DateTime2), NULL, NULL, 4, 39, 3, NULL)
INSERT [dbo].[seguimiento_documento] ([seguimiento_documento_id], [fecha], [link_imagen], [observacion], [usuario_id], [documento_id], [estado_documento_id], [motivo_estado_id]) VALUES (145, CAST(N'2019-06-08T00:00:00.0000000' AS DateTime2), N'link', NULL, 4, 1, 4, 1)
INSERT [dbo].[seguimiento_documento] ([seguimiento_documento_id], [fecha], [link_imagen], [observacion], [usuario_id], [documento_id], [estado_documento_id], [motivo_estado_id]) VALUES (146, CAST(N'2019-06-08T00:00:00.0000000' AS DateTime2), N'link', NULL, 4, 2, 5, 9)
INSERT [dbo].[seguimiento_documento] ([seguimiento_documento_id], [fecha], [link_imagen], [observacion], [usuario_id], [documento_id], [estado_documento_id], [motivo_estado_id]) VALUES (147, CAST(N'2019-06-06T00:00:00.0000000' AS DateTime2), N'link', NULL, 4, 3, 4, 4)
INSERT [dbo].[seguimiento_documento] ([seguimiento_documento_id], [fecha], [link_imagen], [observacion], [usuario_id], [documento_id], [estado_documento_id], [motivo_estado_id]) VALUES (148, CAST(N'2019-06-10T00:00:00.0000000' AS DateTime2), N'link', NULL, 4, 4, 4, 1)
INSERT [dbo].[seguimiento_documento] ([seguimiento_documento_id], [fecha], [link_imagen], [observacion], [usuario_id], [documento_id], [estado_documento_id], [motivo_estado_id]) VALUES (149, CAST(N'2019-06-10T00:00:00.0000000' AS DateTime2), N'link', NULL, 4, 5, 4, 1)
INSERT [dbo].[seguimiento_documento] ([seguimiento_documento_id], [fecha], [link_imagen], [observacion], [usuario_id], [documento_id], [estado_documento_id], [motivo_estado_id]) VALUES (150, CAST(N'2019-06-09T00:00:00.0000000' AS DateTime2), N'link', NULL, 4, 6, 4, 1)
INSERT [dbo].[seguimiento_documento] ([seguimiento_documento_id], [fecha], [link_imagen], [observacion], [usuario_id], [documento_id], [estado_documento_id], [motivo_estado_id]) VALUES (151, CAST(N'2019-06-08T00:00:00.0000000' AS DateTime2), N'link', NULL, 4, 7, 5, 9)
INSERT [dbo].[seguimiento_documento] ([seguimiento_documento_id], [fecha], [link_imagen], [observacion], [usuario_id], [documento_id], [estado_documento_id], [motivo_estado_id]) VALUES (152, CAST(N'2019-06-06T00:00:00.0000000' AS DateTime2), N'link', NULL, 4, 8, 4, 1)
INSERT [dbo].[seguimiento_documento] ([seguimiento_documento_id], [fecha], [link_imagen], [observacion], [usuario_id], [documento_id], [estado_documento_id], [motivo_estado_id]) VALUES (153, CAST(N'2019-06-10T00:00:00.0000000' AS DateTime2), N'', NULL, 4, 9, 6, 18)
INSERT [dbo].[seguimiento_documento] ([seguimiento_documento_id], [fecha], [link_imagen], [observacion], [usuario_id], [documento_id], [estado_documento_id], [motivo_estado_id]) VALUES (154, CAST(N'2019-06-08T00:00:00.0000000' AS DateTime2), N'link', NULL, 4, 10, 4, 1)
INSERT [dbo].[seguimiento_documento] ([seguimiento_documento_id], [fecha], [link_imagen], [observacion], [usuario_id], [documento_id], [estado_documento_id], [motivo_estado_id]) VALUES (155, CAST(N'2019-06-08T00:00:00.0000000' AS DateTime2), N'link', NULL, 4, 11, 5, 9)
INSERT [dbo].[seguimiento_documento] ([seguimiento_documento_id], [fecha], [link_imagen], [observacion], [usuario_id], [documento_id], [estado_documento_id], [motivo_estado_id]) VALUES (156, CAST(N'2019-06-09T00:00:00.0000000' AS DateTime2), N'link', NULL, 4, 12, 4, 1)
INSERT [dbo].[seguimiento_documento] ([seguimiento_documento_id], [fecha], [link_imagen], [observacion], [usuario_id], [documento_id], [estado_documento_id], [motivo_estado_id]) VALUES (157, CAST(N'2019-06-09T00:00:00.0000000' AS DateTime2), N'link', NULL, 4, 13, 4, 1)
INSERT [dbo].[seguimiento_documento] ([seguimiento_documento_id], [fecha], [link_imagen], [observacion], [usuario_id], [documento_id], [estado_documento_id], [motivo_estado_id]) VALUES (158, CAST(N'2019-06-08T00:00:00.0000000' AS DateTime2), N'link', NULL, 4, 14, 5, 9)
INSERT [dbo].[seguimiento_documento] ([seguimiento_documento_id], [fecha], [link_imagen], [observacion], [usuario_id], [documento_id], [estado_documento_id], [motivo_estado_id]) VALUES (159, CAST(N'2019-06-06T00:00:00.0000000' AS DateTime2), N'link', NULL, 4, 15, 4, 1)
INSERT [dbo].[seguimiento_documento] ([seguimiento_documento_id], [fecha], [link_imagen], [observacion], [usuario_id], [documento_id], [estado_documento_id], [motivo_estado_id]) VALUES (160, CAST(N'2019-06-10T00:00:00.0000000' AS DateTime2), N'', NULL, 4, 16, 6, 18)
INSERT [dbo].[seguimiento_documento] ([seguimiento_documento_id], [fecha], [link_imagen], [observacion], [usuario_id], [documento_id], [estado_documento_id], [motivo_estado_id]) VALUES (161, CAST(N'2019-06-10T00:00:00.0000000' AS DateTime2), N'link', NULL, 4, 17, 4, 1)
INSERT [dbo].[seguimiento_documento] ([seguimiento_documento_id], [fecha], [link_imagen], [observacion], [usuario_id], [documento_id], [estado_documento_id], [motivo_estado_id]) VALUES (162, CAST(N'2019-06-09T00:00:00.0000000' AS DateTime2), N'link', NULL, 4, 18, 4, 1)
INSERT [dbo].[seguimiento_documento] ([seguimiento_documento_id], [fecha], [link_imagen], [observacion], [usuario_id], [documento_id], [estado_documento_id], [motivo_estado_id]) VALUES (163, CAST(N'2019-06-08T00:00:00.0000000' AS DateTime2), N'link', NULL, 4, 19, 5, 9)
INSERT [dbo].[seguimiento_documento] ([seguimiento_documento_id], [fecha], [link_imagen], [observacion], [usuario_id], [documento_id], [estado_documento_id], [motivo_estado_id]) VALUES (164, CAST(N'2019-06-06T00:00:00.0000000' AS DateTime2), N'link', NULL, 4, 20, 4, 1)
INSERT [dbo].[seguimiento_documento] ([seguimiento_documento_id], [fecha], [link_imagen], [observacion], [usuario_id], [documento_id], [estado_documento_id], [motivo_estado_id]) VALUES (165, CAST(N'2019-06-09T00:00:00.0000000' AS DateTime2), N'link', NULL, 4, 21, 4, 1)
INSERT [dbo].[seguimiento_documento] ([seguimiento_documento_id], [fecha], [link_imagen], [observacion], [usuario_id], [documento_id], [estado_documento_id], [motivo_estado_id]) VALUES (166, CAST(N'2019-06-09T00:00:00.0000000' AS DateTime2), N'link', NULL, 4, 22, 4, 1)
INSERT [dbo].[seguimiento_documento] ([seguimiento_documento_id], [fecha], [link_imagen], [observacion], [usuario_id], [documento_id], [estado_documento_id], [motivo_estado_id]) VALUES (167, CAST(N'2019-06-08T00:00:00.0000000' AS DateTime2), N'link', NULL, 4, 23, 5, 9)
INSERT [dbo].[seguimiento_documento] ([seguimiento_documento_id], [fecha], [link_imagen], [observacion], [usuario_id], [documento_id], [estado_documento_id], [motivo_estado_id]) VALUES (168, CAST(N'2019-06-10T00:00:00.0000000' AS DateTime2), N'link', NULL, 4, 24, 4, 1)
INSERT [dbo].[seguimiento_documento] ([seguimiento_documento_id], [fecha], [link_imagen], [observacion], [usuario_id], [documento_id], [estado_documento_id], [motivo_estado_id]) VALUES (169, CAST(N'2019-06-10T00:00:00.0000000' AS DateTime2), N'', NULL, 4, 25, 6, 18)
INSERT [dbo].[seguimiento_documento] ([seguimiento_documento_id], [fecha], [link_imagen], [observacion], [usuario_id], [documento_id], [estado_documento_id], [motivo_estado_id]) VALUES (170, CAST(N'2019-06-08T00:00:00.0000000' AS DateTime2), N'link', NULL, 4, 26, 4, 1)
INSERT [dbo].[seguimiento_documento] ([seguimiento_documento_id], [fecha], [link_imagen], [observacion], [usuario_id], [documento_id], [estado_documento_id], [motivo_estado_id]) VALUES (171, CAST(N'2019-06-08T00:00:00.0000000' AS DateTime2), N'link', NULL, 4, 27, 5, 9)
INSERT [dbo].[seguimiento_documento] ([seguimiento_documento_id], [fecha], [link_imagen], [observacion], [usuario_id], [documento_id], [estado_documento_id], [motivo_estado_id]) VALUES (172, CAST(N'2019-06-09T00:00:00.0000000' AS DateTime2), N'link', NULL, 4, 28, 4, 1)
INSERT [dbo].[seguimiento_documento] ([seguimiento_documento_id], [fecha], [link_imagen], [observacion], [usuario_id], [documento_id], [estado_documento_id], [motivo_estado_id]) VALUES (173, CAST(N'2019-06-11T00:00:00.0000000' AS DateTime2), N'link', NULL, 4, 29, 4, 1)
INSERT [dbo].[seguimiento_documento] ([seguimiento_documento_id], [fecha], [link_imagen], [observacion], [usuario_id], [documento_id], [estado_documento_id], [motivo_estado_id]) VALUES (174, CAST(N'2019-06-10T00:00:00.0000000' AS DateTime2), N'link', NULL, 4, 30, 4, 1)
INSERT [dbo].[seguimiento_documento] ([seguimiento_documento_id], [fecha], [link_imagen], [observacion], [usuario_id], [documento_id], [estado_documento_id], [motivo_estado_id]) VALUES (175, CAST(N'2019-06-09T00:00:00.0000000' AS DateTime2), N'link', NULL, 4, 31, 4, 1)
INSERT [dbo].[seguimiento_documento] ([seguimiento_documento_id], [fecha], [link_imagen], [observacion], [usuario_id], [documento_id], [estado_documento_id], [motivo_estado_id]) VALUES (176, CAST(N'2019-06-08T00:00:00.0000000' AS DateTime2), N'link', NULL, 4, 32, 5, 9)
INSERT [dbo].[seguimiento_documento] ([seguimiento_documento_id], [fecha], [link_imagen], [observacion], [usuario_id], [documento_id], [estado_documento_id], [motivo_estado_id]) VALUES (177, CAST(N'2019-06-09T00:00:00.0000000' AS DateTime2), N'link', NULL, 4, 33, 4, 1)
INSERT [dbo].[seguimiento_documento] ([seguimiento_documento_id], [fecha], [link_imagen], [observacion], [usuario_id], [documento_id], [estado_documento_id], [motivo_estado_id]) VALUES (178, CAST(N'2019-06-08T00:00:00.0000000' AS DateTime2), N'link', NULL, 4, 34, 5, 9)
INSERT [dbo].[seguimiento_documento] ([seguimiento_documento_id], [fecha], [link_imagen], [observacion], [usuario_id], [documento_id], [estado_documento_id], [motivo_estado_id]) VALUES (179, CAST(N'2019-06-06T00:00:00.0000000' AS DateTime2), N'link', NULL, 4, 35, 4, 1)
INSERT [dbo].[seguimiento_documento] ([seguimiento_documento_id], [fecha], [link_imagen], [observacion], [usuario_id], [documento_id], [estado_documento_id], [motivo_estado_id]) VALUES (180, CAST(N'2019-06-10T00:00:00.0000000' AS DateTime2), N'', NULL, 4, 36, 6, 18)
INSERT [dbo].[seguimiento_documento] ([seguimiento_documento_id], [fecha], [link_imagen], [observacion], [usuario_id], [documento_id], [estado_documento_id], [motivo_estado_id]) VALUES (181, CAST(N'2019-06-09T00:00:00.0000000' AS DateTime2), N'link', NULL, 4, 37, 4, 1)
INSERT [dbo].[seguimiento_documento] ([seguimiento_documento_id], [fecha], [link_imagen], [observacion], [usuario_id], [documento_id], [estado_documento_id], [motivo_estado_id]) VALUES (182, CAST(N'2019-06-09T00:00:00.0000000' AS DateTime2), N'link', NULL, 4, 38, 4, 1)
INSERT [dbo].[seguimiento_documento] ([seguimiento_documento_id], [fecha], [link_imagen], [observacion], [usuario_id], [documento_id], [estado_documento_id], [motivo_estado_id]) VALUES (183, CAST(N'2019-06-08T00:00:00.0000000' AS DateTime2), N'link', NULL, 4, 39, 5, 9)
INSERT [dbo].[seguimiento_documento] ([seguimiento_documento_id], [fecha], [link_imagen], [observacion], [usuario_id], [documento_id], [estado_documento_id], [motivo_estado_id]) VALUES (184, CAST(N'2019-06-10T00:00:00.0000000' AS DateTime2), N'link', NULL, 4, 40, 4, 1)
INSERT [dbo].[seguimiento_documento] ([seguimiento_documento_id], [fecha], [link_imagen], [observacion], [usuario_id], [documento_id], [estado_documento_id], [motivo_estado_id]) VALUES (185, CAST(N'2019-06-09T00:00:00.0000000' AS DateTime2), N'link', NULL, 4, 41, 4, 1)
INSERT [dbo].[seguimiento_documento] ([seguimiento_documento_id], [fecha], [link_imagen], [observacion], [usuario_id], [documento_id], [estado_documento_id], [motivo_estado_id]) VALUES (186, CAST(N'2019-06-08T00:00:00.0000000' AS DateTime2), N'link', NULL, 4, 42, 5, 9)
INSERT [dbo].[seguimiento_documento] ([seguimiento_documento_id], [fecha], [link_imagen], [observacion], [usuario_id], [documento_id], [estado_documento_id], [motivo_estado_id]) VALUES (187, CAST(N'2019-06-06T00:00:00.0000000' AS DateTime2), N'link', NULL, 4, 43, 4, 1)
INSERT [dbo].[seguimiento_documento] ([seguimiento_documento_id], [fecha], [link_imagen], [observacion], [usuario_id], [documento_id], [estado_documento_id], [motivo_estado_id]) VALUES (188, CAST(N'2019-06-08T00:00:00.0000000' AS DateTime2), N'link', NULL, 4, 44, 5, 9)
INSERT [dbo].[seguimiento_documento] ([seguimiento_documento_id], [fecha], [link_imagen], [observacion], [usuario_id], [documento_id], [estado_documento_id], [motivo_estado_id]) VALUES (189, CAST(N'2019-06-10T00:00:00.0000000' AS DateTime2), N'', NULL, 4, 45, 6, 18)
INSERT [dbo].[seguimiento_documento] ([seguimiento_documento_id], [fecha], [link_imagen], [observacion], [usuario_id], [documento_id], [estado_documento_id], [motivo_estado_id]) VALUES (190, CAST(N'2019-06-08T00:00:00.0000000' AS DateTime2), N'link', NULL, 4, 46, 4, 1)
INSERT [dbo].[seguimiento_documento] ([seguimiento_documento_id], [fecha], [link_imagen], [observacion], [usuario_id], [documento_id], [estado_documento_id], [motivo_estado_id]) VALUES (191, CAST(N'2019-06-08T00:00:00.0000000' AS DateTime2), N'link', NULL, 4, 47, 5, 9)
INSERT [dbo].[seguimiento_documento] ([seguimiento_documento_id], [fecha], [link_imagen], [observacion], [usuario_id], [documento_id], [estado_documento_id], [motivo_estado_id]) VALUES (192, CAST(N'2019-06-09T00:00:00.0000000' AS DateTime2), N'link', NULL, 4, 48, 4, 1)
INSERT [dbo].[seguimiento_documento] ([seguimiento_documento_id], [fecha], [link_imagen], [observacion], [usuario_id], [documento_id], [estado_documento_id], [motivo_estado_id]) VALUES (193, CAST(N'2019-06-05T11:30:49.7790000' AS DateTime2), NULL, NULL, 7, 49, 1, NULL)
INSERT [dbo].[seguimiento_documento] ([seguimiento_documento_id], [fecha], [link_imagen], [observacion], [usuario_id], [documento_id], [estado_documento_id], [motivo_estado_id]) VALUES (194, CAST(N'2019-06-05T11:30:49.7810000' AS DateTime2), NULL, NULL, 7, 50, 1, NULL)
INSERT [dbo].[seguimiento_documento] ([seguimiento_documento_id], [fecha], [link_imagen], [observacion], [usuario_id], [documento_id], [estado_documento_id], [motivo_estado_id]) VALUES (195, CAST(N'2019-06-05T11:30:49.7810000' AS DateTime2), NULL, NULL, 7, 51, 1, NULL)
INSERT [dbo].[seguimiento_documento] ([seguimiento_documento_id], [fecha], [link_imagen], [observacion], [usuario_id], [documento_id], [estado_documento_id], [motivo_estado_id]) VALUES (196, CAST(N'2019-06-05T11:30:49.7820000' AS DateTime2), NULL, NULL, 7, 52, 1, NULL)
INSERT [dbo].[seguimiento_documento] ([seguimiento_documento_id], [fecha], [link_imagen], [observacion], [usuario_id], [documento_id], [estado_documento_id], [motivo_estado_id]) VALUES (197, CAST(N'2019-06-05T11:31:16.9950000' AS DateTime2), NULL, NULL, 6, 53, 1, NULL)
INSERT [dbo].[seguimiento_documento] ([seguimiento_documento_id], [fecha], [link_imagen], [observacion], [usuario_id], [documento_id], [estado_documento_id], [motivo_estado_id]) VALUES (198, CAST(N'2019-06-05T11:31:16.9960000' AS DateTime2), NULL, NULL, 6, 54, 1, NULL)
INSERT [dbo].[seguimiento_documento] ([seguimiento_documento_id], [fecha], [link_imagen], [observacion], [usuario_id], [documento_id], [estado_documento_id], [motivo_estado_id]) VALUES (199, CAST(N'2019-06-05T11:31:16.9970000' AS DateTime2), NULL, NULL, 6, 55, 1, NULL)
GO
INSERT [dbo].[seguimiento_documento] ([seguimiento_documento_id], [fecha], [link_imagen], [observacion], [usuario_id], [documento_id], [estado_documento_id], [motivo_estado_id]) VALUES (200, CAST(N'2019-06-05T11:31:16.9970000' AS DateTime2), NULL, NULL, 6, 56, 1, NULL)
INSERT [dbo].[seguimiento_documento] ([seguimiento_documento_id], [fecha], [link_imagen], [observacion], [usuario_id], [documento_id], [estado_documento_id], [motivo_estado_id]) VALUES (201, CAST(N'2019-06-05T11:31:36.2990000' AS DateTime2), NULL, NULL, 3, 49, 2, NULL)
INSERT [dbo].[seguimiento_documento] ([seguimiento_documento_id], [fecha], [link_imagen], [observacion], [usuario_id], [documento_id], [estado_documento_id], [motivo_estado_id]) VALUES (202, CAST(N'2019-06-05T11:31:36.3010000' AS DateTime2), NULL, NULL, 3, 50, 2, NULL)
INSERT [dbo].[seguimiento_documento] ([seguimiento_documento_id], [fecha], [link_imagen], [observacion], [usuario_id], [documento_id], [estado_documento_id], [motivo_estado_id]) VALUES (203, CAST(N'2019-06-05T11:31:36.3010000' AS DateTime2), NULL, NULL, 3, 51, 2, NULL)
INSERT [dbo].[seguimiento_documento] ([seguimiento_documento_id], [fecha], [link_imagen], [observacion], [usuario_id], [documento_id], [estado_documento_id], [motivo_estado_id]) VALUES (204, CAST(N'2019-06-05T11:31:36.3010000' AS DateTime2), NULL, NULL, 3, 52, 2, NULL)
INSERT [dbo].[seguimiento_documento] ([seguimiento_documento_id], [fecha], [link_imagen], [observacion], [usuario_id], [documento_id], [estado_documento_id], [motivo_estado_id]) VALUES (205, CAST(N'2019-06-05T11:32:05.1820000' AS DateTime2), NULL, NULL, 3, 52, 3, NULL)
INSERT [dbo].[seguimiento_documento] ([seguimiento_documento_id], [fecha], [link_imagen], [observacion], [usuario_id], [documento_id], [estado_documento_id], [motivo_estado_id]) VALUES (206, CAST(N'2019-06-05T11:32:05.1830000' AS DateTime2), NULL, NULL, 3, 50, 3, NULL)
INSERT [dbo].[seguimiento_documento] ([seguimiento_documento_id], [fecha], [link_imagen], [observacion], [usuario_id], [documento_id], [estado_documento_id], [motivo_estado_id]) VALUES (207, CAST(N'2019-06-05T11:32:05.1830000' AS DateTime2), NULL, NULL, 3, 51, 3, NULL)
INSERT [dbo].[seguimiento_documento] ([seguimiento_documento_id], [fecha], [link_imagen], [observacion], [usuario_id], [documento_id], [estado_documento_id], [motivo_estado_id]) VALUES (208, CAST(N'2019-06-05T11:32:05.1830000' AS DateTime2), NULL, NULL, 3, 49, 3, NULL)
INSERT [dbo].[seguimiento_documento] ([seguimiento_documento_id], [fecha], [link_imagen], [observacion], [usuario_id], [documento_id], [estado_documento_id], [motivo_estado_id]) VALUES (209, CAST(N'2019-06-05T11:32:46.1380000' AS DateTime2), NULL, NULL, 1, 53, 2, NULL)
INSERT [dbo].[seguimiento_documento] ([seguimiento_documento_id], [fecha], [link_imagen], [observacion], [usuario_id], [documento_id], [estado_documento_id], [motivo_estado_id]) VALUES (210, CAST(N'2019-06-05T11:32:46.1410000' AS DateTime2), NULL, NULL, 1, 55, 2, NULL)
INSERT [dbo].[seguimiento_documento] ([seguimiento_documento_id], [fecha], [link_imagen], [observacion], [usuario_id], [documento_id], [estado_documento_id], [motivo_estado_id]) VALUES (211, CAST(N'2019-06-05T11:32:46.1410000' AS DateTime2), NULL, NULL, 1, 54, 2, NULL)
INSERT [dbo].[seguimiento_documento] ([seguimiento_documento_id], [fecha], [link_imagen], [observacion], [usuario_id], [documento_id], [estado_documento_id], [motivo_estado_id]) VALUES (212, CAST(N'2019-06-05T11:32:46.1420000' AS DateTime2), NULL, NULL, 1, 56, 2, NULL)
INSERT [dbo].[seguimiento_documento] ([seguimiento_documento_id], [fecha], [link_imagen], [observacion], [usuario_id], [documento_id], [estado_documento_id], [motivo_estado_id]) VALUES (213, CAST(N'2019-06-05T11:33:18.9330000' AS DateTime2), NULL, NULL, 1, 56, 3, NULL)
INSERT [dbo].[seguimiento_documento] ([seguimiento_documento_id], [fecha], [link_imagen], [observacion], [usuario_id], [documento_id], [estado_documento_id], [motivo_estado_id]) VALUES (214, CAST(N'2019-06-05T11:33:18.9330000' AS DateTime2), NULL, NULL, 1, 54, 3, NULL)
INSERT [dbo].[seguimiento_documento] ([seguimiento_documento_id], [fecha], [link_imagen], [observacion], [usuario_id], [documento_id], [estado_documento_id], [motivo_estado_id]) VALUES (215, CAST(N'2019-06-05T11:33:18.9340000' AS DateTime2), NULL, NULL, 1, 53, 3, NULL)
INSERT [dbo].[seguimiento_documento] ([seguimiento_documento_id], [fecha], [link_imagen], [observacion], [usuario_id], [documento_id], [estado_documento_id], [motivo_estado_id]) VALUES (216, CAST(N'2019-06-05T11:33:18.9340000' AS DateTime2), NULL, NULL, 1, 55, 3, NULL)
INSERT [dbo].[seguimiento_documento] ([seguimiento_documento_id], [fecha], [link_imagen], [observacion], [usuario_id], [documento_id], [estado_documento_id], [motivo_estado_id]) VALUES (217, CAST(N'2019-06-15T00:00:00.0000000' AS DateTime2), N'link', NULL, 1, 49, 4, 1)
INSERT [dbo].[seguimiento_documento] ([seguimiento_documento_id], [fecha], [link_imagen], [observacion], [usuario_id], [documento_id], [estado_documento_id], [motivo_estado_id]) VALUES (218, CAST(N'2019-06-16T00:00:00.0000000' AS DateTime2), N'link', NULL, 1, 50, 5, 14)
INSERT [dbo].[seguimiento_documento] ([seguimiento_documento_id], [fecha], [link_imagen], [observacion], [usuario_id], [documento_id], [estado_documento_id], [motivo_estado_id]) VALUES (219, CAST(N'2019-06-17T00:00:00.0000000' AS DateTime2), N'link', NULL, 1, 51, 4, 1)
INSERT [dbo].[seguimiento_documento] ([seguimiento_documento_id], [fecha], [link_imagen], [observacion], [usuario_id], [documento_id], [estado_documento_id], [motivo_estado_id]) VALUES (220, CAST(N'2019-06-18T00:00:00.0000000' AS DateTime2), N'link', NULL, 1, 52, 5, 13)
INSERT [dbo].[seguimiento_documento] ([seguimiento_documento_id], [fecha], [link_imagen], [observacion], [usuario_id], [documento_id], [estado_documento_id], [motivo_estado_id]) VALUES (221, CAST(N'2019-06-19T00:00:00.0000000' AS DateTime2), N'link', NULL, 1, 53, 4, 3)
INSERT [dbo].[seguimiento_documento] ([seguimiento_documento_id], [fecha], [link_imagen], [observacion], [usuario_id], [documento_id], [estado_documento_id], [motivo_estado_id]) VALUES (222, CAST(N'2019-06-18T00:00:00.0000000' AS DateTime2), N'link', NULL, 1, 54, 4, 1)
INSERT [dbo].[seguimiento_documento] ([seguimiento_documento_id], [fecha], [link_imagen], [observacion], [usuario_id], [documento_id], [estado_documento_id], [motivo_estado_id]) VALUES (223, CAST(N'2019-06-15T00:00:00.0000000' AS DateTime2), N'', NULL, 1, 55, 6, 18)
INSERT [dbo].[seguimiento_documento] ([seguimiento_documento_id], [fecha], [link_imagen], [observacion], [usuario_id], [documento_id], [estado_documento_id], [motivo_estado_id]) VALUES (224, CAST(N'2019-06-18T00:00:00.0000000' AS DateTime2), N'link', NULL, 1, 56, 4, 1)
SET IDENTITY_INSERT [dbo].[seguimiento_documento] OFF
INSERT [dbo].[envio_masivo] ([masivo_autogenerado], [envio_id]) VALUES (N'MEX00000001', 1)
INSERT [dbo].[envio_masivo] ([masivo_autogenerado], [envio_id]) VALUES (N'MEX00000002', 2)
INSERT [dbo].[envio_masivo] ([masivo_autogenerado], [envio_id]) VALUES (N'MEX00000003', 3)
INSERT [dbo].[envio_masivo] ([masivo_autogenerado], [envio_id]) VALUES (N'MEX00000004', 4)
INSERT [dbo].[envio_masivo] ([masivo_autogenerado], [envio_id]) VALUES (N'MEX00000005', 5)
INSERT [dbo].[envio_masivo] ([masivo_autogenerado], [envio_id]) VALUES (N'MEX00000006', 6)
INSERT [dbo].[envio_masivo] ([masivo_autogenerado], [envio_id]) VALUES (N'MEX00000007', 7)
INSERT [dbo].[envio_masivo] ([masivo_autogenerado], [envio_id]) VALUES (N'MEX00000008', 8)
INSERT [dbo].[envio_masivo] ([masivo_autogenerado], [envio_id]) VALUES (N'MEX00000009', 9)
INSERT [dbo].[envio_masivo] ([masivo_autogenerado], [envio_id]) VALUES (N'MEX00000010', 10)
INSERT [dbo].[envio_masivo] ([masivo_autogenerado], [envio_id]) VALUES (N'MEX00000011', 11)
INSERT [dbo].[envio_masivo] ([masivo_autogenerado], [envio_id]) VALUES (N'MEX00000012', 12)
INSERT [dbo].[envio_masivo] ([masivo_autogenerado], [envio_id]) VALUES (N'MEX00000013', 13)
INSERT [dbo].[envio_masivo] ([masivo_autogenerado], [envio_id]) VALUES (N'MEX00000014', 14)
SET IDENTITY_INSERT [dbo].[estado_autorizado] ON 

INSERT [dbo].[estado_autorizado] ([estado_autorizado_id], [nombre]) VALUES (1, N'PENDIENTE')
INSERT [dbo].[estado_autorizado] ([estado_autorizado_id], [nombre]) VALUES (2, N'APROBADA')
INSERT [dbo].[estado_autorizado] ([estado_autorizado_id], [nombre]) VALUES (3, N'DENEGADA')
SET IDENTITY_INSERT [dbo].[estado_autorizado] OFF
INSERT [dbo].[estado_documento_permitido] ([estado_documento_id], [estado_documento_permitido_id]) VALUES (2, 1)
INSERT [dbo].[estado_documento_permitido] ([estado_documento_id], [estado_documento_permitido_id]) VALUES (3, 2)
SET IDENTITY_INSERT [dbo].[estado_guia] ON 

INSERT [dbo].[estado_guia] ([estado_guia_id], [nombre]) VALUES (1, N'CREADO')
INSERT [dbo].[estado_guia] ([estado_guia_id], [nombre]) VALUES (2, N'ENVIADO')
INSERT [dbo].[estado_guia] ([estado_guia_id], [nombre]) VALUES (3, N'DESCARGADO')
INSERT [dbo].[estado_guia] ([estado_guia_id], [nombre]) VALUES (4, N'COMPLETA')
INSERT [dbo].[estado_guia] ([estado_guia_id], [nombre]) VALUES (5, N'CERRADO')
SET IDENTITY_INSERT [dbo].[estado_guia] OFF
SET IDENTITY_INSERT [dbo].[seguimiento_guia] ON 

INSERT [dbo].[seguimiento_guia] ([seguimiento_guia_id], [fecha], [usuario_id], [estado_guia_id], [guia_id]) VALUES (1, CAST(N'2019-06-05T11:15:40.2550000' AS DateTime2), 3, 1, 1)
INSERT [dbo].[seguimiento_guia] ([seguimiento_guia_id], [fecha], [usuario_id], [estado_guia_id], [guia_id]) VALUES (2, CAST(N'2019-06-05T11:16:04.7460000' AS DateTime2), 3, 1, 2)
INSERT [dbo].[seguimiento_guia] ([seguimiento_guia_id], [fecha], [usuario_id], [estado_guia_id], [guia_id]) VALUES (3, CAST(N'2019-06-05T11:16:26.8060000' AS DateTime2), 3, 1, 3)
INSERT [dbo].[seguimiento_guia] ([seguimiento_guia_id], [fecha], [usuario_id], [estado_guia_id], [guia_id]) VALUES (4, CAST(N'2019-06-05T11:16:52.9510000' AS DateTime2), 3, 1, 4)
INSERT [dbo].[seguimiento_guia] ([seguimiento_guia_id], [fecha], [usuario_id], [estado_guia_id], [guia_id]) VALUES (5, CAST(N'2019-06-05T11:17:12.2290000' AS DateTime2), 3, 2, 1)
INSERT [dbo].[seguimiento_guia] ([seguimiento_guia_id], [fecha], [usuario_id], [estado_guia_id], [guia_id]) VALUES (6, CAST(N'2019-06-05T11:17:13.7980000' AS DateTime2), 3, 2, 2)
INSERT [dbo].[seguimiento_guia] ([seguimiento_guia_id], [fecha], [usuario_id], [estado_guia_id], [guia_id]) VALUES (7, CAST(N'2019-06-05T11:17:15.2930000' AS DateTime2), 3, 2, 3)
INSERT [dbo].[seguimiento_guia] ([seguimiento_guia_id], [fecha], [usuario_id], [estado_guia_id], [guia_id]) VALUES (8, CAST(N'2019-06-05T11:17:16.8630000' AS DateTime2), 3, 2, 4)
INSERT [dbo].[seguimiento_guia] ([seguimiento_guia_id], [fecha], [usuario_id], [estado_guia_id], [guia_id]) VALUES (9, CAST(N'2019-06-05T11:17:50.2380000' AS DateTime2), 2, 1, 5)
INSERT [dbo].[seguimiento_guia] ([seguimiento_guia_id], [fecha], [usuario_id], [estado_guia_id], [guia_id]) VALUES (10, CAST(N'2019-06-05T11:18:12.9380000' AS DateTime2), 2, 1, 6)
INSERT [dbo].[seguimiento_guia] ([seguimiento_guia_id], [fecha], [usuario_id], [estado_guia_id], [guia_id]) VALUES (11, CAST(N'2019-06-05T11:18:38.6380000' AS DateTime2), 2, 2, 5)
INSERT [dbo].[seguimiento_guia] ([seguimiento_guia_id], [fecha], [usuario_id], [estado_guia_id], [guia_id]) VALUES (12, CAST(N'2019-06-05T11:18:40.0980000' AS DateTime2), 2, 2, 6)
INSERT [dbo].[seguimiento_guia] ([seguimiento_guia_id], [fecha], [usuario_id], [estado_guia_id], [guia_id]) VALUES (13, CAST(N'2019-06-05T11:19:15.6870000' AS DateTime2), 1, 1, 7)
INSERT [dbo].[seguimiento_guia] ([seguimiento_guia_id], [fecha], [usuario_id], [estado_guia_id], [guia_id]) VALUES (14, CAST(N'2019-06-05T11:19:41.5230000' AS DateTime2), 1, 1, 8)
INSERT [dbo].[seguimiento_guia] ([seguimiento_guia_id], [fecha], [usuario_id], [estado_guia_id], [guia_id]) VALUES (15, CAST(N'2019-06-05T11:20:10.8470000' AS DateTime2), 1, 1, 9)
INSERT [dbo].[seguimiento_guia] ([seguimiento_guia_id], [fecha], [usuario_id], [estado_guia_id], [guia_id]) VALUES (16, CAST(N'2019-06-05T11:20:37.5480000' AS DateTime2), 1, 1, 10)
INSERT [dbo].[seguimiento_guia] ([seguimiento_guia_id], [fecha], [usuario_id], [estado_guia_id], [guia_id]) VALUES (17, CAST(N'2019-06-05T11:20:52.1330000' AS DateTime2), 1, 2, 7)
INSERT [dbo].[seguimiento_guia] ([seguimiento_guia_id], [fecha], [usuario_id], [estado_guia_id], [guia_id]) VALUES (18, CAST(N'2019-06-05T11:20:53.8640000' AS DateTime2), 1, 2, 8)
INSERT [dbo].[seguimiento_guia] ([seguimiento_guia_id], [fecha], [usuario_id], [estado_guia_id], [guia_id]) VALUES (19, CAST(N'2019-06-05T11:20:57.0670000' AS DateTime2), 1, 2, 9)
INSERT [dbo].[seguimiento_guia] ([seguimiento_guia_id], [fecha], [usuario_id], [estado_guia_id], [guia_id]) VALUES (20, CAST(N'2019-06-05T11:20:58.6550000' AS DateTime2), 1, 2, 10)
INSERT [dbo].[seguimiento_guia] ([seguimiento_guia_id], [fecha], [usuario_id], [estado_guia_id], [guia_id]) VALUES (21, CAST(N'2019-06-05T11:21:35.9950000' AS DateTime2), 4, 1, 11)
INSERT [dbo].[seguimiento_guia] ([seguimiento_guia_id], [fecha], [usuario_id], [estado_guia_id], [guia_id]) VALUES (23, CAST(N'2019-06-05T11:22:26.7390000' AS DateTime2), 4, 1, 13)
INSERT [dbo].[seguimiento_guia] ([seguimiento_guia_id], [fecha], [usuario_id], [estado_guia_id], [guia_id]) VALUES (24, CAST(N'2019-06-05T11:22:54.6080000' AS DateTime2), 4, 2, 11)
INSERT [dbo].[seguimiento_guia] ([seguimiento_guia_id], [fecha], [usuario_id], [estado_guia_id], [guia_id]) VALUES (25, CAST(N'2019-06-05T11:22:56.5080000' AS DateTime2), 4, 2, 13)
INSERT [dbo].[seguimiento_guia] ([seguimiento_guia_id], [fecha], [usuario_id], [estado_guia_id], [guia_id]) VALUES (26, CAST(N'2019-06-05T11:24:28.3530000' AS DateTime2), 4, 3, 1)
INSERT [dbo].[seguimiento_guia] ([seguimiento_guia_id], [fecha], [usuario_id], [estado_guia_id], [guia_id]) VALUES (27, CAST(N'2019-06-05T11:24:49.9940000' AS DateTime2), 4, 3, 2)
INSERT [dbo].[seguimiento_guia] ([seguimiento_guia_id], [fecha], [usuario_id], [estado_guia_id], [guia_id]) VALUES (28, CAST(N'2019-06-05T11:25:07.8380000' AS DateTime2), 4, 3, 3)
INSERT [dbo].[seguimiento_guia] ([seguimiento_guia_id], [fecha], [usuario_id], [estado_guia_id], [guia_id]) VALUES (29, CAST(N'2019-06-05T11:25:24.1560000' AS DateTime2), 4, 3, 4)
INSERT [dbo].[seguimiento_guia] ([seguimiento_guia_id], [fecha], [usuario_id], [estado_guia_id], [guia_id]) VALUES (30, CAST(N'2019-06-05T11:25:58.6560000' AS DateTime2), 4, 3, 5)
INSERT [dbo].[seguimiento_guia] ([seguimiento_guia_id], [fecha], [usuario_id], [estado_guia_id], [guia_id]) VALUES (31, CAST(N'2019-06-05T11:26:16.4810000' AS DateTime2), 4, 3, 6)
INSERT [dbo].[seguimiento_guia] ([seguimiento_guia_id], [fecha], [usuario_id], [estado_guia_id], [guia_id]) VALUES (32, CAST(N'2019-06-05T11:26:58.0190000' AS DateTime2), 4, 3, 7)
INSERT [dbo].[seguimiento_guia] ([seguimiento_guia_id], [fecha], [usuario_id], [estado_guia_id], [guia_id]) VALUES (33, CAST(N'2019-06-05T11:27:11.3960000' AS DateTime2), 4, 3, 8)
INSERT [dbo].[seguimiento_guia] ([seguimiento_guia_id], [fecha], [usuario_id], [estado_guia_id], [guia_id]) VALUES (34, CAST(N'2019-06-05T11:27:35.5540000' AS DateTime2), 4, 3, 9)
INSERT [dbo].[seguimiento_guia] ([seguimiento_guia_id], [fecha], [usuario_id], [estado_guia_id], [guia_id]) VALUES (35, CAST(N'2019-06-05T11:27:53.8400000' AS DateTime2), 4, 3, 10)
INSERT [dbo].[seguimiento_guia] ([seguimiento_guia_id], [fecha], [usuario_id], [estado_guia_id], [guia_id]) VALUES (36, CAST(N'2019-06-05T11:28:25.5930000' AS DateTime2), 4, 3, 11)
INSERT [dbo].[seguimiento_guia] ([seguimiento_guia_id], [fecha], [usuario_id], [estado_guia_id], [guia_id]) VALUES (37, CAST(N'2019-06-05T11:28:40.7470000' AS DateTime2), 4, 3, 13)
INSERT [dbo].[seguimiento_guia] ([seguimiento_guia_id], [fecha], [usuario_id], [estado_guia_id], [guia_id]) VALUES (38, CAST(N'2019-06-05T11:29:28.1330000' AS DateTime2), 4, 4, 1)
INSERT [dbo].[seguimiento_guia] ([seguimiento_guia_id], [fecha], [usuario_id], [estado_guia_id], [guia_id]) VALUES (39, CAST(N'2019-06-05T11:31:52.5410000' AS DateTime2), 3, 1, 14)
INSERT [dbo].[seguimiento_guia] ([seguimiento_guia_id], [fecha], [usuario_id], [estado_guia_id], [guia_id]) VALUES (40, CAST(N'2019-06-05T11:32:05.1520000' AS DateTime2), 3, 2, 14)
INSERT [dbo].[seguimiento_guia] ([seguimiento_guia_id], [fecha], [usuario_id], [estado_guia_id], [guia_id]) VALUES (41, CAST(N'2019-06-05T11:33:04.7280000' AS DateTime2), 1, 1, 15)
INSERT [dbo].[seguimiento_guia] ([seguimiento_guia_id], [fecha], [usuario_id], [estado_guia_id], [guia_id]) VALUES (42, CAST(N'2019-06-05T11:33:18.9010000' AS DateTime2), 1, 2, 15)
INSERT [dbo].[seguimiento_guia] ([seguimiento_guia_id], [fecha], [usuario_id], [estado_guia_id], [guia_id]) VALUES (43, CAST(N'2019-06-05T11:34:06.1100000' AS DateTime2), 1, 3, 14)
INSERT [dbo].[seguimiento_guia] ([seguimiento_guia_id], [fecha], [usuario_id], [estado_guia_id], [guia_id]) VALUES (44, CAST(N'2019-06-05T11:34:21.8130000' AS DateTime2), 1, 3, 15)
INSERT [dbo].[seguimiento_guia] ([seguimiento_guia_id], [fecha], [usuario_id], [estado_guia_id], [guia_id]) VALUES (45, CAST(N'2019-06-05T11:39:00.1570000' AS DateTime2), 1, 4, 14)
SET IDENTITY_INSERT [dbo].[seguimiento_guia] OFF
INSERT [dbo].[area_plazo_distribucion] ([area_id], [ruta_autorizacion], [plazo_distribucion_id]) VALUES (1, NULL, 2)
INSERT [dbo].[area_plazo_distribucion] ([area_id], [ruta_autorizacion], [plazo_distribucion_id]) VALUES (2, NULL, 1)
INSERT [dbo].[area_plazo_distribucion] ([area_id], [ruta_autorizacion], [plazo_distribucion_id]) VALUES (3, NULL, 1)
INSERT [dbo].[area_plazo_distribucion] ([area_id], [ruta_autorizacion], [plazo_distribucion_id]) VALUES (4, NULL, 1)
INSERT [dbo].[area_plazo_distribucion] ([area_id], [ruta_autorizacion], [plazo_distribucion_id]) VALUES (9, NULL, 4)
INSERT [dbo].[area_plazo_distribucion] ([area_id], [ruta_autorizacion], [plazo_distribucion_id]) VALUES (13, NULL, 4)
INSERT [dbo].[buzon_plazo_distribucion] ([buzon_id], [ruta_autorizacion], [plazo_distribucion_id]) VALUES (5, NULL, 1)
INSERT [dbo].[buzon_plazo_distribucion] ([buzon_id], [ruta_autorizacion], [plazo_distribucion_id]) VALUES (6, NULL, 1)
INSERT [dbo].[buzon_plazo_distribucion] ([buzon_id], [ruta_autorizacion], [plazo_distribucion_id]) VALUES (7, NULL, 1)
INSERT [dbo].[buzon_plazo_distribucion] ([buzon_id], [ruta_autorizacion], [plazo_distribucion_id]) VALUES (8, NULL, 6)
INSERT [dbo].[buzon_plazo_distribucion] ([buzon_id], [ruta_autorizacion], [plazo_distribucion_id]) VALUES (9, NULL, 4)
INSERT [dbo].[buzon_plazo_distribucion] ([buzon_id], [ruta_autorizacion], [plazo_distribucion_id]) VALUES (10, NULL, 4)
INSERT [dbo].[proveedor_plazo_distribucion] ([proveedor_id], [plazo_distribucion_id]) VALUES (1, 1)
INSERT [dbo].[proveedor_plazo_distribucion] ([proveedor_id], [plazo_distribucion_id]) VALUES (1, 2)
INSERT [dbo].[proveedor_plazo_distribucion] ([proveedor_id], [plazo_distribucion_id]) VALUES (1, 3)
INSERT [dbo].[proveedor_plazo_distribucion] ([proveedor_id], [plazo_distribucion_id]) VALUES (1, 4)
INSERT [dbo].[proveedor_plazo_distribucion] ([proveedor_id], [plazo_distribucion_id]) VALUES (2, 1)
INSERT [dbo].[proveedor_plazo_distribucion] ([proveedor_id], [plazo_distribucion_id]) VALUES (2, 2)
INSERT [dbo].[proveedor_plazo_distribucion] ([proveedor_id], [plazo_distribucion_id]) VALUES (2, 3)
INSERT [dbo].[proveedor_plazo_distribucion] ([proveedor_id], [plazo_distribucion_id]) VALUES (2, 4)
INSERT [dbo].[region_plazo_distribucion] ([plazo_distribucion_id], [region_id], [region], [tiempo_envio]) VALUES (1, 1, NULL, 96)
INSERT [dbo].[region_plazo_distribucion] ([plazo_distribucion_id], [region_id], [region], [tiempo_envio]) VALUES (2, 1, NULL, 72)
INSERT [dbo].[region_plazo_distribucion] ([plazo_distribucion_id], [region_id], [region], [tiempo_envio]) VALUES (3, 1, NULL, 48)
INSERT [dbo].[region_plazo_distribucion] ([plazo_distribucion_id], [region_id], [region], [tiempo_envio]) VALUES (4, 1, NULL, 24)
INSERT [dbo].[region_plazo_distribucion] ([plazo_distribucion_id], [region_id], [region], [tiempo_envio]) VALUES (5, 1, NULL, 4)
INSERT [dbo].[region_plazo_distribucion] ([plazo_distribucion_id], [region_id], [region], [tiempo_envio]) VALUES (6, 1, NULL, 2)
INSERT [dbo].[region_plazo_distribucion] ([plazo_distribucion_id], [region_id], [region], [tiempo_envio]) VALUES (7, 1, NULL, 2)
SET IDENTITY_INSERT [dbo].[documento_reporte] ON 

INSERT [dbo].[documento_reporte] ([documento_reporte_id], [area_nombre], [documento_id], [estado_cargo], [estado_documento_id], [fecha], [plazo_id], [proveedor_id], [sede_id], [tiempo_entrega]) VALUES (1, N'COMERCIAL', 2, 2, 5, CAST(N'2019-06-05T11:17:12.2290000' AS DateTime2), 1, 1, 5, 2)
INSERT [dbo].[documento_reporte] ([documento_reporte_id], [area_nombre], [documento_id], [estado_cargo], [estado_documento_id], [fecha], [plazo_id], [proveedor_id], [sede_id], [tiempo_entrega]) VALUES (2, N'COMERCIAL', 3, 2, 4, CAST(N'2019-06-05T11:17:12.2290000' AS DateTime2), 1, 1, 5, 2)
INSERT [dbo].[documento_reporte] ([documento_reporte_id], [area_nombre], [documento_id], [estado_cargo], [estado_documento_id], [fecha], [plazo_id], [proveedor_id], [sede_id], [tiempo_entrega]) VALUES (3, N'COMERCIAL', 4, 2, 4, CAST(N'2019-06-05T11:17:12.2290000' AS DateTime2), 1, 1, 5, 2)
INSERT [dbo].[documento_reporte] ([documento_reporte_id], [area_nombre], [documento_id], [estado_cargo], [estado_documento_id], [fecha], [plazo_id], [proveedor_id], [sede_id], [tiempo_entrega]) VALUES (4, N'COMERCIAL', 1, 2, 4, CAST(N'2019-06-05T11:17:12.2290000' AS DateTime2), 1, 1, 5, 2)
INSERT [dbo].[documento_reporte] ([documento_reporte_id], [area_nombre], [documento_id], [estado_cargo], [estado_documento_id], [fecha], [plazo_id], [proveedor_id], [sede_id], [tiempo_entrega]) VALUES (5, N'PROYECTOS', 33, 2, 4, CAST(N'2019-06-05T11:17:13.7980000' AS DateTime2), 1, 2, 5, 2)
INSERT [dbo].[documento_reporte] ([documento_reporte_id], [area_nombre], [documento_id], [estado_cargo], [estado_documento_id], [fecha], [plazo_id], [proveedor_id], [sede_id], [tiempo_entrega]) VALUES (6, N'PROYECTOS', 34, 2, 5, CAST(N'2019-06-05T11:17:13.7980000' AS DateTime2), 1, 2, 5, 2)
INSERT [dbo].[documento_reporte] ([documento_reporte_id], [area_nombre], [documento_id], [estado_cargo], [estado_documento_id], [fecha], [plazo_id], [proveedor_id], [sede_id], [tiempo_entrega]) VALUES (7, N'PROYECTOS', 36, 2, 6, CAST(N'2019-06-05T11:17:13.7980000' AS DateTime2), 1, 2, 5, 2)
INSERT [dbo].[documento_reporte] ([documento_reporte_id], [area_nombre], [documento_id], [estado_cargo], [estado_documento_id], [fecha], [plazo_id], [proveedor_id], [sede_id], [tiempo_entrega]) VALUES (8, N'PROYECTOS', 35, 2, 4, CAST(N'2019-06-05T11:17:13.7980000' AS DateTime2), 1, 2, 5, 2)
INSERT [dbo].[documento_reporte] ([documento_reporte_id], [area_nombre], [documento_id], [estado_cargo], [estado_documento_id], [fecha], [plazo_id], [proveedor_id], [sede_id], [tiempo_entrega]) VALUES (9, N'COMERCIAL', 19, 2, 5, CAST(N'2019-06-05T11:17:15.2930000' AS DateTime2), 2, 1, 5, 2)
INSERT [dbo].[documento_reporte] ([documento_reporte_id], [area_nombre], [documento_id], [estado_cargo], [estado_documento_id], [fecha], [plazo_id], [proveedor_id], [sede_id], [tiempo_entrega]) VALUES (10, N'COMERCIAL', 17, 2, 4, CAST(N'2019-06-05T11:17:15.2930000' AS DateTime2), 2, 1, 5, 2)
INSERT [dbo].[documento_reporte] ([documento_reporte_id], [area_nombre], [documento_id], [estado_cargo], [estado_documento_id], [fecha], [plazo_id], [proveedor_id], [sede_id], [tiempo_entrega]) VALUES (11, N'COMERCIAL', 18, 2, 4, CAST(N'2019-06-05T11:17:15.2930000' AS DateTime2), 2, 1, 5, 2)
INSERT [dbo].[documento_reporte] ([documento_reporte_id], [area_nombre], [documento_id], [estado_cargo], [estado_documento_id], [fecha], [plazo_id], [proveedor_id], [sede_id], [tiempo_entrega]) VALUES (12, N'COMERCIAL', 20, 2, 4, CAST(N'2019-06-05T11:17:15.2930000' AS DateTime2), 2, 1, 5, 2)
INSERT [dbo].[documento_reporte] ([documento_reporte_id], [area_nombre], [documento_id], [estado_cargo], [estado_documento_id], [fecha], [plazo_id], [proveedor_id], [sede_id], [tiempo_entrega]) VALUES (13, N'COBRANZAS', 45, 2, 6, CAST(N'2019-06-05T11:17:16.8630000' AS DateTime2), 2, 2, 5, 2)
INSERT [dbo].[documento_reporte] ([documento_reporte_id], [area_nombre], [documento_id], [estado_cargo], [estado_documento_id], [fecha], [plazo_id], [proveedor_id], [sede_id], [tiempo_entrega]) VALUES (14, N'COBRANZAS', 46, 2, 4, CAST(N'2019-06-05T11:17:16.8630000' AS DateTime2), 2, 2, 5, 2)
INSERT [dbo].[documento_reporte] ([documento_reporte_id], [area_nombre], [documento_id], [estado_cargo], [estado_documento_id], [fecha], [plazo_id], [proveedor_id], [sede_id], [tiempo_entrega]) VALUES (15, N'COBRANZAS', 48, 2, 4, CAST(N'2019-06-05T11:17:16.8630000' AS DateTime2), 2, 2, 5, 2)
INSERT [dbo].[documento_reporte] ([documento_reporte_id], [area_nombre], [documento_id], [estado_cargo], [estado_documento_id], [fecha], [plazo_id], [proveedor_id], [sede_id], [tiempo_entrega]) VALUES (16, N'COBRANZAS', 47, 2, 5, CAST(N'2019-06-05T11:17:16.8630000' AS DateTime2), 2, 2, 5, 2)
INSERT [dbo].[documento_reporte] ([documento_reporte_id], [area_nombre], [documento_id], [estado_cargo], [estado_documento_id], [fecha], [plazo_id], [proveedor_id], [sede_id], [tiempo_entrega]) VALUES (17, N'COMERCIAL', 15, 2, 4, CAST(N'2019-06-05T11:18:38.6380000' AS DateTime2), 1, 1, 4, 2)
INSERT [dbo].[documento_reporte] ([documento_reporte_id], [area_nombre], [documento_id], [estado_cargo], [estado_documento_id], [fecha], [plazo_id], [proveedor_id], [sede_id], [tiempo_entrega]) VALUES (18, N'COMERCIAL', 13, 2, 4, CAST(N'2019-06-05T11:18:38.6380000' AS DateTime2), 1, 1, 4, 2)
INSERT [dbo].[documento_reporte] ([documento_reporte_id], [area_nombre], [documento_id], [estado_cargo], [estado_documento_id], [fecha], [plazo_id], [proveedor_id], [sede_id], [tiempo_entrega]) VALUES (19, N'COMERCIAL', 16, 2, 6, CAST(N'2019-06-05T11:18:38.6380000' AS DateTime2), 1, 1, 4, 2)
INSERT [dbo].[documento_reporte] ([documento_reporte_id], [area_nombre], [documento_id], [estado_cargo], [estado_documento_id], [fecha], [plazo_id], [proveedor_id], [sede_id], [tiempo_entrega]) VALUES (20, N'COMERCIAL', 14, 2, 5, CAST(N'2019-06-05T11:18:38.6380000' AS DateTime2), 1, 1, 4, 2)
INSERT [dbo].[documento_reporte] ([documento_reporte_id], [area_nombre], [documento_id], [estado_cargo], [estado_documento_id], [fecha], [plazo_id], [proveedor_id], [sede_id], [tiempo_entrega]) VALUES (21, N'PROYECTOS', 29, 2, 4, CAST(N'2019-06-05T11:18:40.0980000' AS DateTime2), 1, 1, 4, 2)
INSERT [dbo].[documento_reporte] ([documento_reporte_id], [area_nombre], [documento_id], [estado_cargo], [estado_documento_id], [fecha], [plazo_id], [proveedor_id], [sede_id], [tiempo_entrega]) VALUES (22, N'PROYECTOS', 32, 2, 5, CAST(N'2019-06-05T11:18:40.0980000' AS DateTime2), 1, 1, 4, 2)
INSERT [dbo].[documento_reporte] ([documento_reporte_id], [area_nombre], [documento_id], [estado_cargo], [estado_documento_id], [fecha], [plazo_id], [proveedor_id], [sede_id], [tiempo_entrega]) VALUES (23, N'PROYECTOS', 31, 2, 4, CAST(N'2019-06-05T11:18:40.0980000' AS DateTime2), 1, 1, 4, 2)
INSERT [dbo].[documento_reporte] ([documento_reporte_id], [area_nombre], [documento_id], [estado_cargo], [estado_documento_id], [fecha], [plazo_id], [proveedor_id], [sede_id], [tiempo_entrega]) VALUES (24, N'PROYECTOS', 30, 2, 4, CAST(N'2019-06-05T11:18:40.0980000' AS DateTime2), 1, 1, 4, 2)
INSERT [dbo].[documento_reporte] ([documento_reporte_id], [area_nombre], [documento_id], [estado_cargo], [estado_documento_id], [fecha], [plazo_id], [proveedor_id], [sede_id], [tiempo_entrega]) VALUES (25, N'COMERCIAL', 8, 2, 4, CAST(N'2019-06-05T11:20:52.1330000' AS DateTime2), 1, 1, 3, 2)
INSERT [dbo].[documento_reporte] ([documento_reporte_id], [area_nombre], [documento_id], [estado_cargo], [estado_documento_id], [fecha], [plazo_id], [proveedor_id], [sede_id], [tiempo_entrega]) VALUES (26, N'COMERCIAL', 5, 2, 4, CAST(N'2019-06-05T11:20:52.1330000' AS DateTime2), 1, 1, 3, 2)
INSERT [dbo].[documento_reporte] ([documento_reporte_id], [area_nombre], [documento_id], [estado_cargo], [estado_documento_id], [fecha], [plazo_id], [proveedor_id], [sede_id], [tiempo_entrega]) VALUES (27, N'COMERCIAL', 6, 2, 4, CAST(N'2019-06-05T11:20:52.1330000' AS DateTime2), 1, 1, 3, 2)
INSERT [dbo].[documento_reporte] ([documento_reporte_id], [area_nombre], [documento_id], [estado_cargo], [estado_documento_id], [fecha], [plazo_id], [proveedor_id], [sede_id], [tiempo_entrega]) VALUES (28, N'COMERCIAL', 7, 2, 5, CAST(N'2019-06-05T11:20:52.1330000' AS DateTime2), 1, 1, 3, 2)
INSERT [dbo].[documento_reporte] ([documento_reporte_id], [area_nombre], [documento_id], [estado_cargo], [estado_documento_id], [fecha], [plazo_id], [proveedor_id], [sede_id], [tiempo_entrega]) VALUES (29, N'PROYECTOS', 25, 2, 6, CAST(N'2019-06-05T11:20:53.8640000' AS DateTime2), 1, 2, 3, 2)
INSERT [dbo].[documento_reporte] ([documento_reporte_id], [area_nombre], [documento_id], [estado_cargo], [estado_documento_id], [fecha], [plazo_id], [proveedor_id], [sede_id], [tiempo_entrega]) VALUES (30, N'PROYECTOS', 27, 2, 5, CAST(N'2019-06-05T11:20:53.8640000' AS DateTime2), 1, 2, 3, 2)
INSERT [dbo].[documento_reporte] ([documento_reporte_id], [area_nombre], [documento_id], [estado_cargo], [estado_documento_id], [fecha], [plazo_id], [proveedor_id], [sede_id], [tiempo_entrega]) VALUES (31, N'PROYECTOS', 26, 2, 4, CAST(N'2019-06-05T11:20:53.8640000' AS DateTime2), 1, 2, 3, 2)
INSERT [dbo].[documento_reporte] ([documento_reporte_id], [area_nombre], [documento_id], [estado_cargo], [estado_documento_id], [fecha], [plazo_id], [proveedor_id], [sede_id], [tiempo_entrega]) VALUES (32, N'PROYECTOS', 28, 2, 4, CAST(N'2019-06-05T11:20:53.8640000' AS DateTime2), 1, 2, 3, 2)
INSERT [dbo].[documento_reporte] ([documento_reporte_id], [area_nombre], [documento_id], [estado_cargo], [estado_documento_id], [fecha], [plazo_id], [proveedor_id], [sede_id], [tiempo_entrega]) VALUES (33, N'COMERCIAL', 24, 2, 4, CAST(N'2019-06-05T11:20:57.0670000' AS DateTime2), 2, 1, 3, 2)
INSERT [dbo].[documento_reporte] ([documento_reporte_id], [area_nombre], [documento_id], [estado_cargo], [estado_documento_id], [fecha], [plazo_id], [proveedor_id], [sede_id], [tiempo_entrega]) VALUES (34, N'COMERCIAL', 22, 2, 4, CAST(N'2019-06-05T11:20:57.0670000' AS DateTime2), 2, 1, 3, 2)
INSERT [dbo].[documento_reporte] ([documento_reporte_id], [area_nombre], [documento_id], [estado_cargo], [estado_documento_id], [fecha], [plazo_id], [proveedor_id], [sede_id], [tiempo_entrega]) VALUES (35, N'COMERCIAL', 21, 2, 4, CAST(N'2019-06-05T11:20:57.0670000' AS DateTime2), 2, 1, 3, 2)
INSERT [dbo].[documento_reporte] ([documento_reporte_id], [area_nombre], [documento_id], [estado_cargo], [estado_documento_id], [fecha], [plazo_id], [proveedor_id], [sede_id], [tiempo_entrega]) VALUES (36, N'COMERCIAL', 23, 2, 5, CAST(N'2019-06-05T11:20:57.0670000' AS DateTime2), 2, 1, 3, 2)
INSERT [dbo].[documento_reporte] ([documento_reporte_id], [area_nombre], [documento_id], [estado_cargo], [estado_documento_id], [fecha], [plazo_id], [proveedor_id], [sede_id], [tiempo_entrega]) VALUES (37, N'COBRANZAS', 41, 2, 4, CAST(N'2019-06-05T11:20:58.6550000' AS DateTime2), 2, 2, 3, 2)
INSERT [dbo].[documento_reporte] ([documento_reporte_id], [area_nombre], [documento_id], [estado_cargo], [estado_documento_id], [fecha], [plazo_id], [proveedor_id], [sede_id], [tiempo_entrega]) VALUES (38, N'COBRANZAS', 43, 2, 4, CAST(N'2019-06-05T11:20:58.6550000' AS DateTime2), 2, 2, 3, 2)
INSERT [dbo].[documento_reporte] ([documento_reporte_id], [area_nombre], [documento_id], [estado_cargo], [estado_documento_id], [fecha], [plazo_id], [proveedor_id], [sede_id], [tiempo_entrega]) VALUES (39, N'COBRANZAS', 42, 2, 5, CAST(N'2019-06-05T11:20:58.6550000' AS DateTime2), 2, 2, 3, 2)
INSERT [dbo].[documento_reporte] ([documento_reporte_id], [area_nombre], [documento_id], [estado_cargo], [estado_documento_id], [fecha], [plazo_id], [proveedor_id], [sede_id], [tiempo_entrega]) VALUES (40, N'COBRANZAS', 44, 2, 5, CAST(N'2019-06-05T11:20:58.6550000' AS DateTime2), 2, 2, 3, 2)
INSERT [dbo].[documento_reporte] ([documento_reporte_id], [area_nombre], [documento_id], [estado_cargo], [estado_documento_id], [fecha], [plazo_id], [proveedor_id], [sede_id], [tiempo_entrega]) VALUES (41, N'COMERCIAL', 9, 2, 6, CAST(N'2019-06-05T11:22:54.6080000' AS DateTime2), 1, 1, 6, 2)
INSERT [dbo].[documento_reporte] ([documento_reporte_id], [area_nombre], [documento_id], [estado_cargo], [estado_documento_id], [fecha], [plazo_id], [proveedor_id], [sede_id], [tiempo_entrega]) VALUES (42, N'COMERCIAL', 11, 2, 5, CAST(N'2019-06-05T11:22:54.6080000' AS DateTime2), 1, 1, 6, 2)
INSERT [dbo].[documento_reporte] ([documento_reporte_id], [area_nombre], [documento_id], [estado_cargo], [estado_documento_id], [fecha], [plazo_id], [proveedor_id], [sede_id], [tiempo_entrega]) VALUES (43, N'COMERCIAL', 10, 2, 4, CAST(N'2019-06-05T11:22:54.6080000' AS DateTime2), 1, 1, 6, 2)
INSERT [dbo].[documento_reporte] ([documento_reporte_id], [area_nombre], [documento_id], [estado_cargo], [estado_documento_id], [fecha], [plazo_id], [proveedor_id], [sede_id], [tiempo_entrega]) VALUES (44, N'COMERCIAL', 12, 2, 4, CAST(N'2019-06-05T11:22:54.6080000' AS DateTime2), 1, 1, 6, 2)
INSERT [dbo].[documento_reporte] ([documento_reporte_id], [area_nombre], [documento_id], [estado_cargo], [estado_documento_id], [fecha], [plazo_id], [proveedor_id], [sede_id], [tiempo_entrega]) VALUES (45, N'PROYECTOS', 38, 2, 4, CAST(N'2019-06-05T11:22:56.5080000' AS DateTime2), 1, 2, 6, 2)
INSERT [dbo].[documento_reporte] ([documento_reporte_id], [area_nombre], [documento_id], [estado_cargo], [estado_documento_id], [fecha], [plazo_id], [proveedor_id], [sede_id], [tiempo_entrega]) VALUES (46, N'PROYECTOS', 40, 2, 4, CAST(N'2019-06-05T11:22:56.5080000' AS DateTime2), 1, 2, 6, 2)
INSERT [dbo].[documento_reporte] ([documento_reporte_id], [area_nombre], [documento_id], [estado_cargo], [estado_documento_id], [fecha], [plazo_id], [proveedor_id], [sede_id], [tiempo_entrega]) VALUES (47, N'PROYECTOS', 37, 2, 4, CAST(N'2019-06-05T11:22:56.5080000' AS DateTime2), 1, 2, 6, 2)
INSERT [dbo].[documento_reporte] ([documento_reporte_id], [area_nombre], [documento_id], [estado_cargo], [estado_documento_id], [fecha], [plazo_id], [proveedor_id], [sede_id], [tiempo_entrega]) VALUES (48, N'PROYECTOS', 39, 2, 5, CAST(N'2019-06-05T11:22:56.5080000' AS DateTime2), 1, 2, 6, 2)
INSERT [dbo].[documento_reporte] ([documento_reporte_id], [area_nombre], [documento_id], [estado_cargo], [estado_documento_id], [fecha], [plazo_id], [proveedor_id], [sede_id], [tiempo_entrega]) VALUES (49, N'CONTABILIDAD', 52, 2, 5, CAST(N'2019-06-05T11:32:05.1520000' AS DateTime2), 1, 1, 5, 3)
INSERT [dbo].[documento_reporte] ([documento_reporte_id], [area_nombre], [documento_id], [estado_cargo], [estado_documento_id], [fecha], [plazo_id], [proveedor_id], [sede_id], [tiempo_entrega]) VALUES (50, N'CONTABILIDAD', 50, 2, 5, CAST(N'2019-06-05T11:32:05.1520000' AS DateTime2), 1, 1, 5, 3)
INSERT [dbo].[documento_reporte] ([documento_reporte_id], [area_nombre], [documento_id], [estado_cargo], [estado_documento_id], [fecha], [plazo_id], [proveedor_id], [sede_id], [tiempo_entrega]) VALUES (51, N'CONTABILIDAD', 51, 2, 4, CAST(N'2019-06-05T11:32:05.1520000' AS DateTime2), 1, 1, 5, 3)
INSERT [dbo].[documento_reporte] ([documento_reporte_id], [area_nombre], [documento_id], [estado_cargo], [estado_documento_id], [fecha], [plazo_id], [proveedor_id], [sede_id], [tiempo_entrega]) VALUES (52, N'CONTABILIDAD', 49, 2, 4, CAST(N'2019-06-05T11:32:05.1520000' AS DateTime2), 1, 1, 5, 3)
INSERT [dbo].[documento_reporte] ([documento_reporte_id], [area_nombre], [documento_id], [estado_cargo], [estado_documento_id], [fecha], [plazo_id], [proveedor_id], [sede_id], [tiempo_entrega]) VALUES (53, N'PROYECTOS', 56, 2, 4, CAST(N'2019-06-05T11:33:18.9010000' AS DateTime2), 1, 2, 3, 3)
INSERT [dbo].[documento_reporte] ([documento_reporte_id], [area_nombre], [documento_id], [estado_cargo], [estado_documento_id], [fecha], [plazo_id], [proveedor_id], [sede_id], [tiempo_entrega]) VALUES (54, N'PROYECTOS', 54, 2, 4, CAST(N'2019-06-05T11:33:18.9010000' AS DateTime2), 1, 2, 3, 3)
INSERT [dbo].[documento_reporte] ([documento_reporte_id], [area_nombre], [documento_id], [estado_cargo], [estado_documento_id], [fecha], [plazo_id], [proveedor_id], [sede_id], [tiempo_entrega]) VALUES (55, N'PROYECTOS', 53, 2, 4, CAST(N'2019-06-05T11:33:18.9010000' AS DateTime2), 1, 2, 3, 3)
INSERT [dbo].[documento_reporte] ([documento_reporte_id], [area_nombre], [documento_id], [estado_cargo], [estado_documento_id], [fecha], [plazo_id], [proveedor_id], [sede_id], [tiempo_entrega]) VALUES (56, N'PROYECTOS', 55, 2, 6, CAST(N'2019-06-05T11:33:18.9010000' AS DateTime2), 1, 2, 3, 3)
SET IDENTITY_INSERT [dbo].[documento_reporte] OFF
