USE [db_externa_core]
GO
SET IDENTITY_INSERT [dbo].[tipo_plazo_distribucion] ON 

INSERT [dbo].[tipo_plazo_distribucion] ([tipo_plazo_distribucion_id], [nombre]) VALUES (1, N'REGULAR')
INSERT [dbo].[tipo_plazo_distribucion] ([tipo_plazo_distribucion_id], [nombre]) VALUES (2, N'ESPECIAL')
INSERT [dbo].[tipo_plazo_distribucion] ([tipo_plazo_distribucion_id], [nombre]) VALUES (3, N'EXPRESS')
SET IDENTITY_INSERT [dbo].[tipo_plazo_distribucion] OFF
SET IDENTITY_INSERT [dbo].[plazo_distribucion] ON 

INSERT [dbo].[plazo_distribucion] ([plazo_distribucion_id], [activo], [nombre], [tiempo_envio], [tipo_plazo_distribucion_id]) VALUES (1, 1, N'ESTÁNDAR', 96, 1)
INSERT [dbo].[plazo_distribucion] ([plazo_distribucion_id], [activo], [nombre], [tiempo_envio], [tipo_plazo_distribucion_id]) VALUES (2, 1, N'72 HORAS', 72, 2)
INSERT [dbo].[plazo_distribucion] ([plazo_distribucion_id], [activo], [nombre], [tiempo_envio], [tipo_plazo_distribucion_id]) VALUES (3, 1, N'48 HORAS', 48, 2)
INSERT [dbo].[plazo_distribucion] ([plazo_distribucion_id], [activo], [nombre], [tiempo_envio], [tipo_plazo_distribucion_id]) VALUES (4, 1, N'24 HORAS', 24, 2)
INSERT [dbo].[plazo_distribucion] ([plazo_distribucion_id], [activo], [nombre], [tiempo_envio], [tipo_plazo_distribucion_id]) VALUES (5, 1, N'4 HORAS', 4, 2)
INSERT [dbo].[plazo_distribucion] ([plazo_distribucion_id], [activo], [nombre], [tiempo_envio], [tipo_plazo_distribucion_id]) VALUES (6, 1, N'2 HORAS', 2, 3)
INSERT [dbo].[plazo_distribucion] ([plazo_distribucion_id], [activo], [nombre], [tiempo_envio], [tipo_plazo_distribucion_id]) VALUES (7, 1, N'DIRECTORIO', 2, 3)
SET IDENTITY_INSERT [dbo].[plazo_distribucion] OFF
SET IDENTITY_INSERT [dbo].[tipo_envio] ON 

INSERT [dbo].[tipo_envio] ([tipo_envio_id], [nombre]) VALUES (1, N'ENVIO REGULAR')
INSERT [dbo].[tipo_envio] ([tipo_envio_id], [nombre]) VALUES (2, N'ENVIO BLOQUE')
SET IDENTITY_INSERT [dbo].[tipo_envio] OFF
SET IDENTITY_INSERT [dbo].[tipo_seguridad] ON 

INSERT [dbo].[tipo_seguridad] ([tipo_seguridad_id], [activo], [nombre]) VALUES (1, 1, N'SIN GPS')
INSERT [dbo].[tipo_seguridad] ([tipo_seguridad_id], [activo], [nombre]) VALUES (2, 1, N'GPS BÁSICO')
SET IDENTITY_INSERT [dbo].[tipo_seguridad] OFF
SET IDENTITY_INSERT [dbo].[tipo_servicio] ON 

INSERT [dbo].[tipo_servicio] ([tipo_servicio_id], [activo], [nombre]) VALUES (1, 1, N'DISTRIBUCIÓN')
SET IDENTITY_INSERT [dbo].[tipo_servicio] OFF
SET IDENTITY_INSERT [dbo].[envio] ON 

INSERT [dbo].[envio] ([envio_id], [buzon_id], [producto_id], [ruta_autorizacion], [sede_id], [tipo_clasificacion_id], [plazo_distribucion_id], [tipo_envio_id], [tipo_seguridad_id], [tipo_servicio_id]) VALUES (1, 5, 1, NULL, 5, 1, 1, 1, 1, 1)
INSERT [dbo].[envio] ([envio_id], [buzon_id], [producto_id], [ruta_autorizacion], [sede_id], [tipo_clasificacion_id], [plazo_distribucion_id], [tipo_envio_id], [tipo_seguridad_id], [tipo_servicio_id]) VALUES (2, 6, 1, NULL, 4, 1, 1, 1, 1, 1)
INSERT [dbo].[envio] ([envio_id], [buzon_id], [producto_id], [ruta_autorizacion], [sede_id], [tipo_clasificacion_id], [plazo_distribucion_id], [tipo_envio_id], [tipo_seguridad_id], [tipo_servicio_id]) VALUES (3, 7, 1, NULL, 3, 1, 1, 1, 1, 1)
INSERT [dbo].[envio] ([envio_id], [buzon_id], [producto_id], [ruta_autorizacion], [sede_id], [tipo_clasificacion_id], [plazo_distribucion_id], [tipo_envio_id], [tipo_seguridad_id], [tipo_servicio_id]) VALUES (4, 8, 1, NULL, 6, 1, 1, 1, 1, 1)
INSERT [dbo].[envio] ([envio_id], [buzon_id], [producto_id], [ruta_autorizacion], [sede_id], [tipo_clasificacion_id], [plazo_distribucion_id], [tipo_envio_id], [tipo_seguridad_id], [tipo_servicio_id]) VALUES (5, 10, 1, NULL, 3, 1, 1, 2, 1, 1)
INSERT [dbo].[envio] ([envio_id], [buzon_id], [producto_id], [ruta_autorizacion], [sede_id], [tipo_clasificacion_id], [plazo_distribucion_id], [tipo_envio_id], [tipo_seguridad_id], [tipo_servicio_id]) VALUES (6, 11, 1, NULL, 4, 1, 1, 2, 1, 1)
SET IDENTITY_INSERT [dbo].[envio] OFF
SET IDENTITY_INSERT [dbo].[documento] ON 

INSERT [dbo].[documento] ([documento_id], [codigo_devolucion], [contacto_destino], [direccion], [distrito_id], [documento_autogenerado], [nro_documento], [razon_social_destino], [recepcionado], [referencia], [telefono], [envio_id]) VALUES (1, NULL, N'RONALD SANTOS', N'DIR62', 1, N'EX00000001', N'DOC000011', N'RONALD SANTOS', 0, N'ABC', N'5566', 1)
INSERT [dbo].[documento] ([documento_id], [codigo_devolucion], [contacto_destino], [direccion], [distrito_id], [documento_autogenerado], [nro_documento], [razon_social_destino], [recepcionado], [referencia], [telefono], [envio_id]) VALUES (2, NULL, N'RONALD SANTOS', N'DIR63', 1, N'EX00000002', N'DOC000012', N'RONALD SANTOS', 0, N'ABC', N'5567', 1)
INSERT [dbo].[documento] ([documento_id], [codigo_devolucion], [contacto_destino], [direccion], [distrito_id], [documento_autogenerado], [nro_documento], [razon_social_destino], [recepcionado], [referencia], [telefono], [envio_id]) VALUES (3, NULL, N'RONALD SANTOS', N'DIR66', 1, N'EX00000003', N'DOC000015', N'RONALD SANTOS', 0, N'ABC', N'5570', 1)
INSERT [dbo].[documento] ([documento_id], [codigo_devolucion], [contacto_destino], [direccion], [distrito_id], [documento_autogenerado], [nro_documento], [razon_social_destino], [recepcionado], [referencia], [telefono], [envio_id]) VALUES (4, NULL, N'RONALD SANTOS', N'DIR65', 1, N'EX00000004', N'DOC000014', N'RONALD SANTOS', 0, N'ABC', N'5569', 1)
INSERT [dbo].[documento] ([documento_id], [codigo_devolucion], [contacto_destino], [direccion], [distrito_id], [documento_autogenerado], [nro_documento], [razon_social_destino], [recepcionado], [referencia], [telefono], [envio_id]) VALUES (5, NULL, N'RONALD SANTOS', N'DIR54', 1, N'EX00000005', N'DOC000003', N'RONALD SANTOS', 0, N'ABC', N'5558', 1)
INSERT [dbo].[documento] ([documento_id], [codigo_devolucion], [contacto_destino], [direccion], [distrito_id], [documento_autogenerado], [nro_documento], [razon_social_destino], [recepcionado], [referencia], [telefono], [envio_id]) VALUES (6, NULL, N'RONALD SANTOS', N'DIR59', 1, N'EX00000006', N'DOC000008', N'RONALD SANTOS', 0, N'ABC', N'5563', 1)
INSERT [dbo].[documento] ([documento_id], [codigo_devolucion], [contacto_destino], [direccion], [distrito_id], [documento_autogenerado], [nro_documento], [razon_social_destino], [recepcionado], [referencia], [telefono], [envio_id]) VALUES (7, NULL, N'RONALD SANTOS', N'DIR53', 1, N'EX00000007', N'DOC000002', N'RONALD SANTOS', 0, N'ABC', N'5557', 1)
INSERT [dbo].[documento] ([documento_id], [codigo_devolucion], [contacto_destino], [direccion], [distrito_id], [documento_autogenerado], [nro_documento], [razon_social_destino], [recepcionado], [referencia], [telefono], [envio_id]) VALUES (8, NULL, N'RONALD SANTOS', N'DIR59', 1, N'EX00000008', N'DOC000008', N'RONALD SANTOS', 0, N'ABC', N'5563', 2)
INSERT [dbo].[documento] ([documento_id], [codigo_devolucion], [contacto_destino], [direccion], [distrito_id], [documento_autogenerado], [nro_documento], [razon_social_destino], [recepcionado], [referencia], [telefono], [envio_id]) VALUES (9, NULL, N'RONALD SANTOS', N'DIR66', 1, N'EX00000009', N'DOC000015', N'RONALD SANTOS', 0, N'ABC', N'5570', 2)
INSERT [dbo].[documento] ([documento_id], [codigo_devolucion], [contacto_destino], [direccion], [distrito_id], [documento_autogenerado], [nro_documento], [razon_social_destino], [recepcionado], [referencia], [telefono], [envio_id]) VALUES (10, NULL, N'RONALD SANTOS', N'DIR65', 1, N'EX00000010', N'DOC000014', N'RONALD SANTOS', 0, N'ABC', N'5569', 2)
INSERT [dbo].[documento] ([documento_id], [codigo_devolucion], [contacto_destino], [direccion], [distrito_id], [documento_autogenerado], [nro_documento], [razon_social_destino], [recepcionado], [referencia], [telefono], [envio_id]) VALUES (11, NULL, N'RONALD SANTOS', N'DIR63', 1, N'EX00000011', N'DOC000012', N'RONALD SANTOS', 0, N'ABC', N'5567', 2)
INSERT [dbo].[documento] ([documento_id], [codigo_devolucion], [contacto_destino], [direccion], [distrito_id], [documento_autogenerado], [nro_documento], [razon_social_destino], [recepcionado], [referencia], [telefono], [envio_id]) VALUES (12, NULL, N'RONALD SANTOS', N'DIR54', 1, N'EX00000012', N'DOC000003', N'RONALD SANTOS', 0, N'ABC', N'5558', 2)
INSERT [dbo].[documento] ([documento_id], [codigo_devolucion], [contacto_destino], [direccion], [distrito_id], [documento_autogenerado], [nro_documento], [razon_social_destino], [recepcionado], [referencia], [telefono], [envio_id]) VALUES (13, NULL, N'RONALD SANTOS', N'DIR53', 1, N'EX00000013', N'DOC000002', N'RONALD SANTOS', 0, N'ABC', N'5557', 2)
INSERT [dbo].[documento] ([documento_id], [codigo_devolucion], [contacto_destino], [direccion], [distrito_id], [documento_autogenerado], [nro_documento], [razon_social_destino], [recepcionado], [referencia], [telefono], [envio_id]) VALUES (14, NULL, N'RONALD SANTOS', N'DIR62', 1, N'EX00000014', N'DOC000011', N'RONALD SANTOS', 0, N'ABC', N'5566', 2)
INSERT [dbo].[documento] ([documento_id], [codigo_devolucion], [contacto_destino], [direccion], [distrito_id], [documento_autogenerado], [nro_documento], [razon_social_destino], [recepcionado], [referencia], [telefono], [envio_id]) VALUES (15, NULL, N'RONALD SANTOS', N'DIR54', 1, N'EX00000015', N'DOC000003', N'RONALD SANTOS', 0, N'ABC', N'5558', 3)
INSERT [dbo].[documento] ([documento_id], [codigo_devolucion], [contacto_destino], [direccion], [distrito_id], [documento_autogenerado], [nro_documento], [razon_social_destino], [recepcionado], [referencia], [telefono], [envio_id]) VALUES (16, NULL, N'RONALD SANTOS', N'DIR63', 1, N'EX00000016', N'DOC000012', N'RONALD SANTOS', 0, N'ABC', N'5567', 3)
INSERT [dbo].[documento] ([documento_id], [codigo_devolucion], [contacto_destino], [direccion], [distrito_id], [documento_autogenerado], [nro_documento], [razon_social_destino], [recepcionado], [referencia], [telefono], [envio_id]) VALUES (17, NULL, N'RONALD SANTOS', N'DIR53', 1, N'EX00000017', N'DOC000002', N'RONALD SANTOS', 0, N'ABC', N'5557', 3)
INSERT [dbo].[documento] ([documento_id], [codigo_devolucion], [contacto_destino], [direccion], [distrito_id], [documento_autogenerado], [nro_documento], [razon_social_destino], [recepcionado], [referencia], [telefono], [envio_id]) VALUES (18, NULL, N'RONALD SANTOS', N'DIR62', 1, N'EX00000018', N'DOC000011', N'RONALD SANTOS', 0, N'ABC', N'5566', 3)
INSERT [dbo].[documento] ([documento_id], [codigo_devolucion], [contacto_destino], [direccion], [distrito_id], [documento_autogenerado], [nro_documento], [razon_social_destino], [recepcionado], [referencia], [telefono], [envio_id]) VALUES (19, NULL, N'RONALD SANTOS', N'DIR66', 1, N'EX00000019', N'DOC000015', N'RONALD SANTOS', 0, N'ABC', N'5570', 3)
INSERT [dbo].[documento] ([documento_id], [codigo_devolucion], [contacto_destino], [direccion], [distrito_id], [documento_autogenerado], [nro_documento], [razon_social_destino], [recepcionado], [referencia], [telefono], [envio_id]) VALUES (20, NULL, N'RONALD SANTOS', N'DIR65', 1, N'EX00000020', N'DOC000014', N'RONALD SANTOS', 0, N'ABC', N'5569', 3)
INSERT [dbo].[documento] ([documento_id], [codigo_devolucion], [contacto_destino], [direccion], [distrito_id], [documento_autogenerado], [nro_documento], [razon_social_destino], [recepcionado], [referencia], [telefono], [envio_id]) VALUES (21, NULL, N'RONALD SANTOS', N'DIR59', 1, N'EX00000021', N'DOC000008', N'RONALD SANTOS', 0, N'ABC', N'5563', 3)
INSERT [dbo].[documento] ([documento_id], [codigo_devolucion], [contacto_destino], [direccion], [distrito_id], [documento_autogenerado], [nro_documento], [razon_social_destino], [recepcionado], [referencia], [telefono], [envio_id]) VALUES (22, NULL, N'RONALD SANTOS', N'DIR63', 1, N'EX00000022', N'DOC000012', N'RONALD SANTOS', 0, N'ABC', N'5567', 4)
INSERT [dbo].[documento] ([documento_id], [codigo_devolucion], [contacto_destino], [direccion], [distrito_id], [documento_autogenerado], [nro_documento], [razon_social_destino], [recepcionado], [referencia], [telefono], [envio_id]) VALUES (23, NULL, N'RONALD SANTOS', N'DIR66', 1, N'EX00000023', N'DOC000015', N'RONALD SANTOS', 0, N'ABC', N'5570', 4)
INSERT [dbo].[documento] ([documento_id], [codigo_devolucion], [contacto_destino], [direccion], [distrito_id], [documento_autogenerado], [nro_documento], [razon_social_destino], [recepcionado], [referencia], [telefono], [envio_id]) VALUES (24, NULL, N'RONALD SANTOS', N'DIR65', 1, N'EX00000024', N'DOC000014', N'RONALD SANTOS', 0, N'ABC', N'5569', 4)
INSERT [dbo].[documento] ([documento_id], [codigo_devolucion], [contacto_destino], [direccion], [distrito_id], [documento_autogenerado], [nro_documento], [razon_social_destino], [recepcionado], [referencia], [telefono], [envio_id]) VALUES (25, NULL, N'RONALD SANTOS', N'DIR54', 1, N'EX00000025', N'DOC000003', N'RONALD SANTOS', 0, N'ABC', N'5558', 4)
INSERT [dbo].[documento] ([documento_id], [codigo_devolucion], [contacto_destino], [direccion], [distrito_id], [documento_autogenerado], [nro_documento], [razon_social_destino], [recepcionado], [referencia], [telefono], [envio_id]) VALUES (26, NULL, N'RONALD SANTOS', N'DIR53', 1, N'EX00000026', N'DOC000002', N'RONALD SANTOS', 0, N'ABC', N'5557', 4)
INSERT [dbo].[documento] ([documento_id], [codigo_devolucion], [contacto_destino], [direccion], [distrito_id], [documento_autogenerado], [nro_documento], [razon_social_destino], [recepcionado], [referencia], [telefono], [envio_id]) VALUES (27, NULL, N'RONALD SANTOS', N'DIR59', 1, N'EX00000027', N'DOC000008', N'RONALD SANTOS', 0, N'ABC', N'5563', 4)
INSERT [dbo].[documento] ([documento_id], [codigo_devolucion], [contacto_destino], [direccion], [distrito_id], [documento_autogenerado], [nro_documento], [razon_social_destino], [recepcionado], [referencia], [telefono], [envio_id]) VALUES (28, NULL, N'RONALD SANTOS', N'DIR62', 1, N'EX00000028', N'DOC000011', N'RONALD SANTOS', 0, N'ABC', N'5566', 4)
INSERT [dbo].[documento] ([documento_id], [codigo_devolucion], [contacto_destino], [direccion], [distrito_id], [documento_autogenerado], [nro_documento], [razon_social_destino], [recepcionado], [referencia], [telefono], [envio_id]) VALUES (29, NULL, N'RONALD SANTOS', N'DIR63', 1, N'EX00000029', N'DOC000012', N'RONALD SANTOS', 0, N'ABC', N'5567', 5)
INSERT [dbo].[documento] ([documento_id], [codigo_devolucion], [contacto_destino], [direccion], [distrito_id], [documento_autogenerado], [nro_documento], [razon_social_destino], [recepcionado], [referencia], [telefono], [envio_id]) VALUES (30, NULL, N'RONALD SANTOS', N'DIR59', 1, N'EX00000030', N'DOC000008', N'RONALD SANTOS', 0, N'ABC', N'5563', 5)
INSERT [dbo].[documento] ([documento_id], [codigo_devolucion], [contacto_destino], [direccion], [distrito_id], [documento_autogenerado], [nro_documento], [razon_social_destino], [recepcionado], [referencia], [telefono], [envio_id]) VALUES (31, NULL, N'RONALD SANTOS', N'DIR62', 1, N'EX00000031', N'DOC000011', N'RONALD SANTOS', 0, N'ABC', N'5566', 5)
INSERT [dbo].[documento] ([documento_id], [codigo_devolucion], [contacto_destino], [direccion], [distrito_id], [documento_autogenerado], [nro_documento], [razon_social_destino], [recepcionado], [referencia], [telefono], [envio_id]) VALUES (32, NULL, N'RONALD SANTOS', N'DIR65', 1, N'EX00000032', N'DOC000014', N'RONALD SANTOS', 0, N'ABC', N'5569', 5)
INSERT [dbo].[documento] ([documento_id], [codigo_devolucion], [contacto_destino], [direccion], [distrito_id], [documento_autogenerado], [nro_documento], [razon_social_destino], [recepcionado], [referencia], [telefono], [envio_id]) VALUES (33, NULL, N'RONALD SANTOS', N'DIR66', 1, N'EX00000033', N'DOC000015', N'RONALD SANTOS', 0, N'ABC', N'5570', 5)
INSERT [dbo].[documento] ([documento_id], [codigo_devolucion], [contacto_destino], [direccion], [distrito_id], [documento_autogenerado], [nro_documento], [razon_social_destino], [recepcionado], [referencia], [telefono], [envio_id]) VALUES (34, NULL, N'RONALD SANTOS', N'DIR53', 1, N'EX00000034', N'DOC000002', N'RONALD SANTOS', 0, N'ABC', N'5557', 5)
INSERT [dbo].[documento] ([documento_id], [codigo_devolucion], [contacto_destino], [direccion], [distrito_id], [documento_autogenerado], [nro_documento], [razon_social_destino], [recepcionado], [referencia], [telefono], [envio_id]) VALUES (35, NULL, N'RONALD SANTOS', N'DIR54', 1, N'EX00000035', N'DOC000003', N'RONALD SANTOS', 0, N'ABC', N'5558', 5)
INSERT [dbo].[documento] ([documento_id], [codigo_devolucion], [contacto_destino], [direccion], [distrito_id], [documento_autogenerado], [nro_documento], [razon_social_destino], [recepcionado], [referencia], [telefono], [envio_id]) VALUES (36, NULL, N'RONALD SANTOS', N'DIR54', 1, N'EX00000036', N'DOC000003', N'RONALD SANTOS', 0, N'ABC', N'5558', 6)
INSERT [dbo].[documento] ([documento_id], [codigo_devolucion], [contacto_destino], [direccion], [distrito_id], [documento_autogenerado], [nro_documento], [razon_social_destino], [recepcionado], [referencia], [telefono], [envio_id]) VALUES (37, NULL, N'RONALD SANTOS', N'DIR66', 1, N'EX00000037', N'DOC000015', N'RONALD SANTOS', 0, N'ABC', N'5570', 6)
INSERT [dbo].[documento] ([documento_id], [codigo_devolucion], [contacto_destino], [direccion], [distrito_id], [documento_autogenerado], [nro_documento], [razon_social_destino], [recepcionado], [referencia], [telefono], [envio_id]) VALUES (38, NULL, N'RONALD SANTOS', N'DIR59', 1, N'EX00000038', N'DOC000008', N'RONALD SANTOS', 0, N'ABC', N'5563', 6)
INSERT [dbo].[documento] ([documento_id], [codigo_devolucion], [contacto_destino], [direccion], [distrito_id], [documento_autogenerado], [nro_documento], [razon_social_destino], [recepcionado], [referencia], [telefono], [envio_id]) VALUES (39, NULL, N'RONALD SANTOS', N'DIR65', 1, N'EX00000039', N'DOC000014', N'RONALD SANTOS', 0, N'ABC', N'5569', 6)
INSERT [dbo].[documento] ([documento_id], [codigo_devolucion], [contacto_destino], [direccion], [distrito_id], [documento_autogenerado], [nro_documento], [razon_social_destino], [recepcionado], [referencia], [telefono], [envio_id]) VALUES (40, NULL, N'RONALD SANTOS', N'DIR53', 1, N'EX00000040', N'DOC000002', N'RONALD SANTOS', 0, N'ABC', N'5557', 6)
INSERT [dbo].[documento] ([documento_id], [codigo_devolucion], [contacto_destino], [direccion], [distrito_id], [documento_autogenerado], [nro_documento], [razon_social_destino], [recepcionado], [referencia], [telefono], [envio_id]) VALUES (41, NULL, N'RONALD SANTOS', N'DIR62', 1, N'EX00000041', N'DOC000011', N'RONALD SANTOS', 0, N'ABC', N'5566', 6)
INSERT [dbo].[documento] ([documento_id], [codigo_devolucion], [contacto_destino], [direccion], [distrito_id], [documento_autogenerado], [nro_documento], [razon_social_destino], [recepcionado], [referencia], [telefono], [envio_id]) VALUES (42, NULL, N'RONALD SANTOS', N'DIR63', 1, N'EX00000042', N'DOC000012', N'RONALD SANTOS', 0, N'ABC', N'5567', 6)
SET IDENTITY_INSERT [dbo].[documento] OFF
SET IDENTITY_INSERT [dbo].[tipo_estado_documento] ON 

INSERT [dbo].[tipo_estado_documento] ([tipo_estado_documento_id], [nombre]) VALUES (1, N'ESTADOS UTD')
INSERT [dbo].[tipo_estado_documento] ([tipo_estado_documento_id], [nombre]) VALUES (2, N'RESULTADOS PROVEEDOR')
SET IDENTITY_INSERT [dbo].[tipo_estado_documento] OFF
SET IDENTITY_INSERT [dbo].[estado_documento] ON 

INSERT [dbo].[estado_documento] ([estado_documento_id], [nombre], [tipo_estado_documento_id]) VALUES (1, N'CREADO', 1)
INSERT [dbo].[estado_documento] ([estado_documento_id], [nombre], [tipo_estado_documento_id]) VALUES (2, N'CUSTODIADO', 1)
INSERT [dbo].[estado_documento] ([estado_documento_id], [nombre], [tipo_estado_documento_id]) VALUES (3, N'PENDIENTE DE ENTREGA', 1)
INSERT [dbo].[estado_documento] ([estado_documento_id], [nombre], [tipo_estado_documento_id]) VALUES (4, N'ENTREGADO', 2)
INSERT [dbo].[estado_documento] ([estado_documento_id], [nombre], [tipo_estado_documento_id]) VALUES (5, N'REZAGADO', 2)
INSERT [dbo].[estado_documento] ([estado_documento_id], [nombre], [tipo_estado_documento_id]) VALUES (6, N'NO DISTRIBUIBLE', 2)
INSERT [dbo].[estado_documento] ([estado_documento_id], [nombre], [tipo_estado_documento_id]) VALUES (7, N'DENEGADO', 1)
INSERT [dbo].[estado_documento] ([estado_documento_id], [nombre], [tipo_estado_documento_id]) VALUES (8, N'ELIMINADO', 1)
INSERT [dbo].[estado_documento] ([estado_documento_id], [nombre], [tipo_estado_documento_id]) VALUES (9, N'CERRADO', 1)
SET IDENTITY_INSERT [dbo].[estado_documento] OFF
SET IDENTITY_INSERT [dbo].[motivo_estado] ON 

INSERT [dbo].[motivo_estado] ([motivo_estado_id], [nombre], [estado_documento_id]) VALUES (1, N'ENTREGADO A TERCERO', 4)
INSERT [dbo].[motivo_estado] ([motivo_estado_id], [nombre], [estado_documento_id]) VALUES (2, N'ENTREGADO A TITULAR', 4)
INSERT [dbo].[motivo_estado] ([motivo_estado_id], [nombre], [estado_documento_id]) VALUES (3, N'ENTREGADO CON FIRMA', 4)
INSERT [dbo].[motivo_estado] ([motivo_estado_id], [nombre], [estado_documento_id]) VALUES (4, N'ENTREGADO CON SELLO', 4)
INSERT [dbo].[motivo_estado] ([motivo_estado_id], [nombre], [estado_documento_id]) VALUES (5, N'ENTREGADO EN AGENCIA', 4)
INSERT [dbo].[motivo_estado] ([motivo_estado_id], [nombre], [estado_documento_id]) VALUES (6, N'ENTREGADO SIN SELLO', 4)
INSERT [dbo].[motivo_estado] ([motivo_estado_id], [nombre], [estado_documento_id]) VALUES (7, N'BUZON', 4)
INSERT [dbo].[motivo_estado] ([motivo_estado_id], [nombre], [estado_documento_id]) VALUES (8, N'BAJO PUERTA', 4)
INSERT [dbo].[motivo_estado] ([motivo_estado_id], [nombre], [estado_documento_id]) VALUES (9, N'AUSENTE', 5)
INSERT [dbo].[motivo_estado] ([motivo_estado_id], [nombre], [estado_documento_id]) VALUES (10, N'DIRECCION INCORRECTA', 5)
INSERT [dbo].[motivo_estado] ([motivo_estado_id], [nombre], [estado_documento_id]) VALUES (11, N'SE MUDO', 5)
INSERT [dbo].[motivo_estado] ([motivo_estado_id], [nombre], [estado_documento_id]) VALUES (12, N'DESCONOCIDO', 5)
INSERT [dbo].[motivo_estado] ([motivo_estado_id], [nombre], [estado_documento_id]) VALUES (13, N'RECHAZADO', 5)
INSERT [dbo].[motivo_estado] ([motivo_estado_id], [nombre], [estado_documento_id]) VALUES (14, N'NO PERMITE ENTREGA', 5)
INSERT [dbo].[motivo_estado] ([motivo_estado_id], [nombre], [estado_documento_id]) VALUES (15, N'FALLECIDO', 5)
INSERT [dbo].[motivo_estado] ([motivo_estado_id], [nombre], [estado_documento_id]) VALUES (16, N'EXTRAVIADO O ROBADO', 6)
INSERT [dbo].[motivo_estado] ([motivo_estado_id], [nombre], [estado_documento_id]) VALUES (17, N'FALTANTE', 6)
INSERT [dbo].[motivo_estado] ([motivo_estado_id], [nombre], [estado_documento_id]) VALUES (18, N'ANULADO', 6)
INSERT [dbo].[motivo_estado] ([motivo_estado_id], [nombre], [estado_documento_id]) VALUES (19, N'DEVUELTO', 6)
INSERT [dbo].[motivo_estado] ([motivo_estado_id], [nombre], [estado_documento_id]) VALUES (20, N'ZONA PELIGROSA', 6)
INSERT [dbo].[motivo_estado] ([motivo_estado_id], [nombre], [estado_documento_id]) VALUES (21, N'SIN COBERTURA', 6)
INSERT [dbo].[motivo_estado] ([motivo_estado_id], [nombre], [estado_documento_id]) VALUES (22, N'NO EXISTE', 6)
INSERT [dbo].[motivo_estado] ([motivo_estado_id], [nombre], [estado_documento_id]) VALUES (23, N'NO ACCESIBLE', 6)
INSERT [dbo].[motivo_estado] ([motivo_estado_id], [nombre], [estado_documento_id]) VALUES (24, N'SIN FISICO', 6)
INSERT [dbo].[motivo_estado] ([motivo_estado_id], [nombre], [estado_documento_id]) VALUES (25, N'SIN RECOJO', 6)
INSERT [dbo].[motivo_estado] ([motivo_estado_id], [nombre], [estado_documento_id]) VALUES (26, N'RETENIDO', 6)
SET IDENTITY_INSERT [dbo].[motivo_estado] OFF
SET IDENTITY_INSERT [dbo].[seguimiento_documento] ON 

INSERT [dbo].[seguimiento_documento] ([seguimiento_documento_id], [fecha], [link_imagen], [observacion], [usuario_id], [documento_id], [estado_documento_id], [motivo_estado_id]) VALUES (1, CAST(N'2019-05-17T16:43:08.8570000' AS DateTime2), NULL, NULL, 5, 1, 1, NULL)
INSERT [dbo].[seguimiento_documento] ([seguimiento_documento_id], [fecha], [link_imagen], [observacion], [usuario_id], [documento_id], [estado_documento_id], [motivo_estado_id]) VALUES (2, CAST(N'2019-05-17T16:43:08.8620000' AS DateTime2), NULL, NULL, 5, 2, 1, NULL)
INSERT [dbo].[seguimiento_documento] ([seguimiento_documento_id], [fecha], [link_imagen], [observacion], [usuario_id], [documento_id], [estado_documento_id], [motivo_estado_id]) VALUES (3, CAST(N'2019-05-17T16:43:08.8640000' AS DateTime2), NULL, NULL, 5, 3, 1, NULL)
INSERT [dbo].[seguimiento_documento] ([seguimiento_documento_id], [fecha], [link_imagen], [observacion], [usuario_id], [documento_id], [estado_documento_id], [motivo_estado_id]) VALUES (4, CAST(N'2019-05-17T16:43:08.8650000' AS DateTime2), NULL, NULL, 5, 4, 1, NULL)
INSERT [dbo].[seguimiento_documento] ([seguimiento_documento_id], [fecha], [link_imagen], [observacion], [usuario_id], [documento_id], [estado_documento_id], [motivo_estado_id]) VALUES (5, CAST(N'2019-05-17T16:43:08.8660000' AS DateTime2), NULL, NULL, 5, 5, 1, NULL)
INSERT [dbo].[seguimiento_documento] ([seguimiento_documento_id], [fecha], [link_imagen], [observacion], [usuario_id], [documento_id], [estado_documento_id], [motivo_estado_id]) VALUES (6, CAST(N'2019-05-17T16:43:08.8670000' AS DateTime2), NULL, NULL, 5, 6, 1, NULL)
INSERT [dbo].[seguimiento_documento] ([seguimiento_documento_id], [fecha], [link_imagen], [observacion], [usuario_id], [documento_id], [estado_documento_id], [motivo_estado_id]) VALUES (7, CAST(N'2019-05-17T16:43:08.8680000' AS DateTime2), NULL, NULL, 5, 7, 1, NULL)
INSERT [dbo].[seguimiento_documento] ([seguimiento_documento_id], [fecha], [link_imagen], [observacion], [usuario_id], [documento_id], [estado_documento_id], [motivo_estado_id]) VALUES (8, CAST(N'2019-05-17T16:43:45.7050000' AS DateTime2), NULL, NULL, 6, 8, 1, NULL)
INSERT [dbo].[seguimiento_documento] ([seguimiento_documento_id], [fecha], [link_imagen], [observacion], [usuario_id], [documento_id], [estado_documento_id], [motivo_estado_id]) VALUES (9, CAST(N'2019-05-17T16:43:45.7080000' AS DateTime2), NULL, NULL, 6, 9, 1, NULL)
INSERT [dbo].[seguimiento_documento] ([seguimiento_documento_id], [fecha], [link_imagen], [observacion], [usuario_id], [documento_id], [estado_documento_id], [motivo_estado_id]) VALUES (10, CAST(N'2019-05-17T16:43:45.7110000' AS DateTime2), NULL, NULL, 6, 10, 1, NULL)
INSERT [dbo].[seguimiento_documento] ([seguimiento_documento_id], [fecha], [link_imagen], [observacion], [usuario_id], [documento_id], [estado_documento_id], [motivo_estado_id]) VALUES (11, CAST(N'2019-05-17T16:43:45.7120000' AS DateTime2), NULL, NULL, 6, 11, 1, NULL)
INSERT [dbo].[seguimiento_documento] ([seguimiento_documento_id], [fecha], [link_imagen], [observacion], [usuario_id], [documento_id], [estado_documento_id], [motivo_estado_id]) VALUES (12, CAST(N'2019-05-17T16:43:45.7130000' AS DateTime2), NULL, NULL, 6, 12, 1, NULL)
INSERT [dbo].[seguimiento_documento] ([seguimiento_documento_id], [fecha], [link_imagen], [observacion], [usuario_id], [documento_id], [estado_documento_id], [motivo_estado_id]) VALUES (13, CAST(N'2019-05-17T16:43:45.7140000' AS DateTime2), NULL, NULL, 6, 13, 1, NULL)
INSERT [dbo].[seguimiento_documento] ([seguimiento_documento_id], [fecha], [link_imagen], [observacion], [usuario_id], [documento_id], [estado_documento_id], [motivo_estado_id]) VALUES (14, CAST(N'2019-05-17T16:43:45.7150000' AS DateTime2), NULL, NULL, 6, 14, 1, NULL)
INSERT [dbo].[seguimiento_documento] ([seguimiento_documento_id], [fecha], [link_imagen], [observacion], [usuario_id], [documento_id], [estado_documento_id], [motivo_estado_id]) VALUES (15, CAST(N'2019-05-17T16:44:22.0950000' AS DateTime2), NULL, NULL, 7, 15, 1, NULL)
INSERT [dbo].[seguimiento_documento] ([seguimiento_documento_id], [fecha], [link_imagen], [observacion], [usuario_id], [documento_id], [estado_documento_id], [motivo_estado_id]) VALUES (16, CAST(N'2019-05-17T16:44:22.0970000' AS DateTime2), NULL, NULL, 7, 16, 1, NULL)
INSERT [dbo].[seguimiento_documento] ([seguimiento_documento_id], [fecha], [link_imagen], [observacion], [usuario_id], [documento_id], [estado_documento_id], [motivo_estado_id]) VALUES (17, CAST(N'2019-05-17T16:44:22.0980000' AS DateTime2), NULL, NULL, 7, 17, 1, NULL)
INSERT [dbo].[seguimiento_documento] ([seguimiento_documento_id], [fecha], [link_imagen], [observacion], [usuario_id], [documento_id], [estado_documento_id], [motivo_estado_id]) VALUES (18, CAST(N'2019-05-17T16:44:22.0980000' AS DateTime2), NULL, NULL, 7, 18, 1, NULL)
INSERT [dbo].[seguimiento_documento] ([seguimiento_documento_id], [fecha], [link_imagen], [observacion], [usuario_id], [documento_id], [estado_documento_id], [motivo_estado_id]) VALUES (19, CAST(N'2019-05-17T16:44:22.0990000' AS DateTime2), NULL, NULL, 7, 19, 1, NULL)
INSERT [dbo].[seguimiento_documento] ([seguimiento_documento_id], [fecha], [link_imagen], [observacion], [usuario_id], [documento_id], [estado_documento_id], [motivo_estado_id]) VALUES (20, CAST(N'2019-05-17T16:44:22.1000000' AS DateTime2), NULL, NULL, 7, 20, 1, NULL)
INSERT [dbo].[seguimiento_documento] ([seguimiento_documento_id], [fecha], [link_imagen], [observacion], [usuario_id], [documento_id], [estado_documento_id], [motivo_estado_id]) VALUES (21, CAST(N'2019-05-17T16:44:22.1010000' AS DateTime2), NULL, NULL, 7, 21, 1, NULL)
INSERT [dbo].[seguimiento_documento] ([seguimiento_documento_id], [fecha], [link_imagen], [observacion], [usuario_id], [documento_id], [estado_documento_id], [motivo_estado_id]) VALUES (22, CAST(N'2019-05-17T16:45:09.5820000' AS DateTime2), NULL, NULL, 8, 22, 1, NULL)
INSERT [dbo].[seguimiento_documento] ([seguimiento_documento_id], [fecha], [link_imagen], [observacion], [usuario_id], [documento_id], [estado_documento_id], [motivo_estado_id]) VALUES (23, CAST(N'2019-05-17T16:45:09.5840000' AS DateTime2), NULL, NULL, 8, 23, 1, NULL)
INSERT [dbo].[seguimiento_documento] ([seguimiento_documento_id], [fecha], [link_imagen], [observacion], [usuario_id], [documento_id], [estado_documento_id], [motivo_estado_id]) VALUES (24, CAST(N'2019-05-17T16:45:09.5850000' AS DateTime2), NULL, NULL, 8, 24, 1, NULL)
INSERT [dbo].[seguimiento_documento] ([seguimiento_documento_id], [fecha], [link_imagen], [observacion], [usuario_id], [documento_id], [estado_documento_id], [motivo_estado_id]) VALUES (25, CAST(N'2019-05-17T16:45:09.5860000' AS DateTime2), NULL, NULL, 8, 25, 1, NULL)
INSERT [dbo].[seguimiento_documento] ([seguimiento_documento_id], [fecha], [link_imagen], [observacion], [usuario_id], [documento_id], [estado_documento_id], [motivo_estado_id]) VALUES (26, CAST(N'2019-05-17T16:45:09.5870000' AS DateTime2), NULL, NULL, 8, 26, 1, NULL)
INSERT [dbo].[seguimiento_documento] ([seguimiento_documento_id], [fecha], [link_imagen], [observacion], [usuario_id], [documento_id], [estado_documento_id], [motivo_estado_id]) VALUES (27, CAST(N'2019-05-17T16:45:09.5880000' AS DateTime2), NULL, NULL, 8, 27, 1, NULL)
INSERT [dbo].[seguimiento_documento] ([seguimiento_documento_id], [fecha], [link_imagen], [observacion], [usuario_id], [documento_id], [estado_documento_id], [motivo_estado_id]) VALUES (28, CAST(N'2019-05-17T16:45:09.5890000' AS DateTime2), NULL, NULL, 8, 28, 1, NULL)
INSERT [dbo].[seguimiento_documento] ([seguimiento_documento_id], [fecha], [link_imagen], [observacion], [usuario_id], [documento_id], [estado_documento_id], [motivo_estado_id]) VALUES (29, CAST(N'2019-05-17T16:51:10.5370000' AS DateTime2), NULL, NULL, 11, 29, 1, NULL)
INSERT [dbo].[seguimiento_documento] ([seguimiento_documento_id], [fecha], [link_imagen], [observacion], [usuario_id], [documento_id], [estado_documento_id], [motivo_estado_id]) VALUES (30, CAST(N'2019-05-17T16:51:10.5390000' AS DateTime2), NULL, NULL, 11, 30, 1, NULL)
INSERT [dbo].[seguimiento_documento] ([seguimiento_documento_id], [fecha], [link_imagen], [observacion], [usuario_id], [documento_id], [estado_documento_id], [motivo_estado_id]) VALUES (31, CAST(N'2019-05-17T16:51:10.5400000' AS DateTime2), NULL, NULL, 11, 31, 1, NULL)
INSERT [dbo].[seguimiento_documento] ([seguimiento_documento_id], [fecha], [link_imagen], [observacion], [usuario_id], [documento_id], [estado_documento_id], [motivo_estado_id]) VALUES (32, CAST(N'2019-05-17T16:51:10.5410000' AS DateTime2), NULL, NULL, 11, 32, 1, NULL)
INSERT [dbo].[seguimiento_documento] ([seguimiento_documento_id], [fecha], [link_imagen], [observacion], [usuario_id], [documento_id], [estado_documento_id], [motivo_estado_id]) VALUES (33, CAST(N'2019-05-17T16:51:10.5420000' AS DateTime2), NULL, NULL, 11, 33, 1, NULL)
INSERT [dbo].[seguimiento_documento] ([seguimiento_documento_id], [fecha], [link_imagen], [observacion], [usuario_id], [documento_id], [estado_documento_id], [motivo_estado_id]) VALUES (34, CAST(N'2019-05-17T16:51:10.5430000' AS DateTime2), NULL, NULL, 11, 34, 1, NULL)
INSERT [dbo].[seguimiento_documento] ([seguimiento_documento_id], [fecha], [link_imagen], [observacion], [usuario_id], [documento_id], [estado_documento_id], [motivo_estado_id]) VALUES (35, CAST(N'2019-05-17T16:51:10.5440000' AS DateTime2), NULL, NULL, 11, 35, 1, NULL)
INSERT [dbo].[seguimiento_documento] ([seguimiento_documento_id], [fecha], [link_imagen], [observacion], [usuario_id], [documento_id], [estado_documento_id], [motivo_estado_id]) VALUES (36, CAST(N'2019-05-17T16:51:56.4270000' AS DateTime2), NULL, NULL, 12, 36, 1, NULL)
INSERT [dbo].[seguimiento_documento] ([seguimiento_documento_id], [fecha], [link_imagen], [observacion], [usuario_id], [documento_id], [estado_documento_id], [motivo_estado_id]) VALUES (37, CAST(N'2019-05-17T16:51:56.4300000' AS DateTime2), NULL, NULL, 12, 37, 1, NULL)
INSERT [dbo].[seguimiento_documento] ([seguimiento_documento_id], [fecha], [link_imagen], [observacion], [usuario_id], [documento_id], [estado_documento_id], [motivo_estado_id]) VALUES (38, CAST(N'2019-05-17T16:51:56.4300000' AS DateTime2), NULL, NULL, 12, 38, 1, NULL)
INSERT [dbo].[seguimiento_documento] ([seguimiento_documento_id], [fecha], [link_imagen], [observacion], [usuario_id], [documento_id], [estado_documento_id], [motivo_estado_id]) VALUES (39, CAST(N'2019-05-17T16:51:56.4310000' AS DateTime2), NULL, NULL, 12, 39, 1, NULL)
INSERT [dbo].[seguimiento_documento] ([seguimiento_documento_id], [fecha], [link_imagen], [observacion], [usuario_id], [documento_id], [estado_documento_id], [motivo_estado_id]) VALUES (40, CAST(N'2019-05-17T16:51:56.4320000' AS DateTime2), NULL, NULL, 12, 40, 1, NULL)
INSERT [dbo].[seguimiento_documento] ([seguimiento_documento_id], [fecha], [link_imagen], [observacion], [usuario_id], [documento_id], [estado_documento_id], [motivo_estado_id]) VALUES (41, CAST(N'2019-05-17T16:51:56.4330000' AS DateTime2), NULL, NULL, 12, 41, 1, NULL)
INSERT [dbo].[seguimiento_documento] ([seguimiento_documento_id], [fecha], [link_imagen], [observacion], [usuario_id], [documento_id], [estado_documento_id], [motivo_estado_id]) VALUES (42, CAST(N'2019-05-17T16:51:56.4340000' AS DateTime2), NULL, NULL, 12, 42, 1, NULL)
SET IDENTITY_INSERT [dbo].[seguimiento_documento] OFF
SET IDENTITY_INSERT [dbo].[proveedor] ON 

INSERT [dbo].[proveedor] ([proveedor_id], [activo], [nombre]) VALUES (1, 1, N'DOCFLOW')
INSERT [dbo].[proveedor] ([proveedor_id], [activo], [nombre]) VALUES (2, 1, N'URBANO')
SET IDENTITY_INSERT [dbo].[proveedor] OFF
SET IDENTITY_INSERT [dbo].[tipo_guia] ON 

INSERT [dbo].[tipo_guia] ([tipo_guia_id], [nombre]) VALUES (1, N' GUIA REGULAR')
INSERT [dbo].[tipo_guia] ([tipo_guia_id], [nombre]) VALUES (2, N' GUIA BLOQUE')
SET IDENTITY_INSERT [dbo].[tipo_guia] OFF
SET IDENTITY_INSERT [dbo].[guia] ON 

INSERT [dbo].[guia] ([guia_id], [numero_guia], [producto_id], [region_id], [sede_id], [tipo_clasificacion_id], [plazo_distribucion_id], [proveedor_id], [tipo_guia_id], [tipo_seguridad_id], [tipo_servicio_id]) VALUES (1, N'123456', 1, 1, 3, 1, 1, 1, 2, 1, 1)
INSERT [dbo].[guia] ([guia_id], [numero_guia], [producto_id], [region_id], [sede_id], [tipo_clasificacion_id], [plazo_distribucion_id], [proveedor_id], [tipo_guia_id], [tipo_seguridad_id], [tipo_servicio_id]) VALUES (2, N'15963257', 1, 1, 4, 1, 1, 1, 2, 1, 1)
SET IDENTITY_INSERT [dbo].[guia] OFF
INSERT [dbo].[documento_guia] ([documento_id], [guia_id], [fecha_asociacion], [validado]) VALUES (29, 1, CAST(N'2019-05-17T16:51:10.5710000' AS DateTime2), 1)
INSERT [dbo].[documento_guia] ([documento_id], [guia_id], [fecha_asociacion], [validado]) VALUES (30, 1, CAST(N'2019-05-17T16:51:10.5710000' AS DateTime2), 1)
INSERT [dbo].[documento_guia] ([documento_id], [guia_id], [fecha_asociacion], [validado]) VALUES (31, 1, CAST(N'2019-05-17T16:51:10.5710000' AS DateTime2), 1)
INSERT [dbo].[documento_guia] ([documento_id], [guia_id], [fecha_asociacion], [validado]) VALUES (32, 1, CAST(N'2019-05-17T16:51:10.5710000' AS DateTime2), 1)
INSERT [dbo].[documento_guia] ([documento_id], [guia_id], [fecha_asociacion], [validado]) VALUES (33, 1, CAST(N'2019-05-17T16:51:10.5700000' AS DateTime2), 1)
INSERT [dbo].[documento_guia] ([documento_id], [guia_id], [fecha_asociacion], [validado]) VALUES (34, 1, CAST(N'2019-05-17T16:51:10.5710000' AS DateTime2), 1)
INSERT [dbo].[documento_guia] ([documento_id], [guia_id], [fecha_asociacion], [validado]) VALUES (35, 1, CAST(N'2019-05-17T16:51:10.5710000' AS DateTime2), 1)
INSERT [dbo].[documento_guia] ([documento_id], [guia_id], [fecha_asociacion], [validado]) VALUES (36, 2, CAST(N'2019-05-17T16:51:56.4530000' AS DateTime2), 1)
INSERT [dbo].[documento_guia] ([documento_id], [guia_id], [fecha_asociacion], [validado]) VALUES (37, 2, CAST(N'2019-05-17T16:51:56.4530000' AS DateTime2), 1)
INSERT [dbo].[documento_guia] ([documento_id], [guia_id], [fecha_asociacion], [validado]) VALUES (38, 2, CAST(N'2019-05-17T16:51:56.4520000' AS DateTime2), 1)
INSERT [dbo].[documento_guia] ([documento_id], [guia_id], [fecha_asociacion], [validado]) VALUES (39, 2, CAST(N'2019-05-17T16:51:56.4520000' AS DateTime2), 1)
INSERT [dbo].[documento_guia] ([documento_id], [guia_id], [fecha_asociacion], [validado]) VALUES (40, 2, CAST(N'2019-05-17T16:51:56.4520000' AS DateTime2), 1)
INSERT [dbo].[documento_guia] ([documento_id], [guia_id], [fecha_asociacion], [validado]) VALUES (41, 2, CAST(N'2019-05-17T16:51:56.4530000' AS DateTime2), 1)
INSERT [dbo].[documento_guia] ([documento_id], [guia_id], [fecha_asociacion], [validado]) VALUES (42, 2, CAST(N'2019-05-17T16:51:56.4530000' AS DateTime2), 1)
SET IDENTITY_INSERT [dbo].[tipo_devolucion] ON 

INSERT [dbo].[tipo_devolucion] ([tipo_devolucion_id], [nombre]) VALUES (1, N'CARGO')
INSERT [dbo].[tipo_devolucion] ([tipo_devolucion_id], [nombre]) VALUES (2, N'REZAGO')
INSERT [dbo].[tipo_devolucion] ([tipo_devolucion_id], [nombre]) VALUES (3, N'DENUNCIA')
SET IDENTITY_INSERT [dbo].[tipo_devolucion] OFF
SET IDENTITY_INSERT [dbo].[inconsistencia] ON 

INSERT [dbo].[inconsistencia] ([incosistencia_id], [contacto], [departamento], [direccion], [distrito], [envio_id], [numero_documento], [provincia], [razon_social], [referencia], [resumen], [telefono]) VALUES (1, N'RONALD SANTOS', N'AMAZONAS', N'DIR5', N'CHACHAPOYAS', 1, N'DOC000006', N'CHACHAPOYAS', N'RONALD SANTOS', N'ABC', N'Ingrese por lo menos 2 dígitos en la dirección. ', N'5561')
INSERT [dbo].[inconsistencia] ([incosistencia_id], [contacto], [departamento], [direccion], [distrito], [envio_id], [numero_documento], [provincia], [razon_social], [referencia], [resumen], [telefono]) VALUES (2, N'RONALD SANTOS', N'AMAZONAS', N'DIR61', N'CHACHAPOYAS', 1, N'DOC000010', N'', N'RONALD SANTOS', N'ABC', N'Ingrese Provincia válida (Es posible que el distrito esté incorrecto). ', N'5565')
INSERT [dbo].[inconsistencia] ([incosistencia_id], [contacto], [departamento], [direccion], [distrito], [envio_id], [numero_documento], [provincia], [razon_social], [referencia], [resumen], [telefono]) VALUES (3, N'RONALD SANTOS', N'AMAZONAS', N'DIR5', N'CHACHAPOYAS', 1, N'DOC000001', N'', N'RONALD SANTOS', N'ABC', N'Ingrese Provincia válida (Es posible que el distrito esté incorrecto). Ingrese por lo menos 2 dígitos en la dirección. ', N'5556')
INSERT [dbo].[inconsistencia] ([incosistencia_id], [contacto], [departamento], [direccion], [distrito], [envio_id], [numero_documento], [provincia], [razon_social], [referencia], [resumen], [telefono]) VALUES (4, N'RONALD SANTOS', N'AMAZONAS', N'DIR58', N'CHACHAPOYAS', 1, N'DOC000007', N'', N'RONALD SANTOS', N'ABC', N'Ingrese Provincia válida (Es posible que el distrito esté incorrecto). ', N'5562')
INSERT [dbo].[inconsistencia] ([incosistencia_id], [contacto], [departamento], [direccion], [distrito], [envio_id], [numero_documento], [provincia], [razon_social], [referencia], [resumen], [telefono]) VALUES (5, N'', N'AMAZONAS', N'DIR64', N'CHACHAPOYAS', 1, N'DOC000013', N'', N'', N'ABC', N'Ingrese la razón social o el contacto. Ingrese Provincia válida (Es posible que el distrito esté incorrecto). ', N'5568')
INSERT [dbo].[inconsistencia] ([incosistencia_id], [contacto], [departamento], [direccion], [distrito], [envio_id], [numero_documento], [provincia], [razon_social], [referencia], [resumen], [telefono]) VALUES (6, N'RONALD SANTOS', N'AMAZONAS', N'DIR55', N'CHACHAPOYAS', 1, N'DOC000004', N'', N'RONALD SANTOS', N'ABC', N'Ingrese Provincia válida (Es posible que el distrito esté incorrecto). ', N'5559')
INSERT [dbo].[inconsistencia] ([incosistencia_id], [contacto], [departamento], [direccion], [distrito], [envio_id], [numero_documento], [provincia], [razon_social], [referencia], [resumen], [telefono]) VALUES (7, N'', N'AMAZONAS', N'DIR6', N'CHACHAPOYAS', 1, N'DOC000009', N'CHACHAPOYAS', N'', N'ABC', N'Ingrese la razón social o el contacto. Ingrese por lo menos 2 dígitos en la dirección. ', N'5564')
INSERT [dbo].[inconsistencia] ([incosistencia_id], [contacto], [departamento], [direccion], [distrito], [envio_id], [numero_documento], [provincia], [razon_social], [referencia], [resumen], [telefono]) VALUES (8, N'', N'AMAZONAS', N'DIR56', N'CHACHAPOYAS', 1, N'DOC000005', N'CHACHAPOYAS', N'', N'ABC', N'Ingrese la razón social o el contacto. ', N'5560')
INSERT [dbo].[inconsistencia] ([incosistencia_id], [contacto], [departamento], [direccion], [distrito], [envio_id], [numero_documento], [provincia], [razon_social], [referencia], [resumen], [telefono]) VALUES (9, N'RONALD SANTOS', N'AMAZONAS', N'DIR55', N'CHACHAPOYAS', 2, N'DOC000004', N'', N'RONALD SANTOS', N'ABC', N'Ingrese Provincia válida (Es posible que el distrito esté incorrecto). ', N'5559')
INSERT [dbo].[inconsistencia] ([incosistencia_id], [contacto], [departamento], [direccion], [distrito], [envio_id], [numero_documento], [provincia], [razon_social], [referencia], [resumen], [telefono]) VALUES (10, N'', N'AMAZONAS', N'DIR6', N'CHACHAPOYAS', 2, N'DOC000009', N'CHACHAPOYAS', N'', N'ABC', N'Ingrese la razón social o el contacto. Ingrese por lo menos 2 dígitos en la dirección. ', N'5564')
INSERT [dbo].[inconsistencia] ([incosistencia_id], [contacto], [departamento], [direccion], [distrito], [envio_id], [numero_documento], [provincia], [razon_social], [referencia], [resumen], [telefono]) VALUES (11, N'RONALD SANTOS', N'AMAZONAS', N'DIR61', N'CHACHAPOYAS', 2, N'DOC000010', N'', N'RONALD SANTOS', N'ABC', N'Ingrese Provincia válida (Es posible que el distrito esté incorrecto). ', N'5565')
INSERT [dbo].[inconsistencia] ([incosistencia_id], [contacto], [departamento], [direccion], [distrito], [envio_id], [numero_documento], [provincia], [razon_social], [referencia], [resumen], [telefono]) VALUES (12, N'RONALD SANTOS', N'AMAZONAS', N'DIR5', N'CHACHAPOYAS', 2, N'DOC000006', N'CHACHAPOYAS', N'RONALD SANTOS', N'ABC', N'Ingrese por lo menos 2 dígitos en la dirección. ', N'5561')
INSERT [dbo].[inconsistencia] ([incosistencia_id], [contacto], [departamento], [direccion], [distrito], [envio_id], [numero_documento], [provincia], [razon_social], [referencia], [resumen], [telefono]) VALUES (13, N'RONALD SANTOS', N'AMAZONAS', N'DIR58', N'CHACHAPOYAS', 2, N'DOC000007', N'', N'RONALD SANTOS', N'ABC', N'Ingrese Provincia válida (Es posible que el distrito esté incorrecto). ', N'5562')
INSERT [dbo].[inconsistencia] ([incosistencia_id], [contacto], [departamento], [direccion], [distrito], [envio_id], [numero_documento], [provincia], [razon_social], [referencia], [resumen], [telefono]) VALUES (14, N'', N'AMAZONAS', N'DIR56', N'CHACHAPOYAS', 2, N'DOC000005', N'CHACHAPOYAS', N'', N'ABC', N'Ingrese la razón social o el contacto. ', N'5560')
INSERT [dbo].[inconsistencia] ([incosistencia_id], [contacto], [departamento], [direccion], [distrito], [envio_id], [numero_documento], [provincia], [razon_social], [referencia], [resumen], [telefono]) VALUES (15, N'', N'AMAZONAS', N'DIR64', N'CHACHAPOYAS', 2, N'DOC000013', N'', N'', N'ABC', N'Ingrese la razón social o el contacto. Ingrese Provincia válida (Es posible que el distrito esté incorrecto). ', N'5568')
INSERT [dbo].[inconsistencia] ([incosistencia_id], [contacto], [departamento], [direccion], [distrito], [envio_id], [numero_documento], [provincia], [razon_social], [referencia], [resumen], [telefono]) VALUES (16, N'RONALD SANTOS', N'AMAZONAS', N'DIR5', N'CHACHAPOYAS', 2, N'DOC000001', N'', N'RONALD SANTOS', N'ABC', N'Ingrese Provincia válida (Es posible que el distrito esté incorrecto). Ingrese por lo menos 2 dígitos en la dirección. ', N'5556')
INSERT [dbo].[inconsistencia] ([incosistencia_id], [contacto], [departamento], [direccion], [distrito], [envio_id], [numero_documento], [provincia], [razon_social], [referencia], [resumen], [telefono]) VALUES (17, N'RONALD SANTOS', N'AMAZONAS', N'DIR5', N'CHACHAPOYAS', 3, N'DOC000006', N'CHACHAPOYAS', N'RONALD SANTOS', N'ABC', N'Ingrese por lo menos 2 dígitos en la dirección. ', N'5561')
INSERT [dbo].[inconsistencia] ([incosistencia_id], [contacto], [departamento], [direccion], [distrito], [envio_id], [numero_documento], [provincia], [razon_social], [referencia], [resumen], [telefono]) VALUES (18, N'', N'AMAZONAS', N'DIR6', N'CHACHAPOYAS', 3, N'DOC000009', N'CHACHAPOYAS', N'', N'ABC', N'Ingrese la razón social o el contacto. Ingrese por lo menos 2 dígitos en la dirección. ', N'5564')
INSERT [dbo].[inconsistencia] ([incosistencia_id], [contacto], [departamento], [direccion], [distrito], [envio_id], [numero_documento], [provincia], [razon_social], [referencia], [resumen], [telefono]) VALUES (19, N'RONALD SANTOS', N'AMAZONAS', N'DIR61', N'CHACHAPOYAS', 3, N'DOC000010', N'', N'RONALD SANTOS', N'ABC', N'Ingrese Provincia válida (Es posible que el distrito esté incorrecto). ', N'5565')
INSERT [dbo].[inconsistencia] ([incosistencia_id], [contacto], [departamento], [direccion], [distrito], [envio_id], [numero_documento], [provincia], [razon_social], [referencia], [resumen], [telefono]) VALUES (20, N'RONALD SANTOS', N'AMAZONAS', N'DIR58', N'CHACHAPOYAS', 3, N'DOC000007', N'', N'RONALD SANTOS', N'ABC', N'Ingrese Provincia válida (Es posible que el distrito esté incorrecto). ', N'5562')
INSERT [dbo].[inconsistencia] ([incosistencia_id], [contacto], [departamento], [direccion], [distrito], [envio_id], [numero_documento], [provincia], [razon_social], [referencia], [resumen], [telefono]) VALUES (21, N'RONALD SANTOS', N'AMAZONAS', N'DIR55', N'CHACHAPOYAS', 3, N'DOC000004', N'', N'RONALD SANTOS', N'ABC', N'Ingrese Provincia válida (Es posible que el distrito esté incorrecto). ', N'5559')
INSERT [dbo].[inconsistencia] ([incosistencia_id], [contacto], [departamento], [direccion], [distrito], [envio_id], [numero_documento], [provincia], [razon_social], [referencia], [resumen], [telefono]) VALUES (22, N'RONALD SANTOS', N'AMAZONAS', N'DIR5', N'CHACHAPOYAS', 3, N'DOC000001', N'', N'RONALD SANTOS', N'ABC', N'Ingrese Provincia válida (Es posible que el distrito esté incorrecto). Ingrese por lo menos 2 dígitos en la dirección. ', N'5556')
INSERT [dbo].[inconsistencia] ([incosistencia_id], [contacto], [departamento], [direccion], [distrito], [envio_id], [numero_documento], [provincia], [razon_social], [referencia], [resumen], [telefono]) VALUES (23, N'', N'AMAZONAS', N'DIR64', N'CHACHAPOYAS', 3, N'DOC000013', N'', N'', N'ABC', N'Ingrese la razón social o el contacto. Ingrese Provincia válida (Es posible que el distrito esté incorrecto). ', N'5568')
INSERT [dbo].[inconsistencia] ([incosistencia_id], [contacto], [departamento], [direccion], [distrito], [envio_id], [numero_documento], [provincia], [razon_social], [referencia], [resumen], [telefono]) VALUES (24, N'', N'AMAZONAS', N'DIR56', N'CHACHAPOYAS', 3, N'DOC000005', N'CHACHAPOYAS', N'', N'ABC', N'Ingrese la razón social o el contacto. ', N'5560')
INSERT [dbo].[inconsistencia] ([incosistencia_id], [contacto], [departamento], [direccion], [distrito], [envio_id], [numero_documento], [provincia], [razon_social], [referencia], [resumen], [telefono]) VALUES (25, N'RONALD SANTOS', N'AMAZONAS', N'DIR5', N'CHACHAPOYAS', 4, N'DOC000001', N'', N'RONALD SANTOS', N'ABC', N'Ingrese Provincia válida (Es posible que el distrito esté incorrecto). Ingrese por lo menos 2 dígitos en la dirección. ', N'5556')
INSERT [dbo].[inconsistencia] ([incosistencia_id], [contacto], [departamento], [direccion], [distrito], [envio_id], [numero_documento], [provincia], [razon_social], [referencia], [resumen], [telefono]) VALUES (26, N'', N'AMAZONAS', N'DIR6', N'CHACHAPOYAS', 4, N'DOC000009', N'CHACHAPOYAS', N'', N'ABC', N'Ingrese la razón social o el contacto. Ingrese por lo menos 2 dígitos en la dirección. ', N'5564')
INSERT [dbo].[inconsistencia] ([incosistencia_id], [contacto], [departamento], [direccion], [distrito], [envio_id], [numero_documento], [provincia], [razon_social], [referencia], [resumen], [telefono]) VALUES (27, N'', N'AMAZONAS', N'DIR64', N'CHACHAPOYAS', 4, N'DOC000013', N'', N'', N'ABC', N'Ingrese la razón social o el contacto. Ingrese Provincia válida (Es posible que el distrito esté incorrecto). ', N'5568')
INSERT [dbo].[inconsistencia] ([incosistencia_id], [contacto], [departamento], [direccion], [distrito], [envio_id], [numero_documento], [provincia], [razon_social], [referencia], [resumen], [telefono]) VALUES (28, N'RONALD SANTOS', N'AMAZONAS', N'DIR55', N'CHACHAPOYAS', 4, N'DOC000004', N'', N'RONALD SANTOS', N'ABC', N'Ingrese Provincia válida (Es posible que el distrito esté incorrecto). ', N'5559')
INSERT [dbo].[inconsistencia] ([incosistencia_id], [contacto], [departamento], [direccion], [distrito], [envio_id], [numero_documento], [provincia], [razon_social], [referencia], [resumen], [telefono]) VALUES (29, N'RONALD SANTOS', N'AMAZONAS', N'DIR61', N'CHACHAPOYAS', 4, N'DOC000010', N'', N'RONALD SANTOS', N'ABC', N'Ingrese Provincia válida (Es posible que el distrito esté incorrecto). ', N'5565')
INSERT [dbo].[inconsistencia] ([incosistencia_id], [contacto], [departamento], [direccion], [distrito], [envio_id], [numero_documento], [provincia], [razon_social], [referencia], [resumen], [telefono]) VALUES (30, N'', N'AMAZONAS', N'DIR56', N'CHACHAPOYAS', 4, N'DOC000005', N'CHACHAPOYAS', N'', N'ABC', N'Ingrese la razón social o el contacto. ', N'5560')
INSERT [dbo].[inconsistencia] ([incosistencia_id], [contacto], [departamento], [direccion], [distrito], [envio_id], [numero_documento], [provincia], [razon_social], [referencia], [resumen], [telefono]) VALUES (31, N'RONALD SANTOS', N'AMAZONAS', N'DIR58', N'CHACHAPOYAS', 4, N'DOC000007', N'', N'RONALD SANTOS', N'ABC', N'Ingrese Provincia válida (Es posible que el distrito esté incorrecto). ', N'5562')
INSERT [dbo].[inconsistencia] ([incosistencia_id], [contacto], [departamento], [direccion], [distrito], [envio_id], [numero_documento], [provincia], [razon_social], [referencia], [resumen], [telefono]) VALUES (32, N'RONALD SANTOS', N'AMAZONAS', N'DIR5', N'CHACHAPOYAS', 4, N'DOC000006', N'CHACHAPOYAS', N'RONALD SANTOS', N'ABC', N'Ingrese por lo menos 2 dígitos en la dirección. ', N'5561')
INSERT [dbo].[inconsistencia] ([incosistencia_id], [contacto], [departamento], [direccion], [distrito], [envio_id], [numero_documento], [provincia], [razon_social], [referencia], [resumen], [telefono]) VALUES (33, N'RONALD SANTOS', N'AMAZONAS', N'DIR55', N'CHACHAPOYAS', 5, N'DOC000004', N'', N'RONALD SANTOS', N'ABC', N'Ingrese Provincia válida (Es posible que el distrito esté incorrecto). ', N'5559')
INSERT [dbo].[inconsistencia] ([incosistencia_id], [contacto], [departamento], [direccion], [distrito], [envio_id], [numero_documento], [provincia], [razon_social], [referencia], [resumen], [telefono]) VALUES (34, N'RONALD SANTOS', N'AMAZONAS', N'DIR5', N'CHACHAPOYAS', 5, N'DOC000006', N'CHACHAPOYAS', N'RONALD SANTOS', N'ABC', N'Ingrese por lo menos 2 dígitos en la dirección. ', N'5561')
INSERT [dbo].[inconsistencia] ([incosistencia_id], [contacto], [departamento], [direccion], [distrito], [envio_id], [numero_documento], [provincia], [razon_social], [referencia], [resumen], [telefono]) VALUES (35, N'RONALD SANTOS', N'AMAZONAS', N'DIR58', N'CHACHAPOYAS', 5, N'DOC000007', N'', N'RONALD SANTOS', N'ABC', N'Ingrese Provincia válida (Es posible que el distrito esté incorrecto). ', N'5562')
INSERT [dbo].[inconsistencia] ([incosistencia_id], [contacto], [departamento], [direccion], [distrito], [envio_id], [numero_documento], [provincia], [razon_social], [referencia], [resumen], [telefono]) VALUES (36, N'', N'AMAZONAS', N'DIR6', N'CHACHAPOYAS', 5, N'DOC000009', N'CHACHAPOYAS', N'', N'ABC', N'Ingrese la razón social o el contacto. Ingrese por lo menos 2 dígitos en la dirección. ', N'5564')
INSERT [dbo].[inconsistencia] ([incosistencia_id], [contacto], [departamento], [direccion], [distrito], [envio_id], [numero_documento], [provincia], [razon_social], [referencia], [resumen], [telefono]) VALUES (37, N'RONALD SANTOS', N'AMAZONAS', N'DIR61', N'CHACHAPOYAS', 5, N'DOC000010', N'', N'RONALD SANTOS', N'ABC', N'Ingrese Provincia válida (Es posible que el distrito esté incorrecto). ', N'5565')
INSERT [dbo].[inconsistencia] ([incosistencia_id], [contacto], [departamento], [direccion], [distrito], [envio_id], [numero_documento], [provincia], [razon_social], [referencia], [resumen], [telefono]) VALUES (38, N'', N'AMAZONAS', N'DIR64', N'CHACHAPOYAS', 5, N'DOC000013', N'', N'', N'ABC', N'Ingrese la razón social o el contacto. Ingrese Provincia válida (Es posible que el distrito esté incorrecto). ', N'5568')
INSERT [dbo].[inconsistencia] ([incosistencia_id], [contacto], [departamento], [direccion], [distrito], [envio_id], [numero_documento], [provincia], [razon_social], [referencia], [resumen], [telefono]) VALUES (39, N'RONALD SANTOS', N'AMAZONAS', N'DIR5', N'CHACHAPOYAS', 5, N'DOC000001', N'', N'RONALD SANTOS', N'ABC', N'Ingrese Provincia válida (Es posible que el distrito esté incorrecto). Ingrese por lo menos 2 dígitos en la dirección. ', N'5556')
INSERT [dbo].[inconsistencia] ([incosistencia_id], [contacto], [departamento], [direccion], [distrito], [envio_id], [numero_documento], [provincia], [razon_social], [referencia], [resumen], [telefono]) VALUES (40, N'', N'AMAZONAS', N'DIR56', N'CHACHAPOYAS', 5, N'DOC000005', N'CHACHAPOYAS', N'', N'ABC', N'Ingrese la razón social o el contacto. ', N'5560')
INSERT [dbo].[inconsistencia] ([incosistencia_id], [contacto], [departamento], [direccion], [distrito], [envio_id], [numero_documento], [provincia], [razon_social], [referencia], [resumen], [telefono]) VALUES (41, N'RONALD SANTOS', N'AMAZONAS', N'DIR5', N'CHACHAPOYAS', 6, N'DOC000006', N'CHACHAPOYAS', N'RONALD SANTOS', N'ABC', N'Ingrese por lo menos 2 dígitos en la dirección. ', N'5561')
INSERT [dbo].[inconsistencia] ([incosistencia_id], [contacto], [departamento], [direccion], [distrito], [envio_id], [numero_documento], [provincia], [razon_social], [referencia], [resumen], [telefono]) VALUES (42, N'RONALD SANTOS', N'AMAZONAS', N'DIR5', N'CHACHAPOYAS', 6, N'DOC000001', N'', N'RONALD SANTOS', N'ABC', N'Ingrese Provincia válida (Es posible que el distrito esté incorrecto). Ingrese por lo menos 2 dígitos en la dirección. ', N'5556')
INSERT [dbo].[inconsistencia] ([incosistencia_id], [contacto], [departamento], [direccion], [distrito], [envio_id], [numero_documento], [provincia], [razon_social], [referencia], [resumen], [telefono]) VALUES (43, N'', N'AMAZONAS', N'DIR56', N'CHACHAPOYAS', 6, N'DOC000005', N'CHACHAPOYAS', N'', N'ABC', N'Ingrese la razón social o el contacto. ', N'5560')
INSERT [dbo].[inconsistencia] ([incosistencia_id], [contacto], [departamento], [direccion], [distrito], [envio_id], [numero_documento], [provincia], [razon_social], [referencia], [resumen], [telefono]) VALUES (44, N'RONALD SANTOS', N'AMAZONAS', N'DIR58', N'CHACHAPOYAS', 6, N'DOC000007', N'', N'RONALD SANTOS', N'ABC', N'Ingrese Provincia válida (Es posible que el distrito esté incorrecto). ', N'5562')
INSERT [dbo].[inconsistencia] ([incosistencia_id], [contacto], [departamento], [direccion], [distrito], [envio_id], [numero_documento], [provincia], [razon_social], [referencia], [resumen], [telefono]) VALUES (45, N'', N'AMAZONAS', N'DIR6', N'CHACHAPOYAS', 6, N'DOC000009', N'CHACHAPOYAS', N'', N'ABC', N'Ingrese la razón social o el contacto. Ingrese por lo menos 2 dígitos en la dirección. ', N'5564')
INSERT [dbo].[inconsistencia] ([incosistencia_id], [contacto], [departamento], [direccion], [distrito], [envio_id], [numero_documento], [provincia], [razon_social], [referencia], [resumen], [telefono]) VALUES (46, N'RONALD SANTOS', N'AMAZONAS', N'DIR55', N'CHACHAPOYAS', 6, N'DOC000004', N'', N'RONALD SANTOS', N'ABC', N'Ingrese Provincia válida (Es posible que el distrito esté incorrecto). ', N'5559')
INSERT [dbo].[inconsistencia] ([incosistencia_id], [contacto], [departamento], [direccion], [distrito], [envio_id], [numero_documento], [provincia], [razon_social], [referencia], [resumen], [telefono]) VALUES (47, N'RONALD SANTOS', N'AMAZONAS', N'DIR61', N'CHACHAPOYAS', 6, N'DOC000010', N'', N'RONALD SANTOS', N'ABC', N'Ingrese Provincia válida (Es posible que el distrito esté incorrecto). ', N'5565')
INSERT [dbo].[inconsistencia] ([incosistencia_id], [contacto], [departamento], [direccion], [distrito], [envio_id], [numero_documento], [provincia], [razon_social], [referencia], [resumen], [telefono]) VALUES (48, N'', N'AMAZONAS', N'DIR64', N'CHACHAPOYAS', 6, N'DOC000013', N'', N'', N'ABC', N'Ingrese la razón social o el contacto. Ingrese Provincia válida (Es posible que el distrito esté incorrecto). ', N'5568')
SET IDENTITY_INSERT [dbo].[inconsistencia] OFF
SET IDENTITY_INSERT [dbo].[estado_autorizado] ON 

INSERT [dbo].[estado_autorizado] ([estado_autorizado_id], [nombre]) VALUES (1, N'PENDIENTE')
INSERT [dbo].[estado_autorizado] ([estado_autorizado_id], [nombre]) VALUES (2, N'APROBADA')
INSERT [dbo].[estado_autorizado] ([estado_autorizado_id], [nombre]) VALUES (3, N'DENEGADA')
SET IDENTITY_INSERT [dbo].[estado_autorizado] OFF
INSERT [dbo].[envio_masivo] ([masivo_autogenerado], [envio_id]) VALUES (N'MEX00000001', 1)
INSERT [dbo].[envio_masivo] ([masivo_autogenerado], [envio_id]) VALUES (N'MEX00000002', 2)
INSERT [dbo].[envio_masivo] ([masivo_autogenerado], [envio_id]) VALUES (N'MEX00000003', 3)
INSERT [dbo].[envio_masivo] ([masivo_autogenerado], [envio_id]) VALUES (N'MEX00000004', 4)
INSERT [dbo].[envio_masivo] ([masivo_autogenerado], [envio_id]) VALUES (N'MEX00000005', 5)
INSERT [dbo].[envio_masivo] ([masivo_autogenerado], [envio_id]) VALUES (N'MEX00000006', 6)
INSERT [dbo].[estado_documento_permitido] ([estado_documento_id], [estado_documento_permitido_id]) VALUES (2, 1)
INSERT [dbo].[estado_documento_permitido] ([estado_documento_id], [estado_documento_permitido_id]) VALUES (3, 2)
SET IDENTITY_INSERT [dbo].[estado_guia] ON 

INSERT [dbo].[estado_guia] ([estado_guia_id], [nombre]) VALUES (1, N'CREADO')
INSERT [dbo].[estado_guia] ([estado_guia_id], [nombre]) VALUES (2, N'ENVIADO')
INSERT [dbo].[estado_guia] ([estado_guia_id], [nombre]) VALUES (3, N'DESCARGADO')
INSERT [dbo].[estado_guia] ([estado_guia_id], [nombre]) VALUES (4, N'COMPLETA')
INSERT [dbo].[estado_guia] ([estado_guia_id], [nombre]) VALUES (5, N'CERRADO')
SET IDENTITY_INSERT [dbo].[estado_guia] OFF
SET IDENTITY_INSERT [dbo].[seguimiento_guia] ON 

INSERT [dbo].[seguimiento_guia] ([seguimiento_guia_id], [fecha], [usuario_id], [estado_guia_id], [guia_id]) VALUES (1, CAST(N'2019-05-17T16:51:10.5710000' AS DateTime2), 11, 1, 1)
INSERT [dbo].[seguimiento_guia] ([seguimiento_guia_id], [fecha], [usuario_id], [estado_guia_id], [guia_id]) VALUES (2, CAST(N'2019-05-17T16:51:56.4530000' AS DateTime2), 12, 1, 2)
SET IDENTITY_INSERT [dbo].[seguimiento_guia] OFF
INSERT [dbo].[proveedor_plazo_distribucion] ([proveedor_id], [plazo_distribucion_id]) VALUES (1, 1)
INSERT [dbo].[proveedor_plazo_distribucion] ([proveedor_id], [plazo_distribucion_id]) VALUES (1, 2)
INSERT [dbo].[proveedor_plazo_distribucion] ([proveedor_id], [plazo_distribucion_id]) VALUES (1, 3)
INSERT [dbo].[proveedor_plazo_distribucion] ([proveedor_id], [plazo_distribucion_id]) VALUES (1, 4)
INSERT [dbo].[proveedor_plazo_distribucion] ([proveedor_id], [plazo_distribucion_id]) VALUES (2, 1)
INSERT [dbo].[proveedor_plazo_distribucion] ([proveedor_id], [plazo_distribucion_id]) VALUES (2, 2)
INSERT [dbo].[proveedor_plazo_distribucion] ([proveedor_id], [plazo_distribucion_id]) VALUES (2, 3)
INSERT [dbo].[proveedor_plazo_distribucion] ([proveedor_id], [plazo_distribucion_id]) VALUES (2, 4)
INSERT [dbo].[region_plazo_distribucion] ([plazo_distribucion_id], [region_id], [region], [tiempo_envio]) VALUES (1, 1, NULL, 96)
INSERT [dbo].[region_plazo_distribucion] ([plazo_distribucion_id], [region_id], [region], [tiempo_envio]) VALUES (2, 1, NULL, 72)
INSERT [dbo].[region_plazo_distribucion] ([plazo_distribucion_id], [region_id], [region], [tiempo_envio]) VALUES (3, 1, NULL, 48)
INSERT [dbo].[region_plazo_distribucion] ([plazo_distribucion_id], [region_id], [region], [tiempo_envio]) VALUES (4, 1, NULL, 24)
INSERT [dbo].[region_plazo_distribucion] ([plazo_distribucion_id], [region_id], [region], [tiempo_envio]) VALUES (5, 1, NULL, 4)
INSERT [dbo].[region_plazo_distribucion] ([plazo_distribucion_id], [region_id], [region], [tiempo_envio]) VALUES (6, 1, NULL, 2)
INSERT [dbo].[region_plazo_distribucion] ([plazo_distribucion_id], [region_id], [region], [tiempo_envio]) VALUES (7, 1, NULL, 2)


INSERT [dbo].[area_plazo_distribucion] ([area_id], [plazo_distribucion_id]) VALUES (1, 2)
INSERT [dbo].[area_plazo_distribucion] ([area_id], [plazo_distribucion_id]) VALUES (2, 1)
INSERT [dbo].[area_plazo_distribucion] ([area_id], [plazo_distribucion_id]) VALUES (3, 1)
INSERT [dbo].[area_plazo_distribucion] ([area_id], [plazo_distribucion_id]) VALUES (4, 1)
INSERT [dbo].[area_plazo_distribucion] ([area_id], [plazo_distribucion_id]) VALUES (9, 4)
INSERT [dbo].[area_plazo_distribucion] ([area_id], [plazo_distribucion_id]) VALUES (13, 4)
INSERT [dbo].[buzon_plazo_distribucion] ([buzon_id], [plazo_distribucion_id]) VALUES (5, 1)
INSERT [dbo].[buzon_plazo_distribucion] ([buzon_id], [plazo_distribucion_id]) VALUES (6, 1)
INSERT [dbo].[buzon_plazo_distribucion] ([buzon_id], [plazo_distribucion_id]) VALUES (7, 1)
INSERT [dbo].[buzon_plazo_distribucion] ([buzon_id], [plazo_distribucion_id]) VALUES (8, 6)
INSERT [dbo].[buzon_plazo_distribucion] ([buzon_id], [plazo_distribucion_id]) VALUES (9, 4)
INSERT [dbo].[buzon_plazo_distribucion] ([buzon_id], [plazo_distribucion_id]) VALUES (10, 4)
INSERT [dbo].[buzon_tipo_seguridad] ([buzon_id], [tipo_seguridad_id]) VALUES (1, 1)
