USE [db_externa_core]
GO
SET IDENTITY_INSERT [dbo].[tipo_plazo_distribucion] ON 

INSERT [dbo].[tipo_plazo_distribucion] ([tipo_plazo_distribucion_id], [nombre]) VALUES (1, N'REGULAR')
INSERT [dbo].[tipo_plazo_distribucion] ([tipo_plazo_distribucion_id], [nombre]) VALUES (2, N'ESPECIAL')
INSERT [dbo].[tipo_plazo_distribucion] ([tipo_plazo_distribucion_id], [nombre]) VALUES (3, N'EXPRESS')
SET IDENTITY_INSERT [dbo].[tipo_plazo_distribucion] OFF
SET IDENTITY_INSERT [dbo].[plazo_distribucion] ON 

INSERT [dbo].[plazo_distribucion] ([plazo_distribucion_id], [activo], [nombre], [tiempo_envio], [tipo_plazo_distribucion_id]) VALUES (1, 1, N'ESTÁNDAR', 96, 1)
INSERT [dbo].[plazo_distribucion] ([plazo_distribucion_id], [activo], [nombre], [tiempo_envio], [tipo_plazo_distribucion_id]) VALUES (2, 1, N'72 HORAS', 72, 2)
INSERT [dbo].[plazo_distribucion] ([plazo_distribucion_id], [activo], [nombre], [tiempo_envio], [tipo_plazo_distribucion_id]) VALUES (3, 1, N'48 HORAS', 48, 2)
INSERT [dbo].[plazo_distribucion] ([plazo_distribucion_id], [activo], [nombre], [tiempo_envio], [tipo_plazo_distribucion_id]) VALUES (4, 1, N'24 HORAS', 24, 2)
INSERT [dbo].[plazo_distribucion] ([plazo_distribucion_id], [activo], [nombre], [tiempo_envio], [tipo_plazo_distribucion_id]) VALUES (5, 1, N'4 HORAS', 4, 2)
INSERT [dbo].[plazo_distribucion] ([plazo_distribucion_id], [activo], [nombre], [tiempo_envio], [tipo_plazo_distribucion_id]) VALUES (6, 1, N'2 HORAS', 2, 3)
INSERT [dbo].[plazo_distribucion] ([plazo_distribucion_id], [activo], [nombre], [tiempo_envio], [tipo_plazo_distribucion_id]) VALUES (7, 1, N'DIRECTORIO', 2, 3)
SET IDENTITY_INSERT [dbo].[plazo_distribucion] OFF
SET IDENTITY_INSERT [dbo].[tipo_envio] ON 

INSERT [dbo].[tipo_envio] ([tipo_envio_id], [nombre]) VALUES (1, N'ENVIO REGULAR')
INSERT [dbo].[tipo_envio] ([tipo_envio_id], [nombre]) VALUES (2, N'ENVIO BLOQUE')
SET IDENTITY_INSERT [dbo].[tipo_envio] OFF
SET IDENTITY_INSERT [dbo].[tipo_seguridad] ON 

INSERT [dbo].[tipo_seguridad] ([tipo_seguridad_id], [activo], [nombre]) VALUES (1, 1, N'SIN GPS')
INSERT [dbo].[tipo_seguridad] ([tipo_seguridad_id], [activo], [nombre]) VALUES (2, 1, N'GPS BÁSICO')
SET IDENTITY_INSERT [dbo].[tipo_seguridad] OFF
SET IDENTITY_INSERT [dbo].[tipo_servicio] ON 

INSERT [dbo].[tipo_servicio] ([tipo_servicio_id], [activo], [nombre]) VALUES (1, 1, N'DISTRIBUCIÓN')
SET IDENTITY_INSERT [dbo].[tipo_servicio] OFF
SET IDENTITY_INSERT [dbo].[envio] ON 

INSERT [dbo].[envio] ([envio_id], [buzon_id], [producto_id], [ruta_autorizacion], [sede_id], [tipo_clasificacion_id], [plazo_distribucion_id], [tipo_envio_id], [tipo_seguridad_id], [tipo_servicio_id]) VALUES (1, 5, 1, NULL, 5, 1, 1, 1, 1, 1)
INSERT [dbo].[envio] ([envio_id], [buzon_id], [producto_id], [ruta_autorizacion], [sede_id], [tipo_clasificacion_id], [plazo_distribucion_id], [tipo_envio_id], [tipo_seguridad_id], [tipo_servicio_id]) VALUES (2, 5, 1, NULL, 3, 1, 1, 1, 1, 1)
INSERT [dbo].[envio] ([envio_id], [buzon_id], [producto_id], [ruta_autorizacion], [sede_id], [tipo_clasificacion_id], [plazo_distribucion_id], [tipo_envio_id], [tipo_seguridad_id], [tipo_servicio_id]) VALUES (3, 5, 1, NULL, 6, 1, 1, 1, 1, 1)
INSERT [dbo].[envio] ([envio_id], [buzon_id], [producto_id], [ruta_autorizacion], [sede_id], [tipo_clasificacion_id], [plazo_distribucion_id], [tipo_envio_id], [tipo_seguridad_id], [tipo_servicio_id]) VALUES (4, 5, 1, NULL, 4, 1, 2, 1, 1, 1)
INSERT [dbo].[envio] ([envio_id], [buzon_id], [producto_id], [ruta_autorizacion], [sede_id], [tipo_clasificacion_id], [plazo_distribucion_id], [tipo_envio_id], [tipo_seguridad_id], [tipo_servicio_id]) VALUES (5, 5, 1, NULL, 6, 1, 2, 1, 1, 1)
INSERT [dbo].[envio] ([envio_id], [buzon_id], [producto_id], [ruta_autorizacion], [sede_id], [tipo_clasificacion_id], [plazo_distribucion_id], [tipo_envio_id], [tipo_seguridad_id], [tipo_servicio_id]) VALUES (6, 5, 1, NULL, 3, 1, 2, 1, 1, 1)
INSERT [dbo].[envio] ([envio_id], [buzon_id], [producto_id], [ruta_autorizacion], [sede_id], [tipo_clasificacion_id], [plazo_distribucion_id], [tipo_envio_id], [tipo_seguridad_id], [tipo_servicio_id]) VALUES (7, 6, 1, NULL, 5, 1, 1, 1, 1, 1)
INSERT [dbo].[envio] ([envio_id], [buzon_id], [producto_id], [ruta_autorizacion], [sede_id], [tipo_clasificacion_id], [plazo_distribucion_id], [tipo_envio_id], [tipo_seguridad_id], [tipo_servicio_id]) VALUES (8, 6, 1, NULL, 3, 1, 1, 1, 1, 1)
INSERT [dbo].[envio] ([envio_id], [buzon_id], [producto_id], [ruta_autorizacion], [sede_id], [tipo_clasificacion_id], [plazo_distribucion_id], [tipo_envio_id], [tipo_seguridad_id], [tipo_servicio_id]) VALUES (9, 6, 1, NULL, 6, 1, 1, 1, 1, 1)
INSERT [dbo].[envio] ([envio_id], [buzon_id], [producto_id], [ruta_autorizacion], [sede_id], [tipo_clasificacion_id], [plazo_distribucion_id], [tipo_envio_id], [tipo_seguridad_id], [tipo_servicio_id]) VALUES (10, 6, 1, NULL, 4, 1, 1, 1, 1, 1)
SET IDENTITY_INSERT [dbo].[envio] OFF
SET IDENTITY_INSERT [dbo].[documento] ON 

INSERT [dbo].[documento] ([documento_id], [codigo_devolucion], [contacto_destino], [direccion], [distrito_id], [documento_autogenerado], [nro_documento], [razon_social_destino], [recepcionado], [referencia], [telefono], [envio_id]) VALUES (1, NULL, N'RONALD SANTOS', N'DIR72', 1, N'EX00000001', N'DOC000003', N'RONALD SANTOS', 0, N'ABC', N'5558', 1)
INSERT [dbo].[documento] ([documento_id], [codigo_devolucion], [contacto_destino], [direccion], [distrito_id], [documento_autogenerado], [nro_documento], [razon_social_destino], [recepcionado], [referencia], [telefono], [envio_id]) VALUES (2, NULL, N'RONALD SANTOS', N'DIR73', 1, N'EX00000002', N'DOC000004', N'RONALD SANTOS', 0, N'ABC', N'5559', 1)
INSERT [dbo].[documento] ([documento_id], [codigo_devolucion], [contacto_destino], [direccion], [distrito_id], [documento_autogenerado], [nro_documento], [razon_social_destino], [recepcionado], [referencia], [telefono], [envio_id]) VALUES (3, NULL, N'RONALD SANTOS', N'DIR70', 1, N'EX00000003', N'DOC000001', N'RONALD SANTOS', 0, N'ABC', N'5556', 1)
INSERT [dbo].[documento] ([documento_id], [codigo_devolucion], [contacto_destino], [direccion], [distrito_id], [documento_autogenerado], [nro_documento], [razon_social_destino], [recepcionado], [referencia], [telefono], [envio_id]) VALUES (4, NULL, N'RONALD SANTOS', N'DIR71', 1, N'EX00000004', N'DOC000002', N'RONALD SANTOS', 0, N'ABC', N'5557', 1)
INSERT [dbo].[documento] ([documento_id], [codigo_devolucion], [contacto_destino], [direccion], [distrito_id], [documento_autogenerado], [nro_documento], [razon_social_destino], [recepcionado], [referencia], [telefono], [envio_id]) VALUES (5, NULL, N'RONALD SANTOS', N'DIR70', 1, N'EX00000005', N'DOC000005', N'RONALD SANTOS', 0, N'ABC', N'5556', 2)
INSERT [dbo].[documento] ([documento_id], [codigo_devolucion], [contacto_destino], [direccion], [distrito_id], [documento_autogenerado], [nro_documento], [razon_social_destino], [recepcionado], [referencia], [telefono], [envio_id]) VALUES (6, NULL, N'RONALD SANTOS', N'DIR72', 1, N'EX00000006', N'DOC000007', N'RONALD SANTOS', 0, N'ABC', N'5558', 2)
INSERT [dbo].[documento] ([documento_id], [codigo_devolucion], [contacto_destino], [direccion], [distrito_id], [documento_autogenerado], [nro_documento], [razon_social_destino], [recepcionado], [referencia], [telefono], [envio_id]) VALUES (7, NULL, N'RONALD SANTOS', N'DIR73', 1, N'EX00000007', N'DOC000008', N'RONALD SANTOS', 0, N'ABC', N'5559', 2)
INSERT [dbo].[documento] ([documento_id], [codigo_devolucion], [contacto_destino], [direccion], [distrito_id], [documento_autogenerado], [nro_documento], [razon_social_destino], [recepcionado], [referencia], [telefono], [envio_id]) VALUES (8, NULL, N'RONALD SANTOS', N'DIR71', 1, N'EX00000008', N'DOC000006', N'RONALD SANTOS', 0, N'ABC', N'5557', 2)
INSERT [dbo].[documento] ([documento_id], [codigo_devolucion], [contacto_destino], [direccion], [distrito_id], [documento_autogenerado], [nro_documento], [razon_social_destino], [recepcionado], [referencia], [telefono], [envio_id]) VALUES (9, NULL, N'RONALD SANTOS', N'DIR70', 1, N'EX00000009', N'DOC000009', N'RONALD SANTOS', 0, N'ABC', N'5556', 3)
INSERT [dbo].[documento] ([documento_id], [codigo_devolucion], [contacto_destino], [direccion], [distrito_id], [documento_autogenerado], [nro_documento], [razon_social_destino], [recepcionado], [referencia], [telefono], [envio_id]) VALUES (10, NULL, N'RONALD SANTOS', N'DIR72', 1, N'EX00000010', N'DOC000011', N'RONALD SANTOS', 0, N'ABC', N'5558', 3)
INSERT [dbo].[documento] ([documento_id], [codigo_devolucion], [contacto_destino], [direccion], [distrito_id], [documento_autogenerado], [nro_documento], [razon_social_destino], [recepcionado], [referencia], [telefono], [envio_id]) VALUES (11, NULL, N'RONALD SANTOS', N'DIR73', 1, N'EX00000011', N'DOC000012', N'RONALD SANTOS', 0, N'ABC', N'5559', 3)
INSERT [dbo].[documento] ([documento_id], [codigo_devolucion], [contacto_destino], [direccion], [distrito_id], [documento_autogenerado], [nro_documento], [razon_social_destino], [recepcionado], [referencia], [telefono], [envio_id]) VALUES (12, NULL, N'RONALD SANTOS', N'DIR71', 1, N'EX00000012', N'DOC000010', N'RONALD SANTOS', 0, N'ABC', N'5557', 3)
INSERT [dbo].[documento] ([documento_id], [codigo_devolucion], [contacto_destino], [direccion], [distrito_id], [documento_autogenerado], [nro_documento], [razon_social_destino], [recepcionado], [referencia], [telefono], [envio_id]) VALUES (13, NULL, N'RONALD SANTOS', N'DIR73', 1, N'EX00000013', N'DOC000016', N'RONALD SANTOS', 0, N'ABC', N'5559', 4)
INSERT [dbo].[documento] ([documento_id], [codigo_devolucion], [contacto_destino], [direccion], [distrito_id], [documento_autogenerado], [nro_documento], [razon_social_destino], [recepcionado], [referencia], [telefono], [envio_id]) VALUES (14, NULL, N'RONALD SANTOS', N'DIR72', 1, N'EX00000014', N'DOC000015', N'RONALD SANTOS', 0, N'ABC', N'5558', 4)
INSERT [dbo].[documento] ([documento_id], [codigo_devolucion], [contacto_destino], [direccion], [distrito_id], [documento_autogenerado], [nro_documento], [razon_social_destino], [recepcionado], [referencia], [telefono], [envio_id]) VALUES (15, NULL, N'RONALD SANTOS', N'DIR70', 1, N'EX00000015', N'DOC000013', N'RONALD SANTOS', 0, N'ABC', N'5556', 4)
INSERT [dbo].[documento] ([documento_id], [codigo_devolucion], [contacto_destino], [direccion], [distrito_id], [documento_autogenerado], [nro_documento], [razon_social_destino], [recepcionado], [referencia], [telefono], [envio_id]) VALUES (16, NULL, N'RONALD SANTOS', N'DIR71', 1, N'EX00000016', N'DOC000014', N'RONALD SANTOS', 0, N'ABC', N'5557', 4)
INSERT [dbo].[documento] ([documento_id], [codigo_devolucion], [contacto_destino], [direccion], [distrito_id], [documento_autogenerado], [nro_documento], [razon_social_destino], [recepcionado], [referencia], [telefono], [envio_id]) VALUES (17, NULL, N'RONALD SANTOS', N'DIR72', 1, N'EX00000017', N'DOC000011', N'RONALD SANTOS', 0, N'ABC', N'5558', 5)
INSERT [dbo].[documento] ([documento_id], [codigo_devolucion], [contacto_destino], [direccion], [distrito_id], [documento_autogenerado], [nro_documento], [razon_social_destino], [recepcionado], [referencia], [telefono], [envio_id]) VALUES (18, NULL, N'RONALD SANTOS', N'DIR70', 1, N'EX00000018', N'DOC000009', N'RONALD SANTOS', 0, N'ABC', N'5556', 5)
INSERT [dbo].[documento] ([documento_id], [codigo_devolucion], [contacto_destino], [direccion], [distrito_id], [documento_autogenerado], [nro_documento], [razon_social_destino], [recepcionado], [referencia], [telefono], [envio_id]) VALUES (19, NULL, N'RONALD SANTOS', N'DIR73', 1, N'EX00000019', N'DOC000012', N'RONALD SANTOS', 0, N'ABC', N'5559', 5)
INSERT [dbo].[documento] ([documento_id], [codigo_devolucion], [contacto_destino], [direccion], [distrito_id], [documento_autogenerado], [nro_documento], [razon_social_destino], [recepcionado], [referencia], [telefono], [envio_id]) VALUES (20, NULL, N'RONALD SANTOS', N'DIR71', 1, N'EX00000020', N'DOC000010', N'RONALD SANTOS', 0, N'ABC', N'5557', 5)
INSERT [dbo].[documento] ([documento_id], [codigo_devolucion], [contacto_destino], [direccion], [distrito_id], [documento_autogenerado], [nro_documento], [razon_social_destino], [recepcionado], [referencia], [telefono], [envio_id]) VALUES (21, NULL, N'RONALD SANTOS', N'DIR73', 1, N'EX00000021', N'DOC000016', N'RONALD SANTOS', 0, N'ABC', N'5559', 6)
INSERT [dbo].[documento] ([documento_id], [codigo_devolucion], [contacto_destino], [direccion], [distrito_id], [documento_autogenerado], [nro_documento], [razon_social_destino], [recepcionado], [referencia], [telefono], [envio_id]) VALUES (22, NULL, N'RONALD SANTOS', N'DIR71', 1, N'EX00000022', N'DOC000014', N'RONALD SANTOS', 0, N'ABC', N'5557', 6)
INSERT [dbo].[documento] ([documento_id], [codigo_devolucion], [contacto_destino], [direccion], [distrito_id], [documento_autogenerado], [nro_documento], [razon_social_destino], [recepcionado], [referencia], [telefono], [envio_id]) VALUES (23, NULL, N'RONALD SANTOS', N'DIR72', 1, N'EX00000023', N'DOC000015', N'RONALD SANTOS', 0, N'ABC', N'5558', 6)
INSERT [dbo].[documento] ([documento_id], [codigo_devolucion], [contacto_destino], [direccion], [distrito_id], [documento_autogenerado], [nro_documento], [razon_social_destino], [recepcionado], [referencia], [telefono], [envio_id]) VALUES (24, NULL, N'RONALD SANTOS', N'DIR70', 1, N'EX00000024', N'DOC000013', N'RONALD SANTOS', 0, N'ABC', N'5556', 6)
INSERT [dbo].[documento] ([documento_id], [codigo_devolucion], [contacto_destino], [direccion], [distrito_id], [documento_autogenerado], [nro_documento], [razon_social_destino], [recepcionado], [referencia], [telefono], [envio_id]) VALUES (25, NULL, N'RONALD SANTOS', N'DIR72', 1, N'EX00000025', N'DOC000011', N'RONALD SANTOS', 0, N'ABC', N'5558', 7)
INSERT [dbo].[documento] ([documento_id], [codigo_devolucion], [contacto_destino], [direccion], [distrito_id], [documento_autogenerado], [nro_documento], [razon_social_destino], [recepcionado], [referencia], [telefono], [envio_id]) VALUES (26, NULL, N'RONALD SANTOS', N'DIR73', 1, N'EX00000026', N'DOC000012', N'RONALD SANTOS', 0, N'ABC', N'5559', 7)
INSERT [dbo].[documento] ([documento_id], [codigo_devolucion], [contacto_destino], [direccion], [distrito_id], [documento_autogenerado], [nro_documento], [razon_social_destino], [recepcionado], [referencia], [telefono], [envio_id]) VALUES (27, NULL, N'RONALD SANTOS', N'DIR70', 1, N'EX00000027', N'DOC000009', N'RONALD SANTOS', 0, N'ABC', N'5556', 7)
INSERT [dbo].[documento] ([documento_id], [codigo_devolucion], [contacto_destino], [direccion], [distrito_id], [documento_autogenerado], [nro_documento], [razon_social_destino], [recepcionado], [referencia], [telefono], [envio_id]) VALUES (28, NULL, N'RONALD SANTOS', N'DIR71', 1, N'EX00000028', N'DOC000010', N'RONALD SANTOS', 0, N'ABC', N'5557', 7)
INSERT [dbo].[documento] ([documento_id], [codigo_devolucion], [contacto_destino], [direccion], [distrito_id], [documento_autogenerado], [nro_documento], [razon_social_destino], [recepcionado], [referencia], [telefono], [envio_id]) VALUES (29, NULL, N'RONALD SANTOS', N'DIR71', 1, N'EX00000029', N'DOC000002', N'RONALD SANTOS', 0, N'ABC', N'5557', 8)
INSERT [dbo].[documento] ([documento_id], [codigo_devolucion], [contacto_destino], [direccion], [distrito_id], [documento_autogenerado], [nro_documento], [razon_social_destino], [recepcionado], [referencia], [telefono], [envio_id]) VALUES (30, NULL, N'RONALD SANTOS', N'DIR72', 1, N'EX00000030', N'DOC000003', N'RONALD SANTOS', 0, N'ABC', N'5558', 8)
INSERT [dbo].[documento] ([documento_id], [codigo_devolucion], [contacto_destino], [direccion], [distrito_id], [documento_autogenerado], [nro_documento], [razon_social_destino], [recepcionado], [referencia], [telefono], [envio_id]) VALUES (31, NULL, N'RONALD SANTOS', N'DIR73', 1, N'EX00000031', N'DOC000004', N'RONALD SANTOS', 0, N'ABC', N'5559', 8)
INSERT [dbo].[documento] ([documento_id], [codigo_devolucion], [contacto_destino], [direccion], [distrito_id], [documento_autogenerado], [nro_documento], [razon_social_destino], [recepcionado], [referencia], [telefono], [envio_id]) VALUES (32, NULL, N'RONALD SANTOS', N'DIR70', 1, N'EX00000032', N'DOC000001', N'RONALD SANTOS', 0, N'ABC', N'5556', 8)
INSERT [dbo].[documento] ([documento_id], [codigo_devolucion], [contacto_destino], [direccion], [distrito_id], [documento_autogenerado], [nro_documento], [razon_social_destino], [recepcionado], [referencia], [telefono], [envio_id]) VALUES (33, NULL, N'RONALD SANTOS', N'DIR71', 1, N'EX00000033', N'DOC000006', N'RONALD SANTOS', 0, N'ABC', N'5557', 9)
INSERT [dbo].[documento] ([documento_id], [codigo_devolucion], [contacto_destino], [direccion], [distrito_id], [documento_autogenerado], [nro_documento], [razon_social_destino], [recepcionado], [referencia], [telefono], [envio_id]) VALUES (34, NULL, N'RONALD SANTOS', N'DIR70', 1, N'EX00000034', N'DOC000005', N'RONALD SANTOS', 0, N'ABC', N'5556', 9)
INSERT [dbo].[documento] ([documento_id], [codigo_devolucion], [contacto_destino], [direccion], [distrito_id], [documento_autogenerado], [nro_documento], [razon_social_destino], [recepcionado], [referencia], [telefono], [envio_id]) VALUES (35, NULL, N'RONALD SANTOS', N'DIR73', 1, N'EX00000035', N'DOC000008', N'RONALD SANTOS', 0, N'ABC', N'5559', 9)
INSERT [dbo].[documento] ([documento_id], [codigo_devolucion], [contacto_destino], [direccion], [distrito_id], [documento_autogenerado], [nro_documento], [razon_social_destino], [recepcionado], [referencia], [telefono], [envio_id]) VALUES (36, NULL, N'RONALD SANTOS', N'DIR72', 1, N'EX00000036', N'DOC000007', N'RONALD SANTOS', 0, N'ABC', N'5558', 9)
INSERT [dbo].[documento] ([documento_id], [codigo_devolucion], [contacto_destino], [direccion], [distrito_id], [documento_autogenerado], [nro_documento], [razon_social_destino], [recepcionado], [referencia], [telefono], [envio_id]) VALUES (37, NULL, N'RONALD SANTOS', N'DIR72', 1, N'EX00000037', N'DOC000015', N'RONALD SANTOS', 0, N'ABC', N'5558', 10)
INSERT [dbo].[documento] ([documento_id], [codigo_devolucion], [contacto_destino], [direccion], [distrito_id], [documento_autogenerado], [nro_documento], [razon_social_destino], [recepcionado], [referencia], [telefono], [envio_id]) VALUES (38, NULL, N'RONALD SANTOS', N'DIR71', 1, N'EX00000038', N'DOC000014', N'RONALD SANTOS', 0, N'ABC', N'5557', 10)
INSERT [dbo].[documento] ([documento_id], [codigo_devolucion], [contacto_destino], [direccion], [distrito_id], [documento_autogenerado], [nro_documento], [razon_social_destino], [recepcionado], [referencia], [telefono], [envio_id]) VALUES (39, NULL, N'RONALD SANTOS', N'DIR70', 1, N'EX00000039', N'DOC000013', N'RONALD SANTOS', 0, N'ABC', N'5556', 10)
INSERT [dbo].[documento] ([documento_id], [codigo_devolucion], [contacto_destino], [direccion], [distrito_id], [documento_autogenerado], [nro_documento], [razon_social_destino], [recepcionado], [referencia], [telefono], [envio_id]) VALUES (40, NULL, N'RONALD SANTOS', N'DIR73', 1, N'EX00000040', N'DOC000016', N'RONALD SANTOS', 0, N'ABC', N'5559', 10)
SET IDENTITY_INSERT [dbo].[documento] OFF
SET IDENTITY_INSERT [dbo].[proveedor] ON 

INSERT [dbo].[proveedor] ([proveedor_id], [activo], [nombre]) VALUES (1, 1, N'DOCFLOW')
INSERT [dbo].[proveedor] ([proveedor_id], [activo], [nombre]) VALUES (2, 1, N'URBANO')
SET IDENTITY_INSERT [dbo].[proveedor] OFF
SET IDENTITY_INSERT [dbo].[tipo_guia] ON 

INSERT [dbo].[tipo_guia] ([tipo_guia_id], [nombre]) VALUES (1, N' GUIA REGULAR')
INSERT [dbo].[tipo_guia] ([tipo_guia_id], [nombre]) VALUES (2, N' GUIA BLOQUE')
SET IDENTITY_INSERT [dbo].[tipo_guia] OFF
SET IDENTITY_INSERT [dbo].[guia] ON 

INSERT [dbo].[guia] ([guia_id], [numero_guia], [producto_id], [region_id], [sede_id], [tipo_clasificacion_id], [plazo_distribucion_id], [proveedor_id], [tipo_guia_id], [tipo_seguridad_id], [tipo_servicio_id]) VALUES (1, N'WDWDWDW', 1, 1, 5, 1, 1, 1, 1, 1, 1)
INSERT [dbo].[guia] ([guia_id], [numero_guia], [producto_id], [region_id], [sede_id], [tipo_clasificacion_id], [plazo_distribucion_id], [proveedor_id], [tipo_guia_id], [tipo_seguridad_id], [tipo_servicio_id]) VALUES (2, N'SWDDSG', 1, 1, 5, 1, 1, 1, 1, 1, 1)
INSERT [dbo].[guia] ([guia_id], [numero_guia], [producto_id], [region_id], [sede_id], [tipo_clasificacion_id], [plazo_distribucion_id], [proveedor_id], [tipo_guia_id], [tipo_seguridad_id], [tipo_servicio_id]) VALUES (3, N'AWDFAF', 1, 1, 3, 1, 1, 1, 1, 1, 1)
INSERT [dbo].[guia] ([guia_id], [numero_guia], [producto_id], [region_id], [sede_id], [tipo_clasificacion_id], [plazo_distribucion_id], [proveedor_id], [tipo_guia_id], [tipo_seguridad_id], [tipo_servicio_id]) VALUES (4, N'EDEDEFE', 1, 1, 3, 1, 1, 1, 1, 1, 1)
INSERT [dbo].[guia] ([guia_id], [numero_guia], [producto_id], [region_id], [sede_id], [tipo_clasificacion_id], [plazo_distribucion_id], [proveedor_id], [tipo_guia_id], [tipo_seguridad_id], [tipo_servicio_id]) VALUES (5, N'SDSDSDSD123', 1, 1, 4, 1, 1, 1, 1, 1, 1)
INSERT [dbo].[guia] ([guia_id], [numero_guia], [producto_id], [region_id], [sede_id], [tipo_clasificacion_id], [plazo_distribucion_id], [proveedor_id], [tipo_guia_id], [tipo_seguridad_id], [tipo_servicio_id]) VALUES (6, N'EDEDEFE1234', 1, 1, 4, 1, 2, 1, 1, 1, 1)
INSERT [dbo].[guia] ([guia_id], [numero_guia], [producto_id], [region_id], [sede_id], [tipo_clasificacion_id], [plazo_distribucion_id], [proveedor_id], [tipo_guia_id], [tipo_seguridad_id], [tipo_servicio_id]) VALUES (7, N'AWDFAF34567', 1, 1, 6, 1, 1, 1, 1, 1, 1)
INSERT [dbo].[guia] ([guia_id], [numero_guia], [producto_id], [region_id], [sede_id], [tipo_clasificacion_id], [plazo_distribucion_id], [proveedor_id], [tipo_guia_id], [tipo_seguridad_id], [tipo_servicio_id]) VALUES (8, N'DFHDFH8765', 1, 1, 6, 1, 1, 1, 1, 1, 1)
INSERT [dbo].[guia] ([guia_id], [numero_guia], [producto_id], [region_id], [sede_id], [tipo_clasificacion_id], [plazo_distribucion_id], [proveedor_id], [tipo_guia_id], [tipo_seguridad_id], [tipo_servicio_id]) VALUES (9, N'WDWDWDW642', 1, 1, 3, 1, 2, 2, 1, 1, 1)
INSERT [dbo].[guia] ([guia_id], [numero_guia], [producto_id], [region_id], [sede_id], [tipo_clasificacion_id], [plazo_distribucion_id], [proveedor_id], [tipo_guia_id], [tipo_seguridad_id], [tipo_servicio_id]) VALUES (10, N'EDEDEFE812', 1, 1, 6, 1, 2, 2, 1, 1, 1)
SET IDENTITY_INSERT [dbo].[guia] OFF
INSERT [dbo].[documento_guia] ([documento_id], [guia_id], [fecha_asociacion], [validado]) VALUES (1, 1, CAST(N'2019-06-04T09:23:55.6500000' AS DateTime2), 1)
INSERT [dbo].[documento_guia] ([documento_id], [guia_id], [fecha_asociacion], [validado]) VALUES (2, 1, CAST(N'2019-06-04T09:23:55.6500000' AS DateTime2), 1)
INSERT [dbo].[documento_guia] ([documento_id], [guia_id], [fecha_asociacion], [validado]) VALUES (3, 1, CAST(N'2019-06-04T09:23:55.6500000' AS DateTime2), 1)
INSERT [dbo].[documento_guia] ([documento_id], [guia_id], [fecha_asociacion], [validado]) VALUES (4, 1, CAST(N'2019-06-04T09:23:55.6480000' AS DateTime2), 1)
INSERT [dbo].[documento_guia] ([documento_id], [guia_id], [fecha_asociacion], [validado]) VALUES (5, 3, CAST(N'2019-06-04T09:25:18.1430000' AS DateTime2), 1)
INSERT [dbo].[documento_guia] ([documento_id], [guia_id], [fecha_asociacion], [validado]) VALUES (6, 3, CAST(N'2019-06-04T09:25:18.1430000' AS DateTime2), 1)
INSERT [dbo].[documento_guia] ([documento_id], [guia_id], [fecha_asociacion], [validado]) VALUES (7, 3, CAST(N'2019-06-04T09:25:18.1430000' AS DateTime2), 1)
INSERT [dbo].[documento_guia] ([documento_id], [guia_id], [fecha_asociacion], [validado]) VALUES (8, 3, CAST(N'2019-06-04T09:25:18.1430000' AS DateTime2), 1)
INSERT [dbo].[documento_guia] ([documento_id], [guia_id], [fecha_asociacion], [validado]) VALUES (9, 7, CAST(N'2019-06-04T09:28:54.3920000' AS DateTime2), 1)
INSERT [dbo].[documento_guia] ([documento_id], [guia_id], [fecha_asociacion], [validado]) VALUES (10, 7, CAST(N'2019-06-04T09:28:54.3920000' AS DateTime2), 1)
INSERT [dbo].[documento_guia] ([documento_id], [guia_id], [fecha_asociacion], [validado]) VALUES (11, 7, CAST(N'2019-06-04T09:28:54.3920000' AS DateTime2), 1)
INSERT [dbo].[documento_guia] ([documento_id], [guia_id], [fecha_asociacion], [validado]) VALUES (12, 7, CAST(N'2019-06-04T09:28:54.3920000' AS DateTime2), 1)
INSERT [dbo].[documento_guia] ([documento_id], [guia_id], [fecha_asociacion], [validado]) VALUES (13, 6, CAST(N'2019-06-04T09:27:56.4670000' AS DateTime2), 1)
INSERT [dbo].[documento_guia] ([documento_id], [guia_id], [fecha_asociacion], [validado]) VALUES (14, 6, CAST(N'2019-06-04T09:27:56.4670000' AS DateTime2), 1)
INSERT [dbo].[documento_guia] ([documento_id], [guia_id], [fecha_asociacion], [validado]) VALUES (15, 6, CAST(N'2019-06-04T09:27:56.4670000' AS DateTime2), 1)
INSERT [dbo].[documento_guia] ([documento_id], [guia_id], [fecha_asociacion], [validado]) VALUES (16, 6, CAST(N'2019-06-04T09:27:56.4670000' AS DateTime2), 1)
INSERT [dbo].[documento_guia] ([documento_id], [guia_id], [fecha_asociacion], [validado]) VALUES (17, 10, CAST(N'2019-06-04T09:42:53.4460000' AS DateTime2), 1)
INSERT [dbo].[documento_guia] ([documento_id], [guia_id], [fecha_asociacion], [validado]) VALUES (18, 10, CAST(N'2019-06-04T09:42:53.4460000' AS DateTime2), 1)
INSERT [dbo].[documento_guia] ([documento_id], [guia_id], [fecha_asociacion], [validado]) VALUES (19, 10, CAST(N'2019-06-04T09:42:53.4460000' AS DateTime2), 1)
INSERT [dbo].[documento_guia] ([documento_id], [guia_id], [fecha_asociacion], [validado]) VALUES (20, 10, CAST(N'2019-06-04T09:42:53.4460000' AS DateTime2), 1)
INSERT [dbo].[documento_guia] ([documento_id], [guia_id], [fecha_asociacion], [validado]) VALUES (21, 9, CAST(N'2019-06-04T09:42:13.9400000' AS DateTime2), 1)
INSERT [dbo].[documento_guia] ([documento_id], [guia_id], [fecha_asociacion], [validado]) VALUES (22, 9, CAST(N'2019-06-04T09:42:13.9400000' AS DateTime2), 1)
INSERT [dbo].[documento_guia] ([documento_id], [guia_id], [fecha_asociacion], [validado]) VALUES (23, 9, CAST(N'2019-06-04T09:42:13.9400000' AS DateTime2), 1)
INSERT [dbo].[documento_guia] ([documento_id], [guia_id], [fecha_asociacion], [validado]) VALUES (24, 9, CAST(N'2019-06-04T09:42:13.9400000' AS DateTime2), 1)
INSERT [dbo].[documento_guia] ([documento_id], [guia_id], [fecha_asociacion], [validado]) VALUES (25, 2, CAST(N'2019-06-04T09:24:34.6310000' AS DateTime2), 1)
INSERT [dbo].[documento_guia] ([documento_id], [guia_id], [fecha_asociacion], [validado]) VALUES (26, 2, CAST(N'2019-06-04T09:24:34.6310000' AS DateTime2), 1)
INSERT [dbo].[documento_guia] ([documento_id], [guia_id], [fecha_asociacion], [validado]) VALUES (27, 2, CAST(N'2019-06-04T09:24:34.6310000' AS DateTime2), 1)
INSERT [dbo].[documento_guia] ([documento_id], [guia_id], [fecha_asociacion], [validado]) VALUES (28, 2, CAST(N'2019-06-04T09:24:34.6310000' AS DateTime2), 1)
INSERT [dbo].[documento_guia] ([documento_id], [guia_id], [fecha_asociacion], [validado]) VALUES (29, 4, CAST(N'2019-06-04T09:25:39.9180000' AS DateTime2), 1)
INSERT [dbo].[documento_guia] ([documento_id], [guia_id], [fecha_asociacion], [validado]) VALUES (30, 4, CAST(N'2019-06-04T09:25:39.9180000' AS DateTime2), 1)
INSERT [dbo].[documento_guia] ([documento_id], [guia_id], [fecha_asociacion], [validado]) VALUES (31, 4, CAST(N'2019-06-04T09:25:39.9180000' AS DateTime2), 1)
INSERT [dbo].[documento_guia] ([documento_id], [guia_id], [fecha_asociacion], [validado]) VALUES (32, 4, CAST(N'2019-06-04T09:25:39.9180000' AS DateTime2), 1)
INSERT [dbo].[documento_guia] ([documento_id], [guia_id], [fecha_asociacion], [validado]) VALUES (33, 8, CAST(N'2019-06-04T09:29:19.9560000' AS DateTime2), 1)
INSERT [dbo].[documento_guia] ([documento_id], [guia_id], [fecha_asociacion], [validado]) VALUES (34, 8, CAST(N'2019-06-04T09:29:19.9560000' AS DateTime2), 1)
INSERT [dbo].[documento_guia] ([documento_id], [guia_id], [fecha_asociacion], [validado]) VALUES (35, 8, CAST(N'2019-06-04T09:29:19.9560000' AS DateTime2), 1)
INSERT [dbo].[documento_guia] ([documento_id], [guia_id], [fecha_asociacion], [validado]) VALUES (36, 8, CAST(N'2019-06-04T09:29:19.9560000' AS DateTime2), 1)
INSERT [dbo].[documento_guia] ([documento_id], [guia_id], [fecha_asociacion], [validado]) VALUES (37, 5, CAST(N'2019-06-04T09:27:11.6800000' AS DateTime2), 1)
INSERT [dbo].[documento_guia] ([documento_id], [guia_id], [fecha_asociacion], [validado]) VALUES (38, 5, CAST(N'2019-06-04T09:27:11.6800000' AS DateTime2), 1)
INSERT [dbo].[documento_guia] ([documento_id], [guia_id], [fecha_asociacion], [validado]) VALUES (39, 5, CAST(N'2019-06-04T09:27:11.6800000' AS DateTime2), 1)
INSERT [dbo].[documento_guia] ([documento_id], [guia_id], [fecha_asociacion], [validado]) VALUES (40, 5, CAST(N'2019-06-04T09:27:11.6800000' AS DateTime2), 1)
SET IDENTITY_INSERT [dbo].[tipo_devolucion] ON 

INSERT [dbo].[tipo_devolucion] ([tipo_devolucion_id], [nombre]) VALUES (1, N'CARGO')
INSERT [dbo].[tipo_devolucion] ([tipo_devolucion_id], [nombre]) VALUES (2, N'REZAGO')
INSERT [dbo].[tipo_devolucion] ([tipo_devolucion_id], [nombre]) VALUES (3, N'DENUNCIA')
SET IDENTITY_INSERT [dbo].[tipo_devolucion] OFF
SET IDENTITY_INSERT [dbo].[tipo_estado_documento] ON 

INSERT [dbo].[tipo_estado_documento] ([tipo_estado_documento_id], [nombre]) VALUES (1, N'ESTADOS UTD')
INSERT [dbo].[tipo_estado_documento] ([tipo_estado_documento_id], [nombre]) VALUES (2, N'RESULTADOS PROVEEDOR')
SET IDENTITY_INSERT [dbo].[tipo_estado_documento] OFF
SET IDENTITY_INSERT [dbo].[estado_documento] ON 

INSERT [dbo].[estado_documento] ([estado_documento_id], [nombre], [tipo_estado_documento_id]) VALUES (1, N'CREADO', 1)
INSERT [dbo].[estado_documento] ([estado_documento_id], [nombre], [tipo_estado_documento_id]) VALUES (2, N'CUSTODIADO', 1)
INSERT [dbo].[estado_documento] ([estado_documento_id], [nombre], [tipo_estado_documento_id]) VALUES (3, N'PENDIENTE DE ENTREGA', 1)
INSERT [dbo].[estado_documento] ([estado_documento_id], [nombre], [tipo_estado_documento_id]) VALUES (4, N'ENTREGADO', 2)
INSERT [dbo].[estado_documento] ([estado_documento_id], [nombre], [tipo_estado_documento_id]) VALUES (5, N'REZAGADO', 2)
INSERT [dbo].[estado_documento] ([estado_documento_id], [nombre], [tipo_estado_documento_id]) VALUES (6, N'NO DISTRIBUIBLE', 2)
INSERT [dbo].[estado_documento] ([estado_documento_id], [nombre], [tipo_estado_documento_id]) VALUES (7, N'DENEGADO', 1)
INSERT [dbo].[estado_documento] ([estado_documento_id], [nombre], [tipo_estado_documento_id]) VALUES (8, N'ELIMINADO', 1)
INSERT [dbo].[estado_documento] ([estado_documento_id], [nombre], [tipo_estado_documento_id]) VALUES (9, N'RECEPCIONADO', 1)
INSERT [dbo].[estado_documento] ([estado_documento_id], [nombre], [tipo_estado_documento_id]) VALUES (10, N'CERRADO', 1)
SET IDENTITY_INSERT [dbo].[estado_documento] OFF
SET IDENTITY_INSERT [dbo].[motivo_estado] ON 

INSERT [dbo].[motivo_estado] ([motivo_estado_id], [nombre], [estado_documento_id]) VALUES (1, N'ENTREGADO A TERCERO', 4)
INSERT [dbo].[motivo_estado] ([motivo_estado_id], [nombre], [estado_documento_id]) VALUES (2, N'ENTREGADO A TITULAR', 4)
INSERT [dbo].[motivo_estado] ([motivo_estado_id], [nombre], [estado_documento_id]) VALUES (3, N'ENTREGADO CON FIRMA', 4)
INSERT [dbo].[motivo_estado] ([motivo_estado_id], [nombre], [estado_documento_id]) VALUES (4, N'ENTREGADO CON SELLO', 4)
INSERT [dbo].[motivo_estado] ([motivo_estado_id], [nombre], [estado_documento_id]) VALUES (5, N'ENTREGADO EN AGENCIA', 4)
INSERT [dbo].[motivo_estado] ([motivo_estado_id], [nombre], [estado_documento_id]) VALUES (6, N'ENTREGADO SIN SELLO', 4)
INSERT [dbo].[motivo_estado] ([motivo_estado_id], [nombre], [estado_documento_id]) VALUES (7, N'BUZON', 4)
INSERT [dbo].[motivo_estado] ([motivo_estado_id], [nombre], [estado_documento_id]) VALUES (8, N'BAJO PUERTA', 4)
INSERT [dbo].[motivo_estado] ([motivo_estado_id], [nombre], [estado_documento_id]) VALUES (9, N'AUSENTE', 5)
INSERT [dbo].[motivo_estado] ([motivo_estado_id], [nombre], [estado_documento_id]) VALUES (10, N'DIRECCION INCORRECTA', 5)
INSERT [dbo].[motivo_estado] ([motivo_estado_id], [nombre], [estado_documento_id]) VALUES (11, N'SE MUDO', 5)
INSERT [dbo].[motivo_estado] ([motivo_estado_id], [nombre], [estado_documento_id]) VALUES (12, N'DESCONOCIDO', 5)
INSERT [dbo].[motivo_estado] ([motivo_estado_id], [nombre], [estado_documento_id]) VALUES (13, N'RECHAZADO', 5)
INSERT [dbo].[motivo_estado] ([motivo_estado_id], [nombre], [estado_documento_id]) VALUES (14, N'NO PERMITE ENTREGA', 5)
INSERT [dbo].[motivo_estado] ([motivo_estado_id], [nombre], [estado_documento_id]) VALUES (15, N'FALLECIDO', 5)
INSERT [dbo].[motivo_estado] ([motivo_estado_id], [nombre], [estado_documento_id]) VALUES (16, N'EXTRAVIADO O ROBADO', 6)
INSERT [dbo].[motivo_estado] ([motivo_estado_id], [nombre], [estado_documento_id]) VALUES (17, N'FALTANTE', 6)
INSERT [dbo].[motivo_estado] ([motivo_estado_id], [nombre], [estado_documento_id]) VALUES (18, N'ANULADO', 6)
INSERT [dbo].[motivo_estado] ([motivo_estado_id], [nombre], [estado_documento_id]) VALUES (19, N'DEVUELTO', 6)
INSERT [dbo].[motivo_estado] ([motivo_estado_id], [nombre], [estado_documento_id]) VALUES (20, N'ZONA PELIGROSA', 6)
INSERT [dbo].[motivo_estado] ([motivo_estado_id], [nombre], [estado_documento_id]) VALUES (21, N'SIN COBERTURA', 6)
INSERT [dbo].[motivo_estado] ([motivo_estado_id], [nombre], [estado_documento_id]) VALUES (22, N'NO EXISTE', 6)
INSERT [dbo].[motivo_estado] ([motivo_estado_id], [nombre], [estado_documento_id]) VALUES (23, N'NO ACCESIBLE', 6)
INSERT [dbo].[motivo_estado] ([motivo_estado_id], [nombre], [estado_documento_id]) VALUES (24, N'SIN FISICO', 6)
INSERT [dbo].[motivo_estado] ([motivo_estado_id], [nombre], [estado_documento_id]) VALUES (25, N'SIN RECOJO', 6)
INSERT [dbo].[motivo_estado] ([motivo_estado_id], [nombre], [estado_documento_id]) VALUES (26, N'RETENIDO', 6)
SET IDENTITY_INSERT [dbo].[motivo_estado] OFF
SET IDENTITY_INSERT [dbo].[seguimiento_documento] ON 

INSERT [dbo].[seguimiento_documento] ([seguimiento_documento_id], [fecha], [link_imagen], [observacion], [usuario_id], [documento_id], [estado_documento_id], [motivo_estado_id]) VALUES (1, CAST(N'2019-06-04T09:17:28.5140000' AS DateTime2), NULL, NULL, 5, 1, 1, NULL)
INSERT [dbo].[seguimiento_documento] ([seguimiento_documento_id], [fecha], [link_imagen], [observacion], [usuario_id], [documento_id], [estado_documento_id], [motivo_estado_id]) VALUES (2, CAST(N'2019-06-04T09:17:28.5210000' AS DateTime2), NULL, NULL, 5, 2, 1, NULL)
INSERT [dbo].[seguimiento_documento] ([seguimiento_documento_id], [fecha], [link_imagen], [observacion], [usuario_id], [documento_id], [estado_documento_id], [motivo_estado_id]) VALUES (3, CAST(N'2019-06-04T09:17:28.5230000' AS DateTime2), NULL, NULL, 5, 3, 1, NULL)
INSERT [dbo].[seguimiento_documento] ([seguimiento_documento_id], [fecha], [link_imagen], [observacion], [usuario_id], [documento_id], [estado_documento_id], [motivo_estado_id]) VALUES (4, CAST(N'2019-06-04T09:17:28.5240000' AS DateTime2), NULL, NULL, 5, 4, 1, NULL)
INSERT [dbo].[seguimiento_documento] ([seguimiento_documento_id], [fecha], [link_imagen], [observacion], [usuario_id], [documento_id], [estado_documento_id], [motivo_estado_id]) VALUES (5, CAST(N'2019-06-04T09:17:47.8280000' AS DateTime2), NULL, NULL, 5, 5, 1, NULL)
INSERT [dbo].[seguimiento_documento] ([seguimiento_documento_id], [fecha], [link_imagen], [observacion], [usuario_id], [documento_id], [estado_documento_id], [motivo_estado_id]) VALUES (6, CAST(N'2019-06-04T09:17:47.8290000' AS DateTime2), NULL, NULL, 5, 6, 1, NULL)
INSERT [dbo].[seguimiento_documento] ([seguimiento_documento_id], [fecha], [link_imagen], [observacion], [usuario_id], [documento_id], [estado_documento_id], [motivo_estado_id]) VALUES (7, CAST(N'2019-06-04T09:17:47.8300000' AS DateTime2), NULL, NULL, 5, 7, 1, NULL)
INSERT [dbo].[seguimiento_documento] ([seguimiento_documento_id], [fecha], [link_imagen], [observacion], [usuario_id], [documento_id], [estado_documento_id], [motivo_estado_id]) VALUES (8, CAST(N'2019-06-04T09:17:47.8310000' AS DateTime2), NULL, NULL, 5, 8, 1, NULL)
INSERT [dbo].[seguimiento_documento] ([seguimiento_documento_id], [fecha], [link_imagen], [observacion], [usuario_id], [documento_id], [estado_documento_id], [motivo_estado_id]) VALUES (9, CAST(N'2019-06-04T09:18:02.1210000' AS DateTime2), NULL, NULL, 5, 9, 1, NULL)
INSERT [dbo].[seguimiento_documento] ([seguimiento_documento_id], [fecha], [link_imagen], [observacion], [usuario_id], [documento_id], [estado_documento_id], [motivo_estado_id]) VALUES (10, CAST(N'2019-06-04T09:18:02.1220000' AS DateTime2), NULL, NULL, 5, 10, 1, NULL)
INSERT [dbo].[seguimiento_documento] ([seguimiento_documento_id], [fecha], [link_imagen], [observacion], [usuario_id], [documento_id], [estado_documento_id], [motivo_estado_id]) VALUES (11, CAST(N'2019-06-04T09:18:02.1240000' AS DateTime2), NULL, NULL, 5, 11, 1, NULL)
INSERT [dbo].[seguimiento_documento] ([seguimiento_documento_id], [fecha], [link_imagen], [observacion], [usuario_id], [documento_id], [estado_documento_id], [motivo_estado_id]) VALUES (12, CAST(N'2019-06-04T09:18:02.1250000' AS DateTime2), NULL, NULL, 5, 12, 1, NULL)
INSERT [dbo].[seguimiento_documento] ([seguimiento_documento_id], [fecha], [link_imagen], [observacion], [usuario_id], [documento_id], [estado_documento_id], [motivo_estado_id]) VALUES (13, CAST(N'2019-06-04T09:18:17.0030000' AS DateTime2), NULL, NULL, 5, 13, 1, NULL)
INSERT [dbo].[seguimiento_documento] ([seguimiento_documento_id], [fecha], [link_imagen], [observacion], [usuario_id], [documento_id], [estado_documento_id], [motivo_estado_id]) VALUES (14, CAST(N'2019-06-04T09:18:17.0050000' AS DateTime2), NULL, NULL, 5, 14, 1, NULL)
INSERT [dbo].[seguimiento_documento] ([seguimiento_documento_id], [fecha], [link_imagen], [observacion], [usuario_id], [documento_id], [estado_documento_id], [motivo_estado_id]) VALUES (15, CAST(N'2019-06-04T09:18:17.0060000' AS DateTime2), NULL, NULL, 5, 15, 1, NULL)
INSERT [dbo].[seguimiento_documento] ([seguimiento_documento_id], [fecha], [link_imagen], [observacion], [usuario_id], [documento_id], [estado_documento_id], [motivo_estado_id]) VALUES (16, CAST(N'2019-06-04T09:18:17.0070000' AS DateTime2), NULL, NULL, 5, 16, 1, NULL)
INSERT [dbo].[seguimiento_documento] ([seguimiento_documento_id], [fecha], [link_imagen], [observacion], [usuario_id], [documento_id], [estado_documento_id], [motivo_estado_id]) VALUES (17, CAST(N'2019-06-04T09:18:30.4870000' AS DateTime2), NULL, NULL, 5, 17, 1, NULL)
INSERT [dbo].[seguimiento_documento] ([seguimiento_documento_id], [fecha], [link_imagen], [observacion], [usuario_id], [documento_id], [estado_documento_id], [motivo_estado_id]) VALUES (18, CAST(N'2019-06-04T09:18:30.4900000' AS DateTime2), NULL, NULL, 5, 18, 1, NULL)
INSERT [dbo].[seguimiento_documento] ([seguimiento_documento_id], [fecha], [link_imagen], [observacion], [usuario_id], [documento_id], [estado_documento_id], [motivo_estado_id]) VALUES (19, CAST(N'2019-06-04T09:18:30.4920000' AS DateTime2), NULL, NULL, 5, 19, 1, NULL)
INSERT [dbo].[seguimiento_documento] ([seguimiento_documento_id], [fecha], [link_imagen], [observacion], [usuario_id], [documento_id], [estado_documento_id], [motivo_estado_id]) VALUES (20, CAST(N'2019-06-04T09:18:30.4930000' AS DateTime2), NULL, NULL, 5, 20, 1, NULL)
INSERT [dbo].[seguimiento_documento] ([seguimiento_documento_id], [fecha], [link_imagen], [observacion], [usuario_id], [documento_id], [estado_documento_id], [motivo_estado_id]) VALUES (21, CAST(N'2019-06-04T09:18:47.6560000' AS DateTime2), NULL, NULL, 5, 21, 1, NULL)
INSERT [dbo].[seguimiento_documento] ([seguimiento_documento_id], [fecha], [link_imagen], [observacion], [usuario_id], [documento_id], [estado_documento_id], [motivo_estado_id]) VALUES (22, CAST(N'2019-06-04T09:18:47.6560000' AS DateTime2), NULL, NULL, 5, 22, 1, NULL)
INSERT [dbo].[seguimiento_documento] ([seguimiento_documento_id], [fecha], [link_imagen], [observacion], [usuario_id], [documento_id], [estado_documento_id], [motivo_estado_id]) VALUES (23, CAST(N'2019-06-04T09:18:47.6570000' AS DateTime2), NULL, NULL, 5, 23, 1, NULL)
INSERT [dbo].[seguimiento_documento] ([seguimiento_documento_id], [fecha], [link_imagen], [observacion], [usuario_id], [documento_id], [estado_documento_id], [motivo_estado_id]) VALUES (24, CAST(N'2019-06-04T09:18:47.6580000' AS DateTime2), NULL, NULL, 5, 24, 1, NULL)
INSERT [dbo].[seguimiento_documento] ([seguimiento_documento_id], [fecha], [link_imagen], [observacion], [usuario_id], [documento_id], [estado_documento_id], [motivo_estado_id]) VALUES (25, CAST(N'2019-06-04T09:19:33.3500000' AS DateTime2), NULL, NULL, 6, 25, 1, NULL)
INSERT [dbo].[seguimiento_documento] ([seguimiento_documento_id], [fecha], [link_imagen], [observacion], [usuario_id], [documento_id], [estado_documento_id], [motivo_estado_id]) VALUES (26, CAST(N'2019-06-04T09:19:33.3510000' AS DateTime2), NULL, NULL, 6, 26, 1, NULL)
INSERT [dbo].[seguimiento_documento] ([seguimiento_documento_id], [fecha], [link_imagen], [observacion], [usuario_id], [documento_id], [estado_documento_id], [motivo_estado_id]) VALUES (27, CAST(N'2019-06-04T09:19:33.3520000' AS DateTime2), NULL, NULL, 6, 27, 1, NULL)
INSERT [dbo].[seguimiento_documento] ([seguimiento_documento_id], [fecha], [link_imagen], [observacion], [usuario_id], [documento_id], [estado_documento_id], [motivo_estado_id]) VALUES (28, CAST(N'2019-06-04T09:19:33.3530000' AS DateTime2), NULL, NULL, 6, 28, 1, NULL)
INSERT [dbo].[seguimiento_documento] ([seguimiento_documento_id], [fecha], [link_imagen], [observacion], [usuario_id], [documento_id], [estado_documento_id], [motivo_estado_id]) VALUES (29, CAST(N'2019-06-04T09:19:45.2020000' AS DateTime2), NULL, NULL, 6, 29, 1, NULL)
INSERT [dbo].[seguimiento_documento] ([seguimiento_documento_id], [fecha], [link_imagen], [observacion], [usuario_id], [documento_id], [estado_documento_id], [motivo_estado_id]) VALUES (30, CAST(N'2019-06-04T09:19:45.2050000' AS DateTime2), NULL, NULL, 6, 30, 1, NULL)
INSERT [dbo].[seguimiento_documento] ([seguimiento_documento_id], [fecha], [link_imagen], [observacion], [usuario_id], [documento_id], [estado_documento_id], [motivo_estado_id]) VALUES (31, CAST(N'2019-06-04T09:19:45.2060000' AS DateTime2), NULL, NULL, 6, 31, 1, NULL)
INSERT [dbo].[seguimiento_documento] ([seguimiento_documento_id], [fecha], [link_imagen], [observacion], [usuario_id], [documento_id], [estado_documento_id], [motivo_estado_id]) VALUES (32, CAST(N'2019-06-04T09:19:45.2070000' AS DateTime2), NULL, NULL, 6, 32, 1, NULL)
INSERT [dbo].[seguimiento_documento] ([seguimiento_documento_id], [fecha], [link_imagen], [observacion], [usuario_id], [documento_id], [estado_documento_id], [motivo_estado_id]) VALUES (33, CAST(N'2019-06-04T09:19:57.1230000' AS DateTime2), NULL, NULL, 6, 33, 1, NULL)
INSERT [dbo].[seguimiento_documento] ([seguimiento_documento_id], [fecha], [link_imagen], [observacion], [usuario_id], [documento_id], [estado_documento_id], [motivo_estado_id]) VALUES (34, CAST(N'2019-06-04T09:19:57.1230000' AS DateTime2), NULL, NULL, 6, 34, 1, NULL)
INSERT [dbo].[seguimiento_documento] ([seguimiento_documento_id], [fecha], [link_imagen], [observacion], [usuario_id], [documento_id], [estado_documento_id], [motivo_estado_id]) VALUES (35, CAST(N'2019-06-04T09:19:57.1240000' AS DateTime2), NULL, NULL, 6, 35, 1, NULL)
INSERT [dbo].[seguimiento_documento] ([seguimiento_documento_id], [fecha], [link_imagen], [observacion], [usuario_id], [documento_id], [estado_documento_id], [motivo_estado_id]) VALUES (36, CAST(N'2019-06-04T09:19:57.1240000' AS DateTime2), NULL, NULL, 6, 36, 1, NULL)
INSERT [dbo].[seguimiento_documento] ([seguimiento_documento_id], [fecha], [link_imagen], [observacion], [usuario_id], [documento_id], [estado_documento_id], [motivo_estado_id]) VALUES (37, CAST(N'2019-06-04T09:20:44.3950000' AS DateTime2), NULL, NULL, 6, 37, 1, NULL)
INSERT [dbo].[seguimiento_documento] ([seguimiento_documento_id], [fecha], [link_imagen], [observacion], [usuario_id], [documento_id], [estado_documento_id], [motivo_estado_id]) VALUES (38, CAST(N'2019-06-04T09:20:44.3970000' AS DateTime2), NULL, NULL, 6, 38, 1, NULL)
INSERT [dbo].[seguimiento_documento] ([seguimiento_documento_id], [fecha], [link_imagen], [observacion], [usuario_id], [documento_id], [estado_documento_id], [motivo_estado_id]) VALUES (39, CAST(N'2019-06-04T09:20:44.3980000' AS DateTime2), NULL, NULL, 6, 39, 1, NULL)
INSERT [dbo].[seguimiento_documento] ([seguimiento_documento_id], [fecha], [link_imagen], [observacion], [usuario_id], [documento_id], [estado_documento_id], [motivo_estado_id]) VALUES (40, CAST(N'2019-06-04T09:20:44.3990000' AS DateTime2), NULL, NULL, 6, 40, 1, NULL)
INSERT [dbo].[seguimiento_documento] ([seguimiento_documento_id], [fecha], [link_imagen], [observacion], [usuario_id], [documento_id], [estado_documento_id], [motivo_estado_id]) VALUES (41, CAST(N'2019-06-04T09:21:14.4550000' AS DateTime2), NULL, NULL, 3, 2, 2, NULL)
INSERT [dbo].[seguimiento_documento] ([seguimiento_documento_id], [fecha], [link_imagen], [observacion], [usuario_id], [documento_id], [estado_documento_id], [motivo_estado_id]) VALUES (42, CAST(N'2019-06-04T09:21:14.4560000' AS DateTime2), NULL, NULL, 3, 4, 2, NULL)
INSERT [dbo].[seguimiento_documento] ([seguimiento_documento_id], [fecha], [link_imagen], [observacion], [usuario_id], [documento_id], [estado_documento_id], [motivo_estado_id]) VALUES (43, CAST(N'2019-06-04T09:21:14.4560000' AS DateTime2), NULL, NULL, 3, 1, 2, NULL)
INSERT [dbo].[seguimiento_documento] ([seguimiento_documento_id], [fecha], [link_imagen], [observacion], [usuario_id], [documento_id], [estado_documento_id], [motivo_estado_id]) VALUES (44, CAST(N'2019-06-04T09:21:14.4560000' AS DateTime2), NULL, NULL, 3, 3, 2, NULL)
INSERT [dbo].[seguimiento_documento] ([seguimiento_documento_id], [fecha], [link_imagen], [observacion], [usuario_id], [documento_id], [estado_documento_id], [motivo_estado_id]) VALUES (45, CAST(N'2019-06-04T09:21:19.6390000' AS DateTime2), NULL, NULL, 3, 27, 2, NULL)
INSERT [dbo].[seguimiento_documento] ([seguimiento_documento_id], [fecha], [link_imagen], [observacion], [usuario_id], [documento_id], [estado_documento_id], [motivo_estado_id]) VALUES (46, CAST(N'2019-06-04T09:21:19.6400000' AS DateTime2), NULL, NULL, 3, 28, 2, NULL)
INSERT [dbo].[seguimiento_documento] ([seguimiento_documento_id], [fecha], [link_imagen], [observacion], [usuario_id], [documento_id], [estado_documento_id], [motivo_estado_id]) VALUES (47, CAST(N'2019-06-04T09:21:19.6400000' AS DateTime2), NULL, NULL, 3, 26, 2, NULL)
INSERT [dbo].[seguimiento_documento] ([seguimiento_documento_id], [fecha], [link_imagen], [observacion], [usuario_id], [documento_id], [estado_documento_id], [motivo_estado_id]) VALUES (48, CAST(N'2019-06-04T09:21:19.6410000' AS DateTime2), NULL, NULL, 3, 25, 2, NULL)
INSERT [dbo].[seguimiento_documento] ([seguimiento_documento_id], [fecha], [link_imagen], [observacion], [usuario_id], [documento_id], [estado_documento_id], [motivo_estado_id]) VALUES (49, CAST(N'2019-06-04T09:21:37.1300000' AS DateTime2), NULL, NULL, 2, 16, 2, NULL)
INSERT [dbo].[seguimiento_documento] ([seguimiento_documento_id], [fecha], [link_imagen], [observacion], [usuario_id], [documento_id], [estado_documento_id], [motivo_estado_id]) VALUES (50, CAST(N'2019-06-04T09:21:37.1310000' AS DateTime2), NULL, NULL, 2, 13, 2, NULL)
INSERT [dbo].[seguimiento_documento] ([seguimiento_documento_id], [fecha], [link_imagen], [observacion], [usuario_id], [documento_id], [estado_documento_id], [motivo_estado_id]) VALUES (51, CAST(N'2019-06-04T09:21:37.1310000' AS DateTime2), NULL, NULL, 2, 14, 2, NULL)
INSERT [dbo].[seguimiento_documento] ([seguimiento_documento_id], [fecha], [link_imagen], [observacion], [usuario_id], [documento_id], [estado_documento_id], [motivo_estado_id]) VALUES (52, CAST(N'2019-06-04T09:21:37.1320000' AS DateTime2), NULL, NULL, 2, 15, 2, NULL)
INSERT [dbo].[seguimiento_documento] ([seguimiento_documento_id], [fecha], [link_imagen], [observacion], [usuario_id], [documento_id], [estado_documento_id], [motivo_estado_id]) VALUES (53, CAST(N'2019-06-04T09:21:43.4240000' AS DateTime2), NULL, NULL, 2, 38, 2, NULL)
INSERT [dbo].[seguimiento_documento] ([seguimiento_documento_id], [fecha], [link_imagen], [observacion], [usuario_id], [documento_id], [estado_documento_id], [motivo_estado_id]) VALUES (54, CAST(N'2019-06-04T09:21:43.4250000' AS DateTime2), NULL, NULL, 2, 40, 2, NULL)
INSERT [dbo].[seguimiento_documento] ([seguimiento_documento_id], [fecha], [link_imagen], [observacion], [usuario_id], [documento_id], [estado_documento_id], [motivo_estado_id]) VALUES (55, CAST(N'2019-06-04T09:21:43.4260000' AS DateTime2), NULL, NULL, 2, 37, 2, NULL)
INSERT [dbo].[seguimiento_documento] ([seguimiento_documento_id], [fecha], [link_imagen], [observacion], [usuario_id], [documento_id], [estado_documento_id], [motivo_estado_id]) VALUES (56, CAST(N'2019-06-04T09:21:43.4260000' AS DateTime2), NULL, NULL, 2, 39, 2, NULL)
INSERT [dbo].[seguimiento_documento] ([seguimiento_documento_id], [fecha], [link_imagen], [observacion], [usuario_id], [documento_id], [estado_documento_id], [motivo_estado_id]) VALUES (57, CAST(N'2019-06-04T09:22:08.3050000' AS DateTime2), NULL, NULL, 1, 6, 2, NULL)
INSERT [dbo].[seguimiento_documento] ([seguimiento_documento_id], [fecha], [link_imagen], [observacion], [usuario_id], [documento_id], [estado_documento_id], [motivo_estado_id]) VALUES (58, CAST(N'2019-06-04T09:22:08.3070000' AS DateTime2), NULL, NULL, 1, 7, 2, NULL)
INSERT [dbo].[seguimiento_documento] ([seguimiento_documento_id], [fecha], [link_imagen], [observacion], [usuario_id], [documento_id], [estado_documento_id], [motivo_estado_id]) VALUES (59, CAST(N'2019-06-04T09:22:08.3080000' AS DateTime2), NULL, NULL, 1, 5, 2, NULL)
INSERT [dbo].[seguimiento_documento] ([seguimiento_documento_id], [fecha], [link_imagen], [observacion], [usuario_id], [documento_id], [estado_documento_id], [motivo_estado_id]) VALUES (60, CAST(N'2019-06-04T09:22:08.3080000' AS DateTime2), NULL, NULL, 1, 8, 2, NULL)
INSERT [dbo].[seguimiento_documento] ([seguimiento_documento_id], [fecha], [link_imagen], [observacion], [usuario_id], [documento_id], [estado_documento_id], [motivo_estado_id]) VALUES (61, CAST(N'2019-06-04T09:22:13.3760000' AS DateTime2), NULL, NULL, 1, 21, 2, NULL)
INSERT [dbo].[seguimiento_documento] ([seguimiento_documento_id], [fecha], [link_imagen], [observacion], [usuario_id], [documento_id], [estado_documento_id], [motivo_estado_id]) VALUES (62, CAST(N'2019-06-04T09:22:13.3770000' AS DateTime2), NULL, NULL, 1, 23, 2, NULL)
INSERT [dbo].[seguimiento_documento] ([seguimiento_documento_id], [fecha], [link_imagen], [observacion], [usuario_id], [documento_id], [estado_documento_id], [motivo_estado_id]) VALUES (63, CAST(N'2019-06-04T09:22:13.3770000' AS DateTime2), NULL, NULL, 1, 24, 2, NULL)
INSERT [dbo].[seguimiento_documento] ([seguimiento_documento_id], [fecha], [link_imagen], [observacion], [usuario_id], [documento_id], [estado_documento_id], [motivo_estado_id]) VALUES (64, CAST(N'2019-06-04T09:22:13.3780000' AS DateTime2), NULL, NULL, 1, 22, 2, NULL)
INSERT [dbo].[seguimiento_documento] ([seguimiento_documento_id], [fecha], [link_imagen], [observacion], [usuario_id], [documento_id], [estado_documento_id], [motivo_estado_id]) VALUES (65, CAST(N'2019-06-04T09:22:18.9760000' AS DateTime2), NULL, NULL, 1, 30, 2, NULL)
INSERT [dbo].[seguimiento_documento] ([seguimiento_documento_id], [fecha], [link_imagen], [observacion], [usuario_id], [documento_id], [estado_documento_id], [motivo_estado_id]) VALUES (66, CAST(N'2019-06-04T09:22:18.9760000' AS DateTime2), NULL, NULL, 1, 29, 2, NULL)
INSERT [dbo].[seguimiento_documento] ([seguimiento_documento_id], [fecha], [link_imagen], [observacion], [usuario_id], [documento_id], [estado_documento_id], [motivo_estado_id]) VALUES (67, CAST(N'2019-06-04T09:22:18.9770000' AS DateTime2), NULL, NULL, 1, 32, 2, NULL)
INSERT [dbo].[seguimiento_documento] ([seguimiento_documento_id], [fecha], [link_imagen], [observacion], [usuario_id], [documento_id], [estado_documento_id], [motivo_estado_id]) VALUES (68, CAST(N'2019-06-04T09:22:18.9770000' AS DateTime2), NULL, NULL, 1, 31, 2, NULL)
INSERT [dbo].[seguimiento_documento] ([seguimiento_documento_id], [fecha], [link_imagen], [observacion], [usuario_id], [documento_id], [estado_documento_id], [motivo_estado_id]) VALUES (69, CAST(N'2019-06-04T09:22:46.3040000' AS DateTime2), NULL, NULL, 4, 12, 2, NULL)
INSERT [dbo].[seguimiento_documento] ([seguimiento_documento_id], [fecha], [link_imagen], [observacion], [usuario_id], [documento_id], [estado_documento_id], [motivo_estado_id]) VALUES (70, CAST(N'2019-06-04T09:22:46.3050000' AS DateTime2), NULL, NULL, 4, 10, 2, NULL)
INSERT [dbo].[seguimiento_documento] ([seguimiento_documento_id], [fecha], [link_imagen], [observacion], [usuario_id], [documento_id], [estado_documento_id], [motivo_estado_id]) VALUES (71, CAST(N'2019-06-04T09:22:46.3060000' AS DateTime2), NULL, NULL, 4, 9, 2, NULL)
INSERT [dbo].[seguimiento_documento] ([seguimiento_documento_id], [fecha], [link_imagen], [observacion], [usuario_id], [documento_id], [estado_documento_id], [motivo_estado_id]) VALUES (72, CAST(N'2019-06-04T09:22:46.3060000' AS DateTime2), NULL, NULL, 4, 11, 2, NULL)
INSERT [dbo].[seguimiento_documento] ([seguimiento_documento_id], [fecha], [link_imagen], [observacion], [usuario_id], [documento_id], [estado_documento_id], [motivo_estado_id]) VALUES (73, CAST(N'2019-06-04T09:22:51.7030000' AS DateTime2), NULL, NULL, 4, 18, 2, NULL)
INSERT [dbo].[seguimiento_documento] ([seguimiento_documento_id], [fecha], [link_imagen], [observacion], [usuario_id], [documento_id], [estado_documento_id], [motivo_estado_id]) VALUES (74, CAST(N'2019-06-04T09:22:51.7040000' AS DateTime2), NULL, NULL, 4, 20, 2, NULL)
INSERT [dbo].[seguimiento_documento] ([seguimiento_documento_id], [fecha], [link_imagen], [observacion], [usuario_id], [documento_id], [estado_documento_id], [motivo_estado_id]) VALUES (75, CAST(N'2019-06-04T09:22:51.7040000' AS DateTime2), NULL, NULL, 4, 17, 2, NULL)
INSERT [dbo].[seguimiento_documento] ([seguimiento_documento_id], [fecha], [link_imagen], [observacion], [usuario_id], [documento_id], [estado_documento_id], [motivo_estado_id]) VALUES (76, CAST(N'2019-06-04T09:22:51.7050000' AS DateTime2), NULL, NULL, 4, 19, 2, NULL)
INSERT [dbo].[seguimiento_documento] ([seguimiento_documento_id], [fecha], [link_imagen], [observacion], [usuario_id], [documento_id], [estado_documento_id], [motivo_estado_id]) VALUES (77, CAST(N'2019-06-04T09:22:57.2540000' AS DateTime2), NULL, NULL, 4, 35, 2, NULL)
INSERT [dbo].[seguimiento_documento] ([seguimiento_documento_id], [fecha], [link_imagen], [observacion], [usuario_id], [documento_id], [estado_documento_id], [motivo_estado_id]) VALUES (78, CAST(N'2019-06-04T09:22:57.2560000' AS DateTime2), NULL, NULL, 4, 36, 2, NULL)
INSERT [dbo].[seguimiento_documento] ([seguimiento_documento_id], [fecha], [link_imagen], [observacion], [usuario_id], [documento_id], [estado_documento_id], [motivo_estado_id]) VALUES (79, CAST(N'2019-06-04T09:22:57.2570000' AS DateTime2), NULL, NULL, 4, 33, 2, NULL)
INSERT [dbo].[seguimiento_documento] ([seguimiento_documento_id], [fecha], [link_imagen], [observacion], [usuario_id], [documento_id], [estado_documento_id], [motivo_estado_id]) VALUES (80, CAST(N'2019-06-04T09:22:57.2570000' AS DateTime2), NULL, NULL, 4, 34, 2, NULL)
INSERT [dbo].[seguimiento_documento] ([seguimiento_documento_id], [fecha], [link_imagen], [observacion], [usuario_id], [documento_id], [estado_documento_id], [motivo_estado_id]) VALUES (81, CAST(N'2019-06-04T09:30:29.2960000' AS DateTime2), NULL, NULL, 3, 3, 3, NULL)
INSERT [dbo].[seguimiento_documento] ([seguimiento_documento_id], [fecha], [link_imagen], [observacion], [usuario_id], [documento_id], [estado_documento_id], [motivo_estado_id]) VALUES (82, CAST(N'2019-06-04T09:30:29.2980000' AS DateTime2), NULL, NULL, 3, 1, 3, NULL)
INSERT [dbo].[seguimiento_documento] ([seguimiento_documento_id], [fecha], [link_imagen], [observacion], [usuario_id], [documento_id], [estado_documento_id], [motivo_estado_id]) VALUES (83, CAST(N'2019-06-04T09:30:29.2980000' AS DateTime2), NULL, NULL, 3, 2, 3, NULL)
INSERT [dbo].[seguimiento_documento] ([seguimiento_documento_id], [fecha], [link_imagen], [observacion], [usuario_id], [documento_id], [estado_documento_id], [motivo_estado_id]) VALUES (84, CAST(N'2019-06-04T09:30:29.2990000' AS DateTime2), NULL, NULL, 3, 4, 3, NULL)
INSERT [dbo].[seguimiento_documento] ([seguimiento_documento_id], [fecha], [link_imagen], [observacion], [usuario_id], [documento_id], [estado_documento_id], [motivo_estado_id]) VALUES (85, CAST(N'2019-06-04T09:30:30.7730000' AS DateTime2), NULL, NULL, 3, 25, 3, NULL)
INSERT [dbo].[seguimiento_documento] ([seguimiento_documento_id], [fecha], [link_imagen], [observacion], [usuario_id], [documento_id], [estado_documento_id], [motivo_estado_id]) VALUES (86, CAST(N'2019-06-04T09:30:30.7750000' AS DateTime2), NULL, NULL, 3, 28, 3, NULL)
INSERT [dbo].[seguimiento_documento] ([seguimiento_documento_id], [fecha], [link_imagen], [observacion], [usuario_id], [documento_id], [estado_documento_id], [motivo_estado_id]) VALUES (87, CAST(N'2019-06-04T09:30:30.7760000' AS DateTime2), NULL, NULL, 3, 27, 3, NULL)
INSERT [dbo].[seguimiento_documento] ([seguimiento_documento_id], [fecha], [link_imagen], [observacion], [usuario_id], [documento_id], [estado_documento_id], [motivo_estado_id]) VALUES (88, CAST(N'2019-06-04T09:30:30.7760000' AS DateTime2), NULL, NULL, 3, 26, 3, NULL)
INSERT [dbo].[seguimiento_documento] ([seguimiento_documento_id], [fecha], [link_imagen], [observacion], [usuario_id], [documento_id], [estado_documento_id], [motivo_estado_id]) VALUES (89, CAST(N'2019-06-04T09:30:48.2100000' AS DateTime2), NULL, NULL, 2, 37, 3, NULL)
INSERT [dbo].[seguimiento_documento] ([seguimiento_documento_id], [fecha], [link_imagen], [observacion], [usuario_id], [documento_id], [estado_documento_id], [motivo_estado_id]) VALUES (90, CAST(N'2019-06-04T09:30:48.2120000' AS DateTime2), NULL, NULL, 2, 38, 3, NULL)
INSERT [dbo].[seguimiento_documento] ([seguimiento_documento_id], [fecha], [link_imagen], [observacion], [usuario_id], [documento_id], [estado_documento_id], [motivo_estado_id]) VALUES (91, CAST(N'2019-06-04T09:30:48.2120000' AS DateTime2), NULL, NULL, 2, 39, 3, NULL)
INSERT [dbo].[seguimiento_documento] ([seguimiento_documento_id], [fecha], [link_imagen], [observacion], [usuario_id], [documento_id], [estado_documento_id], [motivo_estado_id]) VALUES (92, CAST(N'2019-06-04T09:30:48.2130000' AS DateTime2), NULL, NULL, 2, 40, 3, NULL)
INSERT [dbo].[seguimiento_documento] ([seguimiento_documento_id], [fecha], [link_imagen], [observacion], [usuario_id], [documento_id], [estado_documento_id], [motivo_estado_id]) VALUES (93, CAST(N'2019-06-04T09:30:49.7390000' AS DateTime2), NULL, NULL, 2, 16, 3, NULL)
INSERT [dbo].[seguimiento_documento] ([seguimiento_documento_id], [fecha], [link_imagen], [observacion], [usuario_id], [documento_id], [estado_documento_id], [motivo_estado_id]) VALUES (94, CAST(N'2019-06-04T09:30:49.7400000' AS DateTime2), NULL, NULL, 2, 13, 3, NULL)
INSERT [dbo].[seguimiento_documento] ([seguimiento_documento_id], [fecha], [link_imagen], [observacion], [usuario_id], [documento_id], [estado_documento_id], [motivo_estado_id]) VALUES (95, CAST(N'2019-06-04T09:30:49.7410000' AS DateTime2), NULL, NULL, 2, 15, 3, NULL)
INSERT [dbo].[seguimiento_documento] ([seguimiento_documento_id], [fecha], [link_imagen], [observacion], [usuario_id], [documento_id], [estado_documento_id], [motivo_estado_id]) VALUES (96, CAST(N'2019-06-04T09:30:49.7410000' AS DateTime2), NULL, NULL, 2, 14, 3, NULL)
INSERT [dbo].[seguimiento_documento] ([seguimiento_documento_id], [fecha], [link_imagen], [observacion], [usuario_id], [documento_id], [estado_documento_id], [motivo_estado_id]) VALUES (97, CAST(N'2019-06-04T09:31:03.6110000' AS DateTime2), NULL, NULL, 1, 5, 3, NULL)
INSERT [dbo].[seguimiento_documento] ([seguimiento_documento_id], [fecha], [link_imagen], [observacion], [usuario_id], [documento_id], [estado_documento_id], [motivo_estado_id]) VALUES (98, CAST(N'2019-06-04T09:31:03.6120000' AS DateTime2), NULL, NULL, 1, 8, 3, NULL)
INSERT [dbo].[seguimiento_documento] ([seguimiento_documento_id], [fecha], [link_imagen], [observacion], [usuario_id], [documento_id], [estado_documento_id], [motivo_estado_id]) VALUES (99, CAST(N'2019-06-04T09:31:03.6120000' AS DateTime2), NULL, NULL, 1, 6, 3, NULL)
GO
INSERT [dbo].[seguimiento_documento] ([seguimiento_documento_id], [fecha], [link_imagen], [observacion], [usuario_id], [documento_id], [estado_documento_id], [motivo_estado_id]) VALUES (100, CAST(N'2019-06-04T09:31:03.6120000' AS DateTime2), NULL, NULL, 1, 7, 3, NULL)
INSERT [dbo].[seguimiento_documento] ([seguimiento_documento_id], [fecha], [link_imagen], [observacion], [usuario_id], [documento_id], [estado_documento_id], [motivo_estado_id]) VALUES (101, CAST(N'2019-06-04T09:31:05.0050000' AS DateTime2), NULL, NULL, 1, 32, 3, NULL)
INSERT [dbo].[seguimiento_documento] ([seguimiento_documento_id], [fecha], [link_imagen], [observacion], [usuario_id], [documento_id], [estado_documento_id], [motivo_estado_id]) VALUES (102, CAST(N'2019-06-04T09:31:05.0060000' AS DateTime2), NULL, NULL, 1, 30, 3, NULL)
INSERT [dbo].[seguimiento_documento] ([seguimiento_documento_id], [fecha], [link_imagen], [observacion], [usuario_id], [documento_id], [estado_documento_id], [motivo_estado_id]) VALUES (103, CAST(N'2019-06-04T09:31:05.0060000' AS DateTime2), NULL, NULL, 1, 29, 3, NULL)
INSERT [dbo].[seguimiento_documento] ([seguimiento_documento_id], [fecha], [link_imagen], [observacion], [usuario_id], [documento_id], [estado_documento_id], [motivo_estado_id]) VALUES (104, CAST(N'2019-06-04T09:31:05.0070000' AS DateTime2), NULL, NULL, 1, 31, 3, NULL)
INSERT [dbo].[seguimiento_documento] ([seguimiento_documento_id], [fecha], [link_imagen], [observacion], [usuario_id], [documento_id], [estado_documento_id], [motivo_estado_id]) VALUES (105, CAST(N'2019-06-04T09:31:20.4270000' AS DateTime2), NULL, NULL, 4, 10, 3, NULL)
INSERT [dbo].[seguimiento_documento] ([seguimiento_documento_id], [fecha], [link_imagen], [observacion], [usuario_id], [documento_id], [estado_documento_id], [motivo_estado_id]) VALUES (106, CAST(N'2019-06-04T09:31:20.4270000' AS DateTime2), NULL, NULL, 4, 12, 3, NULL)
INSERT [dbo].[seguimiento_documento] ([seguimiento_documento_id], [fecha], [link_imagen], [observacion], [usuario_id], [documento_id], [estado_documento_id], [motivo_estado_id]) VALUES (107, CAST(N'2019-06-04T09:31:20.4280000' AS DateTime2), NULL, NULL, 4, 11, 3, NULL)
INSERT [dbo].[seguimiento_documento] ([seguimiento_documento_id], [fecha], [link_imagen], [observacion], [usuario_id], [documento_id], [estado_documento_id], [motivo_estado_id]) VALUES (108, CAST(N'2019-06-04T09:31:20.4280000' AS DateTime2), NULL, NULL, 4, 9, 3, NULL)
INSERT [dbo].[seguimiento_documento] ([seguimiento_documento_id], [fecha], [link_imagen], [observacion], [usuario_id], [documento_id], [estado_documento_id], [motivo_estado_id]) VALUES (109, CAST(N'2019-06-04T09:31:21.9960000' AS DateTime2), NULL, NULL, 4, 33, 3, NULL)
INSERT [dbo].[seguimiento_documento] ([seguimiento_documento_id], [fecha], [link_imagen], [observacion], [usuario_id], [documento_id], [estado_documento_id], [motivo_estado_id]) VALUES (110, CAST(N'2019-06-04T09:31:21.9970000' AS DateTime2), NULL, NULL, 4, 34, 3, NULL)
INSERT [dbo].[seguimiento_documento] ([seguimiento_documento_id], [fecha], [link_imagen], [observacion], [usuario_id], [documento_id], [estado_documento_id], [motivo_estado_id]) VALUES (111, CAST(N'2019-06-04T09:31:21.9970000' AS DateTime2), NULL, NULL, 4, 36, 3, NULL)
INSERT [dbo].[seguimiento_documento] ([seguimiento_documento_id], [fecha], [link_imagen], [observacion], [usuario_id], [documento_id], [estado_documento_id], [motivo_estado_id]) VALUES (112, CAST(N'2019-06-04T09:31:21.9970000' AS DateTime2), NULL, NULL, 4, 35, 3, NULL)
INSERT [dbo].[seguimiento_documento] ([seguimiento_documento_id], [fecha], [link_imagen], [observacion], [usuario_id], [documento_id], [estado_documento_id], [motivo_estado_id]) VALUES (113, CAST(N'2019-06-09T00:00:00.0000000' AS DateTime2), N'link', NULL, 3, 1, 4, 1)
INSERT [dbo].[seguimiento_documento] ([seguimiento_documento_id], [fecha], [link_imagen], [observacion], [usuario_id], [documento_id], [estado_documento_id], [motivo_estado_id]) VALUES (114, CAST(N'2019-06-08T00:00:00.0000000' AS DateTime2), N'link', NULL, 3, 2, 5, 9)
INSERT [dbo].[seguimiento_documento] ([seguimiento_documento_id], [fecha], [link_imagen], [observacion], [usuario_id], [documento_id], [estado_documento_id], [motivo_estado_id]) VALUES (115, CAST(N'2019-06-06T00:00:00.0000000' AS DateTime2), N'link', NULL, 3, 3, 4, 1)
INSERT [dbo].[seguimiento_documento] ([seguimiento_documento_id], [fecha], [link_imagen], [observacion], [usuario_id], [documento_id], [estado_documento_id], [motivo_estado_id]) VALUES (116, CAST(N'2019-06-07T00:00:00.0000000' AS DateTime2), N'link', NULL, 3, 4, 5, 9)
INSERT [dbo].[seguimiento_documento] ([seguimiento_documento_id], [fecha], [link_imagen], [observacion], [usuario_id], [documento_id], [estado_documento_id], [motivo_estado_id]) VALUES (117, CAST(N'2019-06-09T00:00:00.0000000' AS DateTime2), N'link', NULL, 3, 5, 4, 5)
INSERT [dbo].[seguimiento_documento] ([seguimiento_documento_id], [fecha], [link_imagen], [observacion], [usuario_id], [documento_id], [estado_documento_id], [motivo_estado_id]) VALUES (118, CAST(N'2019-06-08T00:00:00.0000000' AS DateTime2), N'link', NULL, 3, 6, 5, 9)
INSERT [dbo].[seguimiento_documento] ([seguimiento_documento_id], [fecha], [link_imagen], [observacion], [usuario_id], [documento_id], [estado_documento_id], [motivo_estado_id]) VALUES (119, CAST(N'2019-06-07T00:00:00.0000000' AS DateTime2), N'link', NULL, 3, 7, 4, 1)
INSERT [dbo].[seguimiento_documento] ([seguimiento_documento_id], [fecha], [link_imagen], [observacion], [usuario_id], [documento_id], [estado_documento_id], [motivo_estado_id]) VALUES (120, CAST(N'2019-06-07T00:00:00.0000000' AS DateTime2), N'link', NULL, 3, 8, 5, 9)
INSERT [dbo].[seguimiento_documento] ([seguimiento_documento_id], [fecha], [link_imagen], [observacion], [usuario_id], [documento_id], [estado_documento_id], [motivo_estado_id]) VALUES (121, CAST(N'2019-06-07T00:00:00.0000000' AS DateTime2), N'link', NULL, 3, 9, 5, 9)
INSERT [dbo].[seguimiento_documento] ([seguimiento_documento_id], [fecha], [link_imagen], [observacion], [usuario_id], [documento_id], [estado_documento_id], [motivo_estado_id]) VALUES (122, CAST(N'2019-06-08T00:00:00.0000000' AS DateTime2), N'', NULL, 3, 10, 6, 26)
INSERT [dbo].[seguimiento_documento] ([seguimiento_documento_id], [fecha], [link_imagen], [observacion], [usuario_id], [documento_id], [estado_documento_id], [motivo_estado_id]) VALUES (123, CAST(N'2019-06-09T00:00:00.0000000' AS DateTime2), N'link', NULL, 3, 11, 4, 5)
INSERT [dbo].[seguimiento_documento] ([seguimiento_documento_id], [fecha], [link_imagen], [observacion], [usuario_id], [documento_id], [estado_documento_id], [motivo_estado_id]) VALUES (124, CAST(N'2019-06-07T00:00:00.0000000' AS DateTime2), N'link', NULL, 3, 13, 4, 1)
INSERT [dbo].[seguimiento_documento] ([seguimiento_documento_id], [fecha], [link_imagen], [observacion], [usuario_id], [documento_id], [estado_documento_id], [motivo_estado_id]) VALUES (125, CAST(N'2019-06-09T00:00:00.0000000' AS DateTime2), N'link', NULL, 3, 14, 4, 1)
INSERT [dbo].[seguimiento_documento] ([seguimiento_documento_id], [fecha], [link_imagen], [observacion], [usuario_id], [documento_id], [estado_documento_id], [motivo_estado_id]) VALUES (126, CAST(N'2019-06-08T00:00:00.0000000' AS DateTime2), N'link', NULL, 3, 15, 4, 3)
INSERT [dbo].[seguimiento_documento] ([seguimiento_documento_id], [fecha], [link_imagen], [observacion], [usuario_id], [documento_id], [estado_documento_id], [motivo_estado_id]) VALUES (127, CAST(N'2019-06-09T00:00:00.0000000' AS DateTime2), N'link', NULL, 3, 25, 4, 1)
INSERT [dbo].[seguimiento_documento] ([seguimiento_documento_id], [fecha], [link_imagen], [observacion], [usuario_id], [documento_id], [estado_documento_id], [motivo_estado_id]) VALUES (128, CAST(N'2019-06-08T00:00:00.0000000' AS DateTime2), N'link', NULL, 3, 26, 5, 9)
INSERT [dbo].[seguimiento_documento] ([seguimiento_documento_id], [fecha], [link_imagen], [observacion], [usuario_id], [documento_id], [estado_documento_id], [motivo_estado_id]) VALUES (129, CAST(N'2019-06-08T00:00:00.0000000' AS DateTime2), N'link', NULL, 3, 27, 4, 1)
INSERT [dbo].[seguimiento_documento] ([seguimiento_documento_id], [fecha], [link_imagen], [observacion], [usuario_id], [documento_id], [estado_documento_id], [motivo_estado_id]) VALUES (130, CAST(N'2019-06-08T00:00:00.0000000' AS DateTime2), N'', NULL, 3, 28, 6, 21)
INSERT [dbo].[seguimiento_documento] ([seguimiento_documento_id], [fecha], [link_imagen], [observacion], [usuario_id], [documento_id], [estado_documento_id], [motivo_estado_id]) VALUES (131, CAST(N'2019-06-08T00:00:00.0000000' AS DateTime2), N'', NULL, 3, 29, 6, 26)
INSERT [dbo].[seguimiento_documento] ([seguimiento_documento_id], [fecha], [link_imagen], [observacion], [usuario_id], [documento_id], [estado_documento_id], [motivo_estado_id]) VALUES (132, CAST(N'2019-06-09T00:00:00.0000000' AS DateTime2), N'link', NULL, 3, 30, 4, 5)
INSERT [dbo].[seguimiento_documento] ([seguimiento_documento_id], [fecha], [link_imagen], [observacion], [usuario_id], [documento_id], [estado_documento_id], [motivo_estado_id]) VALUES (133, CAST(N'2019-06-08T00:00:00.0000000' AS DateTime2), N'link', NULL, 3, 31, 4, 3)
INSERT [dbo].[seguimiento_documento] ([seguimiento_documento_id], [fecha], [link_imagen], [observacion], [usuario_id], [documento_id], [estado_documento_id], [motivo_estado_id]) VALUES (134, CAST(N'2019-06-07T00:00:00.0000000' AS DateTime2), N'link', NULL, 3, 32, 4, 1)
INSERT [dbo].[seguimiento_documento] ([seguimiento_documento_id], [fecha], [link_imagen], [observacion], [usuario_id], [documento_id], [estado_documento_id], [motivo_estado_id]) VALUES (135, CAST(N'2019-06-09T00:00:00.0000000' AS DateTime2), N'link', NULL, 3, 33, 4, 5)
INSERT [dbo].[seguimiento_documento] ([seguimiento_documento_id], [fecha], [link_imagen], [observacion], [usuario_id], [documento_id], [estado_documento_id], [motivo_estado_id]) VALUES (136, CAST(N'2019-06-08T00:00:00.0000000' AS DateTime2), N'link', NULL, 3, 34, 4, 3)
INSERT [dbo].[seguimiento_documento] ([seguimiento_documento_id], [fecha], [link_imagen], [observacion], [usuario_id], [documento_id], [estado_documento_id], [motivo_estado_id]) VALUES (137, CAST(N'2019-06-07T00:00:00.0000000' AS DateTime2), N'link', NULL, 3, 35, 4, 1)
INSERT [dbo].[seguimiento_documento] ([seguimiento_documento_id], [fecha], [link_imagen], [observacion], [usuario_id], [documento_id], [estado_documento_id], [motivo_estado_id]) VALUES (138, CAST(N'2019-06-09T00:00:00.0000000' AS DateTime2), N'link', NULL, 3, 37, 4, 1)
INSERT [dbo].[seguimiento_documento] ([seguimiento_documento_id], [fecha], [link_imagen], [observacion], [usuario_id], [documento_id], [estado_documento_id], [motivo_estado_id]) VALUES (139, CAST(N'2019-06-08T00:00:00.0000000' AS DateTime2), N'link', NULL, 3, 38, 4, 3)
INSERT [dbo].[seguimiento_documento] ([seguimiento_documento_id], [fecha], [link_imagen], [observacion], [usuario_id], [documento_id], [estado_documento_id], [motivo_estado_id]) VALUES (140, CAST(N'2019-06-07T00:00:00.0000000' AS DateTime2), N'link', NULL, 3, 39, 4, 1)
INSERT [dbo].[seguimiento_documento] ([seguimiento_documento_id], [fecha], [link_imagen], [observacion], [usuario_id], [documento_id], [estado_documento_id], [motivo_estado_id]) VALUES (141, CAST(N'2019-06-07T00:00:00.0000000' AS DateTime2), N'link', NULL, 3, 40, 5, 9)
INSERT [dbo].[seguimiento_documento] ([seguimiento_documento_id], [fecha], [link_imagen], [observacion], [usuario_id], [documento_id], [estado_documento_id], [motivo_estado_id]) VALUES (142, CAST(N'2019-06-04T09:42:26.9900000' AS DateTime2), NULL, NULL, 1, 21, 3, NULL)
INSERT [dbo].[seguimiento_documento] ([seguimiento_documento_id], [fecha], [link_imagen], [observacion], [usuario_id], [documento_id], [estado_documento_id], [motivo_estado_id]) VALUES (143, CAST(N'2019-06-04T09:42:26.9920000' AS DateTime2), NULL, NULL, 1, 24, 3, NULL)
INSERT [dbo].[seguimiento_documento] ([seguimiento_documento_id], [fecha], [link_imagen], [observacion], [usuario_id], [documento_id], [estado_documento_id], [motivo_estado_id]) VALUES (144, CAST(N'2019-06-04T09:42:26.9930000' AS DateTime2), NULL, NULL, 1, 23, 3, NULL)
INSERT [dbo].[seguimiento_documento] ([seguimiento_documento_id], [fecha], [link_imagen], [observacion], [usuario_id], [documento_id], [estado_documento_id], [motivo_estado_id]) VALUES (145, CAST(N'2019-06-04T09:42:26.9930000' AS DateTime2), NULL, NULL, 1, 22, 3, NULL)
INSERT [dbo].[seguimiento_documento] ([seguimiento_documento_id], [fecha], [link_imagen], [observacion], [usuario_id], [documento_id], [estado_documento_id], [motivo_estado_id]) VALUES (146, CAST(N'2019-06-04T09:43:04.4920000' AS DateTime2), NULL, NULL, 4, 17, 3, NULL)
INSERT [dbo].[seguimiento_documento] ([seguimiento_documento_id], [fecha], [link_imagen], [observacion], [usuario_id], [documento_id], [estado_documento_id], [motivo_estado_id]) VALUES (147, CAST(N'2019-06-04T09:43:04.4940000' AS DateTime2), NULL, NULL, 4, 18, 3, NULL)
INSERT [dbo].[seguimiento_documento] ([seguimiento_documento_id], [fecha], [link_imagen], [observacion], [usuario_id], [documento_id], [estado_documento_id], [motivo_estado_id]) VALUES (148, CAST(N'2019-06-04T09:43:04.4940000' AS DateTime2), NULL, NULL, 4, 19, 3, NULL)
INSERT [dbo].[seguimiento_documento] ([seguimiento_documento_id], [fecha], [link_imagen], [observacion], [usuario_id], [documento_id], [estado_documento_id], [motivo_estado_id]) VALUES (149, CAST(N'2019-06-04T09:43:04.4940000' AS DateTime2), NULL, NULL, 4, 20, 3, NULL)
INSERT [dbo].[seguimiento_documento] ([seguimiento_documento_id], [fecha], [link_imagen], [observacion], [usuario_id], [documento_id], [estado_documento_id], [motivo_estado_id]) VALUES (150, CAST(N'2019-06-09T00:00:00.0000000' AS DateTime2), N'link', NULL, 4, 17, 4, 1)
INSERT [dbo].[seguimiento_documento] ([seguimiento_documento_id], [fecha], [link_imagen], [observacion], [usuario_id], [documento_id], [estado_documento_id], [motivo_estado_id]) VALUES (151, CAST(N'2019-06-08T00:00:00.0000000' AS DateTime2), N'link', NULL, 4, 18, 5, 9)
INSERT [dbo].[seguimiento_documento] ([seguimiento_documento_id], [fecha], [link_imagen], [observacion], [usuario_id], [documento_id], [estado_documento_id], [motivo_estado_id]) VALUES (152, CAST(N'2019-06-06T00:00:00.0000000' AS DateTime2), N'link', NULL, 4, 19, 4, 1)
INSERT [dbo].[seguimiento_documento] ([seguimiento_documento_id], [fecha], [link_imagen], [observacion], [usuario_id], [documento_id], [estado_documento_id], [motivo_estado_id]) VALUES (153, CAST(N'2019-06-07T00:00:00.0000000' AS DateTime2), N'', NULL, 4, 20, 6, 18)
INSERT [dbo].[seguimiento_documento] ([seguimiento_documento_id], [fecha], [link_imagen], [observacion], [usuario_id], [documento_id], [estado_documento_id], [motivo_estado_id]) VALUES (154, CAST(N'2019-06-09T00:00:00.0000000' AS DateTime2), N'link', NULL, 4, 21, 4, 1)
INSERT [dbo].[seguimiento_documento] ([seguimiento_documento_id], [fecha], [link_imagen], [observacion], [usuario_id], [documento_id], [estado_documento_id], [motivo_estado_id]) VALUES (155, CAST(N'2019-06-08T00:00:00.0000000' AS DateTime2), N'link', NULL, 4, 22, 5, 9)
INSERT [dbo].[seguimiento_documento] ([seguimiento_documento_id], [fecha], [link_imagen], [observacion], [usuario_id], [documento_id], [estado_documento_id], [motivo_estado_id]) VALUES (156, CAST(N'2019-06-06T00:00:00.0000000' AS DateTime2), N'link', NULL, 4, 23, 4, 1)
INSERT [dbo].[seguimiento_documento] ([seguimiento_documento_id], [fecha], [link_imagen], [observacion], [usuario_id], [documento_id], [estado_documento_id], [motivo_estado_id]) VALUES (157, CAST(N'2019-06-07T00:00:00.0000000' AS DateTime2), N'link', NULL, 4, 24, 4, 1)
SET IDENTITY_INSERT [dbo].[seguimiento_documento] OFF
INSERT [dbo].[envio_masivo] ([masivo_autogenerado], [envio_id]) VALUES (N'MEX00000001', 1)
INSERT [dbo].[envio_masivo] ([masivo_autogenerado], [envio_id]) VALUES (N'MEX00000002', 2)
INSERT [dbo].[envio_masivo] ([masivo_autogenerado], [envio_id]) VALUES (N'MEX00000003', 3)
INSERT [dbo].[envio_masivo] ([masivo_autogenerado], [envio_id]) VALUES (N'MEX00000004', 4)
INSERT [dbo].[envio_masivo] ([masivo_autogenerado], [envio_id]) VALUES (N'MEX00000005', 5)
INSERT [dbo].[envio_masivo] ([masivo_autogenerado], [envio_id]) VALUES (N'MEX00000006', 6)
INSERT [dbo].[envio_masivo] ([masivo_autogenerado], [envio_id]) VALUES (N'MEX00000007', 7)
INSERT [dbo].[envio_masivo] ([masivo_autogenerado], [envio_id]) VALUES (N'MEX00000008', 8)
INSERT [dbo].[envio_masivo] ([masivo_autogenerado], [envio_id]) VALUES (N'MEX00000009', 9)
INSERT [dbo].[envio_masivo] ([masivo_autogenerado], [envio_id]) VALUES (N'MEX00000010', 10)
SET IDENTITY_INSERT [dbo].[estado_autorizado] ON 

INSERT [dbo].[estado_autorizado] ([estado_autorizado_id], [nombre]) VALUES (1, N'PENDIENTE')
INSERT [dbo].[estado_autorizado] ([estado_autorizado_id], [nombre]) VALUES (2, N'APROBADA')
INSERT [dbo].[estado_autorizado] ([estado_autorizado_id], [nombre]) VALUES (3, N'DENEGADA')
SET IDENTITY_INSERT [dbo].[estado_autorizado] OFF
INSERT [dbo].[estado_documento_permitido] ([estado_documento_id], [estado_documento_permitido_id]) VALUES (2, 1)
INSERT [dbo].[estado_documento_permitido] ([estado_documento_id], [estado_documento_permitido_id]) VALUES (3, 2)
INSERT [dbo].[resultado_tipo_devolucion] ([estado_documento_id], [tipo_devolucion_id]) VALUES (4, 1)
INSERT [dbo].[resultado_tipo_devolucion] ([estado_documento_id], [tipo_devolucion_id]) VALUES (5, 1)
INSERT [dbo].[resultado_tipo_devolucion] ([estado_documento_id], [tipo_devolucion_id]) VALUES (5, 2)
INSERT [dbo].[resultado_tipo_devolucion] ([estado_documento_id], [tipo_devolucion_id]) VALUES (6, 2)
INSERT [dbo].[resultado_tipo_devolucion] ([estado_documento_id], [tipo_devolucion_id]) VALUES (6, 3)
SET IDENTITY_INSERT [dbo].[estado_guia] ON 

INSERT [dbo].[estado_guia] ([estado_guia_id], [nombre]) VALUES (1, N'CREADO')
INSERT [dbo].[estado_guia] ([estado_guia_id], [nombre]) VALUES (2, N'ENVIADO')
INSERT [dbo].[estado_guia] ([estado_guia_id], [nombre]) VALUES (3, N'DESCARGADO')
INSERT [dbo].[estado_guia] ([estado_guia_id], [nombre]) VALUES (4, N'COMPLETA')
INSERT [dbo].[estado_guia] ([estado_guia_id], [nombre]) VALUES (5, N'CERRADO')
SET IDENTITY_INSERT [dbo].[estado_guia] OFF
SET IDENTITY_INSERT [dbo].[seguimiento_guia] ON 

INSERT [dbo].[seguimiento_guia] ([seguimiento_guia_id], [fecha], [usuario_id], [estado_guia_id], [guia_id]) VALUES (1, CAST(N'2019-06-04T09:23:55.6500000' AS DateTime2), 3, 1, 1)
INSERT [dbo].[seguimiento_guia] ([seguimiento_guia_id], [fecha], [usuario_id], [estado_guia_id], [guia_id]) VALUES (2, CAST(N'2019-06-04T09:24:34.6310000' AS DateTime2), 3, 1, 2)
INSERT [dbo].[seguimiento_guia] ([seguimiento_guia_id], [fecha], [usuario_id], [estado_guia_id], [guia_id]) VALUES (3, CAST(N'2019-06-04T09:25:18.1430000' AS DateTime2), 1, 1, 3)
INSERT [dbo].[seguimiento_guia] ([seguimiento_guia_id], [fecha], [usuario_id], [estado_guia_id], [guia_id]) VALUES (4, CAST(N'2019-06-04T09:25:39.9180000' AS DateTime2), 1, 1, 4)
INSERT [dbo].[seguimiento_guia] ([seguimiento_guia_id], [fecha], [usuario_id], [estado_guia_id], [guia_id]) VALUES (5, CAST(N'2019-06-04T09:27:11.6800000' AS DateTime2), 2, 1, 5)
INSERT [dbo].[seguimiento_guia] ([seguimiento_guia_id], [fecha], [usuario_id], [estado_guia_id], [guia_id]) VALUES (6, CAST(N'2019-06-04T09:27:56.4680000' AS DateTime2), 2, 1, 6)
INSERT [dbo].[seguimiento_guia] ([seguimiento_guia_id], [fecha], [usuario_id], [estado_guia_id], [guia_id]) VALUES (7, CAST(N'2019-06-04T09:28:54.3920000' AS DateTime2), 4, 1, 7)
INSERT [dbo].[seguimiento_guia] ([seguimiento_guia_id], [fecha], [usuario_id], [estado_guia_id], [guia_id]) VALUES (8, CAST(N'2019-06-04T09:29:19.9560000' AS DateTime2), 4, 1, 8)
INSERT [dbo].[seguimiento_guia] ([seguimiento_guia_id], [fecha], [usuario_id], [estado_guia_id], [guia_id]) VALUES (9, CAST(N'2019-06-04T09:30:29.2890000' AS DateTime2), 3, 2, 1)
INSERT [dbo].[seguimiento_guia] ([seguimiento_guia_id], [fecha], [usuario_id], [estado_guia_id], [guia_id]) VALUES (10, CAST(N'2019-06-04T09:30:30.7660000' AS DateTime2), 3, 2, 2)
INSERT [dbo].[seguimiento_guia] ([seguimiento_guia_id], [fecha], [usuario_id], [estado_guia_id], [guia_id]) VALUES (11, CAST(N'2019-06-04T09:30:48.1950000' AS DateTime2), 2, 2, 5)
INSERT [dbo].[seguimiento_guia] ([seguimiento_guia_id], [fecha], [usuario_id], [estado_guia_id], [guia_id]) VALUES (12, CAST(N'2019-06-04T09:30:49.7360000' AS DateTime2), 2, 2, 6)
INSERT [dbo].[seguimiento_guia] ([seguimiento_guia_id], [fecha], [usuario_id], [estado_guia_id], [guia_id]) VALUES (13, CAST(N'2019-06-04T09:31:03.6100000' AS DateTime2), 1, 2, 3)
INSERT [dbo].[seguimiento_guia] ([seguimiento_guia_id], [fecha], [usuario_id], [estado_guia_id], [guia_id]) VALUES (14, CAST(N'2019-06-04T09:31:05.0020000' AS DateTime2), 1, 2, 4)
INSERT [dbo].[seguimiento_guia] ([seguimiento_guia_id], [fecha], [usuario_id], [estado_guia_id], [guia_id]) VALUES (15, CAST(N'2019-06-04T09:31:20.4250000' AS DateTime2), 4, 2, 7)
INSERT [dbo].[seguimiento_guia] ([seguimiento_guia_id], [fecha], [usuario_id], [estado_guia_id], [guia_id]) VALUES (16, CAST(N'2019-06-04T09:31:21.9940000' AS DateTime2), 4, 2, 8)
INSERT [dbo].[seguimiento_guia] ([seguimiento_guia_id], [fecha], [usuario_id], [estado_guia_id], [guia_id]) VALUES (17, CAST(N'2019-06-04T09:33:52.0450000' AS DateTime2), 3, 3, 1)
INSERT [dbo].[seguimiento_guia] ([seguimiento_guia_id], [fecha], [usuario_id], [estado_guia_id], [guia_id]) VALUES (18, CAST(N'2019-06-04T09:34:49.1590000' AS DateTime2), 3, 3, 2)
INSERT [dbo].[seguimiento_guia] ([seguimiento_guia_id], [fecha], [usuario_id], [estado_guia_id], [guia_id]) VALUES (19, CAST(N'2019-06-04T09:35:25.6310000' AS DateTime2), 3, 3, 3)
INSERT [dbo].[seguimiento_guia] ([seguimiento_guia_id], [fecha], [usuario_id], [estado_guia_id], [guia_id]) VALUES (20, CAST(N'2019-06-04T09:36:02.1900000' AS DateTime2), 3, 3, 4)
INSERT [dbo].[seguimiento_guia] ([seguimiento_guia_id], [fecha], [usuario_id], [estado_guia_id], [guia_id]) VALUES (21, CAST(N'2019-06-04T09:36:41.8660000' AS DateTime2), 3, 3, 5)
INSERT [dbo].[seguimiento_guia] ([seguimiento_guia_id], [fecha], [usuario_id], [estado_guia_id], [guia_id]) VALUES (22, CAST(N'2019-06-04T09:37:14.0670000' AS DateTime2), 3, 3, 6)
INSERT [dbo].[seguimiento_guia] ([seguimiento_guia_id], [fecha], [usuario_id], [estado_guia_id], [guia_id]) VALUES (23, CAST(N'2019-06-04T09:38:05.2000000' AS DateTime2), 3, 3, 7)
INSERT [dbo].[seguimiento_guia] ([seguimiento_guia_id], [fecha], [usuario_id], [estado_guia_id], [guia_id]) VALUES (24, CAST(N'2019-06-04T09:38:32.4450000' AS DateTime2), 3, 3, 8)
INSERT [dbo].[seguimiento_guia] ([seguimiento_guia_id], [fecha], [usuario_id], [estado_guia_id], [guia_id]) VALUES (25, CAST(N'2019-06-04T09:39:03.5270000' AS DateTime2), 3, 4, 1)
INSERT [dbo].[seguimiento_guia] ([seguimiento_guia_id], [fecha], [usuario_id], [estado_guia_id], [guia_id]) VALUES (26, CAST(N'2019-06-04T09:42:13.9400000' AS DateTime2), 1, 1, 9)
INSERT [dbo].[seguimiento_guia] ([seguimiento_guia_id], [fecha], [usuario_id], [estado_guia_id], [guia_id]) VALUES (27, CAST(N'2019-06-04T09:42:26.9850000' AS DateTime2), 1, 2, 9)
INSERT [dbo].[seguimiento_guia] ([seguimiento_guia_id], [fecha], [usuario_id], [estado_guia_id], [guia_id]) VALUES (28, CAST(N'2019-06-04T09:42:53.4460000' AS DateTime2), 4, 1, 10)
INSERT [dbo].[seguimiento_guia] ([seguimiento_guia_id], [fecha], [usuario_id], [estado_guia_id], [guia_id]) VALUES (29, CAST(N'2019-06-04T09:43:04.4880000' AS DateTime2), 4, 2, 10)
INSERT [dbo].[seguimiento_guia] ([seguimiento_guia_id], [fecha], [usuario_id], [estado_guia_id], [guia_id]) VALUES (30, CAST(N'2019-06-04T09:43:25.7100000' AS DateTime2), 4, 3, 9)
INSERT [dbo].[seguimiento_guia] ([seguimiento_guia_id], [fecha], [usuario_id], [estado_guia_id], [guia_id]) VALUES (31, CAST(N'2019-06-04T09:44:02.6680000' AS DateTime2), 4, 3, 10)
INSERT [dbo].[seguimiento_guia] ([seguimiento_guia_id], [fecha], [usuario_id], [estado_guia_id], [guia_id]) VALUES (32, CAST(N'2019-06-04T09:44:36.9070000' AS DateTime2), 4, 4, 9)
SET IDENTITY_INSERT [dbo].[seguimiento_guia] OFF
INSERT [dbo].[area_plazo_distribucion] ([area_id], [ruta_autorizacion], [plazo_distribucion_id]) VALUES (1, NULL, 2)
INSERT [dbo].[area_plazo_distribucion] ([area_id], [ruta_autorizacion], [plazo_distribucion_id]) VALUES (2, NULL, 1)
INSERT [dbo].[area_plazo_distribucion] ([area_id], [ruta_autorizacion], [plazo_distribucion_id]) VALUES (3, NULL, 1)
INSERT [dbo].[area_plazo_distribucion] ([area_id], [ruta_autorizacion], [plazo_distribucion_id]) VALUES (4, NULL, 1)
INSERT [dbo].[area_plazo_distribucion] ([area_id], [ruta_autorizacion], [plazo_distribucion_id]) VALUES (9, NULL, 4)
INSERT [dbo].[area_plazo_distribucion] ([area_id], [ruta_autorizacion], [plazo_distribucion_id]) VALUES (13, NULL, 4)
INSERT [dbo].[buzon_plazo_distribucion] ([buzon_id], [ruta_autorizacion], [plazo_distribucion_id]) VALUES (5, NULL, 1)
INSERT [dbo].[buzon_plazo_distribucion] ([buzon_id], [ruta_autorizacion], [plazo_distribucion_id]) VALUES (6, NULL, 1)
INSERT [dbo].[buzon_plazo_distribucion] ([buzon_id], [ruta_autorizacion], [plazo_distribucion_id]) VALUES (7, NULL, 1)
INSERT [dbo].[buzon_plazo_distribucion] ([buzon_id], [ruta_autorizacion], [plazo_distribucion_id]) VALUES (8, NULL, 6)
INSERT [dbo].[buzon_plazo_distribucion] ([buzon_id], [ruta_autorizacion], [plazo_distribucion_id]) VALUES (9, NULL, 4)
INSERT [dbo].[buzon_plazo_distribucion] ([buzon_id], [ruta_autorizacion], [plazo_distribucion_id]) VALUES (10, NULL, 4)
INSERT [dbo].[proveedor_plazo_distribucion] ([proveedor_id], [plazo_distribucion_id]) VALUES (1, 1)
INSERT [dbo].[proveedor_plazo_distribucion] ([proveedor_id], [plazo_distribucion_id]) VALUES (1, 2)
INSERT [dbo].[proveedor_plazo_distribucion] ([proveedor_id], [plazo_distribucion_id]) VALUES (1, 3)
INSERT [dbo].[proveedor_plazo_distribucion] ([proveedor_id], [plazo_distribucion_id]) VALUES (1, 4)
INSERT [dbo].[proveedor_plazo_distribucion] ([proveedor_id], [plazo_distribucion_id]) VALUES (2, 1)
INSERT [dbo].[proveedor_plazo_distribucion] ([proveedor_id], [plazo_distribucion_id]) VALUES (2, 2)
INSERT [dbo].[proveedor_plazo_distribucion] ([proveedor_id], [plazo_distribucion_id]) VALUES (2, 3)
INSERT [dbo].[proveedor_plazo_distribucion] ([proveedor_id], [plazo_distribucion_id]) VALUES (2, 4)
INSERT [dbo].[region_plazo_distribucion] ([plazo_distribucion_id], [region_id], [region], [tiempo_envio]) VALUES (1, 1, NULL, 96)
INSERT [dbo].[region_plazo_distribucion] ([plazo_distribucion_id], [region_id], [region], [tiempo_envio]) VALUES (2, 1, NULL, 72)
INSERT [dbo].[region_plazo_distribucion] ([plazo_distribucion_id], [region_id], [region], [tiempo_envio]) VALUES (3, 1, NULL, 48)
INSERT [dbo].[region_plazo_distribucion] ([plazo_distribucion_id], [region_id], [region], [tiempo_envio]) VALUES (4, 1, NULL, 24)
INSERT [dbo].[region_plazo_distribucion] ([plazo_distribucion_id], [region_id], [region], [tiempo_envio]) VALUES (5, 1, NULL, 4)
INSERT [dbo].[region_plazo_distribucion] ([plazo_distribucion_id], [region_id], [region], [tiempo_envio]) VALUES (6, 1, NULL, 2)
INSERT [dbo].[region_plazo_distribucion] ([plazo_distribucion_id], [region_id], [region], [tiempo_envio]) VALUES (7, 1, NULL, 2)
INSERT [dbo].[buzon_tipo_seguridad] ([buzon_id], [tipo_seguridad_id]) VALUES (1, 1)
SET IDENTITY_INSERT [dbo].[documento_reporte] ON 

INSERT [dbo].[documento_reporte] ([documento_reporte_id], [documento_id], [estado_cargo], [estado_documento_id], [fecha], [plazo_id], [proveedor_id], [tiempo_entrega]) VALUES (1, 3, 2, 4, CAST(N'2019-06-04T09:30:29.2890000' AS DateTime2), 1, 1, 2)
INSERT [dbo].[documento_reporte] ([documento_reporte_id], [documento_id], [estado_cargo], [estado_documento_id], [fecha], [plazo_id], [proveedor_id], [tiempo_entrega]) VALUES (2, 1, 2, 4, CAST(N'2019-06-04T09:30:29.2890000' AS DateTime2), 1, 1, 2)
INSERT [dbo].[documento_reporte] ([documento_reporte_id], [documento_id], [estado_cargo], [estado_documento_id], [fecha], [plazo_id], [proveedor_id], [tiempo_entrega]) VALUES (3, 2, 2, 5, CAST(N'2019-06-04T09:30:29.2890000' AS DateTime2), 1, 1, 2)
INSERT [dbo].[documento_reporte] ([documento_reporte_id], [documento_id], [estado_cargo], [estado_documento_id], [fecha], [plazo_id], [proveedor_id], [tiempo_entrega]) VALUES (4, 4, 2, 5, CAST(N'2019-06-04T09:30:29.2890000' AS DateTime2), 1, 1, 2)
INSERT [dbo].[documento_reporte] ([documento_reporte_id], [documento_id], [estado_cargo], [estado_documento_id], [fecha], [plazo_id], [proveedor_id], [tiempo_entrega]) VALUES (5, 25, 2, 4, CAST(N'2019-06-04T09:30:30.7660000' AS DateTime2), 1, 1, 2)
INSERT [dbo].[documento_reporte] ([documento_reporte_id], [documento_id], [estado_cargo], [estado_documento_id], [fecha], [plazo_id], [proveedor_id], [tiempo_entrega]) VALUES (6, 28, 2, 6, CAST(N'2019-06-04T09:30:30.7660000' AS DateTime2), 1, 1, 2)
INSERT [dbo].[documento_reporte] ([documento_reporte_id], [documento_id], [estado_cargo], [estado_documento_id], [fecha], [plazo_id], [proveedor_id], [tiempo_entrega]) VALUES (7, 27, 2, 4, CAST(N'2019-06-04T09:30:30.7660000' AS DateTime2), 1, 1, 2)
INSERT [dbo].[documento_reporte] ([documento_reporte_id], [documento_id], [estado_cargo], [estado_documento_id], [fecha], [plazo_id], [proveedor_id], [tiempo_entrega]) VALUES (8, 26, 2, 5, CAST(N'2019-06-04T09:30:30.7660000' AS DateTime2), 1, 1, 2)
INSERT [dbo].[documento_reporte] ([documento_reporte_id], [documento_id], [estado_cargo], [estado_documento_id], [fecha], [plazo_id], [proveedor_id], [tiempo_entrega]) VALUES (9, 37, 2, 4, CAST(N'2019-06-04T09:30:48.1950000' AS DateTime2), 1, 1, 2)
INSERT [dbo].[documento_reporte] ([documento_reporte_id], [documento_id], [estado_cargo], [estado_documento_id], [fecha], [plazo_id], [proveedor_id], [tiempo_entrega]) VALUES (10, 38, 2, 4, CAST(N'2019-06-04T09:30:48.1950000' AS DateTime2), 1, 1, 2)
INSERT [dbo].[documento_reporte] ([documento_reporte_id], [documento_id], [estado_cargo], [estado_documento_id], [fecha], [plazo_id], [proveedor_id], [tiempo_entrega]) VALUES (11, 39, 2, 4, CAST(N'2019-06-04T09:30:48.1950000' AS DateTime2), 1, 1, 2)
INSERT [dbo].[documento_reporte] ([documento_reporte_id], [documento_id], [estado_cargo], [estado_documento_id], [fecha], [plazo_id], [proveedor_id], [tiempo_entrega]) VALUES (12, 40, 2, 5, CAST(N'2019-06-04T09:30:48.1950000' AS DateTime2), 1, 1, 2)
INSERT [dbo].[documento_reporte] ([documento_reporte_id], [documento_id], [estado_cargo], [estado_documento_id], [fecha], [plazo_id], [proveedor_id], [tiempo_entrega]) VALUES (13, 16, 1, 3, CAST(N'2019-06-04T09:30:49.7360000' AS DateTime2), 2, 1, 1)
INSERT [dbo].[documento_reporte] ([documento_reporte_id], [documento_id], [estado_cargo], [estado_documento_id], [fecha], [plazo_id], [proveedor_id], [tiempo_entrega]) VALUES (14, 13, 2, 4, CAST(N'2019-06-04T09:30:49.7360000' AS DateTime2), 2, 1, 2)
INSERT [dbo].[documento_reporte] ([documento_reporte_id], [documento_id], [estado_cargo], [estado_documento_id], [fecha], [plazo_id], [proveedor_id], [tiempo_entrega]) VALUES (15, 15, 2, 4, CAST(N'2019-06-04T09:30:49.7360000' AS DateTime2), 2, 1, 3)
INSERT [dbo].[documento_reporte] ([documento_reporte_id], [documento_id], [estado_cargo], [estado_documento_id], [fecha], [plazo_id], [proveedor_id], [tiempo_entrega]) VALUES (16, 14, 2, 4, CAST(N'2019-06-04T09:30:49.7360000' AS DateTime2), 2, 1, 3)
INSERT [dbo].[documento_reporte] ([documento_reporte_id], [documento_id], [estado_cargo], [estado_documento_id], [fecha], [plazo_id], [proveedor_id], [tiempo_entrega]) VALUES (17, 5, 2, 4, CAST(N'2019-06-04T09:31:03.6100000' AS DateTime2), 1, 1, 2)
INSERT [dbo].[documento_reporte] ([documento_reporte_id], [documento_id], [estado_cargo], [estado_documento_id], [fecha], [plazo_id], [proveedor_id], [tiempo_entrega]) VALUES (18, 8, 2, 5, CAST(N'2019-06-04T09:31:03.6100000' AS DateTime2), 1, 1, 2)
INSERT [dbo].[documento_reporte] ([documento_reporte_id], [documento_id], [estado_cargo], [estado_documento_id], [fecha], [plazo_id], [proveedor_id], [tiempo_entrega]) VALUES (19, 6, 2, 5, CAST(N'2019-06-04T09:31:03.6100000' AS DateTime2), 1, 1, 2)
INSERT [dbo].[documento_reporte] ([documento_reporte_id], [documento_id], [estado_cargo], [estado_documento_id], [fecha], [plazo_id], [proveedor_id], [tiempo_entrega]) VALUES (20, 7, 2, 4, CAST(N'2019-06-04T09:31:03.6100000' AS DateTime2), 1, 1, 2)
INSERT [dbo].[documento_reporte] ([documento_reporte_id], [documento_id], [estado_cargo], [estado_documento_id], [fecha], [plazo_id], [proveedor_id], [tiempo_entrega]) VALUES (21, 32, 2, 4, CAST(N'2019-06-04T09:31:05.0020000' AS DateTime2), 1, 1, 2)
INSERT [dbo].[documento_reporte] ([documento_reporte_id], [documento_id], [estado_cargo], [estado_documento_id], [fecha], [plazo_id], [proveedor_id], [tiempo_entrega]) VALUES (22, 30, 2, 4, CAST(N'2019-06-04T09:31:05.0020000' AS DateTime2), 1, 1, 2)
INSERT [dbo].[documento_reporte] ([documento_reporte_id], [documento_id], [estado_cargo], [estado_documento_id], [fecha], [plazo_id], [proveedor_id], [tiempo_entrega]) VALUES (23, 29, 2, 6, CAST(N'2019-06-04T09:31:05.0020000' AS DateTime2), 1, 1, 2)
INSERT [dbo].[documento_reporte] ([documento_reporte_id], [documento_id], [estado_cargo], [estado_documento_id], [fecha], [plazo_id], [proveedor_id], [tiempo_entrega]) VALUES (24, 31, 2, 4, CAST(N'2019-06-04T09:31:05.0020000' AS DateTime2), 1, 1, 2)
INSERT [dbo].[documento_reporte] ([documento_reporte_id], [documento_id], [estado_cargo], [estado_documento_id], [fecha], [plazo_id], [proveedor_id], [tiempo_entrega]) VALUES (25, 10, 2, 6, CAST(N'2019-06-04T09:31:20.4250000' AS DateTime2), 1, 1, 2)
INSERT [dbo].[documento_reporte] ([documento_reporte_id], [documento_id], [estado_cargo], [estado_documento_id], [fecha], [plazo_id], [proveedor_id], [tiempo_entrega]) VALUES (26, 12, 1, 3, CAST(N'2019-06-04T09:31:20.4250000' AS DateTime2), 1, 1, 1)
INSERT [dbo].[documento_reporte] ([documento_reporte_id], [documento_id], [estado_cargo], [estado_documento_id], [fecha], [plazo_id], [proveedor_id], [tiempo_entrega]) VALUES (27, 11, 2, 4, CAST(N'2019-06-04T09:31:20.4250000' AS DateTime2), 1, 1, 2)
INSERT [dbo].[documento_reporte] ([documento_reporte_id], [documento_id], [estado_cargo], [estado_documento_id], [fecha], [plazo_id], [proveedor_id], [tiempo_entrega]) VALUES (28, 9, 2, 5, CAST(N'2019-06-04T09:31:20.4250000' AS DateTime2), 1, 1, 2)
INSERT [dbo].[documento_reporte] ([documento_reporte_id], [documento_id], [estado_cargo], [estado_documento_id], [fecha], [plazo_id], [proveedor_id], [tiempo_entrega]) VALUES (29, 33, 2, 4, CAST(N'2019-06-04T09:31:21.9940000' AS DateTime2), 1, 1, 2)
INSERT [dbo].[documento_reporte] ([documento_reporte_id], [documento_id], [estado_cargo], [estado_documento_id], [fecha], [plazo_id], [proveedor_id], [tiempo_entrega]) VALUES (30, 34, 2, 4, CAST(N'2019-06-04T09:31:21.9940000' AS DateTime2), 1, 1, 2)
INSERT [dbo].[documento_reporte] ([documento_reporte_id], [documento_id], [estado_cargo], [estado_documento_id], [fecha], [plazo_id], [proveedor_id], [tiempo_entrega]) VALUES (31, 36, 1, 3, CAST(N'2019-06-04T09:31:21.9940000' AS DateTime2), 1, 1, 1)
INSERT [dbo].[documento_reporte] ([documento_reporte_id], [documento_id], [estado_cargo], [estado_documento_id], [fecha], [plazo_id], [proveedor_id], [tiempo_entrega]) VALUES (32, 35, 2, 4, CAST(N'2019-06-04T09:31:21.9940000' AS DateTime2), 1, 1, 2)
INSERT [dbo].[documento_reporte] ([documento_reporte_id], [documento_id], [estado_cargo], [estado_documento_id], [fecha], [plazo_id], [proveedor_id], [tiempo_entrega]) VALUES (33, 21, 2, 4, CAST(N'2019-06-04T09:42:26.9850000' AS DateTime2), 2, 2, 3)
INSERT [dbo].[documento_reporte] ([documento_reporte_id], [documento_id], [estado_cargo], [estado_documento_id], [fecha], [plazo_id], [proveedor_id], [tiempo_entrega]) VALUES (34, 24, 2, 4, CAST(N'2019-06-04T09:42:26.9850000' AS DateTime2), 2, 2, 2)
INSERT [dbo].[documento_reporte] ([documento_reporte_id], [documento_id], [estado_cargo], [estado_documento_id], [fecha], [plazo_id], [proveedor_id], [tiempo_entrega]) VALUES (35, 23, 2, 4, CAST(N'2019-06-04T09:42:26.9850000' AS DateTime2), 2, 2, 2)
INSERT [dbo].[documento_reporte] ([documento_reporte_id], [documento_id], [estado_cargo], [estado_documento_id], [fecha], [plazo_id], [proveedor_id], [tiempo_entrega]) VALUES (36, 22, 2, 5, CAST(N'2019-06-04T09:42:26.9850000' AS DateTime2), 2, 2, 3)
INSERT [dbo].[documento_reporte] ([documento_reporte_id], [documento_id], [estado_cargo], [estado_documento_id], [fecha], [plazo_id], [proveedor_id], [tiempo_entrega]) VALUES (37, 17, 2, 4, CAST(N'2019-06-04T09:43:04.4880000' AS DateTime2), 2, 2, 3)
INSERT [dbo].[documento_reporte] ([documento_reporte_id], [documento_id], [estado_cargo], [estado_documento_id], [fecha], [plazo_id], [proveedor_id], [tiempo_entrega]) VALUES (38, 18, 2, 5, CAST(N'2019-06-04T09:43:04.4880000' AS DateTime2), 2, 2, 3)
INSERT [dbo].[documento_reporte] ([documento_reporte_id], [documento_id], [estado_cargo], [estado_documento_id], [fecha], [plazo_id], [proveedor_id], [tiempo_entrega]) VALUES (39, 19, 2, 4, CAST(N'2019-06-04T09:43:04.4880000' AS DateTime2), 2, 2, 2)
INSERT [dbo].[documento_reporte] ([documento_reporte_id], [documento_id], [estado_cargo], [estado_documento_id], [fecha], [plazo_id], [proveedor_id], [tiempo_entrega]) VALUES (40, 20, 2, 6, CAST(N'2019-06-04T09:43:04.4880000' AS DateTime2), 2, 2, 2)
SET IDENTITY_INSERT [dbo].[documento_reporte] OFF