USE [db_externa_core]

--SET IDENTITY_INSERT [dbo].[tipo_plazo_distribucion] ON 
--
--INSERT [dbo].[tipo_plazo_distribucion] ([tipo_plazo_distribucion_id], [nombre]) VALUES (1, N'REGULAR')
--INSERT [dbo].[tipo_plazo_distribucion] ([tipo_plazo_distribucion_id], [nombre]) VALUES (2, N'ESPECIAL')
--SET IDENTITY_INSERT [dbo].[tipo_plazo_distribucion] OFF
--SET IDENTITY_INSERT [dbo].[plazo_distribucion] ON 
--
--INSERT [dbo].[plazo_distribucion] ([plazo_id], [nombre], [tiempo_envio], [tipo_plazo_distribucion_id], [activo]) VALUES (1, N'ESTÁNDAR', 96, 1, 1)
--INSERT [dbo].[plazo_distribucion] ([plazo_id], [nombre], [tiempo_envio], [tipo_plazo_distribucion_id], [activo]) VALUES (2, N'72 HORAS', 72, 2, 1)
--INSERT [dbo].[plazo_distribucion] ([plazo_id], [nombre], [tiempo_envio], [tipo_plazo_distribucion_id], [activo]) VALUES (3, N'48 HORAS', 48, 2, 1)
--INSERT [dbo].[plazo_distribucion] ([plazo_id], [nombre], [tiempo_envio], [tipo_plazo_distribucion_id], [activo]) VALUES (4, N'24 HORAS', 24, 2, 1)
--SET IDENTITY_INSERT [dbo].[plazo_distribucion] OFF
SET IDENTITY_INSERT [dbo].[tipo_seguridad] ON 

INSERT [dbo].[tipo_seguridad] ([tipo_seguridad_id], [nombre]) VALUES (1, N'SIN GPS')
INSERT [dbo].[tipo_seguridad] ([tipo_seguridad_id], [nombre]) VALUES (2, N'GPS BÁSICO')
SET IDENTITY_INSERT [dbo].[tipo_seguridad] OFF
SET IDENTITY_INSERT [dbo].[tipo_servicio] ON 

INSERT [dbo].[tipo_servicio] ([tipo_servicio_id], [nombre]) VALUES (1, N'DISTRIBUCIÓN')
SET IDENTITY_INSERT [dbo].[tipo_servicio] OFF
SET IDENTITY_INSERT [dbo].[envio] ON 

INSERT [dbo].[envio] ([envio_id], [autorizado], [buzon_id], [ruta_autorizacion], [sede_id], [tipo_documento_id], [plazo_id], [tipo_seguridad_id], [tipo_servicio_id]) VALUES (1, 1, 5, NULL, 3, 1, 1, 1, 1)
INSERT [dbo].[envio] ([envio_id], [autorizado], [buzon_id], [ruta_autorizacion], [sede_id], [tipo_documento_id], [plazo_id], [tipo_seguridad_id], [tipo_servicio_id]) VALUES (2, 1, 5, NULL, 3, 1, 1, 1, 1)
INSERT [dbo].[envio] ([envio_id], [autorizado], [buzon_id], [ruta_autorizacion], [sede_id], [tipo_documento_id], [plazo_id], [tipo_seguridad_id], [tipo_servicio_id]) VALUES (3, 1, 5, NULL, 3, 1, 1, 1, 1)
INSERT [dbo].[envio] ([envio_id], [autorizado], [buzon_id], [ruta_autorizacion], [sede_id], [tipo_documento_id], [plazo_id], [tipo_seguridad_id], [tipo_servicio_id]) VALUES (4, 1, 5, NULL, 3, 1, 1, 1, 1)
INSERT [dbo].[envio] ([envio_id], [autorizado], [buzon_id], [ruta_autorizacion], [sede_id], [tipo_documento_id], [plazo_id], [tipo_seguridad_id], [tipo_servicio_id]) VALUES (5, 1, 5, NULL, 3, 1, 1, 1, 1)
INSERT [dbo].[envio] ([envio_id], [autorizado], [buzon_id], [ruta_autorizacion], [sede_id], [tipo_documento_id], [plazo_id], [tipo_seguridad_id], [tipo_servicio_id]) VALUES (6, 1, 5, NULL, 3, 1, 1, 1, 1)
INSERT [dbo].[envio] ([envio_id], [autorizado], [buzon_id], [ruta_autorizacion], [sede_id], [tipo_documento_id], [plazo_id], [tipo_seguridad_id], [tipo_servicio_id]) VALUES (7, 1, 5, NULL, 3, 1, 1, 1, 1)
INSERT [dbo].[envio] ([envio_id], [autorizado], [buzon_id], [ruta_autorizacion], [sede_id], [tipo_documento_id], [plazo_id], [tipo_seguridad_id], [tipo_servicio_id]) VALUES (8, 1, 5, NULL, 3, 1, 1, 1, 1)
INSERT [dbo].[envio] ([envio_id], [autorizado], [buzon_id], [ruta_autorizacion], [sede_id], [tipo_documento_id], [plazo_id], [tipo_seguridad_id], [tipo_servicio_id]) VALUES (9, 1, 5, NULL, 3, 1, 1, 1, 1)
INSERT [dbo].[envio] ([envio_id], [autorizado], [buzon_id], [ruta_autorizacion], [sede_id], [tipo_documento_id], [plazo_id], [tipo_seguridad_id], [tipo_servicio_id]) VALUES (10, 1, 5, NULL, 3, 1, 1, 1, 1)
INSERT [dbo].[envio] ([envio_id], [autorizado], [buzon_id], [ruta_autorizacion], [sede_id], [tipo_documento_id], [plazo_id], [tipo_seguridad_id], [tipo_servicio_id]) VALUES (11, 1, 5, NULL, 3, 1, 2, 1, 1)
INSERT [dbo].[envio] ([envio_id], [autorizado], [buzon_id], [ruta_autorizacion], [sede_id], [tipo_documento_id], [plazo_id], [tipo_seguridad_id], [tipo_servicio_id]) VALUES (12, 1, 5, NULL, 3, 1, 2, 1, 1)
INSERT [dbo].[envio] ([envio_id], [autorizado], [buzon_id], [ruta_autorizacion], [sede_id], [tipo_documento_id], [plazo_id], [tipo_seguridad_id], [tipo_servicio_id]) VALUES (13, 1, 5, NULL, 3, 1, 2, 1, 1)
INSERT [dbo].[envio] ([envio_id], [autorizado], [buzon_id], [ruta_autorizacion], [sede_id], [tipo_documento_id], [plazo_id], [tipo_seguridad_id], [tipo_servicio_id]) VALUES (14, 1, 5, NULL, 3, 1, 2, 1, 1)
INSERT [dbo].[envio] ([envio_id], [autorizado], [buzon_id], [ruta_autorizacion], [sede_id], [tipo_documento_id], [plazo_id], [tipo_seguridad_id], [tipo_servicio_id]) VALUES (15, 1, 5, N'15.msg', 3, 1, 3, 1, 1)
INSERT [dbo].[envio] ([envio_id], [autorizado], [buzon_id], [ruta_autorizacion], [sede_id], [tipo_documento_id], [plazo_id], [tipo_seguridad_id], [tipo_servicio_id]) VALUES (16, 1, 5, N'16.msg', 3, 1, 3, 1, 1)
INSERT [dbo].[envio] ([envio_id], [autorizado], [buzon_id], [ruta_autorizacion], [sede_id], [tipo_documento_id], [plazo_id], [tipo_seguridad_id], [tipo_servicio_id]) VALUES (17, 0, 5, N'17.msg', 3, 1, 3, 1, 1)
INSERT [dbo].[envio] ([envio_id], [autorizado], [buzon_id], [ruta_autorizacion], [sede_id], [tipo_documento_id], [plazo_id], [tipo_seguridad_id], [tipo_servicio_id]) VALUES (18, 1, 5, N'18.msg', 3, 1, 4, 1, 1)
INSERT [dbo].[envio] ([envio_id], [autorizado], [buzon_id], [ruta_autorizacion], [sede_id], [tipo_documento_id], [plazo_id], [tipo_seguridad_id], [tipo_servicio_id]) VALUES (19, 1, 5, N'19.msg', 3, 1, 4, 1, 1)
INSERT [dbo].[envio] ([envio_id], [autorizado], [buzon_id], [ruta_autorizacion], [sede_id], [tipo_documento_id], [plazo_id], [tipo_seguridad_id], [tipo_servicio_id]) VALUES (20, 0, 5, N'20.msg', 3, 1, 4, 1, 1)
INSERT [dbo].[envio] ([envio_id], [autorizado], [buzon_id], [ruta_autorizacion], [sede_id], [tipo_documento_id], [plazo_id], [tipo_seguridad_id], [tipo_servicio_id]) VALUES (21, 1, 6, NULL, 4, 1, 1, 1, 1)
INSERT [dbo].[envio] ([envio_id], [autorizado], [buzon_id], [ruta_autorizacion], [sede_id], [tipo_documento_id], [plazo_id], [tipo_seguridad_id], [tipo_servicio_id]) VALUES (22, 1, 6, NULL, 4, 1, 1, 1, 1)
INSERT [dbo].[envio] ([envio_id], [autorizado], [buzon_id], [ruta_autorizacion], [sede_id], [tipo_documento_id], [plazo_id], [tipo_seguridad_id], [tipo_servicio_id]) VALUES (23, 1, 6, NULL, 4, 1, 1, 1, 1)
INSERT [dbo].[envio] ([envio_id], [autorizado], [buzon_id], [ruta_autorizacion], [sede_id], [tipo_documento_id], [plazo_id], [tipo_seguridad_id], [tipo_servicio_id]) VALUES (24, 1, 6, NULL, 4, 1, 1, 1, 1)
INSERT [dbo].[envio] ([envio_id], [autorizado], [buzon_id], [ruta_autorizacion], [sede_id], [tipo_documento_id], [plazo_id], [tipo_seguridad_id], [tipo_servicio_id]) VALUES (25, 1, 6, NULL, 4, 1, 1, 1, 1)
INSERT [dbo].[envio] ([envio_id], [autorizado], [buzon_id], [ruta_autorizacion], [sede_id], [tipo_documento_id], [plazo_id], [tipo_seguridad_id], [tipo_servicio_id]) VALUES (26, 1, 6, NULL, 4, 1, 1, 1, 1)
INSERT [dbo].[envio] ([envio_id], [autorizado], [buzon_id], [ruta_autorizacion], [sede_id], [tipo_documento_id], [plazo_id], [tipo_seguridad_id], [tipo_servicio_id]) VALUES (27, 1, 6, NULL, 4, 1, 1, 1, 1)
INSERT [dbo].[envio] ([envio_id], [autorizado], [buzon_id], [ruta_autorizacion], [sede_id], [tipo_documento_id], [plazo_id], [tipo_seguridad_id], [tipo_servicio_id]) VALUES (28, 1, 6, NULL, 4, 1, 1, 1, 1)
INSERT [dbo].[envio] ([envio_id], [autorizado], [buzon_id], [ruta_autorizacion], [sede_id], [tipo_documento_id], [plazo_id], [tipo_seguridad_id], [tipo_servicio_id]) VALUES (29, 1, 6, NULL, 4, 1, 1, 1, 1)
INSERT [dbo].[envio] ([envio_id], [autorizado], [buzon_id], [ruta_autorizacion], [sede_id], [tipo_documento_id], [plazo_id], [tipo_seguridad_id], [tipo_servicio_id]) VALUES (30, 1, 6, NULL, 4, 1, 1, 1, 1)
INSERT [dbo].[envio] ([envio_id], [autorizado], [buzon_id], [ruta_autorizacion], [sede_id], [tipo_documento_id], [plazo_id], [tipo_seguridad_id], [tipo_servicio_id]) VALUES (31, 1, 6, N'31.msg', 4, 1, 2, 1, 1)
INSERT [dbo].[envio] ([envio_id], [autorizado], [buzon_id], [ruta_autorizacion], [sede_id], [tipo_documento_id], [plazo_id], [tipo_seguridad_id], [tipo_servicio_id]) VALUES (32, 1, 6, N'32.msg', 4, 1, 2, 1, 1)
INSERT [dbo].[envio] ([envio_id], [autorizado], [buzon_id], [ruta_autorizacion], [sede_id], [tipo_documento_id], [plazo_id], [tipo_seguridad_id], [tipo_servicio_id]) VALUES (33, 1, 6, N'33.msg', 4, 1, 2, 1, 1)
INSERT [dbo].[envio] ([envio_id], [autorizado], [buzon_id], [ruta_autorizacion], [sede_id], [tipo_documento_id], [plazo_id], [tipo_seguridad_id], [tipo_servicio_id]) VALUES (34, 1, 6, N'34.msg', 4, 1, 2, 1, 1)
INSERT [dbo].[envio] ([envio_id], [autorizado], [buzon_id], [ruta_autorizacion], [sede_id], [tipo_documento_id], [plazo_id], [tipo_seguridad_id], [tipo_servicio_id]) VALUES (35, 1, 6, N'35.msg', 4, 1, 3, 1, 1)
INSERT [dbo].[envio] ([envio_id], [autorizado], [buzon_id], [ruta_autorizacion], [sede_id], [tipo_documento_id], [plazo_id], [tipo_seguridad_id], [tipo_servicio_id]) VALUES (36, 1, 6, N'36.msg', 4, 1, 3, 1, 1)
INSERT [dbo].[envio] ([envio_id], [autorizado], [buzon_id], [ruta_autorizacion], [sede_id], [tipo_documento_id], [plazo_id], [tipo_seguridad_id], [tipo_servicio_id]) VALUES (37, 0, 6, N'37.msg', 4, 1, 3, 1, 1)
INSERT [dbo].[envio] ([envio_id], [autorizado], [buzon_id], [ruta_autorizacion], [sede_id], [tipo_documento_id], [plazo_id], [tipo_seguridad_id], [tipo_servicio_id]) VALUES (38, 1, 6, N'38.msg', 4, 1, 4, 1, 1)
INSERT [dbo].[envio] ([envio_id], [autorizado], [buzon_id], [ruta_autorizacion], [sede_id], [tipo_documento_id], [plazo_id], [tipo_seguridad_id], [tipo_servicio_id]) VALUES (39, 1, 6, N'39.msg', 4, 1, 4, 1, 1)
INSERT [dbo].[envio] ([envio_id], [autorizado], [buzon_id], [ruta_autorizacion], [sede_id], [tipo_documento_id], [plazo_id], [tipo_seguridad_id], [tipo_servicio_id]) VALUES (40, 0, 6, N'40.msg', 4, 1, 4, 1, 1)
INSERT [dbo].[envio] ([envio_id], [autorizado], [buzon_id], [ruta_autorizacion], [sede_id], [tipo_documento_id], [plazo_id], [tipo_seguridad_id], [tipo_servicio_id]) VALUES (41, 1, 7, NULL, 5, 1, 1, 1, 1)
INSERT [dbo].[envio] ([envio_id], [autorizado], [buzon_id], [ruta_autorizacion], [sede_id], [tipo_documento_id], [plazo_id], [tipo_seguridad_id], [tipo_servicio_id]) VALUES (42, 1, 7, NULL, 5, 1, 1, 1, 1)
INSERT [dbo].[envio] ([envio_id], [autorizado], [buzon_id], [ruta_autorizacion], [sede_id], [tipo_documento_id], [plazo_id], [tipo_seguridad_id], [tipo_servicio_id]) VALUES (43, 1, 7, NULL, 5, 1, 1, 1, 1)
INSERT [dbo].[envio] ([envio_id], [autorizado], [buzon_id], [ruta_autorizacion], [sede_id], [tipo_documento_id], [plazo_id], [tipo_seguridad_id], [tipo_servicio_id]) VALUES (44, 1, 7, NULL, 5, 1, 1, 1, 1)
INSERT [dbo].[envio] ([envio_id], [autorizado], [buzon_id], [ruta_autorizacion], [sede_id], [tipo_documento_id], [plazo_id], [tipo_seguridad_id], [tipo_servicio_id]) VALUES (45, 1, 7, NULL, 5, 1, 1, 1, 1)
INSERT [dbo].[envio] ([envio_id], [autorizado], [buzon_id], [ruta_autorizacion], [sede_id], [tipo_documento_id], [plazo_id], [tipo_seguridad_id], [tipo_servicio_id]) VALUES (46, 1, 7, NULL, 5, 1, 1, 1, 1)
INSERT [dbo].[envio] ([envio_id], [autorizado], [buzon_id], [ruta_autorizacion], [sede_id], [tipo_documento_id], [plazo_id], [tipo_seguridad_id], [tipo_servicio_id]) VALUES (47, 1, 7, NULL, 5, 1, 1, 1, 1)
INSERT [dbo].[envio] ([envio_id], [autorizado], [buzon_id], [ruta_autorizacion], [sede_id], [tipo_documento_id], [plazo_id], [tipo_seguridad_id], [tipo_servicio_id]) VALUES (48, 1, 7, NULL, 5, 1, 1, 1, 1)
INSERT [dbo].[envio] ([envio_id], [autorizado], [buzon_id], [ruta_autorizacion], [sede_id], [tipo_documento_id], [plazo_id], [tipo_seguridad_id], [tipo_servicio_id]) VALUES (49, 1, 7, NULL, 5, 1, 1, 1, 1)
INSERT [dbo].[envio] ([envio_id], [autorizado], [buzon_id], [ruta_autorizacion], [sede_id], [tipo_documento_id], [plazo_id], [tipo_seguridad_id], [tipo_servicio_id]) VALUES (50, 1, 7, NULL, 5, 1, 1, 1, 1)
INSERT [dbo].[envio] ([envio_id], [autorizado], [buzon_id], [ruta_autorizacion], [sede_id], [tipo_documento_id], [plazo_id], [tipo_seguridad_id], [tipo_servicio_id]) VALUES (51, 1, 7, N'51.msg', 5, 1, 2, 1, 1)
INSERT [dbo].[envio] ([envio_id], [autorizado], [buzon_id], [ruta_autorizacion], [sede_id], [tipo_documento_id], [plazo_id], [tipo_seguridad_id], [tipo_servicio_id]) VALUES (52, 1, 7, N'52.msg', 5, 1, 2, 1, 1)
INSERT [dbo].[envio] ([envio_id], [autorizado], [buzon_id], [ruta_autorizacion], [sede_id], [tipo_documento_id], [plazo_id], [tipo_seguridad_id], [tipo_servicio_id]) VALUES (53, 1, 7, N'53.msg', 5, 1, 2, 1, 1)
INSERT [dbo].[envio] ([envio_id], [autorizado], [buzon_id], [ruta_autorizacion], [sede_id], [tipo_documento_id], [plazo_id], [tipo_seguridad_id], [tipo_servicio_id]) VALUES (54, 1, 7, N'54.msg', 5, 1, 3, 1, 1)
INSERT [dbo].[envio] ([envio_id], [autorizado], [buzon_id], [ruta_autorizacion], [sede_id], [tipo_documento_id], [plazo_id], [tipo_seguridad_id], [tipo_servicio_id]) VALUES (55, 1, 7, N'55.msg', 5, 1, 3, 1, 1)
INSERT [dbo].[envio] ([envio_id], [autorizado], [buzon_id], [ruta_autorizacion], [sede_id], [tipo_documento_id], [plazo_id], [tipo_seguridad_id], [tipo_servicio_id]) VALUES (56, 0, 7, N'56.msg', 5, 1, 3, 1, 1)
INSERT [dbo].[envio] ([envio_id], [autorizado], [buzon_id], [ruta_autorizacion], [sede_id], [tipo_documento_id], [plazo_id], [tipo_seguridad_id], [tipo_servicio_id]) VALUES (57, 1, 7, N'57.msg', 5, 1, 4, 1, 1)
INSERT [dbo].[envio] ([envio_id], [autorizado], [buzon_id], [ruta_autorizacion], [sede_id], [tipo_documento_id], [plazo_id], [tipo_seguridad_id], [tipo_servicio_id]) VALUES (58, 1, 7, N'58.msg', 5, 1, 4, 1, 1)
INSERT [dbo].[envio] ([envio_id], [autorizado], [buzon_id], [ruta_autorizacion], [sede_id], [tipo_documento_id], [plazo_id], [tipo_seguridad_id], [tipo_servicio_id]) VALUES (59, 0, 7, N'59.msg', 5, 1, 4, 1, 1)
INSERT [dbo].[envio] ([envio_id], [autorizado], [buzon_id], [ruta_autorizacion], [sede_id], [tipo_documento_id], [plazo_id], [tipo_seguridad_id], [tipo_servicio_id]) VALUES (60, 1, 8, NULL, 6, 1, 1, 1, 1)
INSERT [dbo].[envio] ([envio_id], [autorizado], [buzon_id], [ruta_autorizacion], [sede_id], [tipo_documento_id], [plazo_id], [tipo_seguridad_id], [tipo_servicio_id]) VALUES (61, 1, 8, NULL, 6, 1, 1, 1, 1)
INSERT [dbo].[envio] ([envio_id], [autorizado], [buzon_id], [ruta_autorizacion], [sede_id], [tipo_documento_id], [plazo_id], [tipo_seguridad_id], [tipo_servicio_id]) VALUES (62, 1, 8, NULL, 6, 1, 1, 1, 1)
INSERT [dbo].[envio] ([envio_id], [autorizado], [buzon_id], [ruta_autorizacion], [sede_id], [tipo_documento_id], [plazo_id], [tipo_seguridad_id], [tipo_servicio_id]) VALUES (63, 1, 8, NULL, 6, 1, 1, 1, 1)
INSERT [dbo].[envio] ([envio_id], [autorizado], [buzon_id], [ruta_autorizacion], [sede_id], [tipo_documento_id], [plazo_id], [tipo_seguridad_id], [tipo_servicio_id]) VALUES (64, 1, 8, NULL, 6, 1, 1, 1, 1)
INSERT [dbo].[envio] ([envio_id], [autorizado], [buzon_id], [ruta_autorizacion], [sede_id], [tipo_documento_id], [plazo_id], [tipo_seguridad_id], [tipo_servicio_id]) VALUES (65, 1, 8, NULL, 6, 1, 1, 1, 1)
INSERT [dbo].[envio] ([envio_id], [autorizado], [buzon_id], [ruta_autorizacion], [sede_id], [tipo_documento_id], [plazo_id], [tipo_seguridad_id], [tipo_servicio_id]) VALUES (66, 1, 8, NULL, 6, 1, 1, 1, 1)
INSERT [dbo].[envio] ([envio_id], [autorizado], [buzon_id], [ruta_autorizacion], [sede_id], [tipo_documento_id], [plazo_id], [tipo_seguridad_id], [tipo_servicio_id]) VALUES (67, 1, 8, NULL, 6, 1, 1, 1, 1)
INSERT [dbo].[envio] ([envio_id], [autorizado], [buzon_id], [ruta_autorizacion], [sede_id], [tipo_documento_id], [plazo_id], [tipo_seguridad_id], [tipo_servicio_id]) VALUES (68, 1, 8, NULL, 6, 1, 1, 1, 1)
INSERT [dbo].[envio] ([envio_id], [autorizado], [buzon_id], [ruta_autorizacion], [sede_id], [tipo_documento_id], [plazo_id], [tipo_seguridad_id], [tipo_servicio_id]) VALUES (69, 1, 8, NULL, 6, 1, 1, 1, 1)
INSERT [dbo].[envio] ([envio_id], [autorizado], [buzon_id], [ruta_autorizacion], [sede_id], [tipo_documento_id], [plazo_id], [tipo_seguridad_id], [tipo_servicio_id]) VALUES (70, 1, 8, N'70.msg', 6, 1, 2, 1, 1)
INSERT [dbo].[envio] ([envio_id], [autorizado], [buzon_id], [ruta_autorizacion], [sede_id], [tipo_documento_id], [plazo_id], [tipo_seguridad_id], [tipo_servicio_id]) VALUES (71, 1, 8, N'71.msg', 6, 1, 2, 1, 1)
INSERT [dbo].[envio] ([envio_id], [autorizado], [buzon_id], [ruta_autorizacion], [sede_id], [tipo_documento_id], [plazo_id], [tipo_seguridad_id], [tipo_servicio_id]) VALUES (72, 1, 8, N'72.msg', 6, 1, 2, 1, 1)
INSERT [dbo].[envio] ([envio_id], [autorizado], [buzon_id], [ruta_autorizacion], [sede_id], [tipo_documento_id], [plazo_id], [tipo_seguridad_id], [tipo_servicio_id]) VALUES (73, 1, 8, N'73.msg', 6, 1, 2, 1, 1)
INSERT [dbo].[envio] ([envio_id], [autorizado], [buzon_id], [ruta_autorizacion], [sede_id], [tipo_documento_id], [plazo_id], [tipo_seguridad_id], [tipo_servicio_id]) VALUES (74, 1, 8, N'74.msg', 6, 1, 3, 1, 1)
INSERT [dbo].[envio] ([envio_id], [autorizado], [buzon_id], [ruta_autorizacion], [sede_id], [tipo_documento_id], [plazo_id], [tipo_seguridad_id], [tipo_servicio_id]) VALUES (75, 1, 8, N'75.msg', 6, 1, 3, 1, 1)
INSERT [dbo].[envio] ([envio_id], [autorizado], [buzon_id], [ruta_autorizacion], [sede_id], [tipo_documento_id], [plazo_id], [tipo_seguridad_id], [tipo_servicio_id]) VALUES (76, 0, 8, N'76.msg', 6, 1, 3, 1, 1)
INSERT [dbo].[envio] ([envio_id], [autorizado], [buzon_id], [ruta_autorizacion], [sede_id], [tipo_documento_id], [plazo_id], [tipo_seguridad_id], [tipo_servicio_id]) VALUES (77, 1, 8, N'77.msg', 6, 1, 4, 1, 1)
INSERT [dbo].[envio] ([envio_id], [autorizado], [buzon_id], [ruta_autorizacion], [sede_id], [tipo_documento_id], [plazo_id], [tipo_seguridad_id], [tipo_servicio_id]) VALUES (78, 1, 8, N'78.msg', 6, 1, 4, 1, 1)
INSERT [dbo].[envio] ([envio_id], [autorizado], [buzon_id], [ruta_autorizacion], [sede_id], [tipo_documento_id], [plazo_id], [tipo_seguridad_id], [tipo_servicio_id]) VALUES (79, 0, 8, N'79.msg', 6, 1, 4, 1, 1)
SET IDENTITY_INSERT [dbo].[envio] OFF
SET IDENTITY_INSERT [dbo].[documento] ON 

INSERT [dbo].[documento] ([documento_id], [contacto_destino], [direccion], [distrito_id], [documento_autogenerado], [nro_documento], [razon_social_destino], [recepcionado], [referencia], [telefono], [envio_id]) VALUES (1, N'Sonia Portugal', N'AV LOS JARDINES', 690, N'EX00000001', N'8104845', N'EXACT S.A.C', 1, N'JARDINES', N'012540844', 1)
INSERT [dbo].[documento] ([documento_id], [contacto_destino], [direccion], [distrito_id], [documento_autogenerado], [nro_documento], [razon_social_destino], [recepcionado], [referencia], [telefono], [envio_id]) VALUES (2, N'RONALD SANTOS', N'AV RONALD', 710, N'EX00000002', N'704412074', N'RONALD SAC', 0, N'RORORO', N'012548960', 2)
INSERT [dbo].[documento] ([documento_id], [contacto_destino], [direccion], [distrito_id], [documento_autogenerado], [nro_documento], [razon_social_destino], [recepcionado], [referencia], [telefono], [envio_id]) VALUES (3, N'PERCY', N'AV GRIFO', 277, N'EX00000003', N'974651940', N'PERCY SAC', 0, N'GRIFO', N'013369712', 3)
INSERT [dbo].[documento] ([documento_id], [contacto_destino], [direccion], [distrito_id], [documento_autogenerado], [nro_documento], [razon_social_destino], [recepcionado], [referencia], [telefono], [envio_id]) VALUES (4, N'KATY', N'AV KATY', 1544, N'EX00000004', N'974651942', N'KATY SAC', 1, N'KATYTY', N'04840847', 4)
INSERT [dbo].[documento] ([documento_id], [contacto_destino], [direccion], [distrito_id], [documento_autogenerado], [nro_documento], [razon_social_destino], [recepcionado], [referencia], [telefono], [envio_id]) VALUES (5, N'SERVICE', N'AV. SAN JOSE', 919, N'EX00000005', N'78048484', N'SERVICE SAC', 0, N'SAN JOSE', N'01570548', 5)
INSERT [dbo].[documento] ([documento_id], [contacto_destino], [direccion], [distrito_id], [documento_autogenerado], [nro_documento], [razon_social_destino], [recepcionado], [referencia], [telefono], [envio_id]) VALUES (6, N'PARED', N'AV PARED', 928, N'EX00000006', N'5045421874', N'PARED SAC', 0, N'PAREDRED', N'01540871', 6)
INSERT [dbo].[documento] ([documento_id], [contacto_destino], [direccion], [distrito_id], [documento_autogenerado], [nro_documento], [razon_social_destino], [recepcionado], [referencia], [telefono], [envio_id]) VALUES (7, N'LAPIZ', N'AV LAPIZ', 1517, N'EX00000007', N'54056481541', N'LAPIZ SAC', 0, N'LAPIZPIZ', N'02450112', 7)
INSERT [dbo].[documento] ([documento_id], [contacto_destino], [direccion], [distrito_id], [documento_autogenerado], [nro_documento], [razon_social_destino], [recepcionado], [referencia], [telefono], [envio_id]) VALUES (8, N'EMPRESA', N'AV EMPRESA', 1551, N'EX00000008', N'1512312412', N'EMPRESA SAC', 0, N'EMPRESASASA', N'015740848', 8)
INSERT [dbo].[documento] ([documento_id], [contacto_destino], [direccion], [distrito_id], [documento_autogenerado], [nro_documento], [razon_social_destino], [recepcionado], [referencia], [telefono], [envio_id]) VALUES (9, N'TECLADO', N'AV TECLADO', 1569, N'EX00000009', N'56074854851', N'TECLADO SAC', 0, N'TECLADODO', N'20450412', 9)
INSERT [dbo].[documento] ([documento_id], [contacto_destino], [direccion], [distrito_id], [documento_autogenerado], [nro_documento], [razon_social_destino], [recepcionado], [referencia], [telefono], [envio_id]) VALUES (10, N'MOUSE', N'AV MOUSE', 1508, N'EX00000010', N'15045410', N'MOUSE SAC', 0, N'MOUSESE', N'7123142', 10)
INSERT [dbo].[documento] ([documento_id], [contacto_destino], [direccion], [distrito_id], [documento_autogenerado], [nro_documento], [razon_social_destino], [recepcionado], [referencia], [telefono], [envio_id]) VALUES (11, N'BOTELLA', N'AV BOTELLA', 630, N'EX00000011', N'51087410', N'BOTELLA SAC', 1, N'BOTELLAYA', N'010748412', 11)
INSERT [dbo].[documento] ([documento_id], [contacto_destino], [direccion], [distrito_id], [documento_autogenerado], [nro_documento], [razon_social_destino], [recepcionado], [referencia], [telefono], [envio_id]) VALUES (12, N'PAPEL', N'AV PAPEL', 586, N'EX00000012', N'5123124123', N'PAPEL SAC', 0, N'PAPEPEL', N'0187408', 12)
INSERT [dbo].[documento] ([documento_id], [contacto_destino], [direccion], [distrito_id], [documento_autogenerado], [nro_documento], [razon_social_destino], [recepcionado], [referencia], [telefono], [envio_id]) VALUES (13, N'Sonia Portugal', N'AV. HORIZONTES', 1282, N'EX00000013', N'16514123', N'EXACT S.A.C', 1, N'CEVICHERIA', N'2694561', 13)
INSERT [dbo].[documento] ([documento_id], [contacto_destino], [direccion], [distrito_id], [documento_autogenerado], [nro_documento], [razon_social_destino], [recepcionado], [referencia], [telefono], [envio_id]) VALUES (14, N'NORTICE', N'AV ISLA', 1505, N'EX00000014', N'980941541', N'NORTICE SAC', 0, N'ISLALA', N'01574087', 14)
INSERT [dbo].[documento] ([documento_id], [contacto_destino], [direccion], [distrito_id], [documento_autogenerado], [nro_documento], [razon_social_destino], [recepcionado], [referencia], [telefono], [envio_id]) VALUES (15, N'JAZE', N'AV. JAZETOY', 1324, N'EX00000015', N'87097404', N'JAZE SAC', 1, N'JAZEEE', N'025408711', 15)
INSERT [dbo].[documento] ([documento_id], [contacto_destino], [direccion], [distrito_id], [documento_autogenerado], [nro_documento], [razon_social_destino], [recepcionado], [referencia], [telefono], [envio_id]) VALUES (16, N'JAZE', N'AV. JAZETOY', 1324, N'EX00000016', N'87097404', N'JAZE SAC', 0, N'JAZEEE', N'025408711', 16)
INSERT [dbo].[documento] ([documento_id], [contacto_destino], [direccion], [distrito_id], [documento_autogenerado], [nro_documento], [razon_social_destino], [recepcionado], [referencia], [telefono], [envio_id]) VALUES (17, N'JAZE', N'AV. JAZETOY', 1324, N'EX00000017', N'87097404', N'JAZE SAC', 0, N'JAZEEE', N'025408711', 17)
INSERT [dbo].[documento] ([documento_id], [contacto_destino], [direccion], [distrito_id], [documento_autogenerado], [nro_documento], [razon_social_destino], [recepcionado], [referencia], [telefono], [envio_id]) VALUES (18, N'INKA KOLA', N'AV. INKA KOLA', 1468, N'EX00000018', N'151231241', N'INKA KOLA SAC', 1, N'COCA COLA', N'870454711', 18)
INSERT [dbo].[documento] ([documento_id], [contacto_destino], [direccion], [distrito_id], [documento_autogenerado], [nro_documento], [razon_social_destino], [recepcionado], [referencia], [telefono], [envio_id]) VALUES (19, N'MESA', N'AV. MESA REDONDA', 1252, N'EX00000019', N'61412313', N'MESA SAC', 0, N'MESA CUADRADA', N'2047804', 19)
INSERT [dbo].[documento] ([documento_id], [contacto_destino], [direccion], [distrito_id], [documento_autogenerado], [nro_documento], [razon_social_destino], [recepcionado], [referencia], [telefono], [envio_id]) VALUES (20, N'ACZINO', N'AV. VISCO', 606, N'EX00000020', N'60897894', N'ACZINO SAC', 0, N'VISQUITO', N'0609701', 20)
INSERT [dbo].[documento] ([documento_id], [contacto_destino], [direccion], [distrito_id], [documento_autogenerado], [nro_documento], [razon_social_destino], [recepcionado], [referencia], [telefono], [envio_id]) VALUES (21, N'Sonia Portugal', N'av exact sac', 1253, N'EX00000021', N'1512314123', N'EXACT S.A.C', 1, N'por la curva', N'02411086', 21)
INSERT [dbo].[documento] ([documento_id], [contacto_destino], [direccion], [distrito_id], [documento_autogenerado], [nro_documento], [razon_social_destino], [recepcionado], [referencia], [telefono], [envio_id]) VALUES (22, N'Jorge Rodriguez', N'av precur', 919, N'EX00000022', N'974651940', N'RONALD SAC', 0, N'por la tienda', N'0212087', 22)
INSERT [dbo].[documento] ([documento_id], [contacto_destino], [direccion], [distrito_id], [documento_autogenerado], [nro_documento], [razon_social_destino], [recepcionado], [referencia], [telefono], [envio_id]) VALUES (23, N'CONSTANTINO', N'AV DEL SOL', 952, N'EX00000023', N'87109874', N'BOTELLAS SAC', 0, N'EN LA ESQUINA', N'05454470', 23)
INSERT [dbo].[documento] ([documento_id], [contacto_destino], [direccion], [distrito_id], [documento_autogenerado], [nro_documento], [razon_social_destino], [recepcionado], [referencia], [telefono], [envio_id]) VALUES (24, N'PIERO', N'AV JUANES', 690, N'EX00000024', N'122131312', N'PETRO SAC', 1, N'POR LA PILETA', N'0450448', 24)
INSERT [dbo].[documento] ([documento_id], [contacto_destino], [direccion], [distrito_id], [documento_autogenerado], [nro_documento], [razon_social_destino], [recepcionado], [referencia], [telefono], [envio_id]) VALUES (25, N'TITO', N'AV ALAMEDA SUR', 1019, N'EX00000025', N'6807498474', N'TORSO SAC', 0, NULL, N'04540807', 25)
INSERT [dbo].[documento] ([documento_id], [contacto_destino], [direccion], [distrito_id], [documento_autogenerado], [nro_documento], [razon_social_destino], [recepcionado], [referencia], [telefono], [envio_id]) VALUES (26, NULL, N'AV TORTUGAS', 1524, N'EX00000026', N'08788473123', N'', 0, NULL, NULL, 26)
INSERT [dbo].[documento] ([documento_id], [contacto_destino], [direccion], [distrito_id], [documento_autogenerado], [nro_documento], [razon_social_destino], [recepcionado], [referencia], [telefono], [envio_id]) VALUES (27, NULL, N'AV ALAMEDA NORTE', 1324, N'EX00000027', N'0787355124', N'DOMINOS SAC', 0, NULL, NULL, 27)
INSERT [dbo].[documento] ([documento_id], [contacto_destino], [direccion], [distrito_id], [documento_autogenerado], [nro_documento], [razon_social_destino], [recepcionado], [referencia], [telefono], [envio_id]) VALUES (28, NULL, N'AV JORJITO 123', 1019, N'EX00000028', N'123124123', NULL, 0, NULL, NULL, 28)
INSERT [dbo].[documento] ([documento_id], [contacto_destino], [direccion], [distrito_id], [documento_autogenerado], [nro_documento], [razon_social_destino], [recepcionado], [referencia], [telefono], [envio_id]) VALUES (29, NULL, N'AV DUCLOS', 857, N'EX00000029', N'151234151', NULL, 0, NULL, NULL, 29)
INSERT [dbo].[documento] ([documento_id], [contacto_destino], [direccion], [distrito_id], [documento_autogenerado], [nro_documento], [razon_social_destino], [recepcionado], [referencia], [telefono], [envio_id]) VALUES (30, NULL, N'AV MONITO', 36, N'EX00000030', N'9746519401', NULL, 0, NULL, NULL, 30)
INSERT [dbo].[documento] ([documento_id], [contacto_destino], [direccion], [distrito_id], [documento_autogenerado], [nro_documento], [razon_social_destino], [recepcionado], [referencia], [telefono], [envio_id]) VALUES (31, NULL, N'AV LIBRETA', 928, N'EX00000031', N'4124142', NULL, 1, NULL, NULL, 31)
INSERT [dbo].[documento] ([documento_id], [contacto_destino], [direccion], [distrito_id], [documento_autogenerado], [nro_documento], [razon_social_destino], [recepcionado], [referencia], [telefono], [envio_id]) VALUES (32, NULL, N'AV DEL PARQUE', 1498, N'EX00000032', N'786436346', NULL, 0, NULL, NULL, 32)
INSERT [dbo].[documento] ([documento_id], [contacto_destino], [direccion], [distrito_id], [documento_autogenerado], [nro_documento], [razon_social_destino], [recepcionado], [referencia], [telefono], [envio_id]) VALUES (33, NULL, N'AV LORETO', 867, N'EX00000033', N'353124125', NULL, 1, NULL, NULL, 33)
INSERT [dbo].[documento] ([documento_id], [contacto_destino], [direccion], [distrito_id], [documento_autogenerado], [nro_documento], [razon_social_destino], [recepcionado], [referencia], [telefono], [envio_id]) VALUES (34, NULL, N'AV DEL AIRE', 241, N'EX00000034', N'621341412', NULL, 0, NULL, NULL, 34)
INSERT [dbo].[documento] ([documento_id], [contacto_destino], [direccion], [distrito_id], [documento_autogenerado], [nro_documento], [razon_social_destino], [recepcionado], [referencia], [telefono], [envio_id]) VALUES (35, NULL, N'AV DON JOSE', 1194, N'EX00000035', N'974651940', NULL, 1, NULL, NULL, 35)
INSERT [dbo].[documento] ([documento_id], [contacto_destino], [direccion], [distrito_id], [documento_autogenerado], [nro_documento], [razon_social_destino], [recepcionado], [referencia], [telefono], [envio_id]) VALUES (36, NULL, N'AV CALLEJON', 675, N'EX00000036', N'14124315123', NULL, 0, NULL, NULL, 36)
INSERT [dbo].[documento] ([documento_id], [contacto_destino], [direccion], [distrito_id], [documento_autogenerado], [nro_documento], [razon_social_destino], [recepcionado], [referencia], [telefono], [envio_id]) VALUES (37, NULL, N'AV DEL RIO', 1493, N'EX00000037', N'15123123123', NULL, 0, NULL, NULL, 37)
INSERT [dbo].[documento] ([documento_id], [contacto_destino], [direccion], [distrito_id], [documento_autogenerado], [nro_documento], [razon_social_destino], [recepcionado], [referencia], [telefono], [envio_id]) VALUES (38, NULL, N'AV SURCO', 396, N'EX00000038', N'16414123', NULL, 1, NULL, NULL, 38)
INSERT [dbo].[documento] ([documento_id], [contacto_destino], [direccion], [distrito_id], [documento_autogenerado], [nro_documento], [razon_social_destino], [recepcionado], [referencia], [telefono], [envio_id]) VALUES (39, NULL, N'AV ROQUITA', 1114, N'EX00000039', N'4213123213', NULL, 0, NULL, NULL, 39)
INSERT [dbo].[documento] ([documento_id], [contacto_destino], [direccion], [distrito_id], [documento_autogenerado], [nro_documento], [razon_social_destino], [recepcionado], [referencia], [telefono], [envio_id]) VALUES (40, NULL, N'AV RADIO', 691, N'EX00000040', N'6135224123', NULL, 0, NULL, NULL, 40)
INSERT [dbo].[documento] ([documento_id], [contacto_destino], [direccion], [distrito_id], [documento_autogenerado], [nro_documento], [razon_social_destino], [recepcionado], [referencia], [telefono], [envio_id]) VALUES (41, N'Sonia Portugal', N'av elote', 1509, N'EX00000041', N'974651940', N'EXACT S.A.C', 1, N'', N'', 41)
INSERT [dbo].[documento] ([documento_id], [contacto_destino], [direccion], [distrito_id], [documento_autogenerado], [nro_documento], [razon_social_destino], [recepcionado], [referencia], [telefono], [envio_id]) VALUES (42, NULL, N'AV LAGO', 1075, N'EX00000042', N'4123123', NULL, 0, NULL, NULL, 42)
INSERT [dbo].[documento] ([documento_id], [contacto_destino], [direccion], [distrito_id], [documento_autogenerado], [nro_documento], [razon_social_destino], [recepcionado], [referencia], [telefono], [envio_id]) VALUES (43, NULL, N'AV LARCCITO', 1175, N'EX00000043', N'14123213', NULL, 0, NULL, NULL, 43)
INSERT [dbo].[documento] ([documento_id], [contacto_destino], [direccion], [distrito_id], [documento_autogenerado], [nro_documento], [razon_social_destino], [recepcionado], [referencia], [telefono], [envio_id]) VALUES (44, NULL, N'AV DEXTER', 883, N'EX00000044', N'5123213', NULL, 1, NULL, NULL, 44)
INSERT [dbo].[documento] ([documento_id], [contacto_destino], [direccion], [distrito_id], [documento_autogenerado], [nro_documento], [razon_social_destino], [recepcionado], [referencia], [telefono], [envio_id]) VALUES (45, NULL, N'AV LIMLAY', 1375, N'EX00000045', N'241231', NULL, 0, NULL, NULL, 45)
INSERT [dbo].[documento] ([documento_id], [contacto_destino], [direccion], [distrito_id], [documento_autogenerado], [nro_documento], [razon_social_destino], [recepcionado], [referencia], [telefono], [envio_id]) VALUES (46, NULL, N'AV DEL VALLE', 1521, N'EX00000046', N'151243213', NULL, 0, NULL, NULL, 46)
INSERT [dbo].[documento] ([documento_id], [contacto_destino], [direccion], [distrito_id], [documento_autogenerado], [nro_documento], [razon_social_destino], [recepcionado], [referencia], [telefono], [envio_id]) VALUES (47, NULL, N'AV QUINTO', 796, N'EX00000047', N'61313123', NULL, 0, NULL, NULL, 47)
INSERT [dbo].[documento] ([documento_id], [contacto_destino], [direccion], [distrito_id], [documento_autogenerado], [nro_documento], [razon_social_destino], [recepcionado], [referencia], [telefono], [envio_id]) VALUES (48, NULL, N'AV PELIN', 227, N'EX00000048', N'14512321421', NULL, 0, NULL, NULL, 48)
INSERT [dbo].[documento] ([documento_id], [contacto_destino], [direccion], [distrito_id], [documento_autogenerado], [nro_documento], [razon_social_destino], [recepcionado], [referencia], [telefono], [envio_id]) VALUES (49, NULL, N'AV DEANS', 428, N'EX00000049', N'617845814', NULL, 0, NULL, NULL, 49)
INSERT [dbo].[documento] ([documento_id], [contacto_destino], [direccion], [distrito_id], [documento_autogenerado], [nro_documento], [razon_social_destino], [recepcionado], [referencia], [telefono], [envio_id]) VALUES (50, NULL, N'AV PANTILLO', 1259, N'EX00000050', N'614612341', NULL, 0, NULL, NULL, 50)
INSERT [dbo].[documento] ([documento_id], [contacto_destino], [direccion], [distrito_id], [documento_autogenerado], [nro_documento], [razon_social_destino], [recepcionado], [referencia], [telefono], [envio_id]) VALUES (51, N'', N'AV PISCO', 1023, N'EX00000051', N'6141241241', N'SAC SAC', 1, N'', N'', 51)
INSERT [dbo].[documento] ([documento_id], [contacto_destino], [direccion], [distrito_id], [documento_autogenerado], [nro_documento], [razon_social_destino], [recepcionado], [referencia], [telefono], [envio_id]) VALUES (52, N'', N'AV PISCO', 1023, N'EX00000052', N'6141241241', N'SAC SAC', 0, N'', N'', 51)
INSERT [dbo].[documento] ([documento_id], [contacto_destino], [direccion], [distrito_id], [documento_autogenerado], [nro_documento], [razon_social_destino], [recepcionado], [referencia], [telefono], [envio_id]) VALUES (53, NULL, N'AV SALAD', 1354, N'EX00000053', N'731412123', N'OPNENTS', 1, NULL, NULL, 52)
INSERT [dbo].[documento] ([documento_id], [contacto_destino], [direccion], [distrito_id], [documento_autogenerado], [nro_documento], [razon_social_destino], [recepcionado], [referencia], [telefono], [envio_id]) VALUES (54, NULL, N'AV ATENEA', 686, N'EX00000054', N'68739484', NULL, 0, NULL, NULL, 53)
INSERT [dbo].[documento] ([documento_id], [contacto_destino], [direccion], [distrito_id], [documento_autogenerado], [nro_documento], [razon_social_destino], [recepcionado], [referencia], [telefono], [envio_id]) VALUES (55, NULL, N'AV SELVA', 1264, N'EX00000055', N'9746519402', NULL, 1, NULL, NULL, 54)
INSERT [dbo].[documento] ([documento_id], [contacto_destino], [direccion], [distrito_id], [documento_autogenerado], [nro_documento], [razon_social_destino], [recepcionado], [referencia], [telefono], [envio_id]) VALUES (56, NULL, N'AV SALIDA', 1019, N'EX00000056', N'1221312', NULL, 0, NULL, NULL, 55)
INSERT [dbo].[documento] ([documento_id], [contacto_destino], [direccion], [distrito_id], [documento_autogenerado], [nro_documento], [razon_social_destino], [recepcionado], [referencia], [telefono], [envio_id]) VALUES (57, NULL, N'AV CALLE123', 1528, N'EX00000057', N'9746519432', NULL, 0, NULL, NULL, 56)
INSERT [dbo].[documento] ([documento_id], [contacto_destino], [direccion], [distrito_id], [documento_autogenerado], [nro_documento], [razon_social_destino], [recepcionado], [referencia], [telefono], [envio_id]) VALUES (58, NULL, N'AV PASCO', 1553, N'EX00000058', N'161341342', NULL, 1, NULL, NULL, 57)
INSERT [dbo].[documento] ([documento_id], [contacto_destino], [direccion], [distrito_id], [documento_autogenerado], [nro_documento], [razon_social_destino], [recepcionado], [referencia], [telefono], [envio_id]) VALUES (59, NULL, N'AV ICA', 1018, N'EX00000059', N'124123123', NULL, 0, NULL, NULL, 58)
INSERT [dbo].[documento] ([documento_id], [contacto_destino], [direccion], [distrito_id], [documento_autogenerado], [nro_documento], [razon_social_destino], [recepcionado], [referencia], [telefono], [envio_id]) VALUES (60, NULL, N'AV MARIA', 1507, N'EX00000060', N'09872324', NULL, 0, NULL, NULL, 59)
INSERT [dbo].[documento] ([documento_id], [contacto_destino], [direccion], [distrito_id], [documento_autogenerado], [nro_documento], [razon_social_destino], [recepcionado], [referencia], [telefono], [envio_id]) VALUES (61, N'', N'av lima', 853, N'EX00000061', N'1412312312', N'EXACT S.A.C', 1, N'', N'', 60)
INSERT [dbo].[documento] ([documento_id], [contacto_destino], [direccion], [distrito_id], [documento_autogenerado], [nro_documento], [razon_social_destino], [recepcionado], [referencia], [telefono], [envio_id]) VALUES (62, NULL, N'AV EL ACHA', 1542, N'EX00000062', N'974651940', N'ENRIQUE SAC', 0, NULL, NULL, 61)
INSERT [dbo].[documento] ([documento_id], [contacto_destino], [direccion], [distrito_id], [documento_autogenerado], [nro_documento], [razon_social_destino], [recepcionado], [referencia], [telefono], [envio_id]) VALUES (63, NULL, N'AV TALISMAN', 1255, N'EX00000063', N'5123124123', N'ADAMS SAC', 0, NULL, NULL, 62)
INSERT [dbo].[documento] ([documento_id], [contacto_destino], [direccion], [distrito_id], [documento_autogenerado], [nro_documento], [razon_social_destino], [recepcionado], [referencia], [telefono], [envio_id]) VALUES (64, NULL, N'AV PISCINA', 1329, N'EX00000064', N'612312412', NULL, 1, NULL, NULL, 63)
INSERT [dbo].[documento] ([documento_id], [contacto_destino], [direccion], [distrito_id], [documento_autogenerado], [nro_documento], [razon_social_destino], [recepcionado], [referencia], [telefono], [envio_id]) VALUES (65, NULL, N'AV DNKVLK', 844, N'EX00000065', N'7612312321', N'DUNKELVOLK', 0, NULL, NULL, 64)
INSERT [dbo].[documento] ([documento_id], [contacto_destino], [direccion], [distrito_id], [documento_autogenerado], [nro_documento], [razon_social_destino], [recepcionado], [referencia], [telefono], [envio_id]) VALUES (66, NULL, N'AV CITRUS', 1555, N'EX00000066', N'61231231', NULL, 0, NULL, NULL, 65)
INSERT [dbo].[documento] ([documento_id], [contacto_destino], [direccion], [distrito_id], [documento_autogenerado], [nro_documento], [razon_social_destino], [recepcionado], [referencia], [telefono], [envio_id]) VALUES (67, NULL, N'AV SATIPO', 467, N'EX00000067', N'122131312311', N'CIFRUT', 0, NULL, NULL, 66)
INSERT [dbo].[documento] ([documento_id], [contacto_destino], [direccion], [distrito_id], [documento_autogenerado], [nro_documento], [razon_social_destino], [recepcionado], [referencia], [telefono], [envio_id]) VALUES (68, NULL, N'AV ILOS', 1528, N'EX00000068', N'97465194011', N'TERNOS SAC', 0, NULL, NULL, 67)
INSERT [dbo].[documento] ([documento_id], [contacto_destino], [direccion], [distrito_id], [documento_autogenerado], [nro_documento], [razon_social_destino], [recepcionado], [referencia], [telefono], [envio_id]) VALUES (69, NULL, N'AV TUPAC', 283, N'EX00000069', N'AV LLANTO', N'TUPAC', 0, NULL, NULL, 68)
INSERT [dbo].[documento] ([documento_id], [contacto_destino], [direccion], [distrito_id], [documento_autogenerado], [nro_documento], [razon_social_destino], [recepcionado], [referencia], [telefono], [envio_id]) VALUES (70, NULL, N'AV JEANS', 693, N'EX00000070', N'541245123', N'JEANS SAC', 0, NULL, NULL, 69)
INSERT [dbo].[documento] ([documento_id], [contacto_destino], [direccion], [distrito_id], [documento_autogenerado], [nro_documento], [razon_social_destino], [recepcionado], [referencia], [telefono], [envio_id]) VALUES (71, NULL, N'AV ALCATEL', 1174, N'EX00000071', N'512312312', N'ALCATEL SAC', 1, NULL, NULL, 70)
INSERT [dbo].[documento] ([documento_id], [contacto_destino], [direccion], [distrito_id], [documento_autogenerado], [nro_documento], [razon_social_destino], [recepcionado], [referencia], [telefono], [envio_id]) VALUES (72, NULL, N'AV JUNIN', 1075, N'EX00000072', N'5123123', NULL, 0, NULL, NULL, 71)
INSERT [dbo].[documento] ([documento_id], [contacto_destino], [direccion], [distrito_id], [documento_autogenerado], [nro_documento], [razon_social_destino], [recepcionado], [referencia], [telefono], [envio_id]) VALUES (73, NULL, N'AV LORETO', 1468, N'EX00000073', N'4241151940', N'TROME SAC', 1, NULL, NULL, 72)
INSERT [dbo].[documento] ([documento_id], [contacto_destino], [direccion], [distrito_id], [documento_autogenerado], [nro_documento], [razon_social_destino], [recepcionado], [referencia], [telefono], [envio_id]) VALUES (74, NULL, N'AV DORITOS', 935, N'EX00000074', N'61412412411', N'DORITOS SAC', 0, NULL, NULL, 73)
INSERT [dbo].[documento] ([documento_id], [contacto_destino], [direccion], [distrito_id], [documento_autogenerado], [nro_documento], [razon_social_destino], [recepcionado], [referencia], [telefono], [envio_id]) VALUES (75, NULL, N'AV TOTUS', 331, N'EX00000075', N'122324234', N'TOTUS SAC', 1, NULL, NULL, 74)
INSERT [dbo].[documento] ([documento_id], [contacto_destino], [direccion], [distrito_id], [documento_autogenerado], [nro_documento], [razon_social_destino], [recepcionado], [referencia], [telefono], [envio_id]) VALUES (76, NULL, N'AV METRO', 1212, N'EX00000076', N'923401934', N'METRO SAC', 0, NULL, NULL, 75)
INSERT [dbo].[documento] ([documento_id], [contacto_destino], [direccion], [distrito_id], [documento_autogenerado], [nro_documento], [razon_social_destino], [recepcionado], [referencia], [telefono], [envio_id]) VALUES (77, NULL, N'AV RIO DEL SUR', 1025, N'EX00000077', NULL, N'RIO SAC', 0, NULL, NULL, 76)
INSERT [dbo].[documento] ([documento_id], [contacto_destino], [direccion], [distrito_id], [documento_autogenerado], [nro_documento], [razon_social_destino], [recepcionado], [referencia], [telefono], [envio_id]) VALUES (78, NULL, N'AV PALTA', 480, N'EX00000078', N'684706462', N'PALTA SAC', 1, NULL, NULL, 77)
INSERT [dbo].[documento] ([documento_id], [contacto_destino], [direccion], [distrito_id], [documento_autogenerado], [nro_documento], [razon_social_destino], [recepcionado], [referencia], [telefono], [envio_id]) VALUES (79, NULL, N'AV HP', 306, N'EX00000079', N'1523124123', N'LAPTOP SAC', 0, NULL, NULL, 78)
INSERT [dbo].[documento] ([documento_id], [contacto_destino], [direccion], [distrito_id], [documento_autogenerado], [nro_documento], [razon_social_destino], [recepcionado], [referencia], [telefono], [envio_id]) VALUES (80, N'', N'AV. VONDI', 12, N'EX00000080', N'687015414', N'BOND SAC', 0, N'', N'', 79)
SET IDENTITY_INSERT [dbo].[documento] OFF
SET IDENTITY_INSERT [dbo].[tipo_estado_documento] ON 

INSERT [dbo].[tipo_estado_documento] ([tipo_estado_documento_id], [nombre]) VALUES (1, N'ESTADOS UTD')
INSERT [dbo].[tipo_estado_documento] ([tipo_estado_documento_id], [nombre]) VALUES (2, N'RESULTADOS PROVEEDOR')
SET IDENTITY_INSERT [dbo].[tipo_estado_documento] OFF
SET IDENTITY_INSERT [dbo].[estado_documento] ON 

INSERT [dbo].[estado_documento] ([estado_documento_id], [nombre], [tipo_estado_documento_id]) VALUES (1, N'CREADO', 1)
INSERT [dbo].[estado_documento] ([estado_documento_id], [nombre], [tipo_estado_documento_id]) VALUES (2, N'CUSTODIADO', 1)
INSERT [dbo].[estado_documento] ([estado_documento_id], [nombre], [tipo_estado_documento_id]) VALUES (3, N'PENDIENTE DE ENTREGA', 1)
INSERT [dbo].[estado_documento] ([estado_documento_id], [nombre], [tipo_estado_documento_id]) VALUES (4, N'ENTREGADO', 2)
INSERT [dbo].[estado_documento] ([estado_documento_id], [nombre], [tipo_estado_documento_id]) VALUES (5, N'REZAGADO', 2)
INSERT [dbo].[estado_documento] ([estado_documento_id], [nombre], [tipo_estado_documento_id]) VALUES (6, N'DEVUELTO', 2)
INSERT [dbo].[estado_documento] ([estado_documento_id], [nombre], [tipo_estado_documento_id]) VALUES (7, N'EXTRAVIADO', 2)
INSERT [dbo].[estado_documento] ([estado_documento_id], [nombre], [tipo_estado_documento_id]) VALUES (8, N'DENEGADO', 1)
INSERT [dbo].[estado_documento] ([estado_documento_id], [nombre], [tipo_estado_documento_id]) VALUES (9, N'RETIRADO', 1)
SET IDENTITY_INSERT [dbo].[estado_documento] OFF

INSERT [dbo].[estado_documento_permitido] ([estado_documento_id], [estado_documento_permitido_id]) VALUES (2,1 )
INSERT [dbo].[estado_documento_permitido] ([estado_documento_id], [estado_documento_permitido_id]) VALUES (3,2)
INSERT [dbo].[estado_documento_permitido] ([estado_documento_id], [estado_documento_permitido_id]) VALUES (2,9)
INSERT [dbo].[estado_documento_permitido] ([estado_documento_id], [estado_documento_permitido_id]) VALUES (3,9)

SET IDENTITY_INSERT [dbo].[seguimiento_documento] ON 

INSERT [dbo].[seguimiento_documento] ([seguimiento_documento_id], [fecha], [link_imagen], [observacion], [usuario_id], [documento_id], [estado_documento_id]) VALUES (1, CAST(N'2019-02-25T16:30:28.3660000' AS DateTime2), NULL, NULL, 5, 1, 1)
INSERT [dbo].[seguimiento_documento] ([seguimiento_documento_id], [fecha], [link_imagen], [observacion], [usuario_id], [documento_id], [estado_documento_id]) VALUES (2, CAST(N'2019-02-25T16:34:05.6400000' AS DateTime2), NULL, NULL, 5, 2, 1)
INSERT [dbo].[seguimiento_documento] ([seguimiento_documento_id], [fecha], [link_imagen], [observacion], [usuario_id], [documento_id], [estado_documento_id]) VALUES (3, CAST(N'2019-02-25T16:34:45.0370000' AS DateTime2), NULL, NULL, 5, 3, 1)
INSERT [dbo].[seguimiento_documento] ([seguimiento_documento_id], [fecha], [link_imagen], [observacion], [usuario_id], [documento_id], [estado_documento_id]) VALUES (4, CAST(N'2019-02-25T16:35:23.1160000' AS DateTime2), NULL, NULL, 5, 4, 1)
INSERT [dbo].[seguimiento_documento] ([seguimiento_documento_id], [fecha], [link_imagen], [observacion], [usuario_id], [documento_id], [estado_documento_id]) VALUES (5, CAST(N'2019-02-25T16:36:17.6980000' AS DateTime2), NULL, NULL, 5, 5, 1)
INSERT [dbo].[seguimiento_documento] ([seguimiento_documento_id], [fecha], [link_imagen], [observacion], [usuario_id], [documento_id], [estado_documento_id]) VALUES (6, CAST(N'2019-02-25T16:37:09.4740000' AS DateTime2), NULL, NULL, 5, 6, 1)
INSERT [dbo].[seguimiento_documento] ([seguimiento_documento_id], [fecha], [link_imagen], [observacion], [usuario_id], [documento_id], [estado_documento_id]) VALUES (7, CAST(N'2019-02-25T16:37:51.4990000' AS DateTime2), NULL, NULL, 5, 7, 1)
INSERT [dbo].[seguimiento_documento] ([seguimiento_documento_id], [fecha], [link_imagen], [observacion], [usuario_id], [documento_id], [estado_documento_id]) VALUES (8, CAST(N'2019-02-25T16:38:25.6910000' AS DateTime2), NULL, NULL, 5, 8, 1)
INSERT [dbo].[seguimiento_documento] ([seguimiento_documento_id], [fecha], [link_imagen], [observacion], [usuario_id], [documento_id], [estado_documento_id]) VALUES (9, CAST(N'2019-02-25T16:39:27.1630000' AS DateTime2), NULL, NULL, 5, 9, 1)
INSERT [dbo].[seguimiento_documento] ([seguimiento_documento_id], [fecha], [link_imagen], [observacion], [usuario_id], [documento_id], [estado_documento_id]) VALUES (10, CAST(N'2019-02-25T16:40:08.3070000' AS DateTime2), NULL, NULL, 5, 10, 1)
INSERT [dbo].[seguimiento_documento] ([seguimiento_documento_id], [fecha], [link_imagen], [observacion], [usuario_id], [documento_id], [estado_documento_id]) VALUES (11, CAST(N'2019-02-25T16:41:19.8950000' AS DateTime2), NULL, NULL, 5, 11, 1)
INSERT [dbo].[seguimiento_documento] ([seguimiento_documento_id], [fecha], [link_imagen], [observacion], [usuario_id], [documento_id], [estado_documento_id]) VALUES (12, CAST(N'2019-02-25T16:41:53.6650000' AS DateTime2), NULL, NULL, 5, 12, 1)
INSERT [dbo].[seguimiento_documento] ([seguimiento_documento_id], [fecha], [link_imagen], [observacion], [usuario_id], [documento_id], [estado_documento_id]) VALUES (13, CAST(N'2019-02-25T16:42:37.0550000' AS DateTime2), NULL, NULL, 5, 13, 1)
INSERT [dbo].[seguimiento_documento] ([seguimiento_documento_id], [fecha], [link_imagen], [observacion], [usuario_id], [documento_id], [estado_documento_id]) VALUES (14, CAST(N'2019-02-25T16:44:00.9930000' AS DateTime2), NULL, NULL, 5, 14, 1)
INSERT [dbo].[seguimiento_documento] ([seguimiento_documento_id], [fecha], [link_imagen], [observacion], [usuario_id], [documento_id], [estado_documento_id]) VALUES (15, CAST(N'2019-02-25T16:47:51.1350000' AS DateTime2), NULL, NULL, 5, 15, 1)
INSERT [dbo].[seguimiento_documento] ([seguimiento_documento_id], [fecha], [link_imagen], [observacion], [usuario_id], [documento_id], [estado_documento_id]) VALUES (16, CAST(N'2019-02-25T16:47:51.1390000' AS DateTime2), NULL, NULL, 5, 16, 1)
INSERT [dbo].[seguimiento_documento] ([seguimiento_documento_id], [fecha], [link_imagen], [observacion], [usuario_id], [documento_id], [estado_documento_id]) VALUES (17, CAST(N'2019-02-25T16:47:51.1400000' AS DateTime2), NULL, NULL, 5, 17, 1)
INSERT [dbo].[seguimiento_documento] ([seguimiento_documento_id], [fecha], [link_imagen], [observacion], [usuario_id], [documento_id], [estado_documento_id]) VALUES (18, CAST(N'2019-02-25T16:52:42.3660000' AS DateTime2), NULL, NULL, 5, 18, 1)
INSERT [dbo].[seguimiento_documento] ([seguimiento_documento_id], [fecha], [link_imagen], [observacion], [usuario_id], [documento_id], [estado_documento_id]) VALUES (19, CAST(N'2019-02-25T16:54:09.4570000' AS DateTime2), NULL, NULL, 5, 19, 1)
INSERT [dbo].[seguimiento_documento] ([seguimiento_documento_id], [fecha], [link_imagen], [observacion], [usuario_id], [documento_id], [estado_documento_id]) VALUES (20, CAST(N'2019-02-25T16:55:07.1830000' AS DateTime2), NULL, NULL, 5, 20, 1)
INSERT [dbo].[seguimiento_documento] ([seguimiento_documento_id], [fecha], [link_imagen], [observacion], [usuario_id], [documento_id], [estado_documento_id]) VALUES (21, CAST(N'2019-02-26T09:24:15.1140000' AS DateTime2), NULL, NULL, 1, 17, 8)
INSERT [dbo].[seguimiento_documento] ([seguimiento_documento_id], [fecha], [link_imagen], [observacion], [usuario_id], [documento_id], [estado_documento_id]) VALUES (22, CAST(N'2019-02-26T09:24:22.2820000' AS DateTime2), NULL, NULL, 1, 20, 8)
INSERT [dbo].[seguimiento_documento] ([seguimiento_documento_id], [fecha], [link_imagen], [observacion], [usuario_id], [documento_id], [estado_documento_id]) VALUES (23, CAST(N'2019-02-26T09:24:26.9520000' AS DateTime2), NULL, N'El documento ha sido autorizado', 1, 15, 1)
INSERT [dbo].[seguimiento_documento] ([seguimiento_documento_id], [fecha], [link_imagen], [observacion], [usuario_id], [documento_id], [estado_documento_id]) VALUES (24, CAST(N'2019-02-26T09:24:28.5530000' AS DateTime2), NULL, N'El documento ha sido autorizado', 1, 16, 1)
INSERT [dbo].[seguimiento_documento] ([seguimiento_documento_id], [fecha], [link_imagen], [observacion], [usuario_id], [documento_id], [estado_documento_id]) VALUES (25, CAST(N'2019-02-26T09:24:30.0070000' AS DateTime2), NULL, N'El documento ha sido autorizado', 1, 18, 1)
INSERT [dbo].[seguimiento_documento] ([seguimiento_documento_id], [fecha], [link_imagen], [observacion], [usuario_id], [documento_id], [estado_documento_id]) VALUES (26, CAST(N'2019-02-26T09:24:31.5760000' AS DateTime2), NULL, N'El documento ha sido autorizado', 1, 19, 1)
INSERT [dbo].[seguimiento_documento] ([seguimiento_documento_id], [fecha], [link_imagen], [observacion], [usuario_id], [documento_id], [estado_documento_id]) VALUES (27, CAST(N'2019-02-26T09:26:16.9440000' AS DateTime2), NULL, NULL, 1, 1, 2)
INSERT [dbo].[seguimiento_documento] ([seguimiento_documento_id], [fecha], [link_imagen], [observacion], [usuario_id], [documento_id], [estado_documento_id]) VALUES (28, CAST(N'2019-02-26T09:26:16.9460000' AS DateTime2), NULL, NULL, 1, 2, 2)
INSERT [dbo].[seguimiento_documento] ([seguimiento_documento_id], [fecha], [link_imagen], [observacion], [usuario_id], [documento_id], [estado_documento_id]) VALUES (29, CAST(N'2019-02-26T09:26:16.9460000' AS DateTime2), NULL, NULL, 1, 3, 2)
INSERT [dbo].[seguimiento_documento] ([seguimiento_documento_id], [fecha], [link_imagen], [observacion], [usuario_id], [documento_id], [estado_documento_id]) VALUES (30, CAST(N'2019-02-26T09:26:16.9470000' AS DateTime2), NULL, NULL, 1, 4, 2)
INSERT [dbo].[seguimiento_documento] ([seguimiento_documento_id], [fecha], [link_imagen], [observacion], [usuario_id], [documento_id], [estado_documento_id]) VALUES (31, CAST(N'2019-02-26T09:26:16.9470000' AS DateTime2), NULL, NULL, 1, 5, 2)
INSERT [dbo].[seguimiento_documento] ([seguimiento_documento_id], [fecha], [link_imagen], [observacion], [usuario_id], [documento_id], [estado_documento_id]) VALUES (32, CAST(N'2019-02-26T09:26:16.9480000' AS DateTime2), NULL, NULL, 1, 6, 2)
INSERT [dbo].[seguimiento_documento] ([seguimiento_documento_id], [fecha], [link_imagen], [observacion], [usuario_id], [documento_id], [estado_documento_id]) VALUES (33, CAST(N'2019-02-26T09:26:16.9480000' AS DateTime2), NULL, NULL, 1, 7, 2)
INSERT [dbo].[seguimiento_documento] ([seguimiento_documento_id], [fecha], [link_imagen], [observacion], [usuario_id], [documento_id], [estado_documento_id]) VALUES (34, CAST(N'2019-02-26T09:26:16.9480000' AS DateTime2), NULL, NULL, 1, 8, 2)
INSERT [dbo].[seguimiento_documento] ([seguimiento_documento_id], [fecha], [link_imagen], [observacion], [usuario_id], [documento_id], [estado_documento_id]) VALUES (35, CAST(N'2019-02-26T09:26:24.1660000' AS DateTime2), NULL, NULL, 1, 11, 2)
INSERT [dbo].[seguimiento_documento] ([seguimiento_documento_id], [fecha], [link_imagen], [observacion], [usuario_id], [documento_id], [estado_documento_id]) VALUES (36, CAST(N'2019-02-26T09:26:24.1690000' AS DateTime2), NULL, NULL, 1, 12, 2)
INSERT [dbo].[seguimiento_documento] ([seguimiento_documento_id], [fecha], [link_imagen], [observacion], [usuario_id], [documento_id], [estado_documento_id]) VALUES (37, CAST(N'2019-02-26T09:26:24.1690000' AS DateTime2), NULL, NULL, 1, 13, 2)
INSERT [dbo].[seguimiento_documento] ([seguimiento_documento_id], [fecha], [link_imagen], [observacion], [usuario_id], [documento_id], [estado_documento_id]) VALUES (38, CAST(N'2019-02-26T09:26:30.1410000' AS DateTime2), NULL, NULL, 1, 15, 2)
INSERT [dbo].[seguimiento_documento] ([seguimiento_documento_id], [fecha], [link_imagen], [observacion], [usuario_id], [documento_id], [estado_documento_id]) VALUES (39, CAST(N'2019-02-26T09:26:30.1420000' AS DateTime2), NULL, NULL, 1, 16, 2)
INSERT [dbo].[seguimiento_documento] ([seguimiento_documento_id], [fecha], [link_imagen], [observacion], [usuario_id], [documento_id], [estado_documento_id]) VALUES (40, CAST(N'2019-02-26T09:26:34.6000000' AS DateTime2), NULL, NULL, 1, 18, 2)
INSERT [dbo].[seguimiento_documento] ([seguimiento_documento_id], [fecha], [link_imagen], [observacion], [usuario_id], [documento_id], [estado_documento_id]) VALUES (41, CAST(N'2019-02-26T09:26:34.6000000' AS DateTime2), NULL, NULL, 1, 19, 2)
INSERT [dbo].[seguimiento_documento] ([seguimiento_documento_id], [fecha], [link_imagen], [observacion], [usuario_id], [documento_id], [estado_documento_id]) VALUES (42, CAST(N'2019-02-26T09:32:14.4650000' AS DateTime2), NULL, NULL, 1, 3, 3)
INSERT [dbo].[seguimiento_documento] ([seguimiento_documento_id], [fecha], [link_imagen], [observacion], [usuario_id], [documento_id], [estado_documento_id]) VALUES (43, CAST(N'2019-02-26T09:32:14.4670000' AS DateTime2), NULL, NULL, 1, 5, 3)
INSERT [dbo].[seguimiento_documento] ([seguimiento_documento_id], [fecha], [link_imagen], [observacion], [usuario_id], [documento_id], [estado_documento_id]) VALUES (44, CAST(N'2019-02-26T09:32:14.4670000' AS DateTime2), NULL, NULL, 1, 6, 3)
INSERT [dbo].[seguimiento_documento] ([seguimiento_documento_id], [fecha], [link_imagen], [observacion], [usuario_id], [documento_id], [estado_documento_id]) VALUES (45, CAST(N'2019-02-26T09:32:14.4680000' AS DateTime2), NULL, NULL, 1, 2, 3)
INSERT [dbo].[seguimiento_documento] ([seguimiento_documento_id], [fecha], [link_imagen], [observacion], [usuario_id], [documento_id], [estado_documento_id]) VALUES (46, CAST(N'2019-02-26T09:32:14.4680000' AS DateTime2), NULL, NULL, 1, 4, 3)
INSERT [dbo].[seguimiento_documento] ([seguimiento_documento_id], [fecha], [link_imagen], [observacion], [usuario_id], [documento_id], [estado_documento_id]) VALUES (47, CAST(N'2019-02-26T09:32:14.4680000' AS DateTime2), NULL, NULL, 1, 1, 3)
INSERT [dbo].[seguimiento_documento] ([seguimiento_documento_id], [fecha], [link_imagen], [observacion], [usuario_id], [documento_id], [estado_documento_id]) VALUES (48, CAST(N'2019-02-26T09:32:16.3670000' AS DateTime2), NULL, NULL, 1, 12, 3)
INSERT [dbo].[seguimiento_documento] ([seguimiento_documento_id], [fecha], [link_imagen], [observacion], [usuario_id], [documento_id], [estado_documento_id]) VALUES (49, CAST(N'2019-02-26T09:32:16.3680000' AS DateTime2), NULL, NULL, 1, 11, 3)
INSERT [dbo].[seguimiento_documento] ([seguimiento_documento_id], [fecha], [link_imagen], [observacion], [usuario_id], [documento_id], [estado_documento_id]) VALUES (50, CAST(N'2019-02-26T09:32:16.3680000' AS DateTime2), NULL, NULL, 1, 13, 3)
INSERT [dbo].[seguimiento_documento] ([seguimiento_documento_id], [fecha], [link_imagen], [observacion], [usuario_id], [documento_id], [estado_documento_id]) VALUES (51, CAST(N'2019-02-26T09:32:18.3740000' AS DateTime2), NULL, NULL, 1, 15, 3)
INSERT [dbo].[seguimiento_documento] ([seguimiento_documento_id], [fecha], [link_imagen], [observacion], [usuario_id], [documento_id], [estado_documento_id]) VALUES (52, CAST(N'2019-02-26T09:32:18.3750000' AS DateTime2), NULL, NULL, 1, 16, 3)
INSERT [dbo].[seguimiento_documento] ([seguimiento_documento_id], [fecha], [link_imagen], [observacion], [usuario_id], [documento_id], [estado_documento_id]) VALUES (53, CAST(N'2019-02-26T09:32:20.2800000' AS DateTime2), NULL, NULL, 1, 18, 3)
INSERT [dbo].[seguimiento_documento] ([seguimiento_documento_id], [fecha], [link_imagen], [observacion], [usuario_id], [documento_id], [estado_documento_id]) VALUES (54, CAST(N'2019-02-26T09:32:20.2800000' AS DateTime2), NULL, NULL, 1, 19, 3)
INSERT [dbo].[seguimiento_documento] ([seguimiento_documento_id], [fecha], [link_imagen], [observacion], [usuario_id], [documento_id], [estado_documento_id]) VALUES (55, CAST(N'2019-02-27T13:30:00.0000000' AS DateTime2), N'http://2.bp.blogspot.com/-LhaKkBU4eW4/U6puYNTyTpI/AAAAAAAAACU/D4C42MuBK68/s1600/img046.jpg', N'', 1, 1, 4)
INSERT [dbo].[seguimiento_documento] ([seguimiento_documento_id], [fecha], [link_imagen], [observacion], [usuario_id], [documento_id], [estado_documento_id]) VALUES (56, CAST(N'2019-02-27T10:10:00.0000000' AS DateTime2), N'http://2.bp.blogspot.com/-LhaKkBU4eW4/U6puYNTyTpI/AAAAAAAAACU/D4C42MuBK68/s1600/img046.jpg', N'', 1, 2, 4)
INSERT [dbo].[seguimiento_documento] ([seguimiento_documento_id], [fecha], [link_imagen], [observacion], [usuario_id], [documento_id], [estado_documento_id]) VALUES (57, CAST(N'2019-02-27T13:30:00.0000000' AS DateTime2), N'https://imgix.bustle.com/elite-daily/2017/05/08101715/Facebook-Dislike-1.jpg?w=1020&h=574&fit=crop&crop=faces&auto=format&q=70', N'No vive ahí', 1, 3, 5)
INSERT [dbo].[seguimiento_documento] ([seguimiento_documento_id], [fecha], [link_imagen], [observacion], [usuario_id], [documento_id], [estado_documento_id]) VALUES (58, CAST(N'2019-02-27T13:30:00.0000000' AS DateTime2), N'https://imgix.bustle.com/elite-daily/2017/05/08101715/Facebook-Dislike-1.jpg?w=1020&h=574&fit=crop&crop=faces&auto=format&q=70', N'No vive ahí', 1, 4, 5)
INSERT [dbo].[seguimiento_documento] ([seguimiento_documento_id], [fecha], [link_imagen], [observacion], [usuario_id], [documento_id], [estado_documento_id]) VALUES (59, CAST(N'2019-02-27T13:30:00.0000000' AS DateTime2), N'', N'', 1, 5, 6)
INSERT [dbo].[seguimiento_documento] ([seguimiento_documento_id], [fecha], [link_imagen], [observacion], [usuario_id], [documento_id], [estado_documento_id]) VALUES (60, CAST(N'2019-02-27T13:30:00.0000000' AS DateTime2), N'', N'', 1, 6, 7)
INSERT [dbo].[seguimiento_documento] ([seguimiento_documento_id], [fecha], [link_imagen], [observacion], [usuario_id], [documento_id], [estado_documento_id]) VALUES (61, CAST(N'2019-02-26T09:48:46.1300000' AS DateTime2), N'https://imgix.bustle.com/elite-daily/2017/05/08101715/Facebook-Dislike-1.jpg?w=1020&h=574&fit=crop&crop=faces&auto=format&q=70', N'Documento Devuelto', 1, 4, 5)
INSERT [dbo].[seguimiento_documento] ([seguimiento_documento_id], [fecha], [link_imagen], [observacion], [usuario_id], [documento_id], [estado_documento_id]) VALUES (62, CAST(N'2019-02-26T09:52:53.5800000' AS DateTime2), N'http://2.bp.blogspot.com/-LhaKkBU4eW4/U6puYNTyTpI/AAAAAAAAACU/D4C42MuBK68/s1600/img046.jpg', N'Cargo Recibido', 1, 1, 4)
INSERT [dbo].[seguimiento_documento] ([seguimiento_documento_id], [fecha], [link_imagen], [observacion], [usuario_id], [documento_id], [estado_documento_id]) VALUES (63, CAST(N'2019-02-27T10:10:00.0000000' AS DateTime2), N'http://2.bp.blogspot.com/-LhaKkBU4eW4/U6puYNTyTpI/AAAAAAAAACU/D4C42MuBK68/s1600/img046.jpg', N'', 1, 11, 4)
INSERT [dbo].[seguimiento_documento] ([seguimiento_documento_id], [fecha], [link_imagen], [observacion], [usuario_id], [documento_id], [estado_documento_id]) VALUES (64, CAST(N'2019-03-04T13:30:00.0000000' AS DateTime2), N'http://2.bp.blogspot.com/-LhaKkBU4eW4/U6puYNTyTpI/AAAAAAAAACU/D4C42MuBK68/s1600/img046.jpg', N'', 1, 12, 4)
INSERT [dbo].[seguimiento_documento] ([seguimiento_documento_id], [fecha], [link_imagen], [observacion], [usuario_id], [documento_id], [estado_documento_id]) VALUES (66, CAST(N'2019-02-26T10:07:45.0810000' AS DateTime2), N'http://2.bp.blogspot.com/-LhaKkBU4eW4/U6puYNTyTpI/AAAAAAAAACU/D4C42MuBK68/s1600/img046.jpg', N'Cargo Recibido', 1, 11, 4)
INSERT [dbo].[seguimiento_documento] ([seguimiento_documento_id], [fecha], [link_imagen], [observacion], [usuario_id], [documento_id], [estado_documento_id]) VALUES (68, CAST(N'2019-02-27T13:30:00.0000000' AS DateTime2), N'http://2.bp.blogspot.com/-LhaKkBU4eW4/U6puYNTyTpI/AAAAAAAAACU/D4C42MuBK68/s1600/img046.jpg', N'', 1, 15, 4)
INSERT [dbo].[seguimiento_documento] ([seguimiento_documento_id], [fecha], [link_imagen], [observacion], [usuario_id], [documento_id], [estado_documento_id]) VALUES (69, CAST(N'2019-03-04T00:00:00.0000000' AS DateTime2), N'http://2.bp.blogspot.com/-LhaKkBU4eW4/U6puYNTyTpI/AAAAAAAAACU/D4C42MuBK68/s1600/img046.jpg', N'', 1, 16, 4)
INSERT [dbo].[seguimiento_documento] ([seguimiento_documento_id], [fecha], [link_imagen], [observacion], [usuario_id], [documento_id], [estado_documento_id]) VALUES (70, CAST(N'2019-02-26T10:12:47.2090000' AS DateTime2), N'http://2.bp.blogspot.com/-LhaKkBU4eW4/U6puYNTyTpI/AAAAAAAAACU/D4C42MuBK68/s1600/img046.jpg', N'Cargo Recibido', 1, 15, 4)
INSERT [dbo].[seguimiento_documento] ([seguimiento_documento_id], [fecha], [link_imagen], [observacion], [usuario_id], [documento_id], [estado_documento_id]) VALUES (71, CAST(N'2019-02-27T13:30:00.0000000' AS DateTime2), N'http://2.bp.blogspot.com/-LhaKkBU4eW4/U6puYNTyTpI/AAAAAAAAACU/D4C42MuBK68/s1600/img046.jpg', N'', 1, 18, 4)
INSERT [dbo].[seguimiento_documento] ([seguimiento_documento_id], [fecha], [link_imagen], [observacion], [usuario_id], [documento_id], [estado_documento_id]) VALUES (72, CAST(N'2019-03-04T00:00:00.0000000' AS DateTime2), N'http://2.bp.blogspot.com/-LhaKkBU4eW4/U6puYNTyTpI/AAAAAAAAACU/D4C42MuBK68/s1600/img046.jpg', N'', 1, 19, 4)
INSERT [dbo].[seguimiento_documento] ([seguimiento_documento_id], [fecha], [link_imagen], [observacion], [usuario_id], [documento_id], [estado_documento_id]) VALUES (73, CAST(N'2019-02-26T10:15:00.2210000' AS DateTime2), N'http://2.bp.blogspot.com/-LhaKkBU4eW4/U6puYNTyTpI/AAAAAAAAACU/D4C42MuBK68/s1600/img046.jpg', N'Cargo Recibido', 1, 18, 4)
INSERT [dbo].[seguimiento_documento] ([seguimiento_documento_id], [fecha], [link_imagen], [observacion], [usuario_id], [documento_id], [estado_documento_id]) VALUES (74, CAST(N'2019-02-26T10:28:16.3000000' AS DateTime2), NULL, NULL, 6, 21, 1)
INSERT [dbo].[seguimiento_documento] ([seguimiento_documento_id], [fecha], [link_imagen], [observacion], [usuario_id], [documento_id], [estado_documento_id]) VALUES (75, CAST(N'2019-02-26T10:29:05.0720000' AS DateTime2), NULL, NULL, 6, 22, 1)
INSERT [dbo].[seguimiento_documento] ([seguimiento_documento_id], [fecha], [link_imagen], [observacion], [usuario_id], [documento_id], [estado_documento_id]) VALUES (76, CAST(N'2019-02-26T10:30:15.1270000' AS DateTime2), NULL, NULL, 6, 23, 1)
INSERT [dbo].[seguimiento_documento] ([seguimiento_documento_id], [fecha], [link_imagen], [observacion], [usuario_id], [documento_id], [estado_documento_id]) VALUES (77, CAST(N'2019-02-26T10:33:58.1520000' AS DateTime2), NULL, NULL, 6, 24, 1)
INSERT [dbo].[seguimiento_documento] ([seguimiento_documento_id], [fecha], [link_imagen], [observacion], [usuario_id], [documento_id], [estado_documento_id]) VALUES (78, CAST(N'2019-02-26T10:35:36.8720000' AS DateTime2), NULL, NULL, 6, 25, 1)
INSERT [dbo].[seguimiento_documento] ([seguimiento_documento_id], [fecha], [link_imagen], [observacion], [usuario_id], [documento_id], [estado_documento_id]) VALUES (79, CAST(N'2019-02-26T10:36:16.8680000' AS DateTime2), NULL, NULL, 6, 26, 1)
INSERT [dbo].[seguimiento_documento] ([seguimiento_documento_id], [fecha], [link_imagen], [observacion], [usuario_id], [documento_id], [estado_documento_id]) VALUES (80, CAST(N'2019-02-26T10:36:55.7580000' AS DateTime2), NULL, NULL, 6, 27, 1)
INSERT [dbo].[seguimiento_documento] ([seguimiento_documento_id], [fecha], [link_imagen], [observacion], [usuario_id], [documento_id], [estado_documento_id]) VALUES (81, CAST(N'2019-02-26T10:37:20.4680000' AS DateTime2), NULL, NULL, 6, 28, 1)
INSERT [dbo].[seguimiento_documento] ([seguimiento_documento_id], [fecha], [link_imagen], [observacion], [usuario_id], [documento_id], [estado_documento_id]) VALUES (82, CAST(N'2019-02-26T10:37:43.6310000' AS DateTime2), NULL, NULL, 6, 29, 1)
INSERT [dbo].[seguimiento_documento] ([seguimiento_documento_id], [fecha], [link_imagen], [observacion], [usuario_id], [documento_id], [estado_documento_id]) VALUES (83, CAST(N'2019-02-26T10:38:19.8260000' AS DateTime2), NULL, NULL, 6, 30, 1)
INSERT [dbo].[seguimiento_documento] ([seguimiento_documento_id], [fecha], [link_imagen], [observacion], [usuario_id], [documento_id], [estado_documento_id]) VALUES (84, CAST(N'2019-02-26T10:51:14.5770000' AS DateTime2), NULL, NULL, 6, 31, 1)
INSERT [dbo].[seguimiento_documento] ([seguimiento_documento_id], [fecha], [link_imagen], [observacion], [usuario_id], [documento_id], [estado_documento_id]) VALUES (85, CAST(N'2019-02-26T10:51:53.7360000' AS DateTime2), NULL, NULL, 6, 32, 1)
INSERT [dbo].[seguimiento_documento] ([seguimiento_documento_id], [fecha], [link_imagen], [observacion], [usuario_id], [documento_id], [estado_documento_id]) VALUES (86, CAST(N'2019-02-26T10:52:20.5060000' AS DateTime2), NULL, NULL, 6, 33, 1)
INSERT [dbo].[seguimiento_documento] ([seguimiento_documento_id], [fecha], [link_imagen], [observacion], [usuario_id], [documento_id], [estado_documento_id]) VALUES (87, CAST(N'2019-02-26T10:52:50.0950000' AS DateTime2), NULL, NULL, 6, 34, 1)
INSERT [dbo].[seguimiento_documento] ([seguimiento_documento_id], [fecha], [link_imagen], [observacion], [usuario_id], [documento_id], [estado_documento_id]) VALUES (88, CAST(N'2019-02-26T10:53:19.7410000' AS DateTime2), NULL, NULL, 6, 35, 1)
INSERT [dbo].[seguimiento_documento] ([seguimiento_documento_id], [fecha], [link_imagen], [observacion], [usuario_id], [documento_id], [estado_documento_id]) VALUES (89, CAST(N'2019-02-26T10:53:50.1320000' AS DateTime2), NULL, NULL, 6, 36, 1)
INSERT [dbo].[seguimiento_documento] ([seguimiento_documento_id], [fecha], [link_imagen], [observacion], [usuario_id], [documento_id], [estado_documento_id]) VALUES (90, CAST(N'2019-02-26T10:54:17.5060000' AS DateTime2), NULL, NULL, 6, 37, 1)
INSERT [dbo].[seguimiento_documento] ([seguimiento_documento_id], [fecha], [link_imagen], [observacion], [usuario_id], [documento_id], [estado_documento_id]) VALUES (91, CAST(N'2019-02-26T10:54:49.6780000' AS DateTime2), NULL, NULL, 6, 38, 1)
INSERT [dbo].[seguimiento_documento] ([seguimiento_documento_id], [fecha], [link_imagen], [observacion], [usuario_id], [documento_id], [estado_documento_id]) VALUES (92, CAST(N'2019-02-26T10:55:15.0430000' AS DateTime2), NULL, NULL, 6, 39, 1)
INSERT [dbo].[seguimiento_documento] ([seguimiento_documento_id], [fecha], [link_imagen], [observacion], [usuario_id], [documento_id], [estado_documento_id]) VALUES (93, CAST(N'2019-02-26T10:55:39.5900000' AS DateTime2), NULL, NULL, 6, 40, 1)
INSERT [dbo].[seguimiento_documento] ([seguimiento_documento_id], [fecha], [link_imagen], [observacion], [usuario_id], [documento_id], [estado_documento_id]) VALUES (94, CAST(N'2019-02-26T11:08:44.7690000' AS DateTime2), NULL, NULL, 2, 21, 2)
INSERT [dbo].[seguimiento_documento] ([seguimiento_documento_id], [fecha], [link_imagen], [observacion], [usuario_id], [documento_id], [estado_documento_id]) VALUES (95, CAST(N'2019-02-26T11:15:07.0040000' AS DateTime2), NULL, NULL, 2, 37, 8)
INSERT [dbo].[seguimiento_documento] ([seguimiento_documento_id], [fecha], [link_imagen], [observacion], [usuario_id], [documento_id], [estado_documento_id]) VALUES (96, CAST(N'2019-02-26T11:15:13.5300000' AS DateTime2), NULL, NULL, 2, 40, 8)
INSERT [dbo].[seguimiento_documento] ([seguimiento_documento_id], [fecha], [link_imagen], [observacion], [usuario_id], [documento_id], [estado_documento_id]) VALUES (97, CAST(N'2019-02-26T11:15:46.0600000' AS DateTime2), NULL, NULL, 2, 22, 2)
INSERT [dbo].[seguimiento_documento] ([seguimiento_documento_id], [fecha], [link_imagen], [observacion], [usuario_id], [documento_id], [estado_documento_id]) VALUES (98, CAST(N'2019-02-26T11:15:46.0610000' AS DateTime2), NULL, NULL, 2, 23, 2)
INSERT [dbo].[seguimiento_documento] ([seguimiento_documento_id], [fecha], [link_imagen], [observacion], [usuario_id], [documento_id], [estado_documento_id]) VALUES (99, CAST(N'2019-02-26T11:15:46.0610000' AS DateTime2), NULL, NULL, 2, 24, 2)
INSERT [dbo].[seguimiento_documento] ([seguimiento_documento_id], [fecha], [link_imagen], [observacion], [usuario_id], [documento_id], [estado_documento_id]) VALUES (100, CAST(N'2019-02-26T11:15:46.0610000' AS DateTime2), NULL, NULL, 2, 25, 2)
INSERT [dbo].[seguimiento_documento] ([seguimiento_documento_id], [fecha], [link_imagen], [observacion], [usuario_id], [documento_id], [estado_documento_id]) VALUES (101, CAST(N'2019-02-26T11:15:46.0620000' AS DateTime2), NULL, NULL, 2, 26, 2)

INSERT [dbo].[seguimiento_documento] ([seguimiento_documento_id], [fecha], [link_imagen], [observacion], [usuario_id], [documento_id], [estado_documento_id]) VALUES (102, CAST(N'2019-02-26T11:15:46.0620000' AS DateTime2), NULL, NULL, 2, 27, 2)
INSERT [dbo].[seguimiento_documento] ([seguimiento_documento_id], [fecha], [link_imagen], [observacion], [usuario_id], [documento_id], [estado_documento_id]) VALUES (103, CAST(N'2019-02-26T11:15:46.0620000' AS DateTime2), NULL, NULL, 2, 28, 2)
INSERT [dbo].[seguimiento_documento] ([seguimiento_documento_id], [fecha], [link_imagen], [observacion], [usuario_id], [documento_id], [estado_documento_id]) VALUES (104, CAST(N'2019-02-26T11:15:55.2260000' AS DateTime2), NULL, NULL, 2, 31, 2)
INSERT [dbo].[seguimiento_documento] ([seguimiento_documento_id], [fecha], [link_imagen], [observacion], [usuario_id], [documento_id], [estado_documento_id]) VALUES (105, CAST(N'2019-02-26T11:15:55.2260000' AS DateTime2), NULL, NULL, 2, 32, 2)
INSERT [dbo].[seguimiento_documento] ([seguimiento_documento_id], [fecha], [link_imagen], [observacion], [usuario_id], [documento_id], [estado_documento_id]) VALUES (106, CAST(N'2019-02-26T11:15:55.2270000' AS DateTime2), NULL, NULL, 2, 33, 2)
INSERT [dbo].[seguimiento_documento] ([seguimiento_documento_id], [fecha], [link_imagen], [observacion], [usuario_id], [documento_id], [estado_documento_id]) VALUES (107, CAST(N'2019-02-26T11:16:10.7110000' AS DateTime2), NULL, NULL, 2, 35, 2)
INSERT [dbo].[seguimiento_documento] ([seguimiento_documento_id], [fecha], [link_imagen], [observacion], [usuario_id], [documento_id], [estado_documento_id]) VALUES (108, CAST(N'2019-02-26T11:16:10.7130000' AS DateTime2), NULL, NULL, 2, 36, 2)
INSERT [dbo].[seguimiento_documento] ([seguimiento_documento_id], [fecha], [link_imagen], [observacion], [usuario_id], [documento_id], [estado_documento_id]) VALUES (109, CAST(N'2019-02-26T11:16:10.7130000' AS DateTime2), NULL, NULL, 2, 38, 2)
INSERT [dbo].[seguimiento_documento] ([seguimiento_documento_id], [fecha], [link_imagen], [observacion], [usuario_id], [documento_id], [estado_documento_id]) VALUES (110, CAST(N'2019-02-26T11:16:10.7130000' AS DateTime2), NULL, NULL, 2, 39, 2)
INSERT [dbo].[seguimiento_documento] ([seguimiento_documento_id], [fecha], [link_imagen], [observacion], [usuario_id], [documento_id], [estado_documento_id]) VALUES (111, CAST(N'2019-02-26T11:20:18.2920000' AS DateTime2), NULL, N'El documento ha sido autorizado', 2, 39, 2)
INSERT [dbo].[seguimiento_documento] ([seguimiento_documento_id], [fecha], [link_imagen], [observacion], [usuario_id], [documento_id], [estado_documento_id]) VALUES (112, CAST(N'2019-02-26T11:20:19.8980000' AS DateTime2), NULL, N'El documento ha sido autorizado', 2, 38, 2)
INSERT [dbo].[seguimiento_documento] ([seguimiento_documento_id], [fecha], [link_imagen], [observacion], [usuario_id], [documento_id], [estado_documento_id]) VALUES (113, CAST(N'2019-02-26T11:20:29.0030000' AS DateTime2), NULL, N'El documento ha sido autorizado', 2, 36, 2)
INSERT [dbo].[seguimiento_documento] ([seguimiento_documento_id], [fecha], [link_imagen], [observacion], [usuario_id], [documento_id], [estado_documento_id]) VALUES (114, CAST(N'2019-02-26T11:20:30.9600000' AS DateTime2), NULL, N'El documento ha sido autorizado', 2, 35, 2)
INSERT [dbo].[seguimiento_documento] ([seguimiento_documento_id], [fecha], [link_imagen], [observacion], [usuario_id], [documento_id], [estado_documento_id]) VALUES (115, CAST(N'2019-02-26T11:20:44.2480000' AS DateTime2), NULL, N'El documento ha sido autorizado', 2, 34, 1)
INSERT [dbo].[seguimiento_documento] ([seguimiento_documento_id], [fecha], [link_imagen], [observacion], [usuario_id], [documento_id], [estado_documento_id]) VALUES (116, CAST(N'2019-02-26T11:20:58.8250000' AS DateTime2), NULL, N'El documento ha sido autorizado', 2, 33, 2)
INSERT [dbo].[seguimiento_documento] ([seguimiento_documento_id], [fecha], [link_imagen], [observacion], [usuario_id], [documento_id], [estado_documento_id]) VALUES (117, CAST(N'2019-02-26T11:21:00.5110000' AS DateTime2), NULL, N'El documento ha sido autorizado', 2, 32, 2)
INSERT [dbo].[seguimiento_documento] ([seguimiento_documento_id], [fecha], [link_imagen], [observacion], [usuario_id], [documento_id], [estado_documento_id]) VALUES (118, CAST(N'2019-02-26T11:21:01.8580000' AS DateTime2), NULL, N'El documento ha sido autorizado', 2, 31, 2)
INSERT [dbo].[seguimiento_documento] ([seguimiento_documento_id], [fecha], [link_imagen], [observacion], [usuario_id], [documento_id], [estado_documento_id]) VALUES (119, CAST(N'2019-02-26T11:23:04.5270000' AS DateTime2), NULL, NULL, 2, 24, 3)
INSERT [dbo].[seguimiento_documento] ([seguimiento_documento_id], [fecha], [link_imagen], [observacion], [usuario_id], [documento_id], [estado_documento_id]) VALUES (120, CAST(N'2019-02-26T11:23:04.5280000' AS DateTime2), NULL, NULL, 2, 22, 3)
INSERT [dbo].[seguimiento_documento] ([seguimiento_documento_id], [fecha], [link_imagen], [observacion], [usuario_id], [documento_id], [estado_documento_id]) VALUES (121, CAST(N'2019-02-26T11:23:04.5300000' AS DateTime2), NULL, NULL, 2, 26, 3)
INSERT [dbo].[seguimiento_documento] ([seguimiento_documento_id], [fecha], [link_imagen], [observacion], [usuario_id], [documento_id], [estado_documento_id]) VALUES (122, CAST(N'2019-02-26T11:23:04.5300000' AS DateTime2), NULL, NULL, 2, 25, 3)
INSERT [dbo].[seguimiento_documento] ([seguimiento_documento_id], [fecha], [link_imagen], [observacion], [usuario_id], [documento_id], [estado_documento_id]) VALUES (123, CAST(N'2019-02-26T11:23:04.5300000' AS DateTime2), NULL, NULL, 2, 23, 3)
INSERT [dbo].[seguimiento_documento] ([seguimiento_documento_id], [fecha], [link_imagen], [observacion], [usuario_id], [documento_id], [estado_documento_id]) VALUES (124, CAST(N'2019-02-26T11:23:04.5310000' AS DateTime2), NULL, NULL, 2, 21, 3)
INSERT [dbo].[seguimiento_documento] ([seguimiento_documento_id], [fecha], [link_imagen], [observacion], [usuario_id], [documento_id], [estado_documento_id]) VALUES (125, CAST(N'2019-02-26T11:23:06.2290000' AS DateTime2), NULL, NULL, 2, 33, 3)
INSERT [dbo].[seguimiento_documento] ([seguimiento_documento_id], [fecha], [link_imagen], [observacion], [usuario_id], [documento_id], [estado_documento_id]) VALUES (126, CAST(N'2019-02-26T11:23:06.2290000' AS DateTime2), NULL, NULL, 2, 31, 3)
INSERT [dbo].[seguimiento_documento] ([seguimiento_documento_id], [fecha], [link_imagen], [observacion], [usuario_id], [documento_id], [estado_documento_id]) VALUES (127, CAST(N'2019-02-26T11:23:06.2300000' AS DateTime2), NULL, NULL, 2, 32, 3)
INSERT [dbo].[seguimiento_documento] ([seguimiento_documento_id], [fecha], [link_imagen], [observacion], [usuario_id], [documento_id], [estado_documento_id]) VALUES (128, CAST(N'2019-02-26T11:23:08.5390000' AS DateTime2), NULL, NULL, 2, 35, 3)
INSERT [dbo].[seguimiento_documento] ([seguimiento_documento_id], [fecha], [link_imagen], [observacion], [usuario_id], [documento_id], [estado_documento_id]) VALUES (129, CAST(N'2019-02-26T11:23:08.5400000' AS DateTime2), NULL, NULL, 2, 36, 3)
INSERT [dbo].[seguimiento_documento] ([seguimiento_documento_id], [fecha], [link_imagen], [observacion], [usuario_id], [documento_id], [estado_documento_id]) VALUES (130, CAST(N'2019-02-26T11:23:09.9680000' AS DateTime2), NULL, NULL, 2, 39, 3)
INSERT [dbo].[seguimiento_documento] ([seguimiento_documento_id], [fecha], [link_imagen], [observacion], [usuario_id], [documento_id], [estado_documento_id]) VALUES (131, CAST(N'2019-02-26T11:23:09.9690000' AS DateTime2), NULL, NULL, 2, 38, 3)
INSERT [dbo].[seguimiento_documento] ([seguimiento_documento_id], [fecha], [link_imagen], [observacion], [usuario_id], [documento_id], [estado_documento_id]) VALUES (132, CAST(N'2019-02-27T15:00:00.0000000' AS DateTime2), N'http://2.bp.blogspot.com/-LhaKkBU4eW4/U6puYNTyTpI/AAAAAAAAACU/D4C42MuBK68/s1600/img046.jpg', N'', 2, 21, 4)
INSERT [dbo].[seguimiento_documento] ([seguimiento_documento_id], [fecha], [link_imagen], [observacion], [usuario_id], [documento_id], [estado_documento_id]) VALUES (133, CAST(N'2019-02-27T15:00:00.0000000' AS DateTime2), N'http://2.bp.blogspot.com/-LhaKkBU4eW4/U6puYNTyTpI/AAAAAAAAACU/D4C42MuBK68/s1600/img046.jpg', N'', 2, 22, 4)
INSERT [dbo].[seguimiento_documento] ([seguimiento_documento_id], [fecha], [link_imagen], [observacion], [usuario_id], [documento_id], [estado_documento_id]) VALUES (134, CAST(N'2019-02-27T12:00:00.0000000' AS DateTime2), N'https://imgix.bustle.com/elite-daily/2017/05/08101715/Facebook-Dislike-1.jpg?w=1020&h=574&fit=crop&crop=faces&auto=format&q=70', N'NO VIVE AHÍ', 2, 23, 5)
INSERT [dbo].[seguimiento_documento] ([seguimiento_documento_id], [fecha], [link_imagen], [observacion], [usuario_id], [documento_id], [estado_documento_id]) VALUES (135, CAST(N'2019-02-27T12:00:00.0000000' AS DateTime2), N'https://imgix.bustle.com/elite-daily/2017/05/08101715/Facebook-Dislike-1.jpg?w=1020&h=574&fit=crop&crop=faces&auto=format&q=70', N'NO VIVE AHÍ', 2, 24, 5)
INSERT [dbo].[seguimiento_documento] ([seguimiento_documento_id], [fecha], [link_imagen], [observacion], [usuario_id], [documento_id], [estado_documento_id]) VALUES (136, CAST(N'2019-02-27T12:00:00.0000000' AS DateTime2), N'', N'', 2, 25, 6)
INSERT [dbo].[seguimiento_documento] ([seguimiento_documento_id], [fecha], [link_imagen], [observacion], [usuario_id], [documento_id], [estado_documento_id]) VALUES (137, CAST(N'2019-02-27T12:00:00.0000000' AS DateTime2), N'', N'', 2, 26, 7)
INSERT [dbo].[seguimiento_documento] ([seguimiento_documento_id], [fecha], [link_imagen], [observacion], [usuario_id], [documento_id], [estado_documento_id]) VALUES (138, CAST(N'2019-02-26T11:29:58.8000000' AS DateTime2), N'http://2.bp.blogspot.com/-LhaKkBU4eW4/U6puYNTyTpI/AAAAAAAAACU/D4C42MuBK68/s1600/img046.jpg', N'Cargo Recibido', 2, 21, 4)
INSERT [dbo].[seguimiento_documento] ([seguimiento_documento_id], [fecha], [link_imagen], [observacion], [usuario_id], [documento_id], [estado_documento_id]) VALUES (139, CAST(N'2019-02-26T11:30:19.0410000' AS DateTime2), N'https://imgix.bustle.com/elite-daily/2017/05/08101715/Facebook-Dislike-1.jpg?w=1020&h=574&fit=crop&crop=faces&auto=format&q=70', N'Documento Devuelto', 2, 24, 5)
INSERT [dbo].[seguimiento_documento] ([seguimiento_documento_id], [fecha], [link_imagen], [observacion], [usuario_id], [documento_id], [estado_documento_id]) VALUES (140, CAST(N'2019-02-27T12:00:00.0000000' AS DateTime2), N'http://2.bp.blogspot.com/-LhaKkBU4eW4/U6puYNTyTpI/AAAAAAAAACU/D4C42MuBK68/s1600/img046.jpg', N'', 2, 31, 4)
INSERT [dbo].[seguimiento_documento] ([seguimiento_documento_id], [fecha], [link_imagen], [observacion], [usuario_id], [documento_id], [estado_documento_id]) VALUES (141, CAST(N'2019-03-08T15:00:00.0000000' AS DateTime2), N'http://2.bp.blogspot.com/-LhaKkBU4eW4/U6puYNTyTpI/AAAAAAAAACU/D4C42MuBK68/s1600/img046.jpg', N'', 2, 32, 4)
INSERT [dbo].[seguimiento_documento] ([seguimiento_documento_id], [fecha], [link_imagen], [observacion], [usuario_id], [documento_id], [estado_documento_id]) VALUES (142, CAST(N'2019-02-27T12:00:00.0000000' AS DateTime2), N'https://imgix.bustle.com/elite-daily/2017/05/08101715/Facebook-Dislike-1.jpg?w=1020&h=574&fit=crop&crop=faces&auto=format&q=70', N'NO VIVE AHÍ', 2, 33, 5)
INSERT [dbo].[seguimiento_documento] ([seguimiento_documento_id], [fecha], [link_imagen], [observacion], [usuario_id], [documento_id], [estado_documento_id]) VALUES (143, CAST(N'2019-02-26T11:32:54.5550000' AS DateTime2), N'http://2.bp.blogspot.com/-LhaKkBU4eW4/U6puYNTyTpI/AAAAAAAAACU/D4C42MuBK68/s1600/img046.jpg', N'Cargo Recibido', 2, 31, 4)
INSERT [dbo].[seguimiento_documento] ([seguimiento_documento_id], [fecha], [link_imagen], [observacion], [usuario_id], [documento_id], [estado_documento_id]) VALUES (144, CAST(N'2019-02-26T11:33:16.3420000' AS DateTime2), N'https://imgix.bustle.com/elite-daily/2017/05/08101715/Facebook-Dislike-1.jpg?w=1020&h=574&fit=crop&crop=faces&auto=format&q=70', N'Documento Devuelto', 2, 33, 5)
INSERT [dbo].[seguimiento_documento] ([seguimiento_documento_id], [fecha], [link_imagen], [observacion], [usuario_id], [documento_id], [estado_documento_id]) VALUES (145, CAST(N'2019-02-27T12:00:00.0000000' AS DateTime2), N'http://2.bp.blogspot.com/-LhaKkBU4eW4/U6puYNTyTpI/AAAAAAAAACU/D4C42MuBK68/s1600/img046.jpg', N'', 2, 35, 4)
INSERT [dbo].[seguimiento_documento] ([seguimiento_documento_id], [fecha], [link_imagen], [observacion], [usuario_id], [documento_id], [estado_documento_id]) VALUES (146, CAST(N'2019-03-08T15:00:00.0000000' AS DateTime2), N'http://2.bp.blogspot.com/-LhaKkBU4eW4/U6puYNTyTpI/AAAAAAAAACU/D4C42MuBK68/s1600/img046.jpg', N'', 2, 36, 4)
INSERT [dbo].[seguimiento_documento] ([seguimiento_documento_id], [fecha], [link_imagen], [observacion], [usuario_id], [documento_id], [estado_documento_id]) VALUES (147, CAST(N'2019-02-26T11:34:55.7860000' AS DateTime2), N'http://2.bp.blogspot.com/-LhaKkBU4eW4/U6puYNTyTpI/AAAAAAAAACU/D4C42MuBK68/s1600/img046.jpg', N'Cargo Recibido', 2, 35, 4)
INSERT [dbo].[seguimiento_documento] ([seguimiento_documento_id], [fecha], [link_imagen], [observacion], [usuario_id], [documento_id], [estado_documento_id]) VALUES (148, CAST(N'2019-02-27T12:00:00.0000000' AS DateTime2), N'http://2.bp.blogspot.com/-LhaKkBU4eW4/U6puYNTyTpI/AAAAAAAAACU/D4C42MuBK68/s1600/img046.jpg', N'', 2, 38, 4)
INSERT [dbo].[seguimiento_documento] ([seguimiento_documento_id], [fecha], [link_imagen], [observacion], [usuario_id], [documento_id], [estado_documento_id]) VALUES (149, CAST(N'2019-03-08T15:00:00.0000000' AS DateTime2), N'http://2.bp.blogspot.com/-LhaKkBU4eW4/U6puYNTyTpI/AAAAAAAAACU/D4C42MuBK68/s1600/img046.jpg', N'', 2, 39, 4)
INSERT [dbo].[seguimiento_documento] ([seguimiento_documento_id], [fecha], [link_imagen], [observacion], [usuario_id], [documento_id], [estado_documento_id]) VALUES (150, CAST(N'2019-02-26T11:36:52.2330000' AS DateTime2), N'http://2.bp.blogspot.com/-LhaKkBU4eW4/U6puYNTyTpI/AAAAAAAAACU/D4C42MuBK68/s1600/img046.jpg', N'Cargo Recibido', 2, 38, 4)
INSERT [dbo].[seguimiento_documento] ([seguimiento_documento_id], [fecha], [link_imagen], [observacion], [usuario_id], [documento_id], [estado_documento_id]) VALUES (151, CAST(N'2019-02-26T12:21:24.3080000' AS DateTime2), NULL, NULL, 7, 41, 1)
INSERT [dbo].[seguimiento_documento] ([seguimiento_documento_id], [fecha], [link_imagen], [observacion], [usuario_id], [documento_id], [estado_documento_id]) VALUES (152, CAST(N'2019-02-26T12:21:48.7440000' AS DateTime2), NULL, NULL, 7, 42, 1)
INSERT [dbo].[seguimiento_documento] ([seguimiento_documento_id], [fecha], [link_imagen], [observacion], [usuario_id], [documento_id], [estado_documento_id]) VALUES (153, CAST(N'2019-02-26T12:22:11.4900000' AS DateTime2), NULL, NULL, 7, 43, 1)
INSERT [dbo].[seguimiento_documento] ([seguimiento_documento_id], [fecha], [link_imagen], [observacion], [usuario_id], [documento_id], [estado_documento_id]) VALUES (154, CAST(N'2019-02-26T12:22:33.7010000' AS DateTime2), NULL, NULL, 7, 44, 1)
INSERT [dbo].[seguimiento_documento] ([seguimiento_documento_id], [fecha], [link_imagen], [observacion], [usuario_id], [documento_id], [estado_documento_id]) VALUES (155, CAST(N'2019-02-26T12:22:54.5070000' AS DateTime2), NULL, NULL, 7, 45, 1)
INSERT [dbo].[seguimiento_documento] ([seguimiento_documento_id], [fecha], [link_imagen], [observacion], [usuario_id], [documento_id], [estado_documento_id]) VALUES (156, CAST(N'2019-02-26T12:23:19.3460000' AS DateTime2), NULL, NULL, 7, 46, 1)
INSERT [dbo].[seguimiento_documento] ([seguimiento_documento_id], [fecha], [link_imagen], [observacion], [usuario_id], [documento_id], [estado_documento_id]) VALUES (157, CAST(N'2019-02-26T12:23:46.1230000' AS DateTime2), NULL, NULL, 7, 47, 1)
INSERT [dbo].[seguimiento_documento] ([seguimiento_documento_id], [fecha], [link_imagen], [observacion], [usuario_id], [documento_id], [estado_documento_id]) VALUES (158, CAST(N'2019-02-26T12:25:57.8990000' AS DateTime2), NULL, NULL, 7, 48, 1)
INSERT [dbo].[seguimiento_documento] ([seguimiento_documento_id], [fecha], [link_imagen], [observacion], [usuario_id], [documento_id], [estado_documento_id]) VALUES (159, CAST(N'2019-02-26T12:26:23.4660000' AS DateTime2), NULL, NULL, 7, 49, 1)
INSERT [dbo].[seguimiento_documento] ([seguimiento_documento_id], [fecha], [link_imagen], [observacion], [usuario_id], [documento_id], [estado_documento_id]) VALUES (160, CAST(N'2019-02-26T12:26:55.3780000' AS DateTime2), NULL, NULL, 7, 50, 1)
INSERT [dbo].[seguimiento_documento] ([seguimiento_documento_id], [fecha], [link_imagen], [observacion], [usuario_id], [documento_id], [estado_documento_id]) VALUES (161, CAST(N'2019-02-26T12:32:00.9710000' AS DateTime2), NULL, NULL, 7, 51, 1)
INSERT [dbo].[seguimiento_documento] ([seguimiento_documento_id], [fecha], [link_imagen], [observacion], [usuario_id], [documento_id], [estado_documento_id]) VALUES (162, CAST(N'2019-02-26T12:32:00.9710000' AS DateTime2), NULL, NULL, 7, 52, 1)
INSERT [dbo].[seguimiento_documento] ([seguimiento_documento_id], [fecha], [link_imagen], [observacion], [usuario_id], [documento_id], [estado_documento_id]) VALUES (163, CAST(N'2019-02-26T12:32:39.6920000' AS DateTime2), NULL, NULL, 7, 53, 1)
INSERT [dbo].[seguimiento_documento] ([seguimiento_documento_id], [fecha], [link_imagen], [observacion], [usuario_id], [documento_id], [estado_documento_id]) VALUES (164, CAST(N'2019-02-26T12:33:11.6990000' AS DateTime2), NULL, NULL, 7, 54, 1)
INSERT [dbo].[seguimiento_documento] ([seguimiento_documento_id], [fecha], [link_imagen], [observacion], [usuario_id], [documento_id], [estado_documento_id]) VALUES (165, CAST(N'2019-02-26T12:33:43.1730000' AS DateTime2), NULL, NULL, 7, 55, 1)
INSERT [dbo].[seguimiento_documento] ([seguimiento_documento_id], [fecha], [link_imagen], [observacion], [usuario_id], [documento_id], [estado_documento_id]) VALUES (166, CAST(N'2019-02-26T12:34:11.6770000' AS DateTime2), NULL, NULL, 7, 56, 1)
INSERT [dbo].[seguimiento_documento] ([seguimiento_documento_id], [fecha], [link_imagen], [observacion], [usuario_id], [documento_id], [estado_documento_id]) VALUES (167, CAST(N'2019-02-26T12:34:59.0770000' AS DateTime2), NULL, NULL, 7, 57, 1)
INSERT [dbo].[seguimiento_documento] ([seguimiento_documento_id], [fecha], [link_imagen], [observacion], [usuario_id], [documento_id], [estado_documento_id]) VALUES (168, CAST(N'2019-02-26T12:35:24.8820000' AS DateTime2), NULL, NULL, 7, 58, 1)
INSERT [dbo].[seguimiento_documento] ([seguimiento_documento_id], [fecha], [link_imagen], [observacion], [usuario_id], [documento_id], [estado_documento_id]) VALUES (169, CAST(N'2019-02-26T12:35:49.8880000' AS DateTime2), NULL, NULL, 7, 59, 1)
INSERT [dbo].[seguimiento_documento] ([seguimiento_documento_id], [fecha], [link_imagen], [observacion], [usuario_id], [documento_id], [estado_documento_id]) VALUES (170, CAST(N'2019-02-26T12:36:18.8810000' AS DateTime2), NULL, NULL, 7, 60, 1)
INSERT [dbo].[seguimiento_documento] ([seguimiento_documento_id], [fecha], [link_imagen], [observacion], [usuario_id], [documento_id], [estado_documento_id]) VALUES (171, CAST(N'2019-02-26T12:38:01.6180000' AS DateTime2), NULL, NULL, 3, 60, 8)
INSERT [dbo].[seguimiento_documento] ([seguimiento_documento_id], [fecha], [link_imagen], [observacion], [usuario_id], [documento_id], [estado_documento_id]) VALUES (172, CAST(N'2019-02-26T12:38:05.3870000' AS DateTime2), NULL, NULL, 3, 57, 8)
INSERT [dbo].[seguimiento_documento] ([seguimiento_documento_id], [fecha], [link_imagen], [observacion], [usuario_id], [documento_id], [estado_documento_id]) VALUES (173, CAST(N'2019-02-26T12:38:07.7510000' AS DateTime2), NULL, N'El documento ha sido autorizado', 3, 52, 1)
INSERT [dbo].[seguimiento_documento] ([seguimiento_documento_id], [fecha], [link_imagen], [observacion], [usuario_id], [documento_id], [estado_documento_id]) VALUES (174, CAST(N'2019-02-26T12:38:07.7530000' AS DateTime2), NULL, N'El documento ha sido autorizado', 3, 51, 1)
INSERT [dbo].[seguimiento_documento] ([seguimiento_documento_id], [fecha], [link_imagen], [observacion], [usuario_id], [documento_id], [estado_documento_id]) VALUES (175, CAST(N'2019-02-26T12:38:09.5680000' AS DateTime2), NULL, N'El documento ha sido autorizado', 3, 53, 1)
INSERT [dbo].[seguimiento_documento] ([seguimiento_documento_id], [fecha], [link_imagen], [observacion], [usuario_id], [documento_id], [estado_documento_id]) VALUES (176, CAST(N'2019-02-26T12:38:11.0370000' AS DateTime2), NULL, N'El documento ha sido autorizado', 3, 54, 1)
INSERT [dbo].[seguimiento_documento] ([seguimiento_documento_id], [fecha], [link_imagen], [observacion], [usuario_id], [documento_id], [estado_documento_id]) VALUES (177, CAST(N'2019-02-26T12:38:12.3450000' AS DateTime2), NULL, N'El documento ha sido autorizado', 3, 55, 1)
INSERT [dbo].[seguimiento_documento] ([seguimiento_documento_id], [fecha], [link_imagen], [observacion], [usuario_id], [documento_id], [estado_documento_id]) VALUES (178, CAST(N'2019-02-26T12:38:13.7230000' AS DateTime2), NULL, N'El documento ha sido autorizado', 3, 56, 1)
INSERT [dbo].[seguimiento_documento] ([seguimiento_documento_id], [fecha], [link_imagen], [observacion], [usuario_id], [documento_id], [estado_documento_id]) VALUES (179, CAST(N'2019-02-26T12:38:15.0070000' AS DateTime2), NULL, N'El documento ha sido autorizado', 3, 58, 1)
INSERT [dbo].[seguimiento_documento] ([seguimiento_documento_id], [fecha], [link_imagen], [observacion], [usuario_id], [documento_id], [estado_documento_id]) VALUES (180, CAST(N'2019-02-26T12:38:16.9740000' AS DateTime2), NULL, N'El documento ha sido autorizado', 3, 59, 1)
INSERT [dbo].[seguimiento_documento] ([seguimiento_documento_id], [fecha], [link_imagen], [observacion], [usuario_id], [documento_id], [estado_documento_id]) VALUES (181, CAST(N'2019-02-26T12:40:13.6320000' AS DateTime2), NULL, NULL, 3, 41, 2)
INSERT [dbo].[seguimiento_documento] ([seguimiento_documento_id], [fecha], [link_imagen], [observacion], [usuario_id], [documento_id], [estado_documento_id]) VALUES (182, CAST(N'2019-02-26T12:40:13.6340000' AS DateTime2), NULL, NULL, 3, 42, 2)
INSERT [dbo].[seguimiento_documento] ([seguimiento_documento_id], [fecha], [link_imagen], [observacion], [usuario_id], [documento_id], [estado_documento_id]) VALUES (183, CAST(N'2019-02-26T12:40:13.6340000' AS DateTime2), NULL, NULL, 3, 43, 2)
INSERT [dbo].[seguimiento_documento] ([seguimiento_documento_id], [fecha], [link_imagen], [observacion], [usuario_id], [documento_id], [estado_documento_id]) VALUES (184, CAST(N'2019-02-26T12:40:13.6340000' AS DateTime2), NULL, NULL, 3, 44, 2)
INSERT [dbo].[seguimiento_documento] ([seguimiento_documento_id], [fecha], [link_imagen], [observacion], [usuario_id], [documento_id], [estado_documento_id]) VALUES (185, CAST(N'2019-02-26T12:40:13.6350000' AS DateTime2), NULL, NULL, 3, 45, 2)
INSERT [dbo].[seguimiento_documento] ([seguimiento_documento_id], [fecha], [link_imagen], [observacion], [usuario_id], [documento_id], [estado_documento_id]) VALUES (186, CAST(N'2019-02-26T12:40:13.6350000' AS DateTime2), NULL, NULL, 3, 46, 2)
INSERT [dbo].[seguimiento_documento] ([seguimiento_documento_id], [fecha], [link_imagen], [observacion], [usuario_id], [documento_id], [estado_documento_id]) VALUES (187, CAST(N'2019-02-26T12:40:13.6350000' AS DateTime2), NULL, NULL, 3, 47, 2)
INSERT [dbo].[seguimiento_documento] ([seguimiento_documento_id], [fecha], [link_imagen], [observacion], [usuario_id], [documento_id], [estado_documento_id]) VALUES (188, CAST(N'2019-02-26T12:40:13.6360000' AS DateTime2), NULL, NULL, 3, 48, 2)
INSERT [dbo].[seguimiento_documento] ([seguimiento_documento_id], [fecha], [link_imagen], [observacion], [usuario_id], [documento_id], [estado_documento_id]) VALUES (189, CAST(N'2019-02-26T12:41:18.7480000' AS DateTime2), NULL, NULL, 3, 51, 2)
INSERT [dbo].[seguimiento_documento] ([seguimiento_documento_id], [fecha], [link_imagen], [observacion], [usuario_id], [documento_id], [estado_documento_id]) VALUES (190, CAST(N'2019-02-26T12:41:18.7500000' AS DateTime2), NULL, NULL, 3, 53, 2)
INSERT [dbo].[seguimiento_documento] ([seguimiento_documento_id], [fecha], [link_imagen], [observacion], [usuario_id], [documento_id], [estado_documento_id]) VALUES (191, CAST(N'2019-02-26T12:41:21.0150000' AS DateTime2), NULL, NULL, 3, 52, 2)
INSERT [dbo].[seguimiento_documento] ([seguimiento_documento_id], [fecha], [link_imagen], [observacion], [usuario_id], [documento_id], [estado_documento_id]) VALUES (192, CAST(N'2019-02-26T12:41:29.5920000' AS DateTime2), NULL, NULL, 3, 55, 2)
INSERT [dbo].[seguimiento_documento] ([seguimiento_documento_id], [fecha], [link_imagen], [observacion], [usuario_id], [documento_id], [estado_documento_id]) VALUES (193, CAST(N'2019-02-26T12:41:29.5960000' AS DateTime2), NULL, NULL, 3, 56, 2)
INSERT [dbo].[seguimiento_documento] ([seguimiento_documento_id], [fecha], [link_imagen], [observacion], [usuario_id], [documento_id], [estado_documento_id]) VALUES (194, CAST(N'2019-02-26T12:41:36.0180000' AS DateTime2), NULL, NULL, 3, 58, 2)
INSERT [dbo].[seguimiento_documento] ([seguimiento_documento_id], [fecha], [link_imagen], [observacion], [usuario_id], [documento_id], [estado_documento_id]) VALUES (195, CAST(N'2019-02-26T12:41:36.0200000' AS DateTime2), NULL, NULL, 3, 59, 2)
INSERT [dbo].[seguimiento_documento] ([seguimiento_documento_id], [fecha], [link_imagen], [observacion], [usuario_id], [documento_id], [estado_documento_id]) VALUES (196, CAST(N'2019-02-26T12:45:06.6860000' AS DateTime2), NULL, NULL, 3, 43, 3)
INSERT [dbo].[seguimiento_documento] ([seguimiento_documento_id], [fecha], [link_imagen], [observacion], [usuario_id], [documento_id], [estado_documento_id]) VALUES (197, CAST(N'2019-02-26T12:45:06.6870000' AS DateTime2), NULL, NULL, 3, 41, 3)
INSERT [dbo].[seguimiento_documento] ([seguimiento_documento_id], [fecha], [link_imagen], [observacion], [usuario_id], [documento_id], [estado_documento_id]) VALUES (198, CAST(N'2019-02-26T12:45:06.6880000' AS DateTime2), NULL, NULL, 3, 45, 3)
INSERT [dbo].[seguimiento_documento] ([seguimiento_documento_id], [fecha], [link_imagen], [observacion], [usuario_id], [documento_id], [estado_documento_id]) VALUES (199, CAST(N'2019-02-26T12:45:06.6880000' AS DateTime2), NULL, NULL, 3, 46, 3)
INSERT [dbo].[seguimiento_documento] ([seguimiento_documento_id], [fecha], [link_imagen], [observacion], [usuario_id], [documento_id], [estado_documento_id]) VALUES (200, CAST(N'2019-02-26T12:45:06.6880000' AS DateTime2), NULL, NULL, 3, 44, 3)
INSERT [dbo].[seguimiento_documento] ([seguimiento_documento_id], [fecha], [link_imagen], [observacion], [usuario_id], [documento_id], [estado_documento_id]) VALUES (201, CAST(N'2019-02-26T12:45:06.6890000' AS DateTime2), NULL, NULL, 3, 42, 3)

INSERT [dbo].[seguimiento_documento] ([seguimiento_documento_id], [fecha], [link_imagen], [observacion], [usuario_id], [documento_id], [estado_documento_id]) VALUES (202, CAST(N'2019-02-26T12:45:08.5200000' AS DateTime2), NULL, NULL, 3, 52, 3)
INSERT [dbo].[seguimiento_documento] ([seguimiento_documento_id], [fecha], [link_imagen], [observacion], [usuario_id], [documento_id], [estado_documento_id]) VALUES (203, CAST(N'2019-02-26T12:45:08.5200000' AS DateTime2), NULL, NULL, 3, 51, 3)
INSERT [dbo].[seguimiento_documento] ([seguimiento_documento_id], [fecha], [link_imagen], [observacion], [usuario_id], [documento_id], [estado_documento_id]) VALUES (204, CAST(N'2019-02-26T12:45:08.5210000' AS DateTime2), NULL, NULL, 3, 53, 3)
INSERT [dbo].[seguimiento_documento] ([seguimiento_documento_id], [fecha], [link_imagen], [observacion], [usuario_id], [documento_id], [estado_documento_id]) VALUES (205, CAST(N'2019-02-26T12:45:10.6190000' AS DateTime2), NULL, NULL, 3, 56, 3)
INSERT [dbo].[seguimiento_documento] ([seguimiento_documento_id], [fecha], [link_imagen], [observacion], [usuario_id], [documento_id], [estado_documento_id]) VALUES (206, CAST(N'2019-02-26T12:45:10.6190000' AS DateTime2), NULL, NULL, 3, 55, 3)
INSERT [dbo].[seguimiento_documento] ([seguimiento_documento_id], [fecha], [link_imagen], [observacion], [usuario_id], [documento_id], [estado_documento_id]) VALUES (207, CAST(N'2019-02-26T12:45:12.2030000' AS DateTime2), NULL, NULL, 3, 59, 3)
INSERT [dbo].[seguimiento_documento] ([seguimiento_documento_id], [fecha], [link_imagen], [observacion], [usuario_id], [documento_id], [estado_documento_id]) VALUES (208, CAST(N'2019-02-26T12:45:12.2030000' AS DateTime2), NULL, NULL, 3, 58, 3)
INSERT [dbo].[seguimiento_documento] ([seguimiento_documento_id], [fecha], [link_imagen], [observacion], [usuario_id], [documento_id], [estado_documento_id]) VALUES (209, CAST(N'2019-02-27T09:30:00.0000000' AS DateTime2), N'http://2.bp.blogspot.com/-LhaKkBU4eW4/U6puYNTyTpI/AAAAAAAAACU/D4C42MuBK68/s1600/img046.jpg', N'', 3, 41, 4)
INSERT [dbo].[seguimiento_documento] ([seguimiento_documento_id], [fecha], [link_imagen], [observacion], [usuario_id], [documento_id], [estado_documento_id]) VALUES (210, CAST(N'2019-02-27T09:30:00.0000000' AS DateTime2), N'http://2.bp.blogspot.com/-LhaKkBU4eW4/U6puYNTyTpI/AAAAAAAAACU/D4C42MuBK68/s1600/img046.jpg', N'', 3, 42, 4)
INSERT [dbo].[seguimiento_documento] ([seguimiento_documento_id], [fecha], [link_imagen], [observacion], [usuario_id], [documento_id], [estado_documento_id]) VALUES (211, CAST(N'2019-02-27T09:30:00.0000000' AS DateTime2), N'https://imgix.bustle.com/elite-daily/2017/05/08101715/Facebook-Dislike-1.jpg?w=1020&h=574&fit=crop&crop=faces&auto=format&q=70
', N'NO VIVE AHÍ', 3, 43, 5)
INSERT [dbo].[seguimiento_documento] ([seguimiento_documento_id], [fecha], [link_imagen], [observacion], [usuario_id], [documento_id], [estado_documento_id]) VALUES (212, CAST(N'2019-02-27T09:30:00.0000000' AS DateTime2), N'https://imgix.bustle.com/elite-daily/2017/05/08101715/Facebook-Dislike-1.jpg?w=1020&h=574&fit=crop&crop=faces&auto=format&q=70
', N'NO VIVE AHÍ', 3, 44, 5)
INSERT [dbo].[seguimiento_documento] ([seguimiento_documento_id], [fecha], [link_imagen], [observacion], [usuario_id], [documento_id], [estado_documento_id]) VALUES (213, CAST(N'2019-02-27T09:30:00.0000000' AS DateTime2), N'', N'', 3, 45, 6)
INSERT [dbo].[seguimiento_documento] ([seguimiento_documento_id], [fecha], [link_imagen], [observacion], [usuario_id], [documento_id], [estado_documento_id]) VALUES (214, CAST(N'2019-02-27T09:30:00.0000000' AS DateTime2), N'', N'', 3, 46, 7)
INSERT [dbo].[seguimiento_documento] ([seguimiento_documento_id], [fecha], [link_imagen], [observacion], [usuario_id], [documento_id], [estado_documento_id]) VALUES (215, CAST(N'2019-02-27T09:30:00.0000000' AS DateTime2), N'http://2.bp.blogspot.com/-LhaKkBU4eW4/U6puYNTyTpI/AAAAAAAAACU/D4C42MuBK68/s1600/img046.jpg
', N'', 3, 51, 4)
INSERT [dbo].[seguimiento_documento] ([seguimiento_documento_id], [fecha], [link_imagen], [observacion], [usuario_id], [documento_id], [estado_documento_id]) VALUES (216, CAST(N'2019-03-27T09:30:00.0000000' AS DateTime2), N'http://2.bp.blogspot.com/-LhaKkBU4eW4/U6puYNTyTpI/AAAAAAAAACU/D4C42MuBK68/s1600/img046.jpg
', N'', 3, 52, 4)
INSERT [dbo].[seguimiento_documento] ([seguimiento_documento_id], [fecha], [link_imagen], [observacion], [usuario_id], [documento_id], [estado_documento_id]) VALUES (217, CAST(N'2019-02-27T09:30:00.0000000' AS DateTime2), N'https://imgix.bustle.com/elite-daily/2017/05/08101715/Facebook-Dislike-1.jpg?w=1020&h=574&fit=crop&crop=faces&auto=format&q=70', N'NO VIVE AHÍ', 3, 53, 5)
INSERT [dbo].[seguimiento_documento] ([seguimiento_documento_id], [fecha], [link_imagen], [observacion], [usuario_id], [documento_id], [estado_documento_id]) VALUES (218, CAST(N'2019-02-27T09:30:00.0000000' AS DateTime2), N'http://2.bp.blogspot.com/-LhaKkBU4eW4/U6puYNTyTpI/AAAAAAAAACU/D4C42MuBK68/s1600/img046.jpg
', N'', 3, 55, 4)
INSERT [dbo].[seguimiento_documento] ([seguimiento_documento_id], [fecha], [link_imagen], [observacion], [usuario_id], [documento_id], [estado_documento_id]) VALUES (219, CAST(N'2019-03-27T09:30:00.0000000' AS DateTime2), N'http://2.bp.blogspot.com/-LhaKkBU4eW4/U6puYNTyTpI/AAAAAAAAACU/D4C42MuBK68/s1600/img046.jpg
', N'', 3, 56, 4)
INSERT [dbo].[seguimiento_documento] ([seguimiento_documento_id], [fecha], [link_imagen], [observacion], [usuario_id], [documento_id], [estado_documento_id]) VALUES (220, CAST(N'2019-02-27T09:30:00.0000000' AS DateTime2), N'http://2.bp.blogspot.com/-LhaKkBU4eW4/U6puYNTyTpI/AAAAAAAAACU/D4C42MuBK68/s1600/img046.jpg
', N'', 3, 58, 4)
INSERT [dbo].[seguimiento_documento] ([seguimiento_documento_id], [fecha], [link_imagen], [observacion], [usuario_id], [documento_id], [estado_documento_id]) VALUES (221, CAST(N'2019-03-27T09:30:00.0000000' AS DateTime2), N'http://2.bp.blogspot.com/-LhaKkBU4eW4/U6puYNTyTpI/AAAAAAAAACU/D4C42MuBK68/s1600/img046.jpg
', N'', 3, 59, 4)
INSERT [dbo].[seguimiento_documento] ([seguimiento_documento_id], [fecha], [link_imagen], [observacion], [usuario_id], [documento_id], [estado_documento_id]) VALUES (222, CAST(N'2019-02-26T15:42:27.1320000' AS DateTime2), N'http://2.bp.blogspot.com/-LhaKkBU4eW4/U6puYNTyTpI/AAAAAAAAACU/D4C42MuBK68/s1600/img046.jpg', N'Cargo Recibido', 3, 41, 4)
INSERT [dbo].[seguimiento_documento] ([seguimiento_documento_id], [fecha], [link_imagen], [observacion], [usuario_id], [documento_id], [estado_documento_id]) VALUES (223, CAST(N'2019-02-26T15:42:35.9830000' AS DateTime2), N'http://2.bp.blogspot.com/-LhaKkBU4eW4/U6puYNTyTpI/AAAAAAAAACU/D4C42MuBK68/s1600/img046.jpg
', N'Cargo Recibido', 3, 51, 4)
INSERT [dbo].[seguimiento_documento] ([seguimiento_documento_id], [fecha], [link_imagen], [observacion], [usuario_id], [documento_id], [estado_documento_id]) VALUES (224, CAST(N'2019-02-26T15:42:42.6900000' AS DateTime2), N'http://2.bp.blogspot.com/-LhaKkBU4eW4/U6puYNTyTpI/AAAAAAAAACU/D4C42MuBK68/s1600/img046.jpg
', N'Cargo Recibido', 3, 55, 4)
INSERT [dbo].[seguimiento_documento] ([seguimiento_documento_id], [fecha], [link_imagen], [observacion], [usuario_id], [documento_id], [estado_documento_id]) VALUES (225, CAST(N'2019-02-26T15:42:48.1510000' AS DateTime2), N'http://2.bp.blogspot.com/-LhaKkBU4eW4/U6puYNTyTpI/AAAAAAAAACU/D4C42MuBK68/s1600/img046.jpg
', N'Cargo Recibido', 3, 58, 4)
INSERT [dbo].[seguimiento_documento] ([seguimiento_documento_id], [fecha], [link_imagen], [observacion], [usuario_id], [documento_id], [estado_documento_id]) VALUES (226, CAST(N'2019-02-26T15:43:07.1860000' AS DateTime2), N'https://imgix.bustle.com/elite-daily/2017/05/08101715/Facebook-Dislike-1.jpg?w=1020&h=574&fit=crop&crop=faces&auto=format&q=70
', N'Documento Devuelto', 3, 44, 5)
INSERT [dbo].[seguimiento_documento] ([seguimiento_documento_id], [fecha], [link_imagen], [observacion], [usuario_id], [documento_id], [estado_documento_id]) VALUES (227, CAST(N'2019-02-26T15:43:12.0840000' AS DateTime2), N'https://imgix.bustle.com/elite-daily/2017/05/08101715/Facebook-Dislike-1.jpg?w=1020&h=574&fit=crop&crop=faces&auto=format&q=70', N'Documento Devuelto', 3, 53, 5)
INSERT [dbo].[seguimiento_documento] ([seguimiento_documento_id], [fecha], [link_imagen], [observacion], [usuario_id], [documento_id], [estado_documento_id]) VALUES (228, CAST(N'2019-02-26T15:54:06.4320000' AS DateTime2), NULL, NULL, 8, 61, 1)
INSERT [dbo].[seguimiento_documento] ([seguimiento_documento_id], [fecha], [link_imagen], [observacion], [usuario_id], [documento_id], [estado_documento_id]) VALUES (229, CAST(N'2019-02-26T15:54:50.1090000' AS DateTime2), NULL, NULL, 8, 62, 1)
INSERT [dbo].[seguimiento_documento] ([seguimiento_documento_id], [fecha], [link_imagen], [observacion], [usuario_id], [documento_id], [estado_documento_id]) VALUES (230, CAST(N'2019-02-26T15:55:24.1190000' AS DateTime2), NULL, NULL, 8, 63, 1)
INSERT [dbo].[seguimiento_documento] ([seguimiento_documento_id], [fecha], [link_imagen], [observacion], [usuario_id], [documento_id], [estado_documento_id]) VALUES (231, CAST(N'2019-02-26T15:55:50.8610000' AS DateTime2), NULL, NULL, 8, 64, 1)
INSERT [dbo].[seguimiento_documento] ([seguimiento_documento_id], [fecha], [link_imagen], [observacion], [usuario_id], [documento_id], [estado_documento_id]) VALUES (232, CAST(N'2019-02-26T15:56:24.5530000' AS DateTime2), NULL, NULL, 8, 65, 1)
INSERT [dbo].[seguimiento_documento] ([seguimiento_documento_id], [fecha], [link_imagen], [observacion], [usuario_id], [documento_id], [estado_documento_id]) VALUES (233, CAST(N'2019-02-26T15:56:50.4450000' AS DateTime2), NULL, NULL, 8, 66, 1)
INSERT [dbo].[seguimiento_documento] ([seguimiento_documento_id], [fecha], [link_imagen], [observacion], [usuario_id], [documento_id], [estado_documento_id]) VALUES (234, CAST(N'2019-02-26T15:57:19.9610000' AS DateTime2), NULL, NULL, 8, 67, 1)
INSERT [dbo].[seguimiento_documento] ([seguimiento_documento_id], [fecha], [link_imagen], [observacion], [usuario_id], [documento_id], [estado_documento_id]) VALUES (235, CAST(N'2019-02-26T15:58:29.7710000' AS DateTime2), NULL, NULL, 8, 68, 1)
INSERT [dbo].[seguimiento_documento] ([seguimiento_documento_id], [fecha], [link_imagen], [observacion], [usuario_id], [documento_id], [estado_documento_id]) VALUES (236, CAST(N'2019-02-26T15:59:07.1070000' AS DateTime2), NULL, NULL, 8, 69, 1)
INSERT [dbo].[seguimiento_documento] ([seguimiento_documento_id], [fecha], [link_imagen], [observacion], [usuario_id], [documento_id], [estado_documento_id]) VALUES (237, CAST(N'2019-02-26T15:59:31.7680000' AS DateTime2), NULL, NULL, 8, 70, 1)
INSERT [dbo].[seguimiento_documento] ([seguimiento_documento_id], [fecha], [link_imagen], [observacion], [usuario_id], [documento_id], [estado_documento_id]) VALUES (238, CAST(N'2019-02-26T16:01:32.2790000' AS DateTime2), NULL, NULL, 8, 71, 1)
INSERT [dbo].[seguimiento_documento] ([seguimiento_documento_id], [fecha], [link_imagen], [observacion], [usuario_id], [documento_id], [estado_documento_id]) VALUES (239, CAST(N'2019-02-26T16:01:57.7820000' AS DateTime2), NULL, NULL, 8, 72, 1)
INSERT [dbo].[seguimiento_documento] ([seguimiento_documento_id], [fecha], [link_imagen], [observacion], [usuario_id], [documento_id], [estado_documento_id]) VALUES (240, CAST(N'2019-02-26T16:02:34.4610000' AS DateTime2), NULL, NULL, 8, 73, 1)
INSERT [dbo].[seguimiento_documento] ([seguimiento_documento_id], [fecha], [link_imagen], [observacion], [usuario_id], [documento_id], [estado_documento_id]) VALUES (241, CAST(N'2019-02-26T16:03:22.8270000' AS DateTime2), NULL, NULL, 8, 74, 1)
INSERT [dbo].[seguimiento_documento] ([seguimiento_documento_id], [fecha], [link_imagen], [observacion], [usuario_id], [documento_id], [estado_documento_id]) VALUES (242, CAST(N'2019-02-26T16:04:12.8260000' AS DateTime2), NULL, NULL, 8, 75, 1)
INSERT [dbo].[seguimiento_documento] ([seguimiento_documento_id], [fecha], [link_imagen], [observacion], [usuario_id], [documento_id], [estado_documento_id]) VALUES (243, CAST(N'2019-02-26T16:05:19.3400000' AS DateTime2), NULL, NULL, 8, 76, 1)
INSERT [dbo].[seguimiento_documento] ([seguimiento_documento_id], [fecha], [link_imagen], [observacion], [usuario_id], [documento_id], [estado_documento_id]) VALUES (244, CAST(N'2019-02-26T16:06:14.6510000' AS DateTime2), NULL, NULL, 8, 77, 1)
INSERT [dbo].[seguimiento_documento] ([seguimiento_documento_id], [fecha], [link_imagen], [observacion], [usuario_id], [documento_id], [estado_documento_id]) VALUES (245, CAST(N'2019-02-26T16:06:55.4300000' AS DateTime2), NULL, NULL, 8, 78, 1)
INSERT [dbo].[seguimiento_documento] ([seguimiento_documento_id], [fecha], [link_imagen], [observacion], [usuario_id], [documento_id], [estado_documento_id]) VALUES (246, CAST(N'2019-02-26T16:07:57.8090000' AS DateTime2), NULL, NULL, 8, 79, 1)
INSERT [dbo].[seguimiento_documento] ([seguimiento_documento_id], [fecha], [link_imagen], [observacion], [usuario_id], [documento_id], [estado_documento_id]) VALUES (247, CAST(N'2019-02-26T16:16:51.3230000' AS DateTime2), NULL, NULL, 8, 80, 1)
INSERT [dbo].[seguimiento_documento] ([seguimiento_documento_id], [fecha], [link_imagen], [observacion], [usuario_id], [documento_id], [estado_documento_id]) VALUES (248, CAST(N'2019-02-26T16:20:13.8390000' AS DateTime2), NULL, NULL, 9, 80, 8)
INSERT [dbo].[seguimiento_documento] ([seguimiento_documento_id], [fecha], [link_imagen], [observacion], [usuario_id], [documento_id], [estado_documento_id]) VALUES (249, CAST(N'2019-02-26T16:20:17.2360000' AS DateTime2), NULL, NULL, 9, 77, 8)
INSERT [dbo].[seguimiento_documento] ([seguimiento_documento_id], [fecha], [link_imagen], [observacion], [usuario_id], [documento_id], [estado_documento_id]) VALUES (250, CAST(N'2019-02-26T16:20:28.9350000' AS DateTime2), NULL, N'El documento ha sido autorizado', 9, 71, 1)
INSERT [dbo].[seguimiento_documento] ([seguimiento_documento_id], [fecha], [link_imagen], [observacion], [usuario_id], [documento_id], [estado_documento_id]) VALUES (251, CAST(N'2019-02-26T16:20:30.3730000' AS DateTime2), NULL, N'El documento ha sido autorizado', 9, 72, 1)
INSERT [dbo].[seguimiento_documento] ([seguimiento_documento_id], [fecha], [link_imagen], [observacion], [usuario_id], [documento_id], [estado_documento_id]) VALUES (252, CAST(N'2019-02-26T16:20:32.2040000' AS DateTime2), NULL, N'El documento ha sido autorizado', 9, 73, 1)
INSERT [dbo].[seguimiento_documento] ([seguimiento_documento_id], [fecha], [link_imagen], [observacion], [usuario_id], [documento_id], [estado_documento_id]) VALUES (253, CAST(N'2019-02-26T16:20:33.9490000' AS DateTime2), NULL, N'El documento ha sido autorizado', 9, 74, 1)
INSERT [dbo].[seguimiento_documento] ([seguimiento_documento_id], [fecha], [link_imagen], [observacion], [usuario_id], [documento_id], [estado_documento_id]) VALUES (254, CAST(N'2019-02-26T16:20:35.3170000' AS DateTime2), NULL, N'El documento ha sido autorizado', 9, 75, 1)
INSERT [dbo].[seguimiento_documento] ([seguimiento_documento_id], [fecha], [link_imagen], [observacion], [usuario_id], [documento_id], [estado_documento_id]) VALUES (255, CAST(N'2019-02-26T16:20:37.0610000' AS DateTime2), NULL, N'El documento ha sido autorizado', 9, 76, 1)
INSERT [dbo].[seguimiento_documento] ([seguimiento_documento_id], [fecha], [link_imagen], [observacion], [usuario_id], [documento_id], [estado_documento_id]) VALUES (256, CAST(N'2019-02-26T16:20:38.5160000' AS DateTime2), NULL, N'El documento ha sido autorizado', 9, 78, 1)
INSERT [dbo].[seguimiento_documento] ([seguimiento_documento_id], [fecha], [link_imagen], [observacion], [usuario_id], [documento_id], [estado_documento_id]) VALUES (257, CAST(N'2019-02-26T16:20:39.8240000' AS DateTime2), NULL, N'El documento ha sido autorizado', 9, 79, 1)
INSERT [dbo].[seguimiento_documento] ([seguimiento_documento_id], [fecha], [link_imagen], [observacion], [usuario_id], [documento_id], [estado_documento_id]) VALUES (258, CAST(N'2019-02-26T16:26:33.4480000' AS DateTime2), NULL, NULL, 4, 61, 2)
INSERT [dbo].[seguimiento_documento] ([seguimiento_documento_id], [fecha], [link_imagen], [observacion], [usuario_id], [documento_id], [estado_documento_id]) VALUES (259, CAST(N'2019-02-26T16:26:33.4500000' AS DateTime2), NULL, NULL, 4, 62, 2)
INSERT [dbo].[seguimiento_documento] ([seguimiento_documento_id], [fecha], [link_imagen], [observacion], [usuario_id], [documento_id], [estado_documento_id]) VALUES (260, CAST(N'2019-02-26T16:26:33.4510000' AS DateTime2), NULL, NULL, 4, 63, 2)
INSERT [dbo].[seguimiento_documento] ([seguimiento_documento_id], [fecha], [link_imagen], [observacion], [usuario_id], [documento_id], [estado_documento_id]) VALUES (261, CAST(N'2019-02-26T16:26:33.4510000' AS DateTime2), NULL, NULL, 4, 64, 2)
INSERT [dbo].[seguimiento_documento] ([seguimiento_documento_id], [fecha], [link_imagen], [observacion], [usuario_id], [documento_id], [estado_documento_id]) VALUES (262, CAST(N'2019-02-26T16:26:33.4520000' AS DateTime2), NULL, NULL, 4, 65, 2)
INSERT [dbo].[seguimiento_documento] ([seguimiento_documento_id], [fecha], [link_imagen], [observacion], [usuario_id], [documento_id], [estado_documento_id]) VALUES (263, CAST(N'2019-02-26T16:26:33.4520000' AS DateTime2), NULL, NULL, 4, 66, 2)
INSERT [dbo].[seguimiento_documento] ([seguimiento_documento_id], [fecha], [link_imagen], [observacion], [usuario_id], [documento_id], [estado_documento_id]) VALUES (264, CAST(N'2019-02-26T16:26:33.4520000' AS DateTime2), NULL, NULL, 4, 67, 2)
INSERT [dbo].[seguimiento_documento] ([seguimiento_documento_id], [fecha], [link_imagen], [observacion], [usuario_id], [documento_id], [estado_documento_id]) VALUES (265, CAST(N'2019-02-26T16:26:33.4530000' AS DateTime2), NULL, NULL, 4, 68, 2)
INSERT [dbo].[seguimiento_documento] ([seguimiento_documento_id], [fecha], [link_imagen], [observacion], [usuario_id], [documento_id], [estado_documento_id]) VALUES (266, CAST(N'2019-02-26T16:26:43.4910000' AS DateTime2), NULL, NULL, 4, 71, 2)
INSERT [dbo].[seguimiento_documento] ([seguimiento_documento_id], [fecha], [link_imagen], [observacion], [usuario_id], [documento_id], [estado_documento_id]) VALUES (267, CAST(N'2019-02-26T16:26:43.4920000' AS DateTime2), NULL, NULL, 4, 72, 2)
INSERT [dbo].[seguimiento_documento] ([seguimiento_documento_id], [fecha], [link_imagen], [observacion], [usuario_id], [documento_id], [estado_documento_id]) VALUES (268, CAST(N'2019-02-26T16:26:43.4920000' AS DateTime2), NULL, NULL, 4, 73, 2)
INSERT [dbo].[seguimiento_documento] ([seguimiento_documento_id], [fecha], [link_imagen], [observacion], [usuario_id], [documento_id], [estado_documento_id]) VALUES (269, CAST(N'2019-02-26T16:26:50.1500000' AS DateTime2), NULL, NULL, 4, 75, 2)
INSERT [dbo].[seguimiento_documento] ([seguimiento_documento_id], [fecha], [link_imagen], [observacion], [usuario_id], [documento_id], [estado_documento_id]) VALUES (270, CAST(N'2019-02-26T16:26:50.1500000' AS DateTime2), NULL, NULL, 4, 76, 2)
INSERT [dbo].[seguimiento_documento] ([seguimiento_documento_id], [fecha], [link_imagen], [observacion], [usuario_id], [documento_id], [estado_documento_id]) VALUES (271, CAST(N'2019-02-26T16:26:53.8220000' AS DateTime2), NULL, NULL, 4, 78, 2)
INSERT [dbo].[seguimiento_documento] ([seguimiento_documento_id], [fecha], [link_imagen], [observacion], [usuario_id], [documento_id], [estado_documento_id]) VALUES (272, CAST(N'2019-02-26T16:26:53.8230000' AS DateTime2), NULL, NULL, 4, 79, 2)
INSERT [dbo].[seguimiento_documento] ([seguimiento_documento_id], [fecha], [link_imagen], [observacion], [usuario_id], [documento_id], [estado_documento_id]) VALUES (273, CAST(N'2019-02-26T16:32:04.7360000' AS DateTime2), NULL, NULL, 4, 64, 3)
INSERT [dbo].[seguimiento_documento] ([seguimiento_documento_id], [fecha], [link_imagen], [observacion], [usuario_id], [documento_id], [estado_documento_id]) VALUES (274, CAST(N'2019-02-26T16:32:04.7380000' AS DateTime2), NULL, NULL, 4, 61, 3)
INSERT [dbo].[seguimiento_documento] ([seguimiento_documento_id], [fecha], [link_imagen], [observacion], [usuario_id], [documento_id], [estado_documento_id]) VALUES (275, CAST(N'2019-02-26T16:32:04.7380000' AS DateTime2), NULL, NULL, 4, 63, 3)
INSERT [dbo].[seguimiento_documento] ([seguimiento_documento_id], [fecha], [link_imagen], [observacion], [usuario_id], [documento_id], [estado_documento_id]) VALUES (276, CAST(N'2019-02-26T16:32:04.7380000' AS DateTime2), NULL, NULL, 4, 65, 3)
INSERT [dbo].[seguimiento_documento] ([seguimiento_documento_id], [fecha], [link_imagen], [observacion], [usuario_id], [documento_id], [estado_documento_id]) VALUES (277, CAST(N'2019-02-26T16:32:04.7390000' AS DateTime2), NULL, NULL, 4, 62, 3)
INSERT [dbo].[seguimiento_documento] ([seguimiento_documento_id], [fecha], [link_imagen], [observacion], [usuario_id], [documento_id], [estado_documento_id]) VALUES (278, CAST(N'2019-02-26T16:32:04.7390000' AS DateTime2), NULL, NULL, 4, 66, 3)
INSERT [dbo].[seguimiento_documento] ([seguimiento_documento_id], [fecha], [link_imagen], [observacion], [usuario_id], [documento_id], [estado_documento_id]) VALUES (279, CAST(N'2019-02-26T16:32:06.4210000' AS DateTime2), NULL, NULL, 4, 72, 3)
INSERT [dbo].[seguimiento_documento] ([seguimiento_documento_id], [fecha], [link_imagen], [observacion], [usuario_id], [documento_id], [estado_documento_id]) VALUES (280, CAST(N'2019-02-26T16:32:06.4210000' AS DateTime2), NULL, NULL, 4, 71, 3)
INSERT [dbo].[seguimiento_documento] ([seguimiento_documento_id], [fecha], [link_imagen], [observacion], [usuario_id], [documento_id], [estado_documento_id]) VALUES (281, CAST(N'2019-02-26T16:32:06.4210000' AS DateTime2), NULL, NULL, 4, 73, 3)
INSERT [dbo].[seguimiento_documento] ([seguimiento_documento_id], [fecha], [link_imagen], [observacion], [usuario_id], [documento_id], [estado_documento_id]) VALUES (282, CAST(N'2019-02-26T16:32:08.5010000' AS DateTime2), NULL, NULL, 4, 76, 3)
INSERT [dbo].[seguimiento_documento] ([seguimiento_documento_id], [fecha], [link_imagen], [observacion], [usuario_id], [documento_id], [estado_documento_id]) VALUES (283, CAST(N'2019-02-26T16:32:08.5020000' AS DateTime2), NULL, NULL, 4, 75, 3)
INSERT [dbo].[seguimiento_documento] ([seguimiento_documento_id], [fecha], [link_imagen], [observacion], [usuario_id], [documento_id], [estado_documento_id]) VALUES (284, CAST(N'2019-02-26T16:32:10.2870000' AS DateTime2), NULL, NULL, 4, 78, 3)
INSERT [dbo].[seguimiento_documento] ([seguimiento_documento_id], [fecha], [link_imagen], [observacion], [usuario_id], [documento_id], [estado_documento_id]) VALUES (285, CAST(N'2019-02-26T16:32:10.2870000' AS DateTime2), NULL, NULL, 4, 79, 3)
INSERT [dbo].[seguimiento_documento] ([seguimiento_documento_id], [fecha], [link_imagen], [observacion], [usuario_id], [documento_id], [estado_documento_id]) VALUES (286, CAST(N'2019-02-27T10:30:00.0000000' AS DateTime2), N'http://2.bp.blogspot.com/-LhaKkBU4eW4/U6puYNTyTpI/AAAAAAAAACU/D4C42MuBK68/s1600/img046.jpg', N'', 4, 61, 4)
INSERT [dbo].[seguimiento_documento] ([seguimiento_documento_id], [fecha], [link_imagen], [observacion], [usuario_id], [documento_id], [estado_documento_id]) VALUES (287, CAST(N'2019-02-27T10:30:00.0000000' AS DateTime2), N'http://2.bp.blogspot.com/-LhaKkBU4eW4/U6puYNTyTpI/AAAAAAAAACU/D4C42MuBK68/s1600/img046.jpg', N'', 4, 62, 4)
INSERT [dbo].[seguimiento_documento] ([seguimiento_documento_id], [fecha], [link_imagen], [observacion], [usuario_id], [documento_id], [estado_documento_id]) VALUES (288, CAST(N'2019-02-27T10:30:00.0000000' AS DateTime2), N'https://imgix.bustle.com/elite-daily/2017/05/08101715/Facebook-Dislike-1.jpg?w=1020&h=574&fit=crop&crop=faces&auto=format&q=70', N'No vive ahí', 4, 63, 5)
INSERT [dbo].[seguimiento_documento] ([seguimiento_documento_id], [fecha], [link_imagen], [observacion], [usuario_id], [documento_id], [estado_documento_id]) VALUES (289, CAST(N'2019-02-27T10:30:00.0000000' AS DateTime2), N'https://imgix.bustle.com/elite-daily/2017/05/08101715/Facebook-Dislike-1.jpg?w=1020&h=574&fit=crop&crop=faces&auto=format&q=70', N'No vive ahí', 4, 64, 5)
INSERT [dbo].[seguimiento_documento] ([seguimiento_documento_id], [fecha], [link_imagen], [observacion], [usuario_id], [documento_id], [estado_documento_id]) VALUES (290, CAST(N'2019-02-27T10:30:00.0000000' AS DateTime2), N'', N'', 4, 65, 6)
INSERT [dbo].[seguimiento_documento] ([seguimiento_documento_id], [fecha], [link_imagen], [observacion], [usuario_id], [documento_id], [estado_documento_id]) VALUES (291, CAST(N'2019-02-27T10:30:00.0000000' AS DateTime2), N'', N'', 4, 66, 7)
INSERT [dbo].[seguimiento_documento] ([seguimiento_documento_id], [fecha], [link_imagen], [observacion], [usuario_id], [documento_id], [estado_documento_id]) VALUES (292, CAST(N'2019-02-27T10:30:00.0000000' AS DateTime2), N'http://2.bp.blogspot.com/-LhaKkBU4eW4/U6puYNTyTpI/AAAAAAAAACU/D4C42MuBK68/s1600/img046.jpg', N'', 4, 71, 4)
INSERT [dbo].[seguimiento_documento] ([seguimiento_documento_id], [fecha], [link_imagen], [observacion], [usuario_id], [documento_id], [estado_documento_id]) VALUES (293, CAST(N'2019-03-27T10:30:00.0000000' AS DateTime2), N'http://2.bp.blogspot.com/-LhaKkBU4eW4/U6puYNTyTpI/AAAAAAAAACU/D4C42MuBK68/s1600/img046.jpg', N'', 4, 72, 4)
INSERT [dbo].[seguimiento_documento] ([seguimiento_documento_id], [fecha], [link_imagen], [observacion], [usuario_id], [documento_id], [estado_documento_id]) VALUES (294, CAST(N'2019-02-27T10:30:00.0000000' AS DateTime2), N'https://imgix.bustle.com/elite-daily/2017/05/08101715/Facebook-Dislike-1.jpg?w=1020&h=574&fit=crop&crop=faces&auto=format&q=70', N'No vive ahí', 4, 73, 5)
INSERT [dbo].[seguimiento_documento] ([seguimiento_documento_id], [fecha], [link_imagen], [observacion], [usuario_id], [documento_id], [estado_documento_id]) VALUES (295, CAST(N'2019-02-27T10:30:00.0000000' AS DateTime2), N'http://2.bp.blogspot.com/-LhaKkBU4eW4/U6puYNTyTpI/AAAAAAAAACU/D4C42MuBK68/s1600/img046.jpg', N'', 4, 75, 4)
INSERT [dbo].[seguimiento_documento] ([seguimiento_documento_id], [fecha], [link_imagen], [observacion], [usuario_id], [documento_id], [estado_documento_id]) VALUES (296, CAST(N'2019-03-27T10:30:00.0000000' AS DateTime2), N'http://2.bp.blogspot.com/-LhaKkBU4eW4/U6puYNTyTpI/AAAAAAAAACU/D4C42MuBK68/s1600/img046.jpg', N'', 4, 76, 4)
INSERT [dbo].[seguimiento_documento] ([seguimiento_documento_id], [fecha], [link_imagen], [observacion], [usuario_id], [documento_id], [estado_documento_id]) VALUES (297, CAST(N'2019-02-27T10:30:00.0000000' AS DateTime2), N'http://2.bp.blogspot.com/-LhaKkBU4eW4/U6puYNTyTpI/AAAAAAAAACU/D4C42MuBK68/s1600/img046.jpg', N'', 4, 78, 4)
INSERT [dbo].[seguimiento_documento] ([seguimiento_documento_id], [fecha], [link_imagen], [observacion], [usuario_id], [documento_id], [estado_documento_id]) VALUES (298, CAST(N'2019-03-27T10:30:00.0000000' AS DateTime2), N'http://2.bp.blogspot.com/-LhaKkBU4eW4/U6puYNTyTpI/AAAAAAAAACU/D4C42MuBK68/s1600/img046.jpg', N'', 4, 79, 4)
INSERT [dbo].[seguimiento_documento] ([seguimiento_documento_id], [fecha], [link_imagen], [observacion], [usuario_id], [documento_id], [estado_documento_id]) VALUES (299, CAST(N'2019-02-26T16:42:54.0350000' AS DateTime2), N'http://2.bp.blogspot.com/-LhaKkBU4eW4/U6puYNTyTpI/AAAAAAAAACU/D4C42MuBK68/s1600/img046.jpg', N'Cargo Recibido', 4, 61, 4)
INSERT [dbo].[seguimiento_documento] ([seguimiento_documento_id], [fecha], [link_imagen], [observacion], [usuario_id], [documento_id], [estado_documento_id]) VALUES (300, CAST(N'2019-02-26T16:42:58.6790000' AS DateTime2), N'http://2.bp.blogspot.com/-LhaKkBU4eW4/U6puYNTyTpI/AAAAAAAAACU/D4C42MuBK68/s1600/img046.jpg', N'Cargo Recibido', 4, 71, 4)
INSERT [dbo].[seguimiento_documento] ([seguimiento_documento_id], [fecha], [link_imagen], [observacion], [usuario_id], [documento_id], [estado_documento_id]) VALUES (301, CAST(N'2019-02-26T16:43:06.9410000' AS DateTime2), N'http://2.bp.blogspot.com/-LhaKkBU4eW4/U6puYNTyTpI/AAAAAAAAACU/D4C42MuBK68/s1600/img046.jpg', N'Cargo Recibido', 4, 75, 4)

INSERT [dbo].[seguimiento_documento] ([seguimiento_documento_id], [fecha], [link_imagen], [observacion], [usuario_id], [documento_id], [estado_documento_id]) VALUES (302, CAST(N'2019-02-26T16:43:08.7520000' AS DateTime2), N'http://2.bp.blogspot.com/-LhaKkBU4eW4/U6puYNTyTpI/AAAAAAAAACU/D4C42MuBK68/s1600/img046.jpg', N'Cargo Recibido', 4, 78, 4)
INSERT [dbo].[seguimiento_documento] ([seguimiento_documento_id], [fecha], [link_imagen], [observacion], [usuario_id], [documento_id], [estado_documento_id]) VALUES (303, CAST(N'2019-02-26T16:43:19.2460000' AS DateTime2), N'https://imgix.bustle.com/elite-daily/2017/05/08101715/Facebook-Dislike-1.jpg?w=1020&h=574&fit=crop&crop=faces&auto=format&q=70', N'Documento Devuelto', 4, 64, 5)
INSERT [dbo].[seguimiento_documento] ([seguimiento_documento_id], [fecha], [link_imagen], [observacion], [usuario_id], [documento_id], [estado_documento_id]) VALUES (304, CAST(N'2019-02-26T16:43:21.0500000' AS DateTime2), N'https://imgix.bustle.com/elite-daily/2017/05/08101715/Facebook-Dislike-1.jpg?w=1020&h=574&fit=crop&crop=faces&auto=format&q=70', N'Documento Devuelto', 4, 73, 5)
SET IDENTITY_INSERT [dbo].[seguimiento_documento] OFF
SET IDENTITY_INSERT [dbo].[proveedor] ON 

INSERT [dbo].[proveedor] ([proveedor_id], [nombre]) VALUES (1, N'DOCFLOW')
INSERT [dbo].[proveedor] ([proveedor_id], [nombre]) VALUES (2, N'URBANO')
SET IDENTITY_INSERT [dbo].[proveedor] OFF
SET IDENTITY_INSERT [dbo].[guia] ON 

INSERT [dbo].[guia] ([guia_id], [numero_guia], [sede_id], [plazo_id], [proveedor_id], [tipo_seguridad_id], [tipo_servicio_id]) VALUES (2, N'GUIA14789632', 3, 1, 1, 1, 1)
INSERT [dbo].[guia] ([guia_id], [numero_guia], [sede_id], [plazo_id], [proveedor_id], [tipo_seguridad_id], [tipo_servicio_id]) VALUES (3, N'GUIA512312412', 3, 2, 2, 1, 1)
INSERT [dbo].[guia] ([guia_id], [numero_guia], [sede_id], [plazo_id], [proveedor_id], [tipo_seguridad_id], [tipo_servicio_id]) VALUES (4, N'GUIA16234234', 3, 3, 1, 1, 1)
INSERT [dbo].[guia] ([guia_id], [numero_guia], [sede_id], [plazo_id], [proveedor_id], [tipo_seguridad_id], [tipo_servicio_id]) VALUES (5, N'GUIA8765423', 3, 4, 2, 1, 1)
INSERT [dbo].[guia] ([guia_id], [numero_guia], [sede_id], [plazo_id], [proveedor_id], [tipo_seguridad_id], [tipo_servicio_id]) VALUES (6, N'GUIA1542132', 4, 1, 2, 1, 1)
INSERT [dbo].[guia] ([guia_id], [numero_guia], [sede_id], [plazo_id], [proveedor_id], [tipo_seguridad_id], [tipo_servicio_id]) VALUES (7, N'GUIA5612413', 4, 2, 1, 1, 1)
INSERT [dbo].[guia] ([guia_id], [numero_guia], [sede_id], [plazo_id], [proveedor_id], [tipo_seguridad_id], [tipo_servicio_id]) VALUES (8, N'GUIA1123321', 4, 3, 2, 1, 1)
INSERT [dbo].[guia] ([guia_id], [numero_guia], [sede_id], [plazo_id], [proveedor_id], [tipo_seguridad_id], [tipo_servicio_id]) VALUES (9, N'GUIA134123', 4, 4, 2, 1, 1)
INSERT [dbo].[guia] ([guia_id], [numero_guia], [sede_id], [plazo_id], [proveedor_id], [tipo_seguridad_id], [tipo_servicio_id]) VALUES (10, N'GUIA81421312', 5, 1, 1, 1, 1)
INSERT [dbo].[guia] ([guia_id], [numero_guia], [sede_id], [plazo_id], [proveedor_id], [tipo_seguridad_id], [tipo_servicio_id]) VALUES (11, N'GUIA5141232', 5, 2, 2, 1, 1)
INSERT [dbo].[guia] ([guia_id], [numero_guia], [sede_id], [plazo_id], [proveedor_id], [tipo_seguridad_id], [tipo_servicio_id]) VALUES (12, N'GUIA5814123', 5, 3, 2, 1, 1)
INSERT [dbo].[guia] ([guia_id], [numero_guia], [sede_id], [plazo_id], [proveedor_id], [tipo_seguridad_id], [tipo_servicio_id]) VALUES (13, N'GUIAEXTER133', 5, 4, 2, 1, 1)
INSERT [dbo].[guia] ([guia_id], [numero_guia], [sede_id], [plazo_id], [proveedor_id], [tipo_seguridad_id], [tipo_servicio_id]) VALUES (14, N'GUIA5721Y412', 6, 1, 2, 1, 1)
INSERT [dbo].[guia] ([guia_id], [numero_guia], [sede_id], [plazo_id], [proveedor_id], [tipo_seguridad_id], [tipo_servicio_id]) VALUES (15, N'0987654321', 6, 2, 1, 1, 1)
INSERT [dbo].[guia] ([guia_id], [numero_guia], [sede_id], [plazo_id], [proveedor_id], [tipo_seguridad_id], [tipo_servicio_id]) VALUES (16, N'123321232', 6, 3, 1, 1, 1)
INSERT [dbo].[guia] ([guia_id], [numero_guia], [sede_id], [plazo_id], [proveedor_id], [tipo_seguridad_id], [tipo_servicio_id]) VALUES (17, N'541231231', 6, 4, 1, 1, 1)
SET IDENTITY_INSERT [dbo].[guia] OFF
INSERT [dbo].[documento_guia] ([documento_id], [guia_id], [fecha_asociacion], [validado]) VALUES (1, 2, CAST(N'2019-02-26T09:27:39.6310000' AS DateTime2), 1)
INSERT [dbo].[documento_guia] ([documento_id], [guia_id], [fecha_asociacion], [validado]) VALUES (2, 2, CAST(N'2019-02-26T09:27:39.6320000' AS DateTime2), 1)
INSERT [dbo].[documento_guia] ([documento_id], [guia_id], [fecha_asociacion], [validado]) VALUES (3, 2, CAST(N'2019-02-26T09:27:39.6320000' AS DateTime2), 1)
INSERT [dbo].[documento_guia] ([documento_id], [guia_id], [fecha_asociacion], [validado]) VALUES (4, 2, CAST(N'2019-02-26T09:27:39.6310000' AS DateTime2), 1)
INSERT [dbo].[documento_guia] ([documento_id], [guia_id], [fecha_asociacion], [validado]) VALUES (5, 2, CAST(N'2019-02-26T09:27:39.6310000' AS DateTime2), 1)
INSERT [dbo].[documento_guia] ([documento_id], [guia_id], [fecha_asociacion], [validado]) VALUES (6, 2, CAST(N'2019-02-26T09:27:39.6310000' AS DateTime2), 1)
INSERT [dbo].[documento_guia] ([documento_id], [guia_id], [fecha_asociacion], [validado]) VALUES (11, 3, CAST(N'2019-02-26T09:29:10.2360000' AS DateTime2), 1)
INSERT [dbo].[documento_guia] ([documento_id], [guia_id], [fecha_asociacion], [validado]) VALUES (12, 3, CAST(N'2019-02-26T09:29:10.2360000' AS DateTime2), 1)
INSERT [dbo].[documento_guia] ([documento_id], [guia_id], [fecha_asociacion], [validado]) VALUES (13, 3, CAST(N'2019-02-26T09:29:10.2360000' AS DateTime2), 1)
INSERT [dbo].[documento_guia] ([documento_id], [guia_id], [fecha_asociacion], [validado]) VALUES (15, 4, CAST(N'2019-02-26T09:29:53.8810000' AS DateTime2), 1)
INSERT [dbo].[documento_guia] ([documento_id], [guia_id], [fecha_asociacion], [validado]) VALUES (16, 4, CAST(N'2019-02-26T09:29:53.8810000' AS DateTime2), 1)
INSERT [dbo].[documento_guia] ([documento_id], [guia_id], [fecha_asociacion], [validado]) VALUES (18, 5, CAST(N'2019-02-26T09:30:32.2890000' AS DateTime2), 1)
INSERT [dbo].[documento_guia] ([documento_id], [guia_id], [fecha_asociacion], [validado]) VALUES (19, 5, CAST(N'2019-02-26T09:30:32.2890000' AS DateTime2), 1)
INSERT [dbo].[documento_guia] ([documento_id], [guia_id], [fecha_asociacion], [validado]) VALUES (21, 6, CAST(N'2019-02-26T11:17:17.8010000' AS DateTime2), 1)
INSERT [dbo].[documento_guia] ([documento_id], [guia_id], [fecha_asociacion], [validado]) VALUES (22, 6, CAST(N'2019-02-26T11:17:17.8000000' AS DateTime2), 1)
INSERT [dbo].[documento_guia] ([documento_id], [guia_id], [fecha_asociacion], [validado]) VALUES (23, 6, CAST(N'2019-02-26T11:17:17.8000000' AS DateTime2), 1)
INSERT [dbo].[documento_guia] ([documento_id], [guia_id], [fecha_asociacion], [validado]) VALUES (24, 6, CAST(N'2019-02-26T11:17:17.8000000' AS DateTime2), 1)
INSERT [dbo].[documento_guia] ([documento_id], [guia_id], [fecha_asociacion], [validado]) VALUES (25, 6, CAST(N'2019-02-26T11:17:17.8010000' AS DateTime2), 1)
INSERT [dbo].[documento_guia] ([documento_id], [guia_id], [fecha_asociacion], [validado]) VALUES (26, 6, CAST(N'2019-02-26T11:17:17.8010000' AS DateTime2), 1)
INSERT [dbo].[documento_guia] ([documento_id], [guia_id], [fecha_asociacion], [validado]) VALUES (31, 7, CAST(N'2019-02-26T11:21:31.2280000' AS DateTime2), 1)
INSERT [dbo].[documento_guia] ([documento_id], [guia_id], [fecha_asociacion], [validado]) VALUES (32, 7, CAST(N'2019-02-26T11:21:31.2270000' AS DateTime2), 1)
INSERT [dbo].[documento_guia] ([documento_id], [guia_id], [fecha_asociacion], [validado]) VALUES (33, 7, CAST(N'2019-02-26T11:21:31.2280000' AS DateTime2), 1)
INSERT [dbo].[documento_guia] ([documento_id], [guia_id], [fecha_asociacion], [validado]) VALUES (35, 8, CAST(N'2019-02-26T11:22:12.3060000' AS DateTime2), 1)
INSERT [dbo].[documento_guia] ([documento_id], [guia_id], [fecha_asociacion], [validado]) VALUES (36, 8, CAST(N'2019-02-26T11:22:12.3060000' AS DateTime2), 1)
INSERT [dbo].[documento_guia] ([documento_id], [guia_id], [fecha_asociacion], [validado]) VALUES (38, 9, CAST(N'2019-02-26T11:22:26.2090000' AS DateTime2), 1)
INSERT [dbo].[documento_guia] ([documento_id], [guia_id], [fecha_asociacion], [validado]) VALUES (39, 9, CAST(N'2019-02-26T11:22:26.2090000' AS DateTime2), 1)
INSERT [dbo].[documento_guia] ([documento_id], [guia_id], [fecha_asociacion], [validado]) VALUES (41, 10, CAST(N'2019-02-26T12:43:00.4550000' AS DateTime2), 1)
INSERT [dbo].[documento_guia] ([documento_id], [guia_id], [fecha_asociacion], [validado]) VALUES (42, 10, CAST(N'2019-02-26T12:43:00.4550000' AS DateTime2), 1)
INSERT [dbo].[documento_guia] ([documento_id], [guia_id], [fecha_asociacion], [validado]) VALUES (43, 10, CAST(N'2019-02-26T12:43:00.4550000' AS DateTime2), 1)
INSERT [dbo].[documento_guia] ([documento_id], [guia_id], [fecha_asociacion], [validado]) VALUES (44, 10, CAST(N'2019-02-26T12:43:00.4550000' AS DateTime2), 1)
INSERT [dbo].[documento_guia] ([documento_id], [guia_id], [fecha_asociacion], [validado]) VALUES (45, 10, CAST(N'2019-02-26T12:43:00.4550000' AS DateTime2), 1)
INSERT [dbo].[documento_guia] ([documento_id], [guia_id], [fecha_asociacion], [validado]) VALUES (46, 10, CAST(N'2019-02-26T12:43:00.4550000' AS DateTime2), 1)
INSERT [dbo].[documento_guia] ([documento_id], [guia_id], [fecha_asociacion], [validado]) VALUES (51, 11, CAST(N'2019-02-26T12:44:04.1500000' AS DateTime2), 1)
INSERT [dbo].[documento_guia] ([documento_id], [guia_id], [fecha_asociacion], [validado]) VALUES (52, 11, CAST(N'2019-02-26T12:44:04.1500000' AS DateTime2), 1)
INSERT [dbo].[documento_guia] ([documento_id], [guia_id], [fecha_asociacion], [validado]) VALUES (53, 11, CAST(N'2019-02-26T12:44:04.1500000' AS DateTime2), 1)
INSERT [dbo].[documento_guia] ([documento_id], [guia_id], [fecha_asociacion], [validado]) VALUES (55, 12, CAST(N'2019-02-26T12:44:25.6900000' AS DateTime2), 1)
INSERT [dbo].[documento_guia] ([documento_id], [guia_id], [fecha_asociacion], [validado]) VALUES (56, 12, CAST(N'2019-02-26T12:44:25.6900000' AS DateTime2), 1)
INSERT [dbo].[documento_guia] ([documento_id], [guia_id], [fecha_asociacion], [validado]) VALUES (58, 13, CAST(N'2019-02-26T12:44:56.7040000' AS DateTime2), 1)
INSERT [dbo].[documento_guia] ([documento_id], [guia_id], [fecha_asociacion], [validado]) VALUES (59, 13, CAST(N'2019-02-26T12:44:56.7040000' AS DateTime2), 1)
INSERT [dbo].[documento_guia] ([documento_id], [guia_id], [fecha_asociacion], [validado]) VALUES (61, 14, CAST(N'2019-02-26T16:29:26.6850000' AS DateTime2), 1)
INSERT [dbo].[documento_guia] ([documento_id], [guia_id], [fecha_asociacion], [validado]) VALUES (62, 14, CAST(N'2019-02-26T16:29:26.6840000' AS DateTime2), 1)
INSERT [dbo].[documento_guia] ([documento_id], [guia_id], [fecha_asociacion], [validado]) VALUES (63, 14, CAST(N'2019-02-26T16:29:26.6830000' AS DateTime2), 1)
INSERT [dbo].[documento_guia] ([documento_id], [guia_id], [fecha_asociacion], [validado]) VALUES (64, 14, CAST(N'2019-02-26T16:29:26.6840000' AS DateTime2), 1)
INSERT [dbo].[documento_guia] ([documento_id], [guia_id], [fecha_asociacion], [validado]) VALUES (65, 14, CAST(N'2019-02-26T16:29:26.6850000' AS DateTime2), 1)
INSERT [dbo].[documento_guia] ([documento_id], [guia_id], [fecha_asociacion], [validado]) VALUES (66, 14, CAST(N'2019-02-26T16:29:26.6850000' AS DateTime2), 1)
INSERT [dbo].[documento_guia] ([documento_id], [guia_id], [fecha_asociacion], [validado]) VALUES (71, 15, CAST(N'2019-02-26T16:31:04.4560000' AS DateTime2), 1)
INSERT [dbo].[documento_guia] ([documento_id], [guia_id], [fecha_asociacion], [validado]) VALUES (72, 15, CAST(N'2019-02-26T16:31:04.4560000' AS DateTime2), 1)
INSERT [dbo].[documento_guia] ([documento_id], [guia_id], [fecha_asociacion], [validado]) VALUES (73, 15, CAST(N'2019-02-26T16:31:04.4560000' AS DateTime2), 1)
INSERT [dbo].[documento_guia] ([documento_id], [guia_id], [fecha_asociacion], [validado]) VALUES (75, 16, CAST(N'2019-02-26T16:31:38.7480000' AS DateTime2), 1)
INSERT [dbo].[documento_guia] ([documento_id], [guia_id], [fecha_asociacion], [validado]) VALUES (76, 16, CAST(N'2019-02-26T16:31:38.7480000' AS DateTime2), 1)
INSERT [dbo].[documento_guia] ([documento_id], [guia_id], [fecha_asociacion], [validado]) VALUES (78, 17, CAST(N'2019-02-26T16:31:52.7560000' AS DateTime2), 1)
INSERT [dbo].[documento_guia] ([documento_id], [guia_id], [fecha_asociacion], [validado]) VALUES (79, 17, CAST(N'2019-02-26T16:31:52.7560000' AS DateTime2), 1)
SET IDENTITY_INSERT [dbo].[estado_guia] ON 

INSERT [dbo].[estado_guia] ([estado_guia_id], [nombre]) VALUES (1, N'CREADO')
INSERT [dbo].[estado_guia] ([estado_guia_id], [nombre]) VALUES (2, N'ENVIADO')
INSERT [dbo].[estado_guia] ([estado_guia_id], [nombre]) VALUES (3, N'DESCARGADO')
SET IDENTITY_INSERT [dbo].[estado_guia] OFF
SET IDENTITY_INSERT [dbo].[seguimiento_guia] ON 

INSERT [dbo].[seguimiento_guia] ([seguimiento_guia_id], [fecha], [usuario_id], [estado_guia_id], [guia_id]) VALUES (2, CAST(N'2019-02-26T09:27:39.6320000' AS DateTime2), 1, 1, 2)
INSERT [dbo].[seguimiento_guia] ([seguimiento_guia_id], [fecha], [usuario_id], [estado_guia_id], [guia_id]) VALUES (3, CAST(N'2019-02-26T09:29:10.2360000' AS DateTime2), 1, 1, 3)
INSERT [dbo].[seguimiento_guia] ([seguimiento_guia_id], [fecha], [usuario_id], [estado_guia_id], [guia_id]) VALUES (4, CAST(N'2019-02-26T09:29:53.8810000' AS DateTime2), 1, 1, 4)
INSERT [dbo].[seguimiento_guia] ([seguimiento_guia_id], [fecha], [usuario_id], [estado_guia_id], [guia_id]) VALUES (5, CAST(N'2019-02-26T09:30:32.2890000' AS DateTime2), 1, 1, 5)
INSERT [dbo].[seguimiento_guia] ([seguimiento_guia_id], [fecha], [usuario_id], [estado_guia_id], [guia_id]) VALUES (6, CAST(N'2019-02-26T09:32:14.4630000' AS DateTime2), 1, 2, 2)
INSERT [dbo].[seguimiento_guia] ([seguimiento_guia_id], [fecha], [usuario_id], [estado_guia_id], [guia_id]) VALUES (7, CAST(N'2019-02-26T09:32:16.3670000' AS DateTime2), 1, 2, 3)
INSERT [dbo].[seguimiento_guia] ([seguimiento_guia_id], [fecha], [usuario_id], [estado_guia_id], [guia_id]) VALUES (8, CAST(N'2019-02-26T09:32:18.3730000' AS DateTime2), 1, 2, 4)
INSERT [dbo].[seguimiento_guia] ([seguimiento_guia_id], [fecha], [usuario_id], [estado_guia_id], [guia_id]) VALUES (9, CAST(N'2019-02-26T09:32:20.2790000' AS DateTime2), 1, 2, 5)
INSERT [dbo].[seguimiento_guia] ([seguimiento_guia_id], [fecha], [usuario_id], [estado_guia_id], [guia_id]) VALUES (10, CAST(N'2019-02-26T11:17:17.8010000' AS DateTime2), 2, 1, 6)
INSERT [dbo].[seguimiento_guia] ([seguimiento_guia_id], [fecha], [usuario_id], [estado_guia_id], [guia_id]) VALUES (11, CAST(N'2019-02-26T11:21:31.2280000' AS DateTime2), 2, 1, 7)
INSERT [dbo].[seguimiento_guia] ([seguimiento_guia_id], [fecha], [usuario_id], [estado_guia_id], [guia_id]) VALUES (12, CAST(N'2019-02-26T11:22:12.3060000' AS DateTime2), 2, 1, 8)
INSERT [dbo].[seguimiento_guia] ([seguimiento_guia_id], [fecha], [usuario_id], [estado_guia_id], [guia_id]) VALUES (13, CAST(N'2019-02-26T11:22:26.2090000' AS DateTime2), 2, 1, 9)
INSERT [dbo].[seguimiento_guia] ([seguimiento_guia_id], [fecha], [usuario_id], [estado_guia_id], [guia_id]) VALUES (14, CAST(N'2019-02-26T11:23:04.5250000' AS DateTime2), 2, 2, 6)
INSERT [dbo].[seguimiento_guia] ([seguimiento_guia_id], [fecha], [usuario_id], [estado_guia_id], [guia_id]) VALUES (15, CAST(N'2019-02-26T11:23:06.2280000' AS DateTime2), 2, 2, 7)
INSERT [dbo].[seguimiento_guia] ([seguimiento_guia_id], [fecha], [usuario_id], [estado_guia_id], [guia_id]) VALUES (16, CAST(N'2019-02-26T11:23:08.5360000' AS DateTime2), 2, 2, 8)
INSERT [dbo].[seguimiento_guia] ([seguimiento_guia_id], [fecha], [usuario_id], [estado_guia_id], [guia_id]) VALUES (17, CAST(N'2019-02-26T11:23:09.9670000' AS DateTime2), 2, 2, 9)
INSERT [dbo].[seguimiento_guia] ([seguimiento_guia_id], [fecha], [usuario_id], [estado_guia_id], [guia_id]) VALUES (18, CAST(N'2019-02-26T12:43:00.4550000' AS DateTime2), 3, 1, 10)
INSERT [dbo].[seguimiento_guia] ([seguimiento_guia_id], [fecha], [usuario_id], [estado_guia_id], [guia_id]) VALUES (19, CAST(N'2019-02-26T12:44:04.1500000' AS DateTime2), 3, 1, 11)
INSERT [dbo].[seguimiento_guia] ([seguimiento_guia_id], [fecha], [usuario_id], [estado_guia_id], [guia_id]) VALUES (20, CAST(N'2019-02-26T12:44:25.6900000' AS DateTime2), 3, 1, 12)
INSERT [dbo].[seguimiento_guia] ([seguimiento_guia_id], [fecha], [usuario_id], [estado_guia_id], [guia_id]) VALUES (21, CAST(N'2019-02-26T12:44:56.7040000' AS DateTime2), 3, 1, 13)
INSERT [dbo].[seguimiento_guia] ([seguimiento_guia_id], [fecha], [usuario_id], [estado_guia_id], [guia_id]) VALUES (22, CAST(N'2019-02-26T12:45:06.6850000' AS DateTime2), 3, 2, 10)
INSERT [dbo].[seguimiento_guia] ([seguimiento_guia_id], [fecha], [usuario_id], [estado_guia_id], [guia_id]) VALUES (23, CAST(N'2019-02-26T12:45:08.5200000' AS DateTime2), 3, 2, 11)
INSERT [dbo].[seguimiento_guia] ([seguimiento_guia_id], [fecha], [usuario_id], [estado_guia_id], [guia_id]) VALUES (24, CAST(N'2019-02-26T12:45:10.6180000' AS DateTime2), 3, 2, 12)
INSERT [dbo].[seguimiento_guia] ([seguimiento_guia_id], [fecha], [usuario_id], [estado_guia_id], [guia_id]) VALUES (25, CAST(N'2019-02-26T12:45:12.2020000' AS DateTime2), 3, 2, 13)
INSERT [dbo].[seguimiento_guia] ([seguimiento_guia_id], [fecha], [usuario_id], [estado_guia_id], [guia_id]) VALUES (26, CAST(N'2019-02-26T16:29:26.6850000' AS DateTime2), 4, 1, 14)
INSERT [dbo].[seguimiento_guia] ([seguimiento_guia_id], [fecha], [usuario_id], [estado_guia_id], [guia_id]) VALUES (27, CAST(N'2019-02-26T16:31:04.4560000' AS DateTime2), 4, 1, 15)
INSERT [dbo].[seguimiento_guia] ([seguimiento_guia_id], [fecha], [usuario_id], [estado_guia_id], [guia_id]) VALUES (28, CAST(N'2019-02-26T16:31:38.7480000' AS DateTime2), 4, 1, 16)
INSERT [dbo].[seguimiento_guia] ([seguimiento_guia_id], [fecha], [usuario_id], [estado_guia_id], [guia_id]) VALUES (29, CAST(N'2019-02-26T16:31:52.7560000' AS DateTime2), 4, 1, 17)
INSERT [dbo].[seguimiento_guia] ([seguimiento_guia_id], [fecha], [usuario_id], [estado_guia_id], [guia_id]) VALUES (30, CAST(N'2019-02-26T16:32:04.7350000' AS DateTime2), 4, 2, 14)
INSERT [dbo].[seguimiento_guia] ([seguimiento_guia_id], [fecha], [usuario_id], [estado_guia_id], [guia_id]) VALUES (31, CAST(N'2019-02-26T16:32:06.4200000' AS DateTime2), 4, 2, 15)
INSERT [dbo].[seguimiento_guia] ([seguimiento_guia_id], [fecha], [usuario_id], [estado_guia_id], [guia_id]) VALUES (32, CAST(N'2019-02-26T16:32:08.5010000' AS DateTime2), 4, 2, 16)
INSERT [dbo].[seguimiento_guia] ([seguimiento_guia_id], [fecha], [usuario_id], [estado_guia_id], [guia_id]) VALUES (33, CAST(N'2019-02-26T16:32:10.2860000' AS DateTime2), 4, 2, 17)
SET IDENTITY_INSERT [dbo].[seguimiento_guia] OFF
INSERT [dbo].[area_plazo_distribucion] ([area_id], [plazo_id]) VALUES (1, 2)
INSERT [dbo].[area_plazo_distribucion] ([area_id], [plazo_id]) VALUES (2, 1)
INSERT [dbo].[area_plazo_distribucion] ([area_id], [plazo_id]) VALUES (3, 1)
INSERT [dbo].[area_plazo_distribucion] ([area_id], [plazo_id]) VALUES (4, 1)
INSERT [dbo].[buzon_plazo_distribucion] ([buzon_id], [plazo_id]) VALUES (5, 1)
INSERT [dbo].[buzon_plazo_distribucion] ([buzon_id], [plazo_id]) VALUES (6, 1)
INSERT [dbo].[buzon_plazo_distribucion] ([buzon_id], [plazo_id]) VALUES (7, 1)
INSERT [dbo].[buzon_plazo_distribucion] ([buzon_id], [plazo_id]) VALUES (8, 1)
INSERT [dbo].[proveedor_plazo_distribucion] ([proveedor_id], [plazo_id]) VALUES (1, 1)
INSERT [dbo].[proveedor_plazo_distribucion] ([proveedor_id], [plazo_id]) VALUES (1, 2)
INSERT [dbo].[proveedor_plazo_distribucion] ([proveedor_id], [plazo_id]) VALUES (1, 3)
INSERT [dbo].[proveedor_plazo_distribucion] ([proveedor_id], [plazo_id]) VALUES (1, 4)
INSERT [dbo].[proveedor_plazo_distribucion] ([proveedor_id], [plazo_id]) VALUES (2, 1)
INSERT [dbo].[proveedor_plazo_distribucion] ([proveedor_id], [plazo_id]) VALUES (2, 2)
INSERT [dbo].[proveedor_plazo_distribucion] ([proveedor_id], [plazo_id]) VALUES (2, 3)
INSERT [dbo].[proveedor_plazo_distribucion] ([proveedor_id], [plazo_id]) VALUES (2, 4)
INSERT [dbo].[buzon_tipo_seguridad] ([buzon_id], [tipo_seguridad_id]) VALUES (1, 1)

