USE [db_externa_core]

SET IDENTITY_INSERT [dbo].[tipo_plazo_distribucion] ON 

INSERT [dbo].[tipo_plazo_distribucion] ([tipo_plazo_distribucion_id], [nombre]) VALUES (1, N'REGULAR')
INSERT [dbo].[tipo_plazo_distribucion] ([tipo_plazo_distribucion_id], [nombre]) VALUES (2, N'ESPECIAL')
SET IDENTITY_INSERT [dbo].[tipo_plazo_distribucion] OFF
SET IDENTITY_INSERT [dbo].[plazo_distribucion] ON 

INSERT [dbo].[plazo_distribucion] ([plazo_distribucion_id], [activo], [nombre], [tiempo_envio], [tipo_plazo_distribucion_id]) VALUES (1, 1, N'ESTÁNDAR', 96, 1)
INSERT [dbo].[plazo_distribucion] ([plazo_distribucion_id], [activo], [nombre], [tiempo_envio], [tipo_plazo_distribucion_id]) VALUES (2, 1, N'72 HORAS', 72, 2)
INSERT [dbo].[plazo_distribucion] ([plazo_distribucion_id], [activo], [nombre], [tiempo_envio], [tipo_plazo_distribucion_id]) VALUES (3, 1, N'48 HORAS', 48, 2)
INSERT [dbo].[plazo_distribucion] ([plazo_distribucion_id], [activo], [nombre], [tiempo_envio], [tipo_plazo_distribucion_id]) VALUES (4, 1, N'24 HORAS', 24, 2)
INSERT [dbo].[plazo_distribucion] ([plazo_distribucion_id], [activo], [nombre], [tiempo_envio], [tipo_plazo_distribucion_id]) VALUES (5, 1, N'4 HORAS', 4, 2)
INSERT [dbo].[plazo_distribucion] ([plazo_distribucion_id], [activo], [nombre], [tiempo_envio], [tipo_plazo_distribucion_id]) VALUES (6, 1, N'2 HORAS', 2, 2)
SET IDENTITY_INSERT [dbo].[plazo_distribucion] OFF
SET IDENTITY_INSERT [dbo].[tipo_seguridad] ON 

INSERT [dbo].[tipo_seguridad] ([tipo_seguridad_id], [activo], [nombre]) VALUES (1, 1, N'SIN GPS')
INSERT [dbo].[tipo_seguridad] ([tipo_seguridad_id], [activo], [nombre]) VALUES (2, 1, N'GPS BÁSICO')
SET IDENTITY_INSERT [dbo].[tipo_seguridad] OFF
SET IDENTITY_INSERT [dbo].[tipo_servicio] ON 

INSERT [dbo].[tipo_servicio] ([tipo_servicio_id], [activo], [nombre]) VALUES (1, 1, N'DISTRIBUCIÓN')
SET IDENTITY_INSERT [dbo].[tipo_servicio] OFF
SET IDENTITY_INSERT [dbo].[envio] ON 

INSERT [dbo].[envio] ([envio_id], [autorizado], [buzon_id], [producto_id], [ruta_autorizacion], [sede_id], [tipo_clasificacion_id], [plazo_distribucion_id], [tipo_seguridad_id], [tipo_servicio_id]) VALUES (1, 1, 5, 1, NULL, 4, 1, 1, 1, 1)
INSERT [dbo].[envio] ([envio_id], [autorizado], [buzon_id], [producto_id], [ruta_autorizacion], [sede_id], [tipo_clasificacion_id], [plazo_distribucion_id], [tipo_seguridad_id], [tipo_servicio_id]) VALUES (2, 1, 5, 1, NULL, 4, 1, 1, 1, 1)
INSERT [dbo].[envio] ([envio_id], [autorizado], [buzon_id], [producto_id], [ruta_autorizacion], [sede_id], [tipo_clasificacion_id], [plazo_distribucion_id], [tipo_seguridad_id], [tipo_servicio_id]) VALUES (3, 1, 5, 2, NULL, 4, 1, 1, 1, 1)
INSERT [dbo].[envio] ([envio_id], [autorizado], [buzon_id], [producto_id], [ruta_autorizacion], [sede_id], [tipo_clasificacion_id], [plazo_distribucion_id], [tipo_seguridad_id], [tipo_servicio_id]) VALUES (4, 1, 5, 3, NULL, 4, 1, 1, 1, 1)
INSERT [dbo].[envio] ([envio_id], [autorizado], [buzon_id], [producto_id], [ruta_autorizacion], [sede_id], [tipo_clasificacion_id], [plazo_distribucion_id], [tipo_seguridad_id], [tipo_servicio_id]) VALUES (5, 1, 5, 3, NULL, 4, 1, 1, 1, 1)
INSERT [dbo].[envio] ([envio_id], [autorizado], [buzon_id], [producto_id], [ruta_autorizacion], [sede_id], [tipo_clasificacion_id], [plazo_distribucion_id], [tipo_seguridad_id], [tipo_servicio_id]) VALUES (6, 1, 5, 1, NULL, 5, 1, 2, 1, 1)
INSERT [dbo].[envio] ([envio_id], [autorizado], [buzon_id], [producto_id], [ruta_autorizacion], [sede_id], [tipo_clasificacion_id], [plazo_distribucion_id], [tipo_seguridad_id], [tipo_servicio_id]) VALUES (7, 1, 5, 2, NULL, 5, 1, 2, 1, 1)
INSERT [dbo].[envio] ([envio_id], [autorizado], [buzon_id], [producto_id], [ruta_autorizacion], [sede_id], [tipo_clasificacion_id], [plazo_distribucion_id], [tipo_seguridad_id], [tipo_servicio_id]) VALUES (8, 1, 5, 2, NULL, 5, 1, 2, 1, 1)
INSERT [dbo].[envio] ([envio_id], [autorizado], [buzon_id], [producto_id], [ruta_autorizacion], [sede_id], [tipo_clasificacion_id], [plazo_distribucion_id], [tipo_seguridad_id], [tipo_servicio_id]) VALUES (9, 0, 5, 1, N'9.pdf', 6, 1, 3, 1, 1)
INSERT [dbo].[envio] ([envio_id], [autorizado], [buzon_id], [producto_id], [ruta_autorizacion], [sede_id], [tipo_clasificacion_id], [plazo_distribucion_id], [tipo_seguridad_id], [tipo_servicio_id]) VALUES (10, 0, 5, 3, N'10.pdf', 6, 1, 3, 1, 1)
INSERT [dbo].[envio] ([envio_id], [autorizado], [buzon_id], [producto_id], [ruta_autorizacion], [sede_id], [tipo_clasificacion_id], [plazo_distribucion_id], [tipo_seguridad_id], [tipo_servicio_id]) VALUES (11, 0, 5, 3, N'11.pdf', 6, 2, 3, 2, 1)
INSERT [dbo].[envio] ([envio_id], [autorizado], [buzon_id], [producto_id], [ruta_autorizacion], [sede_id], [tipo_clasificacion_id], [plazo_distribucion_id], [tipo_seguridad_id], [tipo_servicio_id]) VALUES (12, 0, 5, 1, N'12.pdf', 6, 2, 4, 2, 1)
INSERT [dbo].[envio] ([envio_id], [autorizado], [buzon_id], [producto_id], [ruta_autorizacion], [sede_id], [tipo_clasificacion_id], [plazo_distribucion_id], [tipo_seguridad_id], [tipo_servicio_id]) VALUES (13, 0, 5, 3, N'13.pdf', 6, 2, 4, 2, 1)
INSERT [dbo].[envio] ([envio_id], [autorizado], [buzon_id], [producto_id], [ruta_autorizacion], [sede_id], [tipo_clasificacion_id], [plazo_distribucion_id], [tipo_seguridad_id], [tipo_servicio_id]) VALUES (14, 0, 5, 2, N'14.pdf', 6, 2, 4, 2, 1)
INSERT [dbo].[envio] ([envio_id], [autorizado], [buzon_id], [producto_id], [ruta_autorizacion], [sede_id], [tipo_clasificacion_id], [plazo_distribucion_id], [tipo_seguridad_id], [tipo_servicio_id]) VALUES (15, 0, 5, 2, N'15.pdf', 6, 2, 5, 2, 1)
INSERT [dbo].[envio] ([envio_id], [autorizado], [buzon_id], [producto_id], [ruta_autorizacion], [sede_id], [tipo_clasificacion_id], [plazo_distribucion_id], [tipo_seguridad_id], [tipo_servicio_id]) VALUES (16, 0, 5, 3, N'16.pdf', 6, 2, 5, 2, 1)
INSERT [dbo].[envio] ([envio_id], [autorizado], [buzon_id], [producto_id], [ruta_autorizacion], [sede_id], [tipo_clasificacion_id], [plazo_distribucion_id], [tipo_seguridad_id], [tipo_servicio_id]) VALUES (17, 0, 5, 3, N'17.pdf', 6, 2, 5, 2, 1)
INSERT [dbo].[envio] ([envio_id], [autorizado], [buzon_id], [producto_id], [ruta_autorizacion], [sede_id], [tipo_clasificacion_id], [plazo_distribucion_id], [tipo_seguridad_id], [tipo_servicio_id]) VALUES (18, 0, 5, 2, N'18.pdf', 6, 2, 6, 2, 1)
INSERT [dbo].[envio] ([envio_id], [autorizado], [buzon_id], [producto_id], [ruta_autorizacion], [sede_id], [tipo_clasificacion_id], [plazo_distribucion_id], [tipo_seguridad_id], [tipo_servicio_id]) VALUES (19, 0, 5, 1, N'19.pdf', 6, 2, 6, 2, 1)
INSERT [dbo].[envio] ([envio_id], [autorizado], [buzon_id], [producto_id], [ruta_autorizacion], [sede_id], [tipo_clasificacion_id], [plazo_distribucion_id], [tipo_seguridad_id], [tipo_servicio_id]) VALUES (20, 1, 6, 1, NULL, 3, 1, 1, 1, 1)
INSERT [dbo].[envio] ([envio_id], [autorizado], [buzon_id], [producto_id], [ruta_autorizacion], [sede_id], [tipo_clasificacion_id], [plazo_distribucion_id], [tipo_seguridad_id], [tipo_servicio_id]) VALUES (21, 1, 6, 2, NULL, 3, 1, 1, 1, 1)
INSERT [dbo].[envio] ([envio_id], [autorizado], [buzon_id], [producto_id], [ruta_autorizacion], [sede_id], [tipo_clasificacion_id], [plazo_distribucion_id], [tipo_seguridad_id], [tipo_servicio_id]) VALUES (22, 1, 6, 3, NULL, 3, 1, 1, 1, 1)
INSERT [dbo].[envio] ([envio_id], [autorizado], [buzon_id], [producto_id], [ruta_autorizacion], [sede_id], [tipo_clasificacion_id], [plazo_distribucion_id], [tipo_seguridad_id], [tipo_servicio_id]) VALUES (23, 1, 6, 1, NULL, 3, 1, 1, 1, 1)
INSERT [dbo].[envio] ([envio_id], [autorizado], [buzon_id], [producto_id], [ruta_autorizacion], [sede_id], [tipo_clasificacion_id], [plazo_distribucion_id], [tipo_seguridad_id], [tipo_servicio_id]) VALUES (24, 1, 6, 3, NULL, 3, 1, 1, 1, 1)
INSERT [dbo].[envio] ([envio_id], [autorizado], [buzon_id], [producto_id], [ruta_autorizacion], [sede_id], [tipo_clasificacion_id], [plazo_distribucion_id], [tipo_seguridad_id], [tipo_servicio_id]) VALUES (25, 0, 6, 3, N'25.pdf', 5, 1, 2, 1, 1)
INSERT [dbo].[envio] ([envio_id], [autorizado], [buzon_id], [producto_id], [ruta_autorizacion], [sede_id], [tipo_clasificacion_id], [plazo_distribucion_id], [tipo_seguridad_id], [tipo_servicio_id]) VALUES (26, 0, 6, 2, N'26.pdf', 5, 1, 2, 1, 1)
INSERT [dbo].[envio] ([envio_id], [autorizado], [buzon_id], [producto_id], [ruta_autorizacion], [sede_id], [tipo_clasificacion_id], [plazo_distribucion_id], [tipo_seguridad_id], [tipo_servicio_id]) VALUES (27, 0, 6, 2, N'27.pdf', 5, 1, 2, 1, 1)
INSERT [dbo].[envio] ([envio_id], [autorizado], [buzon_id], [producto_id], [ruta_autorizacion], [sede_id], [tipo_clasificacion_id], [plazo_distribucion_id], [tipo_seguridad_id], [tipo_servicio_id]) VALUES (28, 0, 6, 3, N'28.pdf', 5, 1, 3, 1, 1)
INSERT [dbo].[envio] ([envio_id], [autorizado], [buzon_id], [producto_id], [ruta_autorizacion], [sede_id], [tipo_clasificacion_id], [plazo_distribucion_id], [tipo_seguridad_id], [tipo_servicio_id]) VALUES (29, 0, 6, 3, N'29.pdf', 5, 1, 3, 1, 1)
INSERT [dbo].[envio] ([envio_id], [autorizado], [buzon_id], [producto_id], [ruta_autorizacion], [sede_id], [tipo_clasificacion_id], [plazo_distribucion_id], [tipo_seguridad_id], [tipo_servicio_id]) VALUES (30, 0, 6, 3, N'30.pdf', 5, 1, 3, 1, 1)
INSERT [dbo].[envio] ([envio_id], [autorizado], [buzon_id], [producto_id], [ruta_autorizacion], [sede_id], [tipo_clasificacion_id], [plazo_distribucion_id], [tipo_seguridad_id], [tipo_servicio_id]) VALUES (31, 0, 6, 2, N'31.pdf', 5, 2, 4, 2, 1)
INSERT [dbo].[envio] ([envio_id], [autorizado], [buzon_id], [producto_id], [ruta_autorizacion], [sede_id], [tipo_clasificacion_id], [plazo_distribucion_id], [tipo_seguridad_id], [tipo_servicio_id]) VALUES (32, 0, 6, 3, N'32.pdf', 5, 2, 4, 2, 1)
INSERT [dbo].[envio] ([envio_id], [autorizado], [buzon_id], [producto_id], [ruta_autorizacion], [sede_id], [tipo_clasificacion_id], [plazo_distribucion_id], [tipo_seguridad_id], [tipo_servicio_id]) VALUES (33, 0, 6, 2, N'33.pdf', 5, 2, 4, 2, 1)
INSERT [dbo].[envio] ([envio_id], [autorizado], [buzon_id], [producto_id], [ruta_autorizacion], [sede_id], [tipo_clasificacion_id], [plazo_distribucion_id], [tipo_seguridad_id], [tipo_servicio_id]) VALUES (34, 0, 6, 3, N'34.pdf', 5, 2, 4, 2, 1)
INSERT [dbo].[envio] ([envio_id], [autorizado], [buzon_id], [producto_id], [ruta_autorizacion], [sede_id], [tipo_clasificacion_id], [plazo_distribucion_id], [tipo_seguridad_id], [tipo_servicio_id]) VALUES (35, 0, 6, 2, N'35.pdf', 6, 2, 5, 2, 1)
INSERT [dbo].[envio] ([envio_id], [autorizado], [buzon_id], [producto_id], [ruta_autorizacion], [sede_id], [tipo_clasificacion_id], [plazo_distribucion_id], [tipo_seguridad_id], [tipo_servicio_id]) VALUES (36, 0, 6, 3, N'36.pdf', 6, 2, 5, 2, 1)
INSERT [dbo].[envio] ([envio_id], [autorizado], [buzon_id], [producto_id], [ruta_autorizacion], [sede_id], [tipo_clasificacion_id], [plazo_distribucion_id], [tipo_seguridad_id], [tipo_servicio_id]) VALUES (37, 0, 6, 3, N'37.pdf', 6, 2, 6, 2, 1)
INSERT [dbo].[envio] ([envio_id], [autorizado], [buzon_id], [producto_id], [ruta_autorizacion], [sede_id], [tipo_clasificacion_id], [plazo_distribucion_id], [tipo_seguridad_id], [tipo_servicio_id]) VALUES (38, 0, 6, 1, N'38.pdf', 6, 2, 6, 2, 1)
INSERT [dbo].[envio] ([envio_id], [autorizado], [buzon_id], [producto_id], [ruta_autorizacion], [sede_id], [tipo_clasificacion_id], [plazo_distribucion_id], [tipo_seguridad_id], [tipo_servicio_id]) VALUES (39, 0, 6, 2, N'39.pdf', 6, 2, 6, 2, 1)
SET IDENTITY_INSERT [dbo].[envio] OFF
SET IDENTITY_INSERT [dbo].[documento] ON 

INSERT [dbo].[documento] ([documento_id], [codigo_devolucion], [contacto_destino], [direccion], [distrito_id], [documento_autogenerado], [nro_documento], [razon_social_destino], [recepcionado], [referencia], [telefono], [envio_id]) VALUES (1, NULL, N'', N'DIRECCION 1', 1290, N'EX00000001', N'1', N'RONALD SANTOS', 0, N'', N'TELEFONO 1', 1)
INSERT [dbo].[documento] ([documento_id], [codigo_devolucion], [contacto_destino], [direccion], [distrito_id], [documento_autogenerado], [nro_documento], [razon_social_destino], [recepcionado], [referencia], [telefono], [envio_id]) VALUES (2, NULL, N'CONTACTO 11', N'DIRECCION 41', 1319, N'EX00000002', N'1', N'RONALD SANTOS', 0, NULL, N'TELEFONO 1', 2)
INSERT [dbo].[documento] ([documento_id], [codigo_devolucion], [contacto_destino], [direccion], [distrito_id], [documento_autogenerado], [nro_documento], [razon_social_destino], [recepcionado], [referencia], [telefono], [envio_id]) VALUES (3, NULL, NULL, N'DIRECCION 41', 1288, N'EX00000003', N'1', N'EXACT SAC', 0, NULL, N'TELEFONO 1', 3)
INSERT [dbo].[documento] ([documento_id], [codigo_devolucion], [contacto_destino], [direccion], [distrito_id], [documento_autogenerado], [nro_documento], [razon_social_destino], [recepcionado], [referencia], [telefono], [envio_id]) VALUES (4, NULL, N'CONTACTO 31', N'DIRECCION 43', 1451, N'EX00000004', N'1', N'EXACT SAC', 0, NULL, N'TELEFONO 1', 4)
INSERT [dbo].[documento] ([documento_id], [codigo_devolucion], [contacto_destino], [direccion], [distrito_id], [documento_autogenerado], [nro_documento], [razon_social_destino], [recepcionado], [referencia], [telefono], [envio_id]) VALUES (5, NULL, N'CONTACTO 11', N'DIRECCION 41', 1324, N'EX00000005', N'1', N'EXACT SAC', 0, NULL, N'TELEFONO 1', 5)
INSERT [dbo].[documento] ([documento_id], [codigo_devolucion], [contacto_destino], [direccion], [distrito_id], [documento_autogenerado], [nro_documento], [razon_social_destino], [recepcionado], [referencia], [telefono], [envio_id]) VALUES (6, NULL, N'CONTACTO 43', N'DIRECCION 11', 1448, N'EX00000006', N'1', N'EXACT SAC', 0, NULL, N'TELEFONO 1', 6)
INSERT [dbo].[documento] ([documento_id], [codigo_devolucion], [contacto_destino], [direccion], [distrito_id], [documento_autogenerado], [nro_documento], [razon_social_destino], [recepcionado], [referencia], [telefono], [envio_id]) VALUES (7, NULL, N'CONTACTO 31', N'DIRECCION 51', 1292, N'EX00000007', N'1', N'EXACT SAC ', 0, NULL, N'TELEFONO 1', 7)
INSERT [dbo].[documento] ([documento_id], [codigo_devolucion], [contacto_destino], [direccion], [distrito_id], [documento_autogenerado], [nro_documento], [razon_social_destino], [recepcionado], [referencia], [telefono], [envio_id]) VALUES (8, NULL, N'CONTACTO 11', N'DIRECCION 51', 1244, N'EX00000008', N'1', N'EXACT SAC', 0, NULL, N'TELEFONO 1', 8)
INSERT [dbo].[documento] ([documento_id], [codigo_devolucion], [contacto_destino], [direccion], [distrito_id], [documento_autogenerado], [nro_documento], [razon_social_destino], [recepcionado], [referencia], [telefono], [envio_id]) VALUES (9, NULL, N'CONTACTO 11', N'DIRECCION 31', 1457, N'EX00000009', N'1', N'EXACT SAC', 0, N'', N'TELEFONO 1', 9)
INSERT [dbo].[documento] ([documento_id], [codigo_devolucion], [contacto_destino], [direccion], [distrito_id], [documento_autogenerado], [nro_documento], [razon_social_destino], [recepcionado], [referencia], [telefono], [envio_id]) VALUES (10, NULL, N'CONTACTO 11', N'DIRECCION 31', 1457, N'EX00000010', N'1', N'EXACT SAC', 0, N'', N'TELEFONO 1', 9)
INSERT [dbo].[documento] ([documento_id], [codigo_devolucion], [contacto_destino], [direccion], [distrito_id], [documento_autogenerado], [nro_documento], [razon_social_destino], [recepcionado], [referencia], [telefono], [envio_id]) VALUES (11, NULL, N'CONTACTO 43', N'DIRECCION 43', 389, N'EX00000011', N'1', N'EXACT SAC', 0, NULL, N'TELEFONO 1', 10)
INSERT [dbo].[documento] ([documento_id], [codigo_devolucion], [contacto_destino], [direccion], [distrito_id], [documento_autogenerado], [nro_documento], [razon_social_destino], [recepcionado], [referencia], [telefono], [envio_id]) VALUES (12, NULL, N'CONTACTO 51', N'DIRECCION 41', 1267, N'EX00000012', N'1', N'EXACT SAC', 0, N'', N'TELEFONO 1', 11)
INSERT [dbo].[documento] ([documento_id], [codigo_devolucion], [contacto_destino], [direccion], [distrito_id], [documento_autogenerado], [nro_documento], [razon_social_destino], [recepcionado], [referencia], [telefono], [envio_id]) VALUES (13, NULL, N'CONTACTO 31', N'DIRECCION 43', 1266, N'EX00000013', N'1', N'EXACT SAC', 0, N'', N'TELEFONO 1', 12)
INSERT [dbo].[documento] ([documento_id], [codigo_devolucion], [contacto_destino], [direccion], [distrito_id], [documento_autogenerado], [nro_documento], [razon_social_destino], [recepcionado], [referencia], [telefono], [envio_id]) VALUES (14, NULL, N'CONTACTO 43', N'DIRECCION 41', 472, N'EX00000014', N'1', N'EXACT SAC', 0, NULL, N'TELEFONO 1', 13)
INSERT [dbo].[documento] ([documento_id], [codigo_devolucion], [contacto_destino], [direccion], [distrito_id], [documento_autogenerado], [nro_documento], [razon_social_destino], [recepcionado], [referencia], [telefono], [envio_id]) VALUES (15, NULL, N'CONTACTO 11', N'DIRECCION 31', 1330, N'EX00000015', N'1', N'EXACT SAC', 0, NULL, N'TELEFONO 1', 14)
INSERT [dbo].[documento] ([documento_id], [codigo_devolucion], [contacto_destino], [direccion], [distrito_id], [documento_autogenerado], [nro_documento], [razon_social_destino], [recepcionado], [referencia], [telefono], [envio_id]) VALUES (16, NULL, N'CONTACTO 31', N'DIRECCION 11', 1325, N'EX00000016', N'1', N'EXACT SAC', 0, N'', N'TELEFONO 1', 15)
INSERT [dbo].[documento] ([documento_id], [codigo_devolucion], [contacto_destino], [direccion], [distrito_id], [documento_autogenerado], [nro_documento], [razon_social_destino], [recepcionado], [referencia], [telefono], [envio_id]) VALUES (17, NULL, N'CONTACTO 43', N'DIRECCION 51', 1373, N'EX00000017', N'1', N'EXACT SAC', 0, NULL, N'TELEFONO 1', 16)
INSERT [dbo].[documento] ([documento_id], [codigo_devolucion], [contacto_destino], [direccion], [distrito_id], [documento_autogenerado], [nro_documento], [razon_social_destino], [recepcionado], [referencia], [telefono], [envio_id]) VALUES (18, NULL, N'CONTACTO 41', N'DIRECCION 51', 377, N'EX00000018', N'1', N'EXACT SAC', 0, N'', N'TELEFONO 1', 17)
INSERT [dbo].[documento] ([documento_id], [codigo_devolucion], [contacto_destino], [direccion], [distrito_id], [documento_autogenerado], [nro_documento], [razon_social_destino], [recepcionado], [referencia], [telefono], [envio_id]) VALUES (19, NULL, N'CONTACTO 51', N'DIRECCION 51', 1287, N'EX00000019', N'1', N'EXACT SAC', 0, NULL, N'TELEFONO 1', 18)
INSERT [dbo].[documento] ([documento_id], [codigo_devolucion], [contacto_destino], [direccion], [distrito_id], [documento_autogenerado], [nro_documento], [razon_social_destino], [recepcionado], [referencia], [telefono], [envio_id]) VALUES (20, NULL, N'CONTACTO 41', N'DIRECCION 51', 751, N'EX00000020', N'1', N'EXACT SAC', 0, NULL, N'TELEFONO 1', 19)
INSERT [dbo].[documento] ([documento_id], [codigo_devolucion], [contacto_destino], [direccion], [distrito_id], [documento_autogenerado], [nro_documento], [razon_social_destino], [recepcionado], [referencia], [telefono], [envio_id]) VALUES (21, NULL, N'CONTACTO 43', N'DIRECCION 51', 1343, N'EX00000021', N'1', N'EXACT SAC', 0, N'', N'TELEFONO 1', 20)
INSERT [dbo].[documento] ([documento_id], [codigo_devolucion], [contacto_destino], [direccion], [distrito_id], [documento_autogenerado], [nro_documento], [razon_social_destino], [recepcionado], [referencia], [telefono], [envio_id]) VALUES (22, NULL, N'CONTACTO 43', N'DIRECCION 11', 1279, N'EX00000022', N'1', N'EXACT SAC', 0, NULL, N'TELEFONO 1', 21)
INSERT [dbo].[documento] ([documento_id], [codigo_devolucion], [contacto_destino], [direccion], [distrito_id], [documento_autogenerado], [nro_documento], [razon_social_destino], [recepcionado], [referencia], [telefono], [envio_id]) VALUES (23, NULL, N'CONTACTO 43', N'DIRECCION 31', 1528, N'EX00000023', N'1', N'EXACT SAC', 0, NULL, N'TELEFONO 1', 22)
INSERT [dbo].[documento] ([documento_id], [codigo_devolucion], [contacto_destino], [direccion], [distrito_id], [documento_autogenerado], [nro_documento], [razon_social_destino], [recepcionado], [referencia], [telefono], [envio_id]) VALUES (24, NULL, N'CONTACTO 43', N'DIRECCION 31', 1464, N'EX00000024', N'1', N'EXACT SAC', 0, NULL, N'TELEFONO 1', 23)
INSERT [dbo].[documento] ([documento_id], [codigo_devolucion], [contacto_destino], [direccion], [distrito_id], [documento_autogenerado], [nro_documento], [razon_social_destino], [recepcionado], [referencia], [telefono], [envio_id]) VALUES (25, NULL, N'CONTACTO 43', N'DIRECCION 41', 1320, N'EX00000025', N'1', N'EXACT SAC', 0, NULL, N'TELEFONO 1', 24)
INSERT [dbo].[documento] ([documento_id], [codigo_devolucion], [contacto_destino], [direccion], [distrito_id], [documento_autogenerado], [nro_documento], [razon_social_destino], [recepcionado], [referencia], [telefono], [envio_id]) VALUES (26, NULL, N'CONTACTO 43', N'DIRECCION 31', 1471, N'EX00000026', N'1', N'EXACT SAC', 0, N'', N'TELEFONO 1', 25)
INSERT [dbo].[documento] ([documento_id], [codigo_devolucion], [contacto_destino], [direccion], [distrito_id], [documento_autogenerado], [nro_documento], [razon_social_destino], [recepcionado], [referencia], [telefono], [envio_id]) VALUES (27, NULL, N'CONTACTO 11', N'DIRECCION 51', 1285, N'EX00000027', N'1', N'EXACT SAC', 0, NULL, N'TELEFONO 1', 26)
INSERT [dbo].[documento] ([documento_id], [codigo_devolucion], [contacto_destino], [direccion], [distrito_id], [documento_autogenerado], [nro_documento], [razon_social_destino], [recepcionado], [referencia], [telefono], [envio_id]) VALUES (28, NULL, N'CONTACTO 31', N'DIRECCION 51', 1465, N'EX00000028', N'1', N'EXACT SAC', 0, N'', N'TELEFONO 1', 27)
INSERT [dbo].[documento] ([documento_id], [codigo_devolucion], [contacto_destino], [direccion], [distrito_id], [documento_autogenerado], [nro_documento], [razon_social_destino], [recepcionado], [referencia], [telefono], [envio_id]) VALUES (29, NULL, N'CONTACTO 31', N'DIRECCION 51', 1474, N'EX00000029', N'1', N'EXACT SAC', 0, NULL, N'TELEFONO 1', 28)
INSERT [dbo].[documento] ([documento_id], [codigo_devolucion], [contacto_destino], [direccion], [distrito_id], [documento_autogenerado], [nro_documento], [razon_social_destino], [recepcionado], [referencia], [telefono], [envio_id]) VALUES (30, NULL, N'CONTACTO 51', N'DIRECCION 41', 1321, N'EX00000030', N'1', N'EXACT SAC', 0, NULL, N'TELEFONO 1', 29)
INSERT [dbo].[documento] ([documento_id], [codigo_devolucion], [contacto_destino], [direccion], [distrito_id], [documento_autogenerado], [nro_documento], [razon_social_destino], [recepcionado], [referencia], [telefono], [envio_id]) VALUES (31, NULL, N'CONTACTO 43', N'DIRECCION 31', 1278, N'EX00000031', N'1', N'EXACT SAC', 0, N'', N'TELEFONO 1', 30)
INSERT [dbo].[documento] ([documento_id], [codigo_devolucion], [contacto_destino], [direccion], [distrito_id], [documento_autogenerado], [nro_documento], [razon_social_destino], [recepcionado], [referencia], [telefono], [envio_id]) VALUES (32, NULL, N'CONTACTO 11', N'DIRECCION 31', 1287, N'EX00000032', N'1', N'EXACT SAC', 0, N'', N'TELEFONO 1', 31)
INSERT [dbo].[documento] ([documento_id], [codigo_devolucion], [contacto_destino], [direccion], [distrito_id], [documento_autogenerado], [nro_documento], [razon_social_destino], [recepcionado], [referencia], [telefono], [envio_id]) VALUES (33, NULL, N'CONTACTO 11', N'DIRECCION 41', 1286, N'EX00000033', N'1', N'EXACT SAC', 0, NULL, N'TELEFONO 1', 32)
INSERT [dbo].[documento] ([documento_id], [codigo_devolucion], [contacto_destino], [direccion], [distrito_id], [documento_autogenerado], [nro_documento], [razon_social_destino], [recepcionado], [referencia], [telefono], [envio_id]) VALUES (34, NULL, N'CONTACTO 31', N'DIRECCION 51', 1446, N'EX00000034', N'1', N'EXACT SAC', 0, NULL, N'TELEFONO 1', 33)
INSERT [dbo].[documento] ([documento_id], [codigo_devolucion], [contacto_destino], [direccion], [distrito_id], [documento_autogenerado], [nro_documento], [razon_social_destino], [recepcionado], [referencia], [telefono], [envio_id]) VALUES (35, NULL, N'CONTACTO 11', N'DIRECCION 51', 1281, N'EX00000035', N'1', N'EXACT SAC', 0, N'', N'TELEFONO 1', 34)
INSERT [dbo].[documento] ([documento_id], [codigo_devolucion], [contacto_destino], [direccion], [distrito_id], [documento_autogenerado], [nro_documento], [razon_social_destino], [recepcionado], [referencia], [telefono], [envio_id]) VALUES (36, NULL, N'CONTACTO 11', N'DIRECCION 43', 1280, N'EX00000036', N'1', N'EXACT SAC', 0, NULL, N'TELEFONO 1', 35)
INSERT [dbo].[documento] ([documento_id], [codigo_devolucion], [contacto_destino], [direccion], [distrito_id], [documento_autogenerado], [nro_documento], [razon_social_destino], [recepcionado], [referencia], [telefono], [envio_id]) VALUES (37, NULL, N'CONTACTO 31', N'DIRECCION 43', 1277, N'EX00000037', N'1', N'EXACT SAC', 0, NULL, N'TELEFONO 1', 36)
INSERT [dbo].[documento] ([documento_id], [codigo_devolucion], [contacto_destino], [direccion], [distrito_id], [documento_autogenerado], [nro_documento], [razon_social_destino], [recepcionado], [referencia], [telefono], [envio_id]) VALUES (38, NULL, N'CONTACTO 41', N'DIRECCION 51', 1279, N'EX00000038', N'1', N'EXACT SAC', 0, NULL, N'TELEFONO 1', 37)
INSERT [dbo].[documento] ([documento_id], [codigo_devolucion], [contacto_destino], [direccion], [distrito_id], [documento_autogenerado], [nro_documento], [razon_social_destino], [recepcionado], [referencia], [telefono], [envio_id]) VALUES (39, NULL, N'CONTACTO 31', N'DIRECCION 43', 767, N'EX00000039', N'1', N'EXACT SAC', 0, NULL, N'TELEFONO 1', 38)
INSERT [dbo].[documento] ([documento_id], [codigo_devolucion], [contacto_destino], [direccion], [distrito_id], [documento_autogenerado], [nro_documento], [razon_social_destino], [recepcionado], [referencia], [telefono], [envio_id]) VALUES (40, NULL, N'CONTACTO 41', N'DIRECCION 11', 1245, N'EX00000040', N'1', N'EXACT SAC', 0, NULL, N'TELEFONO 1', 39)
SET IDENTITY_INSERT [dbo].[documento] OFF
SET IDENTITY_INSERT [dbo].[proveedor] ON 

INSERT [dbo].[proveedor] ([proveedor_id], [activo], [nombre]) VALUES (1, 1, N'DOCFLOW')
INSERT [dbo].[proveedor] ([proveedor_id], [activo], [nombre]) VALUES (2, 1, N'URBANO')
SET IDENTITY_INSERT [dbo].[proveedor] OFF
SET IDENTITY_INSERT [dbo].[tipo_estado_documento] ON 

INSERT [dbo].[tipo_estado_documento] ([tipo_estado_documento_id], [nombre]) VALUES (1, N'ESTADOS UTD')
INSERT [dbo].[tipo_estado_documento] ([tipo_estado_documento_id], [nombre]) VALUES (2, N'RESULTADOS PROVEEDOR')
SET IDENTITY_INSERT [dbo].[tipo_estado_documento] OFF
SET IDENTITY_INSERT [dbo].[estado_documento] ON 

INSERT [dbo].[estado_documento] ([estado_documento_id], [nombre], [tipo_estado_documento_id]) VALUES (1, N'CREADO', 1)
INSERT [dbo].[estado_documento] ([estado_documento_id], [nombre], [tipo_estado_documento_id]) VALUES (2, N'CUSTODIADO', 1)
INSERT [dbo].[estado_documento] ([estado_documento_id], [nombre], [tipo_estado_documento_id]) VALUES (3, N'PENDIENTE DE ENTREGA', 1)
INSERT [dbo].[estado_documento] ([estado_documento_id], [nombre], [tipo_estado_documento_id]) VALUES (4, N'ENTREGADO', 2)
INSERT [dbo].[estado_documento] ([estado_documento_id], [nombre], [tipo_estado_documento_id]) VALUES (5, N'REZAGADO', 2)
INSERT [dbo].[estado_documento] ([estado_documento_id], [nombre], [tipo_estado_documento_id]) VALUES (6, N'NO DISTRIBUIBLE', 2)
INSERT [dbo].[estado_documento] ([estado_documento_id], [nombre], [tipo_estado_documento_id]) VALUES (7, N'DENEGADO', 1)
INSERT [dbo].[estado_documento] ([estado_documento_id], [nombre], [tipo_estado_documento_id]) VALUES (8, N'ELIMINADO', 1)
SET IDENTITY_INSERT [dbo].[estado_documento] OFF
SET IDENTITY_INSERT [dbo].[motivo_estado] ON 

INSERT [dbo].[motivo_estado] ([motivo_estado_id], [nombre], [estado_documento_id]) VALUES (1, N'ENTREGADO A TERCERO', 4)
INSERT [dbo].[motivo_estado] ([motivo_estado_id], [nombre], [estado_documento_id]) VALUES (2, N'ENTREGADO A TITULAR', 4)
INSERT [dbo].[motivo_estado] ([motivo_estado_id], [nombre], [estado_documento_id]) VALUES (3, N'ENTREGADO CON FIRMA', 4)
INSERT [dbo].[motivo_estado] ([motivo_estado_id], [nombre], [estado_documento_id]) VALUES (4, N'ENTREGADO CON SELLO', 4)
INSERT [dbo].[motivo_estado] ([motivo_estado_id], [nombre], [estado_documento_id]) VALUES (5, N'ENTREGADO EN AGENCIA', 4)
INSERT [dbo].[motivo_estado] ([motivo_estado_id], [nombre], [estado_documento_id]) VALUES (6, N'ENTREGADO SIN SELLO', 4)
INSERT [dbo].[motivo_estado] ([motivo_estado_id], [nombre], [estado_documento_id]) VALUES (7, N'BUZON', 4)
INSERT [dbo].[motivo_estado] ([motivo_estado_id], [nombre], [estado_documento_id]) VALUES (8, N'BAJO PUERTA', 4)
INSERT [dbo].[motivo_estado] ([motivo_estado_id], [nombre], [estado_documento_id]) VALUES (9, N'AUSENTE', 5)
INSERT [dbo].[motivo_estado] ([motivo_estado_id], [nombre], [estado_documento_id]) VALUES (10, N'DIRECCION INCORRECTA', 5)
INSERT [dbo].[motivo_estado] ([motivo_estado_id], [nombre], [estado_documento_id]) VALUES (11, N'SE MUDO', 5)
INSERT [dbo].[motivo_estado] ([motivo_estado_id], [nombre], [estado_documento_id]) VALUES (12, N'DESCONOCIDO', 5)
INSERT [dbo].[motivo_estado] ([motivo_estado_id], [nombre], [estado_documento_id]) VALUES (13, N'RECHAZADO', 5)
INSERT [dbo].[motivo_estado] ([motivo_estado_id], [nombre], [estado_documento_id]) VALUES (14, N'NO PERMITE ENTREGA', 5)
INSERT [dbo].[motivo_estado] ([motivo_estado_id], [nombre], [estado_documento_id]) VALUES (15, N'FALLECIDO', 5)
INSERT [dbo].[motivo_estado] ([motivo_estado_id], [nombre], [estado_documento_id]) VALUES (16, N'EXTRAVIADO/ROBADO', 6)
INSERT [dbo].[motivo_estado] ([motivo_estado_id], [nombre], [estado_documento_id]) VALUES (17, N'FALTANTE', 6)
INSERT [dbo].[motivo_estado] ([motivo_estado_id], [nombre], [estado_documento_id]) VALUES (18, N'ANULADO', 6)
INSERT [dbo].[motivo_estado] ([motivo_estado_id], [nombre], [estado_documento_id]) VALUES (19, N'DEVUELTO', 6)
INSERT [dbo].[motivo_estado] ([motivo_estado_id], [nombre], [estado_documento_id]) VALUES (20, N'ZONA PELIGROSA', 6)
INSERT [dbo].[motivo_estado] ([motivo_estado_id], [nombre], [estado_documento_id]) VALUES (21, N'SIN COBERTURA', 6)
INSERT [dbo].[motivo_estado] ([motivo_estado_id], [nombre], [estado_documento_id]) VALUES (22, N'NO EXISTE', 6)
INSERT [dbo].[motivo_estado] ([motivo_estado_id], [nombre], [estado_documento_id]) VALUES (23, N'NO ACCESIBLE', 6)
INSERT [dbo].[motivo_estado] ([motivo_estado_id], [nombre], [estado_documento_id]) VALUES (24, N'SIN FISICO', 6)
INSERT [dbo].[motivo_estado] ([motivo_estado_id], [nombre], [estado_documento_id]) VALUES (25, N'SIN RECOJO', 6)
INSERT [dbo].[motivo_estado] ([motivo_estado_id], [nombre], [estado_documento_id]) VALUES (26, N'RETENIDO', 6)
SET IDENTITY_INSERT [dbo].[motivo_estado] OFF
SET IDENTITY_INSERT [dbo].[seguimiento_documento] ON 

INSERT [dbo].[seguimiento_documento] ([seguimiento_documento_id], [fecha], [link_imagen], [observacion], [usuario_id], [documento_id], [estado_documento_id], [motivo_estado_id]) VALUES (1, CAST(N'2019-04-08T15:26:34.1450000' AS DateTime2), NULL, NULL, 5, 1, 1, NULL)
INSERT [dbo].[seguimiento_documento] ([seguimiento_documento_id], [fecha], [link_imagen], [observacion], [usuario_id], [documento_id], [estado_documento_id], [motivo_estado_id]) VALUES (2, CAST(N'2019-04-08T15:27:28.1060000' AS DateTime2), NULL, NULL, 5, 2, 1, NULL)
INSERT [dbo].[seguimiento_documento] ([seguimiento_documento_id], [fecha], [link_imagen], [observacion], [usuario_id], [documento_id], [estado_documento_id], [motivo_estado_id]) VALUES (3, CAST(N'2019-04-08T15:28:06.1540000' AS DateTime2), NULL, NULL, 5, 3, 1, NULL)
INSERT [dbo].[seguimiento_documento] ([seguimiento_documento_id], [fecha], [link_imagen], [observacion], [usuario_id], [documento_id], [estado_documento_id], [motivo_estado_id]) VALUES (4, CAST(N'2019-04-08T15:28:35.6200000' AS DateTime2), NULL, NULL, 5, 4, 1, NULL)
INSERT [dbo].[seguimiento_documento] ([seguimiento_documento_id], [fecha], [link_imagen], [observacion], [usuario_id], [documento_id], [estado_documento_id], [motivo_estado_id]) VALUES (5, CAST(N'2019-04-08T15:29:18.6610000' AS DateTime2), NULL, NULL, 5, 5, 1, NULL)
INSERT [dbo].[seguimiento_documento] ([seguimiento_documento_id], [fecha], [link_imagen], [observacion], [usuario_id], [documento_id], [estado_documento_id], [motivo_estado_id]) VALUES (6, CAST(N'2019-04-08T15:30:52.3820000' AS DateTime2), NULL, NULL, 5, 6, 1, NULL)
INSERT [dbo].[seguimiento_documento] ([seguimiento_documento_id], [fecha], [link_imagen], [observacion], [usuario_id], [documento_id], [estado_documento_id], [motivo_estado_id]) VALUES (7, CAST(N'2019-04-08T15:32:14.8090000' AS DateTime2), NULL, NULL, 5, 7, 1, NULL)
INSERT [dbo].[seguimiento_documento] ([seguimiento_documento_id], [fecha], [link_imagen], [observacion], [usuario_id], [documento_id], [estado_documento_id], [motivo_estado_id]) VALUES (8, CAST(N'2019-04-08T15:32:45.8250000' AS DateTime2), NULL, NULL, 5, 8, 1, NULL)
INSERT [dbo].[seguimiento_documento] ([seguimiento_documento_id], [fecha], [link_imagen], [observacion], [usuario_id], [documento_id], [estado_documento_id], [motivo_estado_id]) VALUES (9, CAST(N'2019-04-08T15:36:26.2560000' AS DateTime2), NULL, NULL, 5, 9, 1, NULL)
INSERT [dbo].[seguimiento_documento] ([seguimiento_documento_id], [fecha], [link_imagen], [observacion], [usuario_id], [documento_id], [estado_documento_id], [motivo_estado_id]) VALUES (10, CAST(N'2019-04-08T15:36:26.2600000' AS DateTime2), NULL, NULL, 5, 10, 1, NULL)
INSERT [dbo].[seguimiento_documento] ([seguimiento_documento_id], [fecha], [link_imagen], [observacion], [usuario_id], [documento_id], [estado_documento_id], [motivo_estado_id]) VALUES (11, CAST(N'2019-04-08T15:38:41.1070000' AS DateTime2), NULL, NULL, 5, 11, 1, NULL)
INSERT [dbo].[seguimiento_documento] ([seguimiento_documento_id], [fecha], [link_imagen], [observacion], [usuario_id], [documento_id], [estado_documento_id], [motivo_estado_id]) VALUES (12, CAST(N'2019-04-08T15:43:25.5460000' AS DateTime2), NULL, NULL, 5, 12, 1, NULL)
INSERT [dbo].[seguimiento_documento] ([seguimiento_documento_id], [fecha], [link_imagen], [observacion], [usuario_id], [documento_id], [estado_documento_id], [motivo_estado_id]) VALUES (13, CAST(N'2019-04-08T15:55:17.5640000' AS DateTime2), NULL, NULL, 5, 13, 1, NULL)
INSERT [dbo].[seguimiento_documento] ([seguimiento_documento_id], [fecha], [link_imagen], [observacion], [usuario_id], [documento_id], [estado_documento_id], [motivo_estado_id]) VALUES (14, CAST(N'2019-04-08T15:56:22.4600000' AS DateTime2), NULL, NULL, 5, 14, 1, NULL)
INSERT [dbo].[seguimiento_documento] ([seguimiento_documento_id], [fecha], [link_imagen], [observacion], [usuario_id], [documento_id], [estado_documento_id], [motivo_estado_id]) VALUES (15, CAST(N'2019-04-08T15:57:05.1700000' AS DateTime2), NULL, NULL, 5, 15, 1, NULL)
INSERT [dbo].[seguimiento_documento] ([seguimiento_documento_id], [fecha], [link_imagen], [observacion], [usuario_id], [documento_id], [estado_documento_id], [motivo_estado_id]) VALUES (16, CAST(N'2019-04-08T15:58:22.0760000' AS DateTime2), NULL, NULL, 5, 16, 1, NULL)
INSERT [dbo].[seguimiento_documento] ([seguimiento_documento_id], [fecha], [link_imagen], [observacion], [usuario_id], [documento_id], [estado_documento_id], [motivo_estado_id]) VALUES (17, CAST(N'2019-04-08T15:59:31.1140000' AS DateTime2), NULL, NULL, 5, 17, 1, NULL)
INSERT [dbo].[seguimiento_documento] ([seguimiento_documento_id], [fecha], [link_imagen], [observacion], [usuario_id], [documento_id], [estado_documento_id], [motivo_estado_id]) VALUES (18, CAST(N'2019-04-08T16:00:23.6890000' AS DateTime2), NULL, NULL, 5, 18, 1, NULL)
INSERT [dbo].[seguimiento_documento] ([seguimiento_documento_id], [fecha], [link_imagen], [observacion], [usuario_id], [documento_id], [estado_documento_id], [motivo_estado_id]) VALUES (19, CAST(N'2019-04-08T16:01:15.9460000' AS DateTime2), NULL, NULL, 5, 19, 1, NULL)
INSERT [dbo].[seguimiento_documento] ([seguimiento_documento_id], [fecha], [link_imagen], [observacion], [usuario_id], [documento_id], [estado_documento_id], [motivo_estado_id]) VALUES (20, CAST(N'2019-04-08T16:02:06.4750000' AS DateTime2), NULL, NULL, 5, 20, 1, NULL)
INSERT [dbo].[seguimiento_documento] ([seguimiento_documento_id], [fecha], [link_imagen], [observacion], [usuario_id], [documento_id], [estado_documento_id], [motivo_estado_id]) VALUES (21, CAST(N'2019-04-08T16:03:17.8340000' AS DateTime2), NULL, NULL, 6, 21, 1, NULL)
INSERT [dbo].[seguimiento_documento] ([seguimiento_documento_id], [fecha], [link_imagen], [observacion], [usuario_id], [documento_id], [estado_documento_id], [motivo_estado_id]) VALUES (22, CAST(N'2019-04-08T16:03:44.2390000' AS DateTime2), NULL, NULL, 6, 22, 1, NULL)
INSERT [dbo].[seguimiento_documento] ([seguimiento_documento_id], [fecha], [link_imagen], [observacion], [usuario_id], [documento_id], [estado_documento_id], [motivo_estado_id]) VALUES (23, CAST(N'2019-04-08T16:04:10.9030000' AS DateTime2), NULL, NULL, 6, 23, 1, NULL)
INSERT [dbo].[seguimiento_documento] ([seguimiento_documento_id], [fecha], [link_imagen], [observacion], [usuario_id], [documento_id], [estado_documento_id], [motivo_estado_id]) VALUES (24, CAST(N'2019-04-08T16:04:31.3460000' AS DateTime2), NULL, NULL, 6, 24, 1, NULL)
INSERT [dbo].[seguimiento_documento] ([seguimiento_documento_id], [fecha], [link_imagen], [observacion], [usuario_id], [documento_id], [estado_documento_id], [motivo_estado_id]) VALUES (25, CAST(N'2019-04-08T16:04:58.5570000' AS DateTime2), NULL, NULL, 6, 25, 1, NULL)
INSERT [dbo].[seguimiento_documento] ([seguimiento_documento_id], [fecha], [link_imagen], [observacion], [usuario_id], [documento_id], [estado_documento_id], [motivo_estado_id]) VALUES (26, CAST(N'2019-04-08T16:06:05.7220000' AS DateTime2), NULL, NULL, 6, 26, 1, NULL)
INSERT [dbo].[seguimiento_documento] ([seguimiento_documento_id], [fecha], [link_imagen], [observacion], [usuario_id], [documento_id], [estado_documento_id], [motivo_estado_id]) VALUES (27, CAST(N'2019-04-08T16:06:48.8870000' AS DateTime2), NULL, NULL, 6, 27, 1, NULL)
INSERT [dbo].[seguimiento_documento] ([seguimiento_documento_id], [fecha], [link_imagen], [observacion], [usuario_id], [documento_id], [estado_documento_id], [motivo_estado_id]) VALUES (28, CAST(N'2019-04-08T16:08:05.6800000' AS DateTime2), NULL, NULL, 6, 28, 1, NULL)
INSERT [dbo].[seguimiento_documento] ([seguimiento_documento_id], [fecha], [link_imagen], [observacion], [usuario_id], [documento_id], [estado_documento_id], [motivo_estado_id]) VALUES (29, CAST(N'2019-04-08T16:08:51.9660000' AS DateTime2), NULL, NULL, 6, 29, 1, NULL)
INSERT [dbo].[seguimiento_documento] ([seguimiento_documento_id], [fecha], [link_imagen], [observacion], [usuario_id], [documento_id], [estado_documento_id], [motivo_estado_id]) VALUES (30, CAST(N'2019-04-08T16:09:47.2640000' AS DateTime2), NULL, NULL, 6, 30, 1, NULL)
INSERT [dbo].[seguimiento_documento] ([seguimiento_documento_id], [fecha], [link_imagen], [observacion], [usuario_id], [documento_id], [estado_documento_id], [motivo_estado_id]) VALUES (31, CAST(N'2019-04-08T16:10:57.4680000' AS DateTime2), NULL, NULL, 6, 31, 1, NULL)
INSERT [dbo].[seguimiento_documento] ([seguimiento_documento_id], [fecha], [link_imagen], [observacion], [usuario_id], [documento_id], [estado_documento_id], [motivo_estado_id]) VALUES (32, CAST(N'2019-04-08T16:12:56.8330000' AS DateTime2), NULL, NULL, 6, 32, 1, NULL)
INSERT [dbo].[seguimiento_documento] ([seguimiento_documento_id], [fecha], [link_imagen], [observacion], [usuario_id], [documento_id], [estado_documento_id], [motivo_estado_id]) VALUES (33, CAST(N'2019-04-08T16:13:42.6650000' AS DateTime2), NULL, NULL, 6, 33, 1, NULL)
INSERT [dbo].[seguimiento_documento] ([seguimiento_documento_id], [fecha], [link_imagen], [observacion], [usuario_id], [documento_id], [estado_documento_id], [motivo_estado_id]) VALUES (34, CAST(N'2019-04-08T16:14:32.0840000' AS DateTime2), NULL, NULL, 6, 34, 1, NULL)
INSERT [dbo].[seguimiento_documento] ([seguimiento_documento_id], [fecha], [link_imagen], [observacion], [usuario_id], [documento_id], [estado_documento_id], [motivo_estado_id]) VALUES (35, CAST(N'2019-04-08T16:15:50.9600000' AS DateTime2), NULL, NULL, 6, 35, 1, NULL)
INSERT [dbo].[seguimiento_documento] ([seguimiento_documento_id], [fecha], [link_imagen], [observacion], [usuario_id], [documento_id], [estado_documento_id], [motivo_estado_id]) VALUES (36, CAST(N'2019-04-08T16:16:44.8850000' AS DateTime2), NULL, NULL, 6, 36, 1, NULL)
INSERT [dbo].[seguimiento_documento] ([seguimiento_documento_id], [fecha], [link_imagen], [observacion], [usuario_id], [documento_id], [estado_documento_id], [motivo_estado_id]) VALUES (37, CAST(N'2019-04-08T16:17:27.6140000' AS DateTime2), NULL, NULL, 6, 37, 1, NULL)
INSERT [dbo].[seguimiento_documento] ([seguimiento_documento_id], [fecha], [link_imagen], [observacion], [usuario_id], [documento_id], [estado_documento_id], [motivo_estado_id]) VALUES (38, CAST(N'2019-04-08T16:18:08.9070000' AS DateTime2), NULL, NULL, 6, 38, 1, NULL)
INSERT [dbo].[seguimiento_documento] ([seguimiento_documento_id], [fecha], [link_imagen], [observacion], [usuario_id], [documento_id], [estado_documento_id], [motivo_estado_id]) VALUES (39, CAST(N'2019-04-08T16:18:49.4430000' AS DateTime2), NULL, NULL, 6, 39, 1, NULL)
INSERT [dbo].[seguimiento_documento] ([seguimiento_documento_id], [fecha], [link_imagen], [observacion], [usuario_id], [documento_id], [estado_documento_id], [motivo_estado_id]) VALUES (40, CAST(N'2019-04-08T16:19:32.2270000' AS DateTime2), NULL, NULL, 6, 40, 1, NULL)
SET IDENTITY_INSERT [dbo].[seguimiento_documento] OFF
INSERT [dbo].[estado_documento_permitido] ([estado_documento_id], [estado_documento_permitido_id]) VALUES (2, 1)
INSERT [dbo].[estado_documento_permitido] ([estado_documento_id], [estado_documento_permitido_id]) VALUES (3, 2)
SET IDENTITY_INSERT [dbo].[estado_guia] ON 

INSERT [dbo].[estado_guia] ([estado_guia_id], [nombre]) VALUES (1, N'CREADO')
INSERT [dbo].[estado_guia] ([estado_guia_id], [nombre]) VALUES (2, N'ENVIADO')
INSERT [dbo].[estado_guia] ([estado_guia_id], [nombre]) VALUES (3, N'DESCARGADO')
INSERT [dbo].[estado_guia] ([estado_guia_id], [nombre]) VALUES (4, N'CERRADO')
SET IDENTITY_INSERT [dbo].[estado_guia] OFF
INSERT [dbo].[area_plazo_distribucion] ([area_id], [plazo_distribucion_id]) VALUES (1, 2)
INSERT [dbo].[area_plazo_distribucion] ([area_id], [plazo_distribucion_id]) VALUES (2, 1)
INSERT [dbo].[area_plazo_distribucion] ([area_id], [plazo_distribucion_id]) VALUES (3, 1)
INSERT [dbo].[area_plazo_distribucion] ([area_id], [plazo_distribucion_id]) VALUES (4, 1)
INSERT [dbo].[area_plazo_distribucion] ([area_id], [plazo_distribucion_id]) VALUES (9, 4)
INSERT [dbo].[buzon_plazo_distribucion] ([buzon_id], [plazo_distribucion_id]) VALUES (5, 1)
INSERT [dbo].[buzon_plazo_distribucion] ([buzon_id], [plazo_distribucion_id]) VALUES (6, 1)
INSERT [dbo].[buzon_plazo_distribucion] ([buzon_id], [plazo_distribucion_id]) VALUES (7, 1)
INSERT [dbo].[buzon_plazo_distribucion] ([buzon_id], [plazo_distribucion_id]) VALUES (8, 1)
INSERT [dbo].[buzon_plazo_distribucion] ([buzon_id], [plazo_distribucion_id]) VALUES (9, 4)
INSERT [dbo].[proveedor_plazo_distribucion] ([proveedor_id], [plazo_distribucion_id]) VALUES (1, 1)
INSERT [dbo].[proveedor_plazo_distribucion] ([proveedor_id], [plazo_distribucion_id]) VALUES (1, 2)
INSERT [dbo].[proveedor_plazo_distribucion] ([proveedor_id], [plazo_distribucion_id]) VALUES (1, 3)
INSERT [dbo].[proveedor_plazo_distribucion] ([proveedor_id], [plazo_distribucion_id]) VALUES (1, 4)
INSERT [dbo].[proveedor_plazo_distribucion] ([proveedor_id], [plazo_distribucion_id]) VALUES (2, 1)
INSERT [dbo].[proveedor_plazo_distribucion] ([proveedor_id], [plazo_distribucion_id]) VALUES (2, 2)
INSERT [dbo].[proveedor_plazo_distribucion] ([proveedor_id], [plazo_distribucion_id]) VALUES (2, 3)
INSERT [dbo].[proveedor_plazo_distribucion] ([proveedor_id], [plazo_distribucion_id]) VALUES (2, 4)
INSERT [dbo].[buzon_tipo_seguridad] ([buzon_id], [tipo_seguridad_id]) VALUES (1, 1)
