USE [db_externa_core]
GO
SET IDENTITY_INSERT [dbo].[tipo_plazo_distribucion] ON 

INSERT [dbo].[tipo_plazo_distribucion] ([tipo_plazo_distribucion_id], [nombre]) VALUES (1, N'REGULAR')
INSERT [dbo].[tipo_plazo_distribucion] ([tipo_plazo_distribucion_id], [nombre]) VALUES (2, N'ESPECIAL')
INSERT [dbo].[tipo_plazo_distribucion] ([tipo_plazo_distribucion_id], [nombre]) VALUES (3, N'EXPRESS')
SET IDENTITY_INSERT [dbo].[tipo_plazo_distribucion] OFF
SET IDENTITY_INSERT [dbo].[plazo_distribucion] ON 

INSERT [dbo].[plazo_distribucion] ([plazo_distribucion_id], [activo], [nombre], [tiempo_envio], [tipo_plazo_distribucion_id]) VALUES (1, 1, N'ESTÁNDAR', 96, 1)
INSERT [dbo].[plazo_distribucion] ([plazo_distribucion_id], [activo], [nombre], [tiempo_envio], [tipo_plazo_distribucion_id]) VALUES (2, 1, N'72 HORAS', 72, 2)
INSERT [dbo].[plazo_distribucion] ([plazo_distribucion_id], [activo], [nombre], [tiempo_envio], [tipo_plazo_distribucion_id]) VALUES (3, 1, N'48 HORAS', 48, 2)
INSERT [dbo].[plazo_distribucion] ([plazo_distribucion_id], [activo], [nombre], [tiempo_envio], [tipo_plazo_distribucion_id]) VALUES (4, 1, N'24 HORAS', 24, 2)
INSERT [dbo].[plazo_distribucion] ([plazo_distribucion_id], [activo], [nombre], [tiempo_envio], [tipo_plazo_distribucion_id]) VALUES (5, 1, N'4 HORAS', 4, 2)
INSERT [dbo].[plazo_distribucion] ([plazo_distribucion_id], [activo], [nombre], [tiempo_envio], [tipo_plazo_distribucion_id]) VALUES (6, 1, N'2 HORAS', 2, 3)
INSERT [dbo].[plazo_distribucion] ([plazo_distribucion_id], [activo], [nombre], [tiempo_envio], [tipo_plazo_distribucion_id]) VALUES (7, 1, N'DIRECTORIO', 2, 3)
SET IDENTITY_INSERT [dbo].[plazo_distribucion] OFF
SET IDENTITY_INSERT [dbo].[tipo_envio] ON 

INSERT [dbo].[tipo_envio] ([tipo_envio_id], [nombre]) VALUES (1, N'ENVIO REGULAR')
INSERT [dbo].[tipo_envio] ([tipo_envio_id], [nombre]) VALUES (2, N'ENVIO BLOQUE')
SET IDENTITY_INSERT [dbo].[tipo_envio] OFF
SET IDENTITY_INSERT [dbo].[tipo_seguridad] ON 

INSERT [dbo].[tipo_seguridad] ([tipo_seguridad_id], [activo], [nombre]) VALUES (1, 1, N'SIN GPS')
INSERT [dbo].[tipo_seguridad] ([tipo_seguridad_id], [activo], [nombre]) VALUES (2, 1, N'GPS BÁSICO')
SET IDENTITY_INSERT [dbo].[tipo_seguridad] OFF
SET IDENTITY_INSERT [dbo].[tipo_servicio] ON 

INSERT [dbo].[tipo_servicio] ([tipo_servicio_id], [activo], [nombre]) VALUES (1, 1, N'DISTRIBUCIÓN')
SET IDENTITY_INSERT [dbo].[tipo_servicio] OFF
SET IDENTITY_INSERT [dbo].[envio] ON 

INSERT [dbo].[envio] ([envio_id], [buzon_id], [producto_id], [ruta_autorizacion], [sede_id], [tipo_clasificacion_id], [plazo_distribucion_id], [tipo_envio_id], [tipo_seguridad_id], [tipo_servicio_id]) VALUES (1, 5, 1, NULL, 5, 1, 1, 1, 1, 1)
INSERT [dbo].[envio] ([envio_id], [buzon_id], [producto_id], [ruta_autorizacion], [sede_id], [tipo_clasificacion_id], [plazo_distribucion_id], [tipo_envio_id], [tipo_seguridad_id], [tipo_servicio_id]) VALUES (2, 5, 1, NULL, 6, 1, 1, 1, 1, 1)
INSERT [dbo].[envio] ([envio_id], [buzon_id], [producto_id], [ruta_autorizacion], [sede_id], [tipo_clasificacion_id], [plazo_distribucion_id], [tipo_envio_id], [tipo_seguridad_id], [tipo_servicio_id]) VALUES (3, 5, 1, NULL, 3, 1, 1, 1, 1, 1)
INSERT [dbo].[envio] ([envio_id], [buzon_id], [producto_id], [ruta_autorizacion], [sede_id], [tipo_clasificacion_id], [plazo_distribucion_id], [tipo_envio_id], [tipo_seguridad_id], [tipo_servicio_id]) VALUES (4, 5, 1, NULL, 4, 1, 1, 1, 1, 1)
INSERT [dbo].[envio] ([envio_id], [buzon_id], [producto_id], [ruta_autorizacion], [sede_id], [tipo_clasificacion_id], [plazo_distribucion_id], [tipo_envio_id], [tipo_seguridad_id], [tipo_servicio_id]) VALUES (5, 6, 1, NULL, 3, 1, 1, 1, 1, 1)
INSERT [dbo].[envio] ([envio_id], [buzon_id], [producto_id], [ruta_autorizacion], [sede_id], [tipo_clasificacion_id], [plazo_distribucion_id], [tipo_envio_id], [tipo_seguridad_id], [tipo_servicio_id]) VALUES (6, 6, 1, NULL, 5, 1, 1, 1, 1, 1)
INSERT [dbo].[envio] ([envio_id], [buzon_id], [producto_id], [ruta_autorizacion], [sede_id], [tipo_clasificacion_id], [plazo_distribucion_id], [tipo_envio_id], [tipo_seguridad_id], [tipo_servicio_id]) VALUES (7, 7, 1, N'7.pdf', 5, 1, 2, 1, 1, 1)
INSERT [dbo].[envio] ([envio_id], [buzon_id], [producto_id], [ruta_autorizacion], [sede_id], [tipo_clasificacion_id], [plazo_distribucion_id], [tipo_envio_id], [tipo_seguridad_id], [tipo_servicio_id]) VALUES (8, 7, 1, N'8.pdf', 3, 1, 2, 1, 1, 1)
SET IDENTITY_INSERT [dbo].[envio] OFF
SET IDENTITY_INSERT [dbo].[documento] ON 

INSERT [dbo].[documento] ([documento_id], [codigo_devolucion], [contacto_destino], [direccion], [distrito_id], [documento_autogenerado], [nro_documento], [razon_social_destino], [recepcionado], [referencia], [telefono], [envio_id]) VALUES (1, NULL, N'RONALD SANTOS', N'DIR67', 1, N'EX00000001', N'DOC000005', N'RONALD SANTOS', 0, N'ABC', N'5560', 1)
INSERT [dbo].[documento] ([documento_id], [codigo_devolucion], [contacto_destino], [direccion], [distrito_id], [documento_autogenerado], [nro_documento], [razon_social_destino], [recepcionado], [referencia], [telefono], [envio_id]) VALUES (2, NULL, N'RONALD SANTOS', N'DIR65', 1, N'EX00000002', N'DOC000003', N'RONALD SANTOS', 0, N'ABC', N'5558', 1)
INSERT [dbo].[documento] ([documento_id], [codigo_devolucion], [contacto_destino], [direccion], [distrito_id], [documento_autogenerado], [nro_documento], [razon_social_destino], [recepcionado], [referencia], [telefono], [envio_id]) VALUES (3, NULL, N'RONALD SANTOS', N'DIR64', 1, N'EX00000003', N'DOC000002', N'RONALD SANTOS', 0, N'ABC', N'5557', 1)
INSERT [dbo].[documento] ([documento_id], [codigo_devolucion], [contacto_destino], [direccion], [distrito_id], [documento_autogenerado], [nro_documento], [razon_social_destino], [recepcionado], [referencia], [telefono], [envio_id]) VALUES (4, NULL, N'RONALD SANTOS', N'DIR72', 1, N'EX00000004', N'DOC000010', N'RONALD SANTOS', 0, N'ABC', N'5565', 1)
INSERT [dbo].[documento] ([documento_id], [codigo_devolucion], [contacto_destino], [direccion], [distrito_id], [documento_autogenerado], [nro_documento], [razon_social_destino], [recepcionado], [referencia], [telefono], [envio_id]) VALUES (5, NULL, N'RONALD SANTOS', N'DIR66', 1, N'EX00000005', N'DOC000004', N'RONALD SANTOS', 0, N'ABC', N'5559', 1)
INSERT [dbo].[documento] ([documento_id], [codigo_devolucion], [contacto_destino], [direccion], [distrito_id], [documento_autogenerado], [nro_documento], [razon_social_destino], [recepcionado], [referencia], [telefono], [envio_id]) VALUES (6, NULL, N'RONALD SANTOS', N'DIR69', 1, N'EX00000006', N'DOC000007', N'RONALD SANTOS', 0, N'ABC', N'5562', 1)
INSERT [dbo].[documento] ([documento_id], [codigo_devolucion], [contacto_destino], [direccion], [distrito_id], [documento_autogenerado], [nro_documento], [razon_social_destino], [recepcionado], [referencia], [telefono], [envio_id]) VALUES (7, NULL, N'RONALD SANTOS', N'DIR63', 1, N'EX00000007', N'DOC000001', N'RONALD SANTOS', 0, N'ABC', N'5556', 1)
INSERT [dbo].[documento] ([documento_id], [codigo_devolucion], [contacto_destino], [direccion], [distrito_id], [documento_autogenerado], [nro_documento], [razon_social_destino], [recepcionado], [referencia], [telefono], [envio_id]) VALUES (8, NULL, N'RONALD SANTOS', N'DIR68', 1, N'EX00000008', N'DOC000006', N'RONALD SANTOS', 0, N'ABC', N'5561', 1)
INSERT [dbo].[documento] ([documento_id], [codigo_devolucion], [contacto_destino], [direccion], [distrito_id], [documento_autogenerado], [nro_documento], [razon_social_destino], [recepcionado], [referencia], [telefono], [envio_id]) VALUES (9, NULL, N'RONALD SANTOS', N'DIR63', 1, N'EX00000009', N'DOC000001', N'RONALD SANTOS', 0, N'ABC', N'5556', 2)
INSERT [dbo].[documento] ([documento_id], [codigo_devolucion], [contacto_destino], [direccion], [distrito_id], [documento_autogenerado], [nro_documento], [razon_social_destino], [recepcionado], [referencia], [telefono], [envio_id]) VALUES (10, NULL, N'RONALD SANTOS', N'DIR67', 1, N'EX00000010', N'DOC000005', N'RONALD SANTOS', 0, N'ABC', N'5560', 2)
INSERT [dbo].[documento] ([documento_id], [codigo_devolucion], [contacto_destino], [direccion], [distrito_id], [documento_autogenerado], [nro_documento], [razon_social_destino], [recepcionado], [referencia], [telefono], [envio_id]) VALUES (11, NULL, N'RONALD SANTOS', N'DIR65', 1, N'EX00000011', N'DOC000003', N'RONALD SANTOS', 0, N'ABC', N'5558', 2)
INSERT [dbo].[documento] ([documento_id], [codigo_devolucion], [contacto_destino], [direccion], [distrito_id], [documento_autogenerado], [nro_documento], [razon_social_destino], [recepcionado], [referencia], [telefono], [envio_id]) VALUES (12, NULL, N'RONALD SANTOS', N'DIR68', 1, N'EX00000012', N'DOC000006', N'RONALD SANTOS', 0, N'ABC', N'5561', 2)
INSERT [dbo].[documento] ([documento_id], [codigo_devolucion], [contacto_destino], [direccion], [distrito_id], [documento_autogenerado], [nro_documento], [razon_social_destino], [recepcionado], [referencia], [telefono], [envio_id]) VALUES (13, NULL, N'RONALD SANTOS', N'DIR66', 1, N'EX00000013', N'DOC000004', N'RONALD SANTOS', 0, N'ABC', N'5559', 2)
INSERT [dbo].[documento] ([documento_id], [codigo_devolucion], [contacto_destino], [direccion], [distrito_id], [documento_autogenerado], [nro_documento], [razon_social_destino], [recepcionado], [referencia], [telefono], [envio_id]) VALUES (14, NULL, N'RONALD SANTOS', N'DIR72', 1, N'EX00000014', N'DOC000010', N'RONALD SANTOS', 0, N'ABC', N'5565', 2)
INSERT [dbo].[documento] ([documento_id], [codigo_devolucion], [contacto_destino], [direccion], [distrito_id], [documento_autogenerado], [nro_documento], [razon_social_destino], [recepcionado], [referencia], [telefono], [envio_id]) VALUES (15, NULL, N'RONALD SANTOS', N'DIR64', 1, N'EX00000015', N'DOC000002', N'RONALD SANTOS', 0, N'ABC', N'5557', 2)
INSERT [dbo].[documento] ([documento_id], [codigo_devolucion], [contacto_destino], [direccion], [distrito_id], [documento_autogenerado], [nro_documento], [razon_social_destino], [recepcionado], [referencia], [telefono], [envio_id]) VALUES (16, NULL, N'RONALD SANTOS', N'DIR69', 1, N'EX00000016', N'DOC000007', N'RONALD SANTOS', 0, N'ABC', N'5562', 2)
INSERT [dbo].[documento] ([documento_id], [codigo_devolucion], [contacto_destino], [direccion], [distrito_id], [documento_autogenerado], [nro_documento], [razon_social_destino], [recepcionado], [referencia], [telefono], [envio_id]) VALUES (17, NULL, N'RONALD SANTOS', N'DIR63', 1, N'EX00000017', N'DOC000001', N'RONALD SANTOS', 0, N'ABC', N'5556', 3)
INSERT [dbo].[documento] ([documento_id], [codigo_devolucion], [contacto_destino], [direccion], [distrito_id], [documento_autogenerado], [nro_documento], [razon_social_destino], [recepcionado], [referencia], [telefono], [envio_id]) VALUES (18, NULL, N'RONALD SANTOS', N'DIR65', 1, N'EX00000018', N'DOC000003', N'RONALD SANTOS', 0, N'ABC', N'5558', 3)
INSERT [dbo].[documento] ([documento_id], [codigo_devolucion], [contacto_destino], [direccion], [distrito_id], [documento_autogenerado], [nro_documento], [razon_social_destino], [recepcionado], [referencia], [telefono], [envio_id]) VALUES (19, NULL, N'RONALD SANTOS', N'DIR67', 1, N'EX00000019', N'DOC000005', N'RONALD SANTOS', 0, N'ABC', N'5560', 3)
INSERT [dbo].[documento] ([documento_id], [codigo_devolucion], [contacto_destino], [direccion], [distrito_id], [documento_autogenerado], [nro_documento], [razon_social_destino], [recepcionado], [referencia], [telefono], [envio_id]) VALUES (20, NULL, N'RONALD SANTOS', N'DIR68', 1, N'EX00000020', N'DOC000006', N'RONALD SANTOS', 0, N'ABC', N'5561', 3)
INSERT [dbo].[documento] ([documento_id], [codigo_devolucion], [contacto_destino], [direccion], [distrito_id], [documento_autogenerado], [nro_documento], [razon_social_destino], [recepcionado], [referencia], [telefono], [envio_id]) VALUES (21, NULL, N'RONALD SANTOS', N'DIR69', 1, N'EX00000021', N'DOC000007', N'RONALD SANTOS', 0, N'ABC', N'5562', 3)
INSERT [dbo].[documento] ([documento_id], [codigo_devolucion], [contacto_destino], [direccion], [distrito_id], [documento_autogenerado], [nro_documento], [razon_social_destino], [recepcionado], [referencia], [telefono], [envio_id]) VALUES (22, NULL, N'RONALD SANTOS', N'DIR66', 1, N'EX00000022', N'DOC000004', N'RONALD SANTOS', 0, N'ABC', N'5559', 3)
INSERT [dbo].[documento] ([documento_id], [codigo_devolucion], [contacto_destino], [direccion], [distrito_id], [documento_autogenerado], [nro_documento], [razon_social_destino], [recepcionado], [referencia], [telefono], [envio_id]) VALUES (23, NULL, N'RONALD SANTOS', N'DIR64', 1, N'EX00000023', N'DOC000002', N'RONALD SANTOS', 0, N'ABC', N'5557', 3)
INSERT [dbo].[documento] ([documento_id], [codigo_devolucion], [contacto_destino], [direccion], [distrito_id], [documento_autogenerado], [nro_documento], [razon_social_destino], [recepcionado], [referencia], [telefono], [envio_id]) VALUES (24, NULL, N'RONALD SANTOS', N'DIR72', 1, N'EX00000024', N'DOC000010', N'RONALD SANTOS', 0, N'ABC', N'5565', 3)
INSERT [dbo].[documento] ([documento_id], [codigo_devolucion], [contacto_destino], [direccion], [distrito_id], [documento_autogenerado], [nro_documento], [razon_social_destino], [recepcionado], [referencia], [telefono], [envio_id]) VALUES (25, NULL, N'RONALD SANTOS', N'DIR64', 1, N'EX00000025', N'DOC000002', N'RONALD SANTOS', 0, N'ABC', N'5557', 4)
INSERT [dbo].[documento] ([documento_id], [codigo_devolucion], [contacto_destino], [direccion], [distrito_id], [documento_autogenerado], [nro_documento], [razon_social_destino], [recepcionado], [referencia], [telefono], [envio_id]) VALUES (26, NULL, N'RONALD SANTOS', N'DIR67', 1, N'EX00000026', N'DOC000005', N'RONALD SANTOS', 0, N'ABC', N'5560', 4)
INSERT [dbo].[documento] ([documento_id], [codigo_devolucion], [contacto_destino], [direccion], [distrito_id], [documento_autogenerado], [nro_documento], [razon_social_destino], [recepcionado], [referencia], [telefono], [envio_id]) VALUES (27, NULL, N'RONALD SANTOS', N'DIR66', 1, N'EX00000027', N'DOC000004', N'RONALD SANTOS', 0, N'ABC', N'5559', 4)
INSERT [dbo].[documento] ([documento_id], [codigo_devolucion], [contacto_destino], [direccion], [distrito_id], [documento_autogenerado], [nro_documento], [razon_social_destino], [recepcionado], [referencia], [telefono], [envio_id]) VALUES (28, NULL, N'RONALD SANTOS', N'DIR68', 1, N'EX00000028', N'DOC000006', N'RONALD SANTOS', 0, N'ABC', N'5561', 4)
INSERT [dbo].[documento] ([documento_id], [codigo_devolucion], [contacto_destino], [direccion], [distrito_id], [documento_autogenerado], [nro_documento], [razon_social_destino], [recepcionado], [referencia], [telefono], [envio_id]) VALUES (29, NULL, N'RONALD SANTOS', N'DIR69', 1, N'EX00000029', N'DOC000007', N'RONALD SANTOS', 0, N'ABC', N'5562', 4)
INSERT [dbo].[documento] ([documento_id], [codigo_devolucion], [contacto_destino], [direccion], [distrito_id], [documento_autogenerado], [nro_documento], [razon_social_destino], [recepcionado], [referencia], [telefono], [envio_id]) VALUES (30, NULL, N'RONALD SANTOS', N'DIR65', 1, N'EX00000030', N'DOC000003', N'RONALD SANTOS', 0, N'ABC', N'5558', 4)
INSERT [dbo].[documento] ([documento_id], [codigo_devolucion], [contacto_destino], [direccion], [distrito_id], [documento_autogenerado], [nro_documento], [razon_social_destino], [recepcionado], [referencia], [telefono], [envio_id]) VALUES (31, NULL, N'RONALD SANTOS', N'DIR63', 1, N'EX00000031', N'DOC000001', N'RONALD SANTOS', 0, N'ABC', N'5556', 4)
INSERT [dbo].[documento] ([documento_id], [codigo_devolucion], [contacto_destino], [direccion], [distrito_id], [documento_autogenerado], [nro_documento], [razon_social_destino], [recepcionado], [referencia], [telefono], [envio_id]) VALUES (32, NULL, N'RONALD SANTOS', N'DIR72', 1, N'EX00000032', N'DOC000010', N'RONALD SANTOS', 0, N'ABC', N'5565', 4)
INSERT [dbo].[documento] ([documento_id], [codigo_devolucion], [contacto_destino], [direccion], [distrito_id], [documento_autogenerado], [nro_documento], [razon_social_destino], [recepcionado], [referencia], [telefono], [envio_id]) VALUES (33, NULL, N'RONALD SANTOS', N'DIR63', 1, N'EX00000033', N'DOC000001', N'RONALD SANTOS', 0, N'ABC', N'5556', 5)
INSERT [dbo].[documento] ([documento_id], [codigo_devolucion], [contacto_destino], [direccion], [distrito_id], [documento_autogenerado], [nro_documento], [razon_social_destino], [recepcionado], [referencia], [telefono], [envio_id]) VALUES (34, NULL, N'RONALD SANTOS', N'DIR65', 1, N'EX00000034', N'DOC000003', N'RONALD SANTOS', 0, N'ABC', N'5558', 5)
INSERT [dbo].[documento] ([documento_id], [codigo_devolucion], [contacto_destino], [direccion], [distrito_id], [documento_autogenerado], [nro_documento], [razon_social_destino], [recepcionado], [referencia], [telefono], [envio_id]) VALUES (35, NULL, N'RONALD SANTOS', N'DIR66', 1, N'EX00000035', N'DOC000004', N'RONALD SANTOS', 0, N'ABC', N'5559', 5)
INSERT [dbo].[documento] ([documento_id], [codigo_devolucion], [contacto_destino], [direccion], [distrito_id], [documento_autogenerado], [nro_documento], [razon_social_destino], [recepcionado], [referencia], [telefono], [envio_id]) VALUES (36, NULL, N'RONALD SANTOS', N'DIR68', 1, N'EX00000036', N'DOC000006', N'RONALD SANTOS', 0, N'ABC', N'5561', 5)
INSERT [dbo].[documento] ([documento_id], [codigo_devolucion], [contacto_destino], [direccion], [distrito_id], [documento_autogenerado], [nro_documento], [razon_social_destino], [recepcionado], [referencia], [telefono], [envio_id]) VALUES (37, NULL, N'RONALD SANTOS', N'DIR64', 1, N'EX00000037', N'DOC000002', N'RONALD SANTOS', 0, N'ABC', N'5557', 5)
INSERT [dbo].[documento] ([documento_id], [codigo_devolucion], [contacto_destino], [direccion], [distrito_id], [documento_autogenerado], [nro_documento], [razon_social_destino], [recepcionado], [referencia], [telefono], [envio_id]) VALUES (38, NULL, N'RONALD SANTOS', N'DIR67', 1, N'EX00000038', N'DOC000005', N'RONALD SANTOS', 0, N'ABC', N'5560', 5)
INSERT [dbo].[documento] ([documento_id], [codigo_devolucion], [contacto_destino], [direccion], [distrito_id], [documento_autogenerado], [nro_documento], [razon_social_destino], [recepcionado], [referencia], [telefono], [envio_id]) VALUES (39, NULL, N'RONALD SANTOS', N'DIR69', 1, N'EX00000039', N'DOC000007', N'RONALD SANTOS', 0, N'ABC', N'5562', 5)
INSERT [dbo].[documento] ([documento_id], [codigo_devolucion], [contacto_destino], [direccion], [distrito_id], [documento_autogenerado], [nro_documento], [razon_social_destino], [recepcionado], [referencia], [telefono], [envio_id]) VALUES (40, NULL, N'RONALD SANTOS', N'DIR72', 1, N'EX00000040', N'DOC000010', N'RONALD SANTOS', 0, N'ABC', N'5565', 5)
INSERT [dbo].[documento] ([documento_id], [codigo_devolucion], [contacto_destino], [direccion], [distrito_id], [documento_autogenerado], [nro_documento], [razon_social_destino], [recepcionado], [referencia], [telefono], [envio_id]) VALUES (41, NULL, N'RONALD SANTOS', N'DIR67', 1, N'EX00000041', N'DOC000005', N'RONALD SANTOS', 0, N'ABC', N'5560', 6)
INSERT [dbo].[documento] ([documento_id], [codigo_devolucion], [contacto_destino], [direccion], [distrito_id], [documento_autogenerado], [nro_documento], [razon_social_destino], [recepcionado], [referencia], [telefono], [envio_id]) VALUES (42, NULL, N'RONALD SANTOS', N'DIR64', 1, N'EX00000042', N'DOC000002', N'RONALD SANTOS', 0, N'ABC', N'5557', 6)
INSERT [dbo].[documento] ([documento_id], [codigo_devolucion], [contacto_destino], [direccion], [distrito_id], [documento_autogenerado], [nro_documento], [razon_social_destino], [recepcionado], [referencia], [telefono], [envio_id]) VALUES (43, NULL, N'RONALD SANTOS', N'DIR66', 1, N'EX00000043', N'DOC000004', N'RONALD SANTOS', 0, N'ABC', N'5559', 6)
INSERT [dbo].[documento] ([documento_id], [codigo_devolucion], [contacto_destino], [direccion], [distrito_id], [documento_autogenerado], [nro_documento], [razon_social_destino], [recepcionado], [referencia], [telefono], [envio_id]) VALUES (44, NULL, N'RONALD SANTOS', N'DIR65', 1, N'EX00000044', N'DOC000003', N'RONALD SANTOS', 0, N'ABC', N'5558', 6)
INSERT [dbo].[documento] ([documento_id], [codigo_devolucion], [contacto_destino], [direccion], [distrito_id], [documento_autogenerado], [nro_documento], [razon_social_destino], [recepcionado], [referencia], [telefono], [envio_id]) VALUES (45, NULL, N'RONALD SANTOS', N'DIR63', 1, N'EX00000045', N'DOC000001', N'RONALD SANTOS', 0, N'ABC', N'5556', 6)
INSERT [dbo].[documento] ([documento_id], [codigo_devolucion], [contacto_destino], [direccion], [distrito_id], [documento_autogenerado], [nro_documento], [razon_social_destino], [recepcionado], [referencia], [telefono], [envio_id]) VALUES (46, NULL, N'RONALD SANTOS', N'DIR68', 1, N'EX00000046', N'DOC000006', N'RONALD SANTOS', 0, N'ABC', N'5561', 6)
INSERT [dbo].[documento] ([documento_id], [codigo_devolucion], [contacto_destino], [direccion], [distrito_id], [documento_autogenerado], [nro_documento], [razon_social_destino], [recepcionado], [referencia], [telefono], [envio_id]) VALUES (47, NULL, N'RONALD SANTOS', N'DIR69', 1, N'EX00000047', N'DOC000007', N'RONALD SANTOS', 0, N'ABC', N'5562', 6)
INSERT [dbo].[documento] ([documento_id], [codigo_devolucion], [contacto_destino], [direccion], [distrito_id], [documento_autogenerado], [nro_documento], [razon_social_destino], [recepcionado], [referencia], [telefono], [envio_id]) VALUES (48, NULL, N'RONALD SANTOS', N'DIR72', 1, N'EX00000048', N'DOC000010', N'RONALD SANTOS', 0, N'ABC', N'5565', 6)
INSERT [dbo].[documento] ([documento_id], [codigo_devolucion], [contacto_destino], [direccion], [distrito_id], [documento_autogenerado], [nro_documento], [razon_social_destino], [recepcionado], [referencia], [telefono], [envio_id]) VALUES (49, NULL, N'RONALD SANTOS', N'DIR63', 1, N'EX00000049', N'DOC000001', N'RONALD SANTOS', 0, N'ABC', N'5556', 7)
INSERT [dbo].[documento] ([documento_id], [codigo_devolucion], [contacto_destino], [direccion], [distrito_id], [documento_autogenerado], [nro_documento], [razon_social_destino], [recepcionado], [referencia], [telefono], [envio_id]) VALUES (50, NULL, N'RONALD SANTOS', N'DIR66', 1, N'EX00000050', N'DOC000004', N'RONALD SANTOS', 0, N'ABC', N'5559', 7)
INSERT [dbo].[documento] ([documento_id], [codigo_devolucion], [contacto_destino], [direccion], [distrito_id], [documento_autogenerado], [nro_documento], [razon_social_destino], [recepcionado], [referencia], [telefono], [envio_id]) VALUES (51, NULL, N'RONALD SANTOS', N'DIR64', 1, N'EX00000051', N'DOC000002', N'RONALD SANTOS', 0, N'ABC', N'5557', 7)
INSERT [dbo].[documento] ([documento_id], [codigo_devolucion], [contacto_destino], [direccion], [distrito_id], [documento_autogenerado], [nro_documento], [razon_social_destino], [recepcionado], [referencia], [telefono], [envio_id]) VALUES (52, NULL, N'RONALD SANTOS', N'DIR67', 1, N'EX00000052', N'DOC000005', N'RONALD SANTOS', 0, N'ABC', N'5560', 7)
INSERT [dbo].[documento] ([documento_id], [codigo_devolucion], [contacto_destino], [direccion], [distrito_id], [documento_autogenerado], [nro_documento], [razon_social_destino], [recepcionado], [referencia], [telefono], [envio_id]) VALUES (53, NULL, N'RONALD SANTOS', N'DIR65', 1, N'EX00000053', N'DOC000003', N'RONALD SANTOS', 0, N'ABC', N'5558', 7)
INSERT [dbo].[documento] ([documento_id], [codigo_devolucion], [contacto_destino], [direccion], [distrito_id], [documento_autogenerado], [nro_documento], [razon_social_destino], [recepcionado], [referencia], [telefono], [envio_id]) VALUES (54, NULL, N'RONALD SANTOS', N'DIR72', 1, N'EX00000054', N'DOC000010', N'RONALD SANTOS', 0, N'ABC', N'5565', 7)
INSERT [dbo].[documento] ([documento_id], [codigo_devolucion], [contacto_destino], [direccion], [distrito_id], [documento_autogenerado], [nro_documento], [razon_social_destino], [recepcionado], [referencia], [telefono], [envio_id]) VALUES (55, NULL, N'RONALD SANTOS', N'DIR69', 1, N'EX00000055', N'DOC000007', N'RONALD SANTOS', 0, N'ABC', N'5562', 7)
INSERT [dbo].[documento] ([documento_id], [codigo_devolucion], [contacto_destino], [direccion], [distrito_id], [documento_autogenerado], [nro_documento], [razon_social_destino], [recepcionado], [referencia], [telefono], [envio_id]) VALUES (56, NULL, N'RONALD SANTOS', N'DIR68', 1, N'EX00000056', N'DOC000006', N'RONALD SANTOS', 0, N'ABC', N'5561', 7)
INSERT [dbo].[documento] ([documento_id], [codigo_devolucion], [contacto_destino], [direccion], [distrito_id], [documento_autogenerado], [nro_documento], [razon_social_destino], [recepcionado], [referencia], [telefono], [envio_id]) VALUES (57, NULL, N'RONALD SANTOS', N'DIR68', 1, N'EX00000057', N'DOC000006', N'RONALD SANTOS', 0, N'ABC', N'5561', 8)
INSERT [dbo].[documento] ([documento_id], [codigo_devolucion], [contacto_destino], [direccion], [distrito_id], [documento_autogenerado], [nro_documento], [razon_social_destino], [recepcionado], [referencia], [telefono], [envio_id]) VALUES (58, NULL, N'RONALD SANTOS', N'DIR63', 1, N'EX00000058', N'DOC000001', N'RONALD SANTOS', 0, N'ABC', N'5556', 8)
INSERT [dbo].[documento] ([documento_id], [codigo_devolucion], [contacto_destino], [direccion], [distrito_id], [documento_autogenerado], [nro_documento], [razon_social_destino], [recepcionado], [referencia], [telefono], [envio_id]) VALUES (59, NULL, N'RONALD SANTOS', N'DIR65', 1, N'EX00000059', N'DOC000003', N'RONALD SANTOS', 0, N'ABC', N'5558', 8)
INSERT [dbo].[documento] ([documento_id], [codigo_devolucion], [contacto_destino], [direccion], [distrito_id], [documento_autogenerado], [nro_documento], [razon_social_destino], [recepcionado], [referencia], [telefono], [envio_id]) VALUES (60, NULL, N'RONALD SANTOS', N'DIR64', 1, N'EX00000060', N'DOC000002', N'RONALD SANTOS', 0, N'ABC', N'5557', 8)
INSERT [dbo].[documento] ([documento_id], [codigo_devolucion], [contacto_destino], [direccion], [distrito_id], [documento_autogenerado], [nro_documento], [razon_social_destino], [recepcionado], [referencia], [telefono], [envio_id]) VALUES (61, NULL, N'RONALD SANTOS', N'DIR67', 1, N'EX00000061', N'DOC000005', N'RONALD SANTOS', 0, N'ABC', N'5560', 8)
INSERT [dbo].[documento] ([documento_id], [codigo_devolucion], [contacto_destino], [direccion], [distrito_id], [documento_autogenerado], [nro_documento], [razon_social_destino], [recepcionado], [referencia], [telefono], [envio_id]) VALUES (62, NULL, N'RONALD SANTOS', N'DIR69', 1, N'EX00000062', N'DOC000007', N'RONALD SANTOS', 0, N'ABC', N'5562', 8)
INSERT [dbo].[documento] ([documento_id], [codigo_devolucion], [contacto_destino], [direccion], [distrito_id], [documento_autogenerado], [nro_documento], [razon_social_destino], [recepcionado], [referencia], [telefono], [envio_id]) VALUES (63, NULL, N'RONALD SANTOS', N'DIR66', 1, N'EX00000063', N'DOC000004', N'RONALD SANTOS', 0, N'ABC', N'5559', 8)
INSERT [dbo].[documento] ([documento_id], [codigo_devolucion], [contacto_destino], [direccion], [distrito_id], [documento_autogenerado], [nro_documento], [razon_social_destino], [recepcionado], [referencia], [telefono], [envio_id]) VALUES (64, NULL, N'RONALD SANTOS', N'DIR72', 1, N'EX00000064', N'DOC000010', N'RONALD SANTOS', 0, N'ABC', N'5565', 8)
SET IDENTITY_INSERT [dbo].[documento] OFF
SET IDENTITY_INSERT [dbo].[proveedor] ON 

INSERT [dbo].[proveedor] ([proveedor_id], [activo], [nombre]) VALUES (1, 1, N'DOCFLOW')
INSERT [dbo].[proveedor] ([proveedor_id], [activo], [nombre]) VALUES (2, 1, N'URBANO')
SET IDENTITY_INSERT [dbo].[proveedor] OFF
SET IDENTITY_INSERT [dbo].[tipo_guia] ON 

INSERT [dbo].[tipo_guia] ([tipo_guia_id], [nombre]) VALUES (1, N' GUIA REGULAR')
INSERT [dbo].[tipo_guia] ([tipo_guia_id], [nombre]) VALUES (2, N' GUIA BLOQUE')
SET IDENTITY_INSERT [dbo].[tipo_guia] OFF
SET IDENTITY_INSERT [dbo].[guia] ON 

INSERT [dbo].[guia] ([guia_id], [numero_guia], [producto_id], [region_id], [sede_id], [tipo_clasificacion_id], [plazo_distribucion_id], [proveedor_id], [tipo_guia_id], [tipo_seguridad_id], [tipo_servicio_id]) VALUES (1, N'8488485', 1, 1, 5, 1, 1, 1, 1, 1, 1)
INSERT [dbo].[guia] ([guia_id], [numero_guia], [producto_id], [region_id], [sede_id], [tipo_clasificacion_id], [plazo_distribucion_id], [proveedor_id], [tipo_guia_id], [tipo_seguridad_id], [tipo_servicio_id]) VALUES (2, N'8488485999', 1, 1, 5, 1, 1, 2, 1, 1, 1)
INSERT [dbo].[guia] ([guia_id], [numero_guia], [producto_id], [region_id], [sede_id], [tipo_clasificacion_id], [plazo_distribucion_id], [proveedor_id], [tipo_guia_id], [tipo_seguridad_id], [tipo_servicio_id]) VALUES (3, N'14354375364', 1, 1, 5, 1, 1, 1, 1, 1, 1)
INSERT [dbo].[guia] ([guia_id], [numero_guia], [producto_id], [region_id], [sede_id], [tipo_clasificacion_id], [plazo_distribucion_id], [proveedor_id], [tipo_guia_id], [tipo_seguridad_id], [tipo_servicio_id]) VALUES (4, N'1435436320', 1, 1, 5, 1, 1, 2, 1, 1, 1)
INSERT [dbo].[guia] ([guia_id], [numero_guia], [producto_id], [region_id], [sede_id], [tipo_clasificacion_id], [plazo_distribucion_id], [proveedor_id], [tipo_guia_id], [tipo_seguridad_id], [tipo_servicio_id]) VALUES (5, N'848848544555', 1, 1, 5, 1, 2, 1, 1, 1, 1)
INSERT [dbo].[guia] ([guia_id], [numero_guia], [producto_id], [region_id], [sede_id], [tipo_clasificacion_id], [plazo_distribucion_id], [proveedor_id], [tipo_guia_id], [tipo_seguridad_id], [tipo_servicio_id]) VALUES (6, N'857421255', 1, 1, 5, 1, 2, 2, 1, 1, 1)
INSERT [dbo].[guia] ([guia_id], [numero_guia], [producto_id], [region_id], [sede_id], [tipo_clasificacion_id], [plazo_distribucion_id], [proveedor_id], [tipo_guia_id], [tipo_seguridad_id], [tipo_servicio_id]) VALUES (7, N'1434448777', 1, 1, 3, 1, 1, 1, 1, 1, 1)
INSERT [dbo].[guia] ([guia_id], [numero_guia], [producto_id], [region_id], [sede_id], [tipo_clasificacion_id], [plazo_distribucion_id], [proveedor_id], [tipo_guia_id], [tipo_seguridad_id], [tipo_servicio_id]) VALUES (8, N'14354266666', 1, 1, 3, 1, 1, 2, 1, 1, 1)
INSERT [dbo].[guia] ([guia_id], [numero_guia], [producto_id], [region_id], [sede_id], [tipo_clasificacion_id], [plazo_distribucion_id], [proveedor_id], [tipo_guia_id], [tipo_seguridad_id], [tipo_servicio_id]) VALUES (9, N'14344490000', 1, 1, 3, 1, 2, 1, 1, 1, 1)
INSERT [dbo].[guia] ([guia_id], [numero_guia], [producto_id], [region_id], [sede_id], [tipo_clasificacion_id], [plazo_distribucion_id], [proveedor_id], [tipo_guia_id], [tipo_seguridad_id], [tipo_servicio_id]) VALUES (10, N'84884842111', 1, 1, 3, 1, 2, 2, 1, 1, 1)
INSERT [dbo].[guia] ([guia_id], [numero_guia], [producto_id], [region_id], [sede_id], [tipo_clasificacion_id], [plazo_distribucion_id], [proveedor_id], [tipo_guia_id], [tipo_seguridad_id], [tipo_servicio_id]) VALUES (11, N'14354254444', 1, 1, 4, 1, 1, 1, 1, 1, 1)
INSERT [dbo].[guia] ([guia_id], [numero_guia], [producto_id], [region_id], [sede_id], [tipo_clasificacion_id], [plazo_distribucion_id], [proveedor_id], [tipo_guia_id], [tipo_seguridad_id], [tipo_servicio_id]) VALUES (12, N'1435423333', 1, 1, 4, 1, 1, 2, 1, 1, 1)
INSERT [dbo].[guia] ([guia_id], [numero_guia], [producto_id], [region_id], [sede_id], [tipo_clasificacion_id], [plazo_distribucion_id], [proveedor_id], [tipo_guia_id], [tipo_seguridad_id], [tipo_servicio_id]) VALUES (13, N'14354254443', 1, 1, 6, 1, 1, 1, 1, 1, 1)
INSERT [dbo].[guia] ([guia_id], [numero_guia], [producto_id], [region_id], [sede_id], [tipo_clasificacion_id], [plazo_distribucion_id], [proveedor_id], [tipo_guia_id], [tipo_seguridad_id], [tipo_servicio_id]) VALUES (14, N'848848411111', 1, 1, 6, 1, 1, 2, 1, 1, 1)
SET IDENTITY_INSERT [dbo].[guia] OFF
INSERT [dbo].[documento_guia] ([documento_id], [guia_id], [fecha_asociacion], [validado]) VALUES (1, 1, CAST(N'2019-06-14T09:01:45.4210000' AS DateTime2), 1)
INSERT [dbo].[documento_guia] ([documento_id], [guia_id], [fecha_asociacion], [validado]) VALUES (2, 1, CAST(N'2019-06-14T09:01:45.4210000' AS DateTime2), 1)
INSERT [dbo].[documento_guia] ([documento_id], [guia_id], [fecha_asociacion], [validado]) VALUES (3, 1, CAST(N'2019-06-14T09:01:45.4210000' AS DateTime2), 1)
INSERT [dbo].[documento_guia] ([documento_id], [guia_id], [fecha_asociacion], [validado]) VALUES (4, 1, CAST(N'2019-06-14T09:01:45.4210000' AS DateTime2), 1)
INSERT [dbo].[documento_guia] ([documento_id], [guia_id], [fecha_asociacion], [validado]) VALUES (5, 2, CAST(N'2019-06-14T09:02:13.0490000' AS DateTime2), 1)
INSERT [dbo].[documento_guia] ([documento_id], [guia_id], [fecha_asociacion], [validado]) VALUES (6, 2, CAST(N'2019-06-14T09:02:13.0490000' AS DateTime2), 1)
INSERT [dbo].[documento_guia] ([documento_id], [guia_id], [fecha_asociacion], [validado]) VALUES (7, 2, CAST(N'2019-06-14T09:02:13.0490000' AS DateTime2), 1)
INSERT [dbo].[documento_guia] ([documento_id], [guia_id], [fecha_asociacion], [validado]) VALUES (8, 2, CAST(N'2019-06-14T09:02:13.0490000' AS DateTime2), 1)
INSERT [dbo].[documento_guia] ([documento_id], [guia_id], [fecha_asociacion], [validado]) VALUES (9, 13, CAST(N'2019-06-14T09:07:52.6800000' AS DateTime2), 1)
INSERT [dbo].[documento_guia] ([documento_id], [guia_id], [fecha_asociacion], [validado]) VALUES (10, 13, CAST(N'2019-06-14T09:07:52.6800000' AS DateTime2), 1)
INSERT [dbo].[documento_guia] ([documento_id], [guia_id], [fecha_asociacion], [validado]) VALUES (11, 13, CAST(N'2019-06-14T09:07:52.6800000' AS DateTime2), 1)
INSERT [dbo].[documento_guia] ([documento_id], [guia_id], [fecha_asociacion], [validado]) VALUES (12, 13, CAST(N'2019-06-14T09:07:52.6800000' AS DateTime2), 1)
INSERT [dbo].[documento_guia] ([documento_id], [guia_id], [fecha_asociacion], [validado]) VALUES (13, 14, CAST(N'2019-06-14T09:08:14.1730000' AS DateTime2), 1)
INSERT [dbo].[documento_guia] ([documento_id], [guia_id], [fecha_asociacion], [validado]) VALUES (14, 14, CAST(N'2019-06-14T09:08:14.1730000' AS DateTime2), 1)
INSERT [dbo].[documento_guia] ([documento_id], [guia_id], [fecha_asociacion], [validado]) VALUES (15, 14, CAST(N'2019-06-14T09:08:14.1730000' AS DateTime2), 1)
INSERT [dbo].[documento_guia] ([documento_id], [guia_id], [fecha_asociacion], [validado]) VALUES (17, 7, CAST(N'2019-06-14T09:04:59.3860000' AS DateTime2), 1)
INSERT [dbo].[documento_guia] ([documento_id], [guia_id], [fecha_asociacion], [validado]) VALUES (18, 7, CAST(N'2019-06-14T09:04:59.3860000' AS DateTime2), 1)
INSERT [dbo].[documento_guia] ([documento_id], [guia_id], [fecha_asociacion], [validado]) VALUES (19, 7, CAST(N'2019-06-14T09:04:59.3860000' AS DateTime2), 1)
INSERT [dbo].[documento_guia] ([documento_id], [guia_id], [fecha_asociacion], [validado]) VALUES (20, 7, CAST(N'2019-06-14T09:04:59.3860000' AS DateTime2), 1)
INSERT [dbo].[documento_guia] ([documento_id], [guia_id], [fecha_asociacion], [validado]) VALUES (21, 8, CAST(N'2019-06-14T09:05:26.3070000' AS DateTime2), 1)
INSERT [dbo].[documento_guia] ([documento_id], [guia_id], [fecha_asociacion], [validado]) VALUES (22, 8, CAST(N'2019-06-14T09:05:26.3070000' AS DateTime2), 1)
INSERT [dbo].[documento_guia] ([documento_id], [guia_id], [fecha_asociacion], [validado]) VALUES (23, 8, CAST(N'2019-06-14T09:05:26.3070000' AS DateTime2), 1)
INSERT [dbo].[documento_guia] ([documento_id], [guia_id], [fecha_asociacion], [validado]) VALUES (24, 8, CAST(N'2019-06-14T09:05:26.3070000' AS DateTime2), 1)
INSERT [dbo].[documento_guia] ([documento_id], [guia_id], [fecha_asociacion], [validado]) VALUES (25, 11, CAST(N'2019-06-14T09:06:51.9940000' AS DateTime2), 1)
INSERT [dbo].[documento_guia] ([documento_id], [guia_id], [fecha_asociacion], [validado]) VALUES (26, 11, CAST(N'2019-06-14T09:06:51.9940000' AS DateTime2), 1)
INSERT [dbo].[documento_guia] ([documento_id], [guia_id], [fecha_asociacion], [validado]) VALUES (27, 11, CAST(N'2019-06-14T09:06:51.9940000' AS DateTime2), 1)
INSERT [dbo].[documento_guia] ([documento_id], [guia_id], [fecha_asociacion], [validado]) VALUES (28, 11, CAST(N'2019-06-14T09:06:51.9940000' AS DateTime2), 1)
INSERT [dbo].[documento_guia] ([documento_id], [guia_id], [fecha_asociacion], [validado]) VALUES (29, 12, CAST(N'2019-06-14T09:07:14.9970000' AS DateTime2), 1)
INSERT [dbo].[documento_guia] ([documento_id], [guia_id], [fecha_asociacion], [validado]) VALUES (30, 12, CAST(N'2019-06-14T09:07:14.9970000' AS DateTime2), 1)
INSERT [dbo].[documento_guia] ([documento_id], [guia_id], [fecha_asociacion], [validado]) VALUES (31, 12, CAST(N'2019-06-14T09:07:14.9970000' AS DateTime2), 1)
INSERT [dbo].[documento_guia] ([documento_id], [guia_id], [fecha_asociacion], [validado]) VALUES (41, 3, CAST(N'2019-06-14T09:02:39.2400000' AS DateTime2), 1)
INSERT [dbo].[documento_guia] ([documento_id], [guia_id], [fecha_asociacion], [validado]) VALUES (42, 3, CAST(N'2019-06-14T09:02:39.2400000' AS DateTime2), 1)
INSERT [dbo].[documento_guia] ([documento_id], [guia_id], [fecha_asociacion], [validado]) VALUES (43, 3, CAST(N'2019-06-14T09:02:39.2400000' AS DateTime2), 1)
INSERT [dbo].[documento_guia] ([documento_id], [guia_id], [fecha_asociacion], [validado]) VALUES (44, 4, CAST(N'2019-06-14T09:03:14.3990000' AS DateTime2), 1)
INSERT [dbo].[documento_guia] ([documento_id], [guia_id], [fecha_asociacion], [validado]) VALUES (45, 4, CAST(N'2019-06-14T09:03:14.3990000' AS DateTime2), 1)
INSERT [dbo].[documento_guia] ([documento_id], [guia_id], [fecha_asociacion], [validado]) VALUES (46, 4, CAST(N'2019-06-14T09:03:14.3990000' AS DateTime2), 1)
INSERT [dbo].[documento_guia] ([documento_id], [guia_id], [fecha_asociacion], [validado]) VALUES (47, 4, CAST(N'2019-06-14T09:03:14.3990000' AS DateTime2), 1)
INSERT [dbo].[documento_guia] ([documento_id], [guia_id], [fecha_asociacion], [validado]) VALUES (48, 4, CAST(N'2019-06-14T09:03:14.3990000' AS DateTime2), 1)
INSERT [dbo].[documento_guia] ([documento_id], [guia_id], [fecha_asociacion], [validado]) VALUES (49, 5, CAST(N'2019-06-14T09:03:37.5480000' AS DateTime2), 1)
INSERT [dbo].[documento_guia] ([documento_id], [guia_id], [fecha_asociacion], [validado]) VALUES (50, 5, CAST(N'2019-06-14T09:03:37.5480000' AS DateTime2), 1)
INSERT [dbo].[documento_guia] ([documento_id], [guia_id], [fecha_asociacion], [validado]) VALUES (51, 5, CAST(N'2019-06-14T09:03:37.5480000' AS DateTime2), 1)
INSERT [dbo].[documento_guia] ([documento_id], [guia_id], [fecha_asociacion], [validado]) VALUES (52, 5, CAST(N'2019-06-14T09:03:37.5480000' AS DateTime2), 1)
INSERT [dbo].[documento_guia] ([documento_id], [guia_id], [fecha_asociacion], [validado]) VALUES (53, 6, CAST(N'2019-06-14T09:04:05.8600000' AS DateTime2), 1)
INSERT [dbo].[documento_guia] ([documento_id], [guia_id], [fecha_asociacion], [validado]) VALUES (54, 6, CAST(N'2019-06-14T09:04:05.8600000' AS DateTime2), 1)
INSERT [dbo].[documento_guia] ([documento_id], [guia_id], [fecha_asociacion], [validado]) VALUES (55, 6, CAST(N'2019-06-14T09:04:05.8600000' AS DateTime2), 1)
INSERT [dbo].[documento_guia] ([documento_id], [guia_id], [fecha_asociacion], [validado]) VALUES (56, 6, CAST(N'2019-06-14T09:04:05.8600000' AS DateTime2), 1)
INSERT [dbo].[documento_guia] ([documento_id], [guia_id], [fecha_asociacion], [validado]) VALUES (57, 9, CAST(N'2019-06-14T09:05:49.6550000' AS DateTime2), 1)
INSERT [dbo].[documento_guia] ([documento_id], [guia_id], [fecha_asociacion], [validado]) VALUES (58, 9, CAST(N'2019-06-14T09:05:49.6550000' AS DateTime2), 1)
INSERT [dbo].[documento_guia] ([documento_id], [guia_id], [fecha_asociacion], [validado]) VALUES (59, 9, CAST(N'2019-06-14T09:05:49.6550000' AS DateTime2), 1)
INSERT [dbo].[documento_guia] ([documento_id], [guia_id], [fecha_asociacion], [validado]) VALUES (60, 9, CAST(N'2019-06-14T09:05:49.6550000' AS DateTime2), 1)
INSERT [dbo].[documento_guia] ([documento_id], [guia_id], [fecha_asociacion], [validado]) VALUES (61, 10, CAST(N'2019-06-14T09:06:10.7800000' AS DateTime2), 1)
INSERT [dbo].[documento_guia] ([documento_id], [guia_id], [fecha_asociacion], [validado]) VALUES (62, 10, CAST(N'2019-06-14T09:06:10.7800000' AS DateTime2), 1)
INSERT [dbo].[documento_guia] ([documento_id], [guia_id], [fecha_asociacion], [validado]) VALUES (63, 10, CAST(N'2019-06-14T09:06:10.7800000' AS DateTime2), 1)
INSERT [dbo].[documento_guia] ([documento_id], [guia_id], [fecha_asociacion], [validado]) VALUES (64, 10, CAST(N'2019-06-14T09:06:10.7800000' AS DateTime2), 1)
SET IDENTITY_INSERT [dbo].[tipo_devolucion] ON 

INSERT [dbo].[tipo_devolucion] ([tipo_devolucion_id], [nombre]) VALUES (1, N'CARGO')
INSERT [dbo].[tipo_devolucion] ([tipo_devolucion_id], [nombre]) VALUES (2, N'REZAGO')
INSERT [dbo].[tipo_devolucion] ([tipo_devolucion_id], [nombre]) VALUES (3, N'DENUNCIA')
SET IDENTITY_INSERT [dbo].[tipo_devolucion] OFF
SET IDENTITY_INSERT [dbo].[tipo_estado_documento] ON 

INSERT [dbo].[tipo_estado_documento] ([tipo_estado_documento_id], [nombre]) VALUES (1, N'ESTADOS UTD')
INSERT [dbo].[tipo_estado_documento] ([tipo_estado_documento_id], [nombre]) VALUES (2, N'RESULTADOS PROVEEDOR')
SET IDENTITY_INSERT [dbo].[tipo_estado_documento] OFF
SET IDENTITY_INSERT [dbo].[estado_documento] ON 

INSERT [dbo].[estado_documento] ([estado_documento_id], [nombre], [tipo_estado_documento_id]) VALUES (1, N'CREADO', 1)
INSERT [dbo].[estado_documento] ([estado_documento_id], [nombre], [tipo_estado_documento_id]) VALUES (2, N'CUSTODIADO', 1)
INSERT [dbo].[estado_documento] ([estado_documento_id], [nombre], [tipo_estado_documento_id]) VALUES (3, N'PENDIENTE DE ENTREGA', 1)
INSERT [dbo].[estado_documento] ([estado_documento_id], [nombre], [tipo_estado_documento_id]) VALUES (4, N'ENTREGADO', 2)
INSERT [dbo].[estado_documento] ([estado_documento_id], [nombre], [tipo_estado_documento_id]) VALUES (5, N'REZAGADO', 2)
INSERT [dbo].[estado_documento] ([estado_documento_id], [nombre], [tipo_estado_documento_id]) VALUES (6, N'NO DISTRIBUIBLE', 2)
INSERT [dbo].[estado_documento] ([estado_documento_id], [nombre], [tipo_estado_documento_id]) VALUES (7, N'DENEGADO', 1)
INSERT [dbo].[estado_documento] ([estado_documento_id], [nombre], [tipo_estado_documento_id]) VALUES (8, N'ELIMINADO', 1)
INSERT [dbo].[estado_documento] ([estado_documento_id], [nombre], [tipo_estado_documento_id]) VALUES (9, N'RECEPCIONADO', 1)
INSERT [dbo].[estado_documento] ([estado_documento_id], [nombre], [tipo_estado_documento_id]) VALUES (10, N'CERRADO', 1)
SET IDENTITY_INSERT [dbo].[estado_documento] OFF
SET IDENTITY_INSERT [dbo].[motivo_estado] ON 

INSERT [dbo].[motivo_estado] ([motivo_estado_id], [nombre], [estado_documento_id]) VALUES (1, N'ENTREGADO A TERCERO', 4)
INSERT [dbo].[motivo_estado] ([motivo_estado_id], [nombre], [estado_documento_id]) VALUES (2, N'ENTREGADO A TITULAR', 4)
INSERT [dbo].[motivo_estado] ([motivo_estado_id], [nombre], [estado_documento_id]) VALUES (3, N'ENTREGADO CON FIRMA', 4)
INSERT [dbo].[motivo_estado] ([motivo_estado_id], [nombre], [estado_documento_id]) VALUES (4, N'ENTREGADO CON SELLO', 4)
INSERT [dbo].[motivo_estado] ([motivo_estado_id], [nombre], [estado_documento_id]) VALUES (5, N'ENTREGADO EN AGENCIA', 4)
INSERT [dbo].[motivo_estado] ([motivo_estado_id], [nombre], [estado_documento_id]) VALUES (6, N'ENTREGADO SIN SELLO', 4)
INSERT [dbo].[motivo_estado] ([motivo_estado_id], [nombre], [estado_documento_id]) VALUES (7, N'BUZON', 4)
INSERT [dbo].[motivo_estado] ([motivo_estado_id], [nombre], [estado_documento_id]) VALUES (8, N'BAJO PUERTA', 4)
INSERT [dbo].[motivo_estado] ([motivo_estado_id], [nombre], [estado_documento_id]) VALUES (9, N'AUSENTE', 5)
INSERT [dbo].[motivo_estado] ([motivo_estado_id], [nombre], [estado_documento_id]) VALUES (10, N'DIRECCION INCORRECTA', 5)
INSERT [dbo].[motivo_estado] ([motivo_estado_id], [nombre], [estado_documento_id]) VALUES (11, N'SE MUDO', 5)
INSERT [dbo].[motivo_estado] ([motivo_estado_id], [nombre], [estado_documento_id]) VALUES (12, N'DESCONOCIDO', 5)
INSERT [dbo].[motivo_estado] ([motivo_estado_id], [nombre], [estado_documento_id]) VALUES (13, N'RECHAZADO', 5)
INSERT [dbo].[motivo_estado] ([motivo_estado_id], [nombre], [estado_documento_id]) VALUES (14, N'NO PERMITE ENTREGA', 5)
INSERT [dbo].[motivo_estado] ([motivo_estado_id], [nombre], [estado_documento_id]) VALUES (15, N'FALLECIDO', 5)
INSERT [dbo].[motivo_estado] ([motivo_estado_id], [nombre], [estado_documento_id]) VALUES (16, N'EXTRAVIADO O ROBADO', 6)
INSERT [dbo].[motivo_estado] ([motivo_estado_id], [nombre], [estado_documento_id]) VALUES (17, N'FALTANTE', 6)
INSERT [dbo].[motivo_estado] ([motivo_estado_id], [nombre], [estado_documento_id]) VALUES (18, N'ANULADO', 6)
INSERT [dbo].[motivo_estado] ([motivo_estado_id], [nombre], [estado_documento_id]) VALUES (19, N'DEVUELTO', 6)
INSERT [dbo].[motivo_estado] ([motivo_estado_id], [nombre], [estado_documento_id]) VALUES (20, N'ZONA PELIGROSA', 6)
INSERT [dbo].[motivo_estado] ([motivo_estado_id], [nombre], [estado_documento_id]) VALUES (21, N'SIN COBERTURA', 6)
INSERT [dbo].[motivo_estado] ([motivo_estado_id], [nombre], [estado_documento_id]) VALUES (22, N'NO EXISTE', 6)
INSERT [dbo].[motivo_estado] ([motivo_estado_id], [nombre], [estado_documento_id]) VALUES (23, N'NO ACCESIBLE', 6)
INSERT [dbo].[motivo_estado] ([motivo_estado_id], [nombre], [estado_documento_id]) VALUES (24, N'SIN FISICO', 6)
INSERT [dbo].[motivo_estado] ([motivo_estado_id], [nombre], [estado_documento_id]) VALUES (25, N'SIN RECOJO', 6)
INSERT [dbo].[motivo_estado] ([motivo_estado_id], [nombre], [estado_documento_id]) VALUES (26, N'RETENIDO', 6)
SET IDENTITY_INSERT [dbo].[motivo_estado] OFF
SET IDENTITY_INSERT [dbo].[seguimiento_documento] ON 

INSERT [dbo].[seguimiento_documento] ([seguimiento_documento_id], [fecha], [link_imagen], [observacion], [usuario_id], [documento_id], [estado_documento_id], [motivo_estado_id]) VALUES (1, CAST(N'2019-06-14T08:51:29.0840000' AS DateTime2), NULL, NULL, 5, 1, 1, NULL)
INSERT [dbo].[seguimiento_documento] ([seguimiento_documento_id], [fecha], [link_imagen], [observacion], [usuario_id], [documento_id], [estado_documento_id], [motivo_estado_id]) VALUES (2, CAST(N'2019-06-14T08:51:29.0900000' AS DateTime2), NULL, NULL, 5, 2, 1, NULL)
INSERT [dbo].[seguimiento_documento] ([seguimiento_documento_id], [fecha], [link_imagen], [observacion], [usuario_id], [documento_id], [estado_documento_id], [motivo_estado_id]) VALUES (3, CAST(N'2019-06-14T08:51:29.0910000' AS DateTime2), NULL, NULL, 5, 3, 1, NULL)
INSERT [dbo].[seguimiento_documento] ([seguimiento_documento_id], [fecha], [link_imagen], [observacion], [usuario_id], [documento_id], [estado_documento_id], [motivo_estado_id]) VALUES (4, CAST(N'2019-06-14T08:51:29.0920000' AS DateTime2), NULL, NULL, 5, 4, 1, NULL)
INSERT [dbo].[seguimiento_documento] ([seguimiento_documento_id], [fecha], [link_imagen], [observacion], [usuario_id], [documento_id], [estado_documento_id], [motivo_estado_id]) VALUES (5, CAST(N'2019-06-14T08:51:29.0930000' AS DateTime2), NULL, NULL, 5, 5, 1, NULL)
INSERT [dbo].[seguimiento_documento] ([seguimiento_documento_id], [fecha], [link_imagen], [observacion], [usuario_id], [documento_id], [estado_documento_id], [motivo_estado_id]) VALUES (6, CAST(N'2019-06-14T08:51:29.0940000' AS DateTime2), NULL, NULL, 5, 6, 1, NULL)
INSERT [dbo].[seguimiento_documento] ([seguimiento_documento_id], [fecha], [link_imagen], [observacion], [usuario_id], [documento_id], [estado_documento_id], [motivo_estado_id]) VALUES (7, CAST(N'2019-06-14T08:51:29.0950000' AS DateTime2), NULL, NULL, 5, 7, 1, NULL)
INSERT [dbo].[seguimiento_documento] ([seguimiento_documento_id], [fecha], [link_imagen], [observacion], [usuario_id], [documento_id], [estado_documento_id], [motivo_estado_id]) VALUES (8, CAST(N'2019-06-14T08:51:29.0960000' AS DateTime2), NULL, NULL, 5, 8, 1, NULL)
INSERT [dbo].[seguimiento_documento] ([seguimiento_documento_id], [fecha], [link_imagen], [observacion], [usuario_id], [documento_id], [estado_documento_id], [motivo_estado_id]) VALUES (9, CAST(N'2019-06-14T08:52:39.6790000' AS DateTime2), NULL, NULL, 5, 9, 1, NULL)
INSERT [dbo].[seguimiento_documento] ([seguimiento_documento_id], [fecha], [link_imagen], [observacion], [usuario_id], [documento_id], [estado_documento_id], [motivo_estado_id]) VALUES (10, CAST(N'2019-06-14T08:52:39.6810000' AS DateTime2), NULL, NULL, 5, 10, 1, NULL)
INSERT [dbo].[seguimiento_documento] ([seguimiento_documento_id], [fecha], [link_imagen], [observacion], [usuario_id], [documento_id], [estado_documento_id], [motivo_estado_id]) VALUES (11, CAST(N'2019-06-14T08:52:39.6820000' AS DateTime2), NULL, NULL, 5, 11, 1, NULL)
INSERT [dbo].[seguimiento_documento] ([seguimiento_documento_id], [fecha], [link_imagen], [observacion], [usuario_id], [documento_id], [estado_documento_id], [motivo_estado_id]) VALUES (12, CAST(N'2019-06-14T08:52:39.6830000' AS DateTime2), NULL, NULL, 5, 12, 1, NULL)
INSERT [dbo].[seguimiento_documento] ([seguimiento_documento_id], [fecha], [link_imagen], [observacion], [usuario_id], [documento_id], [estado_documento_id], [motivo_estado_id]) VALUES (13, CAST(N'2019-06-14T08:52:39.6840000' AS DateTime2), NULL, NULL, 5, 13, 1, NULL)
INSERT [dbo].[seguimiento_documento] ([seguimiento_documento_id], [fecha], [link_imagen], [observacion], [usuario_id], [documento_id], [estado_documento_id], [motivo_estado_id]) VALUES (14, CAST(N'2019-06-14T08:52:39.6850000' AS DateTime2), NULL, NULL, 5, 14, 1, NULL)
INSERT [dbo].[seguimiento_documento] ([seguimiento_documento_id], [fecha], [link_imagen], [observacion], [usuario_id], [documento_id], [estado_documento_id], [motivo_estado_id]) VALUES (15, CAST(N'2019-06-14T08:52:39.6860000' AS DateTime2), NULL, NULL, 5, 15, 1, NULL)
INSERT [dbo].[seguimiento_documento] ([seguimiento_documento_id], [fecha], [link_imagen], [observacion], [usuario_id], [documento_id], [estado_documento_id], [motivo_estado_id]) VALUES (16, CAST(N'2019-06-14T08:52:39.6870000' AS DateTime2), NULL, NULL, 5, 16, 1, NULL)
INSERT [dbo].[seguimiento_documento] ([seguimiento_documento_id], [fecha], [link_imagen], [observacion], [usuario_id], [documento_id], [estado_documento_id], [motivo_estado_id]) VALUES (17, CAST(N'2019-06-14T08:53:16.4690000' AS DateTime2), NULL, NULL, 5, 17, 1, NULL)
INSERT [dbo].[seguimiento_documento] ([seguimiento_documento_id], [fecha], [link_imagen], [observacion], [usuario_id], [documento_id], [estado_documento_id], [motivo_estado_id]) VALUES (18, CAST(N'2019-06-14T08:53:16.4700000' AS DateTime2), NULL, NULL, 5, 18, 1, NULL)
INSERT [dbo].[seguimiento_documento] ([seguimiento_documento_id], [fecha], [link_imagen], [observacion], [usuario_id], [documento_id], [estado_documento_id], [motivo_estado_id]) VALUES (19, CAST(N'2019-06-14T08:53:16.4710000' AS DateTime2), NULL, NULL, 5, 19, 1, NULL)
INSERT [dbo].[seguimiento_documento] ([seguimiento_documento_id], [fecha], [link_imagen], [observacion], [usuario_id], [documento_id], [estado_documento_id], [motivo_estado_id]) VALUES (20, CAST(N'2019-06-14T08:53:16.4710000' AS DateTime2), NULL, NULL, 5, 20, 1, NULL)
INSERT [dbo].[seguimiento_documento] ([seguimiento_documento_id], [fecha], [link_imagen], [observacion], [usuario_id], [documento_id], [estado_documento_id], [motivo_estado_id]) VALUES (21, CAST(N'2019-06-14T08:53:16.4720000' AS DateTime2), NULL, NULL, 5, 21, 1, NULL)
INSERT [dbo].[seguimiento_documento] ([seguimiento_documento_id], [fecha], [link_imagen], [observacion], [usuario_id], [documento_id], [estado_documento_id], [motivo_estado_id]) VALUES (22, CAST(N'2019-06-14T08:53:16.4730000' AS DateTime2), NULL, NULL, 5, 22, 1, NULL)
INSERT [dbo].[seguimiento_documento] ([seguimiento_documento_id], [fecha], [link_imagen], [observacion], [usuario_id], [documento_id], [estado_documento_id], [motivo_estado_id]) VALUES (23, CAST(N'2019-06-14T08:53:16.4740000' AS DateTime2), NULL, NULL, 5, 23, 1, NULL)
INSERT [dbo].[seguimiento_documento] ([seguimiento_documento_id], [fecha], [link_imagen], [observacion], [usuario_id], [documento_id], [estado_documento_id], [motivo_estado_id]) VALUES (24, CAST(N'2019-06-14T08:53:16.4740000' AS DateTime2), NULL, NULL, 5, 24, 1, NULL)
INSERT [dbo].[seguimiento_documento] ([seguimiento_documento_id], [fecha], [link_imagen], [observacion], [usuario_id], [documento_id], [estado_documento_id], [motivo_estado_id]) VALUES (25, CAST(N'2019-06-14T08:53:51.0210000' AS DateTime2), NULL, NULL, 5, 25, 1, NULL)
INSERT [dbo].[seguimiento_documento] ([seguimiento_documento_id], [fecha], [link_imagen], [observacion], [usuario_id], [documento_id], [estado_documento_id], [motivo_estado_id]) VALUES (26, CAST(N'2019-06-14T08:53:51.0230000' AS DateTime2), NULL, NULL, 5, 26, 1, NULL)
INSERT [dbo].[seguimiento_documento] ([seguimiento_documento_id], [fecha], [link_imagen], [observacion], [usuario_id], [documento_id], [estado_documento_id], [motivo_estado_id]) VALUES (27, CAST(N'2019-06-14T08:53:51.0240000' AS DateTime2), NULL, NULL, 5, 27, 1, NULL)
INSERT [dbo].[seguimiento_documento] ([seguimiento_documento_id], [fecha], [link_imagen], [observacion], [usuario_id], [documento_id], [estado_documento_id], [motivo_estado_id]) VALUES (28, CAST(N'2019-06-14T08:53:51.0250000' AS DateTime2), NULL, NULL, 5, 28, 1, NULL)
INSERT [dbo].[seguimiento_documento] ([seguimiento_documento_id], [fecha], [link_imagen], [observacion], [usuario_id], [documento_id], [estado_documento_id], [motivo_estado_id]) VALUES (29, CAST(N'2019-06-14T08:53:51.0250000' AS DateTime2), NULL, NULL, 5, 29, 1, NULL)
INSERT [dbo].[seguimiento_documento] ([seguimiento_documento_id], [fecha], [link_imagen], [observacion], [usuario_id], [documento_id], [estado_documento_id], [motivo_estado_id]) VALUES (30, CAST(N'2019-06-14T08:53:51.0260000' AS DateTime2), NULL, NULL, 5, 30, 1, NULL)
INSERT [dbo].[seguimiento_documento] ([seguimiento_documento_id], [fecha], [link_imagen], [observacion], [usuario_id], [documento_id], [estado_documento_id], [motivo_estado_id]) VALUES (31, CAST(N'2019-06-14T08:53:51.0260000' AS DateTime2), NULL, NULL, 5, 31, 1, NULL)
INSERT [dbo].[seguimiento_documento] ([seguimiento_documento_id], [fecha], [link_imagen], [observacion], [usuario_id], [documento_id], [estado_documento_id], [motivo_estado_id]) VALUES (32, CAST(N'2019-06-14T08:53:51.0270000' AS DateTime2), NULL, NULL, 5, 32, 1, NULL)
INSERT [dbo].[seguimiento_documento] ([seguimiento_documento_id], [fecha], [link_imagen], [observacion], [usuario_id], [documento_id], [estado_documento_id], [motivo_estado_id]) VALUES (33, CAST(N'2019-06-14T08:54:50.1600000' AS DateTime2), NULL, NULL, 6, 33, 1, NULL)
INSERT [dbo].[seguimiento_documento] ([seguimiento_documento_id], [fecha], [link_imagen], [observacion], [usuario_id], [documento_id], [estado_documento_id], [motivo_estado_id]) VALUES (34, CAST(N'2019-06-14T08:54:50.1610000' AS DateTime2), NULL, NULL, 6, 34, 1, NULL)
INSERT [dbo].[seguimiento_documento] ([seguimiento_documento_id], [fecha], [link_imagen], [observacion], [usuario_id], [documento_id], [estado_documento_id], [motivo_estado_id]) VALUES (35, CAST(N'2019-06-14T08:54:50.1620000' AS DateTime2), NULL, NULL, 6, 35, 1, NULL)
INSERT [dbo].[seguimiento_documento] ([seguimiento_documento_id], [fecha], [link_imagen], [observacion], [usuario_id], [documento_id], [estado_documento_id], [motivo_estado_id]) VALUES (36, CAST(N'2019-06-14T08:54:50.1630000' AS DateTime2), NULL, NULL, 6, 36, 1, NULL)
INSERT [dbo].[seguimiento_documento] ([seguimiento_documento_id], [fecha], [link_imagen], [observacion], [usuario_id], [documento_id], [estado_documento_id], [motivo_estado_id]) VALUES (37, CAST(N'2019-06-14T08:54:50.1640000' AS DateTime2), NULL, NULL, 6, 37, 1, NULL)
INSERT [dbo].[seguimiento_documento] ([seguimiento_documento_id], [fecha], [link_imagen], [observacion], [usuario_id], [documento_id], [estado_documento_id], [motivo_estado_id]) VALUES (38, CAST(N'2019-06-14T08:54:50.1640000' AS DateTime2), NULL, NULL, 6, 38, 1, NULL)
INSERT [dbo].[seguimiento_documento] ([seguimiento_documento_id], [fecha], [link_imagen], [observacion], [usuario_id], [documento_id], [estado_documento_id], [motivo_estado_id]) VALUES (39, CAST(N'2019-06-14T08:54:50.1650000' AS DateTime2), NULL, NULL, 6, 39, 1, NULL)
INSERT [dbo].[seguimiento_documento] ([seguimiento_documento_id], [fecha], [link_imagen], [observacion], [usuario_id], [documento_id], [estado_documento_id], [motivo_estado_id]) VALUES (40, CAST(N'2019-06-14T08:54:50.1660000' AS DateTime2), NULL, NULL, 6, 40, 1, NULL)
INSERT [dbo].[seguimiento_documento] ([seguimiento_documento_id], [fecha], [link_imagen], [observacion], [usuario_id], [documento_id], [estado_documento_id], [motivo_estado_id]) VALUES (41, CAST(N'2019-06-14T08:55:21.9420000' AS DateTime2), NULL, NULL, 6, 41, 1, NULL)
INSERT [dbo].[seguimiento_documento] ([seguimiento_documento_id], [fecha], [link_imagen], [observacion], [usuario_id], [documento_id], [estado_documento_id], [motivo_estado_id]) VALUES (42, CAST(N'2019-06-14T08:55:21.9430000' AS DateTime2), NULL, NULL, 6, 42, 1, NULL)
INSERT [dbo].[seguimiento_documento] ([seguimiento_documento_id], [fecha], [link_imagen], [observacion], [usuario_id], [documento_id], [estado_documento_id], [motivo_estado_id]) VALUES (43, CAST(N'2019-06-14T08:55:21.9430000' AS DateTime2), NULL, NULL, 6, 43, 1, NULL)
INSERT [dbo].[seguimiento_documento] ([seguimiento_documento_id], [fecha], [link_imagen], [observacion], [usuario_id], [documento_id], [estado_documento_id], [motivo_estado_id]) VALUES (44, CAST(N'2019-06-14T08:55:21.9440000' AS DateTime2), NULL, NULL, 6, 44, 1, NULL)
INSERT [dbo].[seguimiento_documento] ([seguimiento_documento_id], [fecha], [link_imagen], [observacion], [usuario_id], [documento_id], [estado_documento_id], [motivo_estado_id]) VALUES (45, CAST(N'2019-06-14T08:55:21.9440000' AS DateTime2), NULL, NULL, 6, 45, 1, NULL)
INSERT [dbo].[seguimiento_documento] ([seguimiento_documento_id], [fecha], [link_imagen], [observacion], [usuario_id], [documento_id], [estado_documento_id], [motivo_estado_id]) VALUES (46, CAST(N'2019-06-14T08:55:21.9450000' AS DateTime2), NULL, NULL, 6, 46, 1, NULL)
INSERT [dbo].[seguimiento_documento] ([seguimiento_documento_id], [fecha], [link_imagen], [observacion], [usuario_id], [documento_id], [estado_documento_id], [motivo_estado_id]) VALUES (47, CAST(N'2019-06-14T08:55:21.9460000' AS DateTime2), NULL, NULL, 6, 47, 1, NULL)
INSERT [dbo].[seguimiento_documento] ([seguimiento_documento_id], [fecha], [link_imagen], [observacion], [usuario_id], [documento_id], [estado_documento_id], [motivo_estado_id]) VALUES (48, CAST(N'2019-06-14T08:55:21.9460000' AS DateTime2), NULL, NULL, 6, 48, 1, NULL)
INSERT [dbo].[seguimiento_documento] ([seguimiento_documento_id], [fecha], [link_imagen], [observacion], [usuario_id], [documento_id], [estado_documento_id], [motivo_estado_id]) VALUES (49, CAST(N'2019-06-14T08:56:14.4580000' AS DateTime2), NULL, NULL, 7, 49, 1, NULL)
INSERT [dbo].[seguimiento_documento] ([seguimiento_documento_id], [fecha], [link_imagen], [observacion], [usuario_id], [documento_id], [estado_documento_id], [motivo_estado_id]) VALUES (50, CAST(N'2019-06-14T08:56:14.4580000' AS DateTime2), NULL, NULL, 7, 50, 1, NULL)
INSERT [dbo].[seguimiento_documento] ([seguimiento_documento_id], [fecha], [link_imagen], [observacion], [usuario_id], [documento_id], [estado_documento_id], [motivo_estado_id]) VALUES (51, CAST(N'2019-06-14T08:56:14.4580000' AS DateTime2), NULL, NULL, 7, 51, 1, NULL)
INSERT [dbo].[seguimiento_documento] ([seguimiento_documento_id], [fecha], [link_imagen], [observacion], [usuario_id], [documento_id], [estado_documento_id], [motivo_estado_id]) VALUES (52, CAST(N'2019-06-14T08:56:14.4580000' AS DateTime2), NULL, NULL, 7, 52, 1, NULL)
INSERT [dbo].[seguimiento_documento] ([seguimiento_documento_id], [fecha], [link_imagen], [observacion], [usuario_id], [documento_id], [estado_documento_id], [motivo_estado_id]) VALUES (53, CAST(N'2019-06-14T08:56:14.4580000' AS DateTime2), NULL, NULL, 7, 53, 1, NULL)
INSERT [dbo].[seguimiento_documento] ([seguimiento_documento_id], [fecha], [link_imagen], [observacion], [usuario_id], [documento_id], [estado_documento_id], [motivo_estado_id]) VALUES (54, CAST(N'2019-06-14T08:56:14.4580000' AS DateTime2), NULL, NULL, 7, 54, 1, NULL)
INSERT [dbo].[seguimiento_documento] ([seguimiento_documento_id], [fecha], [link_imagen], [observacion], [usuario_id], [documento_id], [estado_documento_id], [motivo_estado_id]) VALUES (55, CAST(N'2019-06-14T08:56:14.4580000' AS DateTime2), NULL, NULL, 7, 55, 1, NULL)
INSERT [dbo].[seguimiento_documento] ([seguimiento_documento_id], [fecha], [link_imagen], [observacion], [usuario_id], [documento_id], [estado_documento_id], [motivo_estado_id]) VALUES (56, CAST(N'2019-06-14T08:56:14.4580000' AS DateTime2), NULL, NULL, 7, 56, 1, NULL)
INSERT [dbo].[seguimiento_documento] ([seguimiento_documento_id], [fecha], [link_imagen], [observacion], [usuario_id], [documento_id], [estado_documento_id], [motivo_estado_id]) VALUES (57, CAST(N'2019-06-14T08:56:40.6080000' AS DateTime2), NULL, NULL, 7, 57, 1, NULL)
INSERT [dbo].[seguimiento_documento] ([seguimiento_documento_id], [fecha], [link_imagen], [observacion], [usuario_id], [documento_id], [estado_documento_id], [motivo_estado_id]) VALUES (58, CAST(N'2019-06-14T08:56:40.6080000' AS DateTime2), NULL, NULL, 7, 58, 1, NULL)
INSERT [dbo].[seguimiento_documento] ([seguimiento_documento_id], [fecha], [link_imagen], [observacion], [usuario_id], [documento_id], [estado_documento_id], [motivo_estado_id]) VALUES (59, CAST(N'2019-06-14T08:56:40.6090000' AS DateTime2), NULL, NULL, 7, 59, 1, NULL)
INSERT [dbo].[seguimiento_documento] ([seguimiento_documento_id], [fecha], [link_imagen], [observacion], [usuario_id], [documento_id], [estado_documento_id], [motivo_estado_id]) VALUES (60, CAST(N'2019-06-14T08:56:40.6100000' AS DateTime2), NULL, NULL, 7, 60, 1, NULL)
INSERT [dbo].[seguimiento_documento] ([seguimiento_documento_id], [fecha], [link_imagen], [observacion], [usuario_id], [documento_id], [estado_documento_id], [motivo_estado_id]) VALUES (61, CAST(N'2019-06-14T08:56:40.6100000' AS DateTime2), NULL, NULL, 7, 61, 1, NULL)
INSERT [dbo].[seguimiento_documento] ([seguimiento_documento_id], [fecha], [link_imagen], [observacion], [usuario_id], [documento_id], [estado_documento_id], [motivo_estado_id]) VALUES (62, CAST(N'2019-06-14T08:56:40.6110000' AS DateTime2), NULL, NULL, 7, 62, 1, NULL)
INSERT [dbo].[seguimiento_documento] ([seguimiento_documento_id], [fecha], [link_imagen], [observacion], [usuario_id], [documento_id], [estado_documento_id], [motivo_estado_id]) VALUES (63, CAST(N'2019-06-14T08:56:40.6120000' AS DateTime2), NULL, NULL, 7, 63, 1, NULL)
INSERT [dbo].[seguimiento_documento] ([seguimiento_documento_id], [fecha], [link_imagen], [observacion], [usuario_id], [documento_id], [estado_documento_id], [motivo_estado_id]) VALUES (64, CAST(N'2019-06-14T08:56:40.6120000' AS DateTime2), NULL, NULL, 7, 64, 1, NULL)
INSERT [dbo].[seguimiento_documento] ([seguimiento_documento_id], [fecha], [link_imagen], [observacion], [usuario_id], [documento_id], [estado_documento_id], [motivo_estado_id]) VALUES (65, CAST(N'2019-06-14T08:56:55.4290000' AS DateTime2), NULL, N'El documento ha sido autorizado', 9, 55, 1, NULL)
INSERT [dbo].[seguimiento_documento] ([seguimiento_documento_id], [fecha], [link_imagen], [observacion], [usuario_id], [documento_id], [estado_documento_id], [motivo_estado_id]) VALUES (66, CAST(N'2019-06-14T08:56:55.4310000' AS DateTime2), NULL, N'El documento ha sido autorizado', 9, 50, 1, NULL)
INSERT [dbo].[seguimiento_documento] ([seguimiento_documento_id], [fecha], [link_imagen], [observacion], [usuario_id], [documento_id], [estado_documento_id], [motivo_estado_id]) VALUES (67, CAST(N'2019-06-14T08:56:55.4310000' AS DateTime2), NULL, N'El documento ha sido autorizado', 9, 49, 1, NULL)
INSERT [dbo].[seguimiento_documento] ([seguimiento_documento_id], [fecha], [link_imagen], [observacion], [usuario_id], [documento_id], [estado_documento_id], [motivo_estado_id]) VALUES (68, CAST(N'2019-06-14T08:56:55.4310000' AS DateTime2), NULL, N'El documento ha sido autorizado', 9, 52, 1, NULL)
INSERT [dbo].[seguimiento_documento] ([seguimiento_documento_id], [fecha], [link_imagen], [observacion], [usuario_id], [documento_id], [estado_documento_id], [motivo_estado_id]) VALUES (69, CAST(N'2019-06-14T08:56:55.4320000' AS DateTime2), NULL, N'El documento ha sido autorizado', 9, 53, 1, NULL)
INSERT [dbo].[seguimiento_documento] ([seguimiento_documento_id], [fecha], [link_imagen], [observacion], [usuario_id], [documento_id], [estado_documento_id], [motivo_estado_id]) VALUES (70, CAST(N'2019-06-14T08:56:55.4320000' AS DateTime2), NULL, N'El documento ha sido autorizado', 9, 54, 1, NULL)
INSERT [dbo].[seguimiento_documento] ([seguimiento_documento_id], [fecha], [link_imagen], [observacion], [usuario_id], [documento_id], [estado_documento_id], [motivo_estado_id]) VALUES (71, CAST(N'2019-06-14T08:56:55.4320000' AS DateTime2), NULL, N'El documento ha sido autorizado', 9, 51, 1, NULL)
INSERT [dbo].[seguimiento_documento] ([seguimiento_documento_id], [fecha], [link_imagen], [observacion], [usuario_id], [documento_id], [estado_documento_id], [motivo_estado_id]) VALUES (72, CAST(N'2019-06-14T08:56:55.4330000' AS DateTime2), NULL, N'El documento ha sido autorizado', 9, 56, 1, NULL)
INSERT [dbo].[seguimiento_documento] ([seguimiento_documento_id], [fecha], [link_imagen], [observacion], [usuario_id], [documento_id], [estado_documento_id], [motivo_estado_id]) VALUES (73, CAST(N'2019-06-14T08:56:57.1360000' AS DateTime2), NULL, N'El documento ha sido autorizado', 9, 58, 1, NULL)
INSERT [dbo].[seguimiento_documento] ([seguimiento_documento_id], [fecha], [link_imagen], [observacion], [usuario_id], [documento_id], [estado_documento_id], [motivo_estado_id]) VALUES (74, CAST(N'2019-06-14T08:56:57.1360000' AS DateTime2), NULL, N'El documento ha sido autorizado', 9, 63, 1, NULL)
INSERT [dbo].[seguimiento_documento] ([seguimiento_documento_id], [fecha], [link_imagen], [observacion], [usuario_id], [documento_id], [estado_documento_id], [motivo_estado_id]) VALUES (75, CAST(N'2019-06-14T08:56:57.1360000' AS DateTime2), NULL, N'El documento ha sido autorizado', 9, 61, 1, NULL)
INSERT [dbo].[seguimiento_documento] ([seguimiento_documento_id], [fecha], [link_imagen], [observacion], [usuario_id], [documento_id], [estado_documento_id], [motivo_estado_id]) VALUES (76, CAST(N'2019-06-14T08:56:57.1370000' AS DateTime2), NULL, N'El documento ha sido autorizado', 9, 62, 1, NULL)
INSERT [dbo].[seguimiento_documento] ([seguimiento_documento_id], [fecha], [link_imagen], [observacion], [usuario_id], [documento_id], [estado_documento_id], [motivo_estado_id]) VALUES (77, CAST(N'2019-06-14T08:56:57.1370000' AS DateTime2), NULL, N'El documento ha sido autorizado', 9, 64, 1, NULL)
INSERT [dbo].[seguimiento_documento] ([seguimiento_documento_id], [fecha], [link_imagen], [observacion], [usuario_id], [documento_id], [estado_documento_id], [motivo_estado_id]) VALUES (78, CAST(N'2019-06-14T08:56:57.1370000' AS DateTime2), NULL, N'El documento ha sido autorizado', 9, 59, 1, NULL)
INSERT [dbo].[seguimiento_documento] ([seguimiento_documento_id], [fecha], [link_imagen], [observacion], [usuario_id], [documento_id], [estado_documento_id], [motivo_estado_id]) VALUES (79, CAST(N'2019-06-14T08:56:57.1370000' AS DateTime2), NULL, N'El documento ha sido autorizado', 9, 60, 1, NULL)
INSERT [dbo].[seguimiento_documento] ([seguimiento_documento_id], [fecha], [link_imagen], [observacion], [usuario_id], [documento_id], [estado_documento_id], [motivo_estado_id]) VALUES (80, CAST(N'2019-06-14T08:56:57.1380000' AS DateTime2), NULL, N'El documento ha sido autorizado', 9, 57, 1, NULL)
INSERT [dbo].[seguimiento_documento] ([seguimiento_documento_id], [fecha], [link_imagen], [observacion], [usuario_id], [documento_id], [estado_documento_id], [motivo_estado_id]) VALUES (81, CAST(N'2019-06-14T08:57:17.6220000' AS DateTime2), NULL, NULL, 3, 1, 2, NULL)
INSERT [dbo].[seguimiento_documento] ([seguimiento_documento_id], [fecha], [link_imagen], [observacion], [usuario_id], [documento_id], [estado_documento_id], [motivo_estado_id]) VALUES (82, CAST(N'2019-06-14T08:57:17.6240000' AS DateTime2), NULL, NULL, 3, 2, 2, NULL)
INSERT [dbo].[seguimiento_documento] ([seguimiento_documento_id], [fecha], [link_imagen], [observacion], [usuario_id], [documento_id], [estado_documento_id], [motivo_estado_id]) VALUES (83, CAST(N'2019-06-14T08:57:17.6240000' AS DateTime2), NULL, NULL, 3, 3, 2, NULL)
INSERT [dbo].[seguimiento_documento] ([seguimiento_documento_id], [fecha], [link_imagen], [observacion], [usuario_id], [documento_id], [estado_documento_id], [motivo_estado_id]) VALUES (84, CAST(N'2019-06-14T08:57:17.6250000' AS DateTime2), NULL, NULL, 3, 7, 2, NULL)
INSERT [dbo].[seguimiento_documento] ([seguimiento_documento_id], [fecha], [link_imagen], [observacion], [usuario_id], [documento_id], [estado_documento_id], [motivo_estado_id]) VALUES (85, CAST(N'2019-06-14T08:57:17.6260000' AS DateTime2), NULL, NULL, 3, 8, 2, NULL)
INSERT [dbo].[seguimiento_documento] ([seguimiento_documento_id], [fecha], [link_imagen], [observacion], [usuario_id], [documento_id], [estado_documento_id], [motivo_estado_id]) VALUES (86, CAST(N'2019-06-14T08:57:17.6260000' AS DateTime2), NULL, NULL, 3, 4, 2, NULL)
INSERT [dbo].[seguimiento_documento] ([seguimiento_documento_id], [fecha], [link_imagen], [observacion], [usuario_id], [documento_id], [estado_documento_id], [motivo_estado_id]) VALUES (87, CAST(N'2019-06-14T08:57:17.6260000' AS DateTime2), NULL, NULL, 3, 6, 2, NULL)
INSERT [dbo].[seguimiento_documento] ([seguimiento_documento_id], [fecha], [link_imagen], [observacion], [usuario_id], [documento_id], [estado_documento_id], [motivo_estado_id]) VALUES (88, CAST(N'2019-06-14T08:57:17.6260000' AS DateTime2), NULL, NULL, 3, 5, 2, NULL)
INSERT [dbo].[seguimiento_documento] ([seguimiento_documento_id], [fecha], [link_imagen], [observacion], [usuario_id], [documento_id], [estado_documento_id], [motivo_estado_id]) VALUES (89, CAST(N'2019-06-14T08:57:26.1330000' AS DateTime2), NULL, NULL, 3, 46, 2, NULL)
INSERT [dbo].[seguimiento_documento] ([seguimiento_documento_id], [fecha], [link_imagen], [observacion], [usuario_id], [documento_id], [estado_documento_id], [motivo_estado_id]) VALUES (90, CAST(N'2019-06-14T08:57:26.1330000' AS DateTime2), NULL, NULL, 3, 43, 2, NULL)
INSERT [dbo].[seguimiento_documento] ([seguimiento_documento_id], [fecha], [link_imagen], [observacion], [usuario_id], [documento_id], [estado_documento_id], [motivo_estado_id]) VALUES (91, CAST(N'2019-06-14T08:57:26.1340000' AS DateTime2), NULL, NULL, 3, 48, 2, NULL)
INSERT [dbo].[seguimiento_documento] ([seguimiento_documento_id], [fecha], [link_imagen], [observacion], [usuario_id], [documento_id], [estado_documento_id], [motivo_estado_id]) VALUES (92, CAST(N'2019-06-14T08:57:26.1340000' AS DateTime2), NULL, NULL, 3, 45, 2, NULL)
INSERT [dbo].[seguimiento_documento] ([seguimiento_documento_id], [fecha], [link_imagen], [observacion], [usuario_id], [documento_id], [estado_documento_id], [motivo_estado_id]) VALUES (93, CAST(N'2019-06-14T08:57:26.1340000' AS DateTime2), NULL, NULL, 3, 47, 2, NULL)
INSERT [dbo].[seguimiento_documento] ([seguimiento_documento_id], [fecha], [link_imagen], [observacion], [usuario_id], [documento_id], [estado_documento_id], [motivo_estado_id]) VALUES (94, CAST(N'2019-06-14T08:57:26.1350000' AS DateTime2), NULL, NULL, 3, 42, 2, NULL)
INSERT [dbo].[seguimiento_documento] ([seguimiento_documento_id], [fecha], [link_imagen], [observacion], [usuario_id], [documento_id], [estado_documento_id], [motivo_estado_id]) VALUES (95, CAST(N'2019-06-14T08:57:26.1350000' AS DateTime2), NULL, NULL, 3, 41, 2, NULL)
INSERT [dbo].[seguimiento_documento] ([seguimiento_documento_id], [fecha], [link_imagen], [observacion], [usuario_id], [documento_id], [estado_documento_id], [motivo_estado_id]) VALUES (96, CAST(N'2019-06-14T08:57:26.1350000' AS DateTime2), NULL, NULL, 3, 44, 2, NULL)
INSERT [dbo].[seguimiento_documento] ([seguimiento_documento_id], [fecha], [link_imagen], [observacion], [usuario_id], [documento_id], [estado_documento_id], [motivo_estado_id]) VALUES (97, CAST(N'2019-06-14T08:57:34.3070000' AS DateTime2), NULL, NULL, 3, 49, 2, NULL)
INSERT [dbo].[seguimiento_documento] ([seguimiento_documento_id], [fecha], [link_imagen], [observacion], [usuario_id], [documento_id], [estado_documento_id], [motivo_estado_id]) VALUES (98, CAST(N'2019-06-14T08:57:34.3080000' AS DateTime2), NULL, NULL, 3, 51, 2, NULL)
INSERT [dbo].[seguimiento_documento] ([seguimiento_documento_id], [fecha], [link_imagen], [observacion], [usuario_id], [documento_id], [estado_documento_id], [motivo_estado_id]) VALUES (99, CAST(N'2019-06-14T08:57:34.3080000' AS DateTime2), NULL, NULL, 3, 52, 2, NULL)
GO
INSERT [dbo].[seguimiento_documento] ([seguimiento_documento_id], [fecha], [link_imagen], [observacion], [usuario_id], [documento_id], [estado_documento_id], [motivo_estado_id]) VALUES (100, CAST(N'2019-06-14T08:57:34.3080000' AS DateTime2), NULL, NULL, 3, 56, 2, NULL)
INSERT [dbo].[seguimiento_documento] ([seguimiento_documento_id], [fecha], [link_imagen], [observacion], [usuario_id], [documento_id], [estado_documento_id], [motivo_estado_id]) VALUES (101, CAST(N'2019-06-14T08:57:34.3090000' AS DateTime2), NULL, NULL, 3, 50, 2, NULL)
INSERT [dbo].[seguimiento_documento] ([seguimiento_documento_id], [fecha], [link_imagen], [observacion], [usuario_id], [documento_id], [estado_documento_id], [motivo_estado_id]) VALUES (102, CAST(N'2019-06-14T08:57:34.3090000' AS DateTime2), NULL, NULL, 3, 54, 2, NULL)
INSERT [dbo].[seguimiento_documento] ([seguimiento_documento_id], [fecha], [link_imagen], [observacion], [usuario_id], [documento_id], [estado_documento_id], [motivo_estado_id]) VALUES (103, CAST(N'2019-06-14T08:57:34.3090000' AS DateTime2), NULL, NULL, 3, 53, 2, NULL)
INSERT [dbo].[seguimiento_documento] ([seguimiento_documento_id], [fecha], [link_imagen], [observacion], [usuario_id], [documento_id], [estado_documento_id], [motivo_estado_id]) VALUES (104, CAST(N'2019-06-14T08:57:34.3100000' AS DateTime2), NULL, NULL, 3, 55, 2, NULL)
INSERT [dbo].[seguimiento_documento] ([seguimiento_documento_id], [fecha], [link_imagen], [observacion], [usuario_id], [documento_id], [estado_documento_id], [motivo_estado_id]) VALUES (105, CAST(N'2019-06-14T08:58:07.7070000' AS DateTime2), NULL, NULL, 2, 25, 2, NULL)
INSERT [dbo].[seguimiento_documento] ([seguimiento_documento_id], [fecha], [link_imagen], [observacion], [usuario_id], [documento_id], [estado_documento_id], [motivo_estado_id]) VALUES (106, CAST(N'2019-06-14T08:58:07.7090000' AS DateTime2), NULL, NULL, 2, 26, 2, NULL)
INSERT [dbo].[seguimiento_documento] ([seguimiento_documento_id], [fecha], [link_imagen], [observacion], [usuario_id], [documento_id], [estado_documento_id], [motivo_estado_id]) VALUES (107, CAST(N'2019-06-14T08:58:07.7090000' AS DateTime2), NULL, NULL, 2, 31, 2, NULL)
INSERT [dbo].[seguimiento_documento] ([seguimiento_documento_id], [fecha], [link_imagen], [observacion], [usuario_id], [documento_id], [estado_documento_id], [motivo_estado_id]) VALUES (108, CAST(N'2019-06-14T08:58:07.7100000' AS DateTime2), NULL, NULL, 2, 32, 2, NULL)
INSERT [dbo].[seguimiento_documento] ([seguimiento_documento_id], [fecha], [link_imagen], [observacion], [usuario_id], [documento_id], [estado_documento_id], [motivo_estado_id]) VALUES (109, CAST(N'2019-06-14T08:58:07.7100000' AS DateTime2), NULL, NULL, 2, 30, 2, NULL)
INSERT [dbo].[seguimiento_documento] ([seguimiento_documento_id], [fecha], [link_imagen], [observacion], [usuario_id], [documento_id], [estado_documento_id], [motivo_estado_id]) VALUES (110, CAST(N'2019-06-14T08:58:07.7100000' AS DateTime2), NULL, NULL, 2, 29, 2, NULL)
INSERT [dbo].[seguimiento_documento] ([seguimiento_documento_id], [fecha], [link_imagen], [observacion], [usuario_id], [documento_id], [estado_documento_id], [motivo_estado_id]) VALUES (111, CAST(N'2019-06-14T08:58:07.7110000' AS DateTime2), NULL, NULL, 2, 28, 2, NULL)
INSERT [dbo].[seguimiento_documento] ([seguimiento_documento_id], [fecha], [link_imagen], [observacion], [usuario_id], [documento_id], [estado_documento_id], [motivo_estado_id]) VALUES (112, CAST(N'2019-06-14T08:58:07.7110000' AS DateTime2), NULL, NULL, 2, 27, 2, NULL)
INSERT [dbo].[seguimiento_documento] ([seguimiento_documento_id], [fecha], [link_imagen], [observacion], [usuario_id], [documento_id], [estado_documento_id], [motivo_estado_id]) VALUES (113, CAST(N'2019-06-14T08:59:47.8680000' AS DateTime2), NULL, NULL, 1, 17, 2, NULL)
INSERT [dbo].[seguimiento_documento] ([seguimiento_documento_id], [fecha], [link_imagen], [observacion], [usuario_id], [documento_id], [estado_documento_id], [motivo_estado_id]) VALUES (114, CAST(N'2019-06-14T08:59:47.8690000' AS DateTime2), NULL, NULL, 1, 22, 2, NULL)
INSERT [dbo].[seguimiento_documento] ([seguimiento_documento_id], [fecha], [link_imagen], [observacion], [usuario_id], [documento_id], [estado_documento_id], [motivo_estado_id]) VALUES (115, CAST(N'2019-06-14T08:59:47.8700000' AS DateTime2), NULL, NULL, 1, 24, 2, NULL)
INSERT [dbo].[seguimiento_documento] ([seguimiento_documento_id], [fecha], [link_imagen], [observacion], [usuario_id], [documento_id], [estado_documento_id], [motivo_estado_id]) VALUES (116, CAST(N'2019-06-14T08:59:47.8710000' AS DateTime2), NULL, NULL, 1, 19, 2, NULL)
INSERT [dbo].[seguimiento_documento] ([seguimiento_documento_id], [fecha], [link_imagen], [observacion], [usuario_id], [documento_id], [estado_documento_id], [motivo_estado_id]) VALUES (117, CAST(N'2019-06-14T08:59:47.8710000' AS DateTime2), NULL, NULL, 1, 21, 2, NULL)
INSERT [dbo].[seguimiento_documento] ([seguimiento_documento_id], [fecha], [link_imagen], [observacion], [usuario_id], [documento_id], [estado_documento_id], [motivo_estado_id]) VALUES (118, CAST(N'2019-06-14T08:59:47.8710000' AS DateTime2), NULL, NULL, 1, 23, 2, NULL)
INSERT [dbo].[seguimiento_documento] ([seguimiento_documento_id], [fecha], [link_imagen], [observacion], [usuario_id], [documento_id], [estado_documento_id], [motivo_estado_id]) VALUES (119, CAST(N'2019-06-14T08:59:47.8720000' AS DateTime2), NULL, NULL, 1, 18, 2, NULL)
INSERT [dbo].[seguimiento_documento] ([seguimiento_documento_id], [fecha], [link_imagen], [observacion], [usuario_id], [documento_id], [estado_documento_id], [motivo_estado_id]) VALUES (120, CAST(N'2019-06-14T08:59:47.8720000' AS DateTime2), NULL, NULL, 1, 20, 2, NULL)
INSERT [dbo].[seguimiento_documento] ([seguimiento_documento_id], [fecha], [link_imagen], [observacion], [usuario_id], [documento_id], [estado_documento_id], [motivo_estado_id]) VALUES (121, CAST(N'2019-06-14T08:59:58.4960000' AS DateTime2), NULL, NULL, 1, 33, 2, NULL)
INSERT [dbo].[seguimiento_documento] ([seguimiento_documento_id], [fecha], [link_imagen], [observacion], [usuario_id], [documento_id], [estado_documento_id], [motivo_estado_id]) VALUES (122, CAST(N'2019-06-14T08:59:58.4970000' AS DateTime2), NULL, NULL, 1, 38, 2, NULL)
INSERT [dbo].[seguimiento_documento] ([seguimiento_documento_id], [fecha], [link_imagen], [observacion], [usuario_id], [documento_id], [estado_documento_id], [motivo_estado_id]) VALUES (123, CAST(N'2019-06-14T08:59:58.4970000' AS DateTime2), NULL, NULL, 1, 34, 2, NULL)
INSERT [dbo].[seguimiento_documento] ([seguimiento_documento_id], [fecha], [link_imagen], [observacion], [usuario_id], [documento_id], [estado_documento_id], [motivo_estado_id]) VALUES (124, CAST(N'2019-06-14T08:59:58.4970000' AS DateTime2), NULL, NULL, 1, 37, 2, NULL)
INSERT [dbo].[seguimiento_documento] ([seguimiento_documento_id], [fecha], [link_imagen], [observacion], [usuario_id], [documento_id], [estado_documento_id], [motivo_estado_id]) VALUES (125, CAST(N'2019-06-14T08:59:58.4980000' AS DateTime2), NULL, NULL, 1, 35, 2, NULL)
INSERT [dbo].[seguimiento_documento] ([seguimiento_documento_id], [fecha], [link_imagen], [observacion], [usuario_id], [documento_id], [estado_documento_id], [motivo_estado_id]) VALUES (126, CAST(N'2019-06-14T08:59:58.4980000' AS DateTime2), NULL, NULL, 1, 40, 2, NULL)
INSERT [dbo].[seguimiento_documento] ([seguimiento_documento_id], [fecha], [link_imagen], [observacion], [usuario_id], [documento_id], [estado_documento_id], [motivo_estado_id]) VALUES (127, CAST(N'2019-06-14T08:59:58.4980000' AS DateTime2), NULL, NULL, 1, 39, 2, NULL)
INSERT [dbo].[seguimiento_documento] ([seguimiento_documento_id], [fecha], [link_imagen], [observacion], [usuario_id], [documento_id], [estado_documento_id], [motivo_estado_id]) VALUES (128, CAST(N'2019-06-14T08:59:58.4980000' AS DateTime2), NULL, NULL, 1, 36, 2, NULL)
INSERT [dbo].[seguimiento_documento] ([seguimiento_documento_id], [fecha], [link_imagen], [observacion], [usuario_id], [documento_id], [estado_documento_id], [motivo_estado_id]) VALUES (129, CAST(N'2019-06-14T09:00:10.1250000' AS DateTime2), NULL, NULL, 1, 59, 2, NULL)
INSERT [dbo].[seguimiento_documento] ([seguimiento_documento_id], [fecha], [link_imagen], [observacion], [usuario_id], [documento_id], [estado_documento_id], [motivo_estado_id]) VALUES (130, CAST(N'2019-06-14T09:00:10.1270000' AS DateTime2), NULL, NULL, 1, 57, 2, NULL)
INSERT [dbo].[seguimiento_documento] ([seguimiento_documento_id], [fecha], [link_imagen], [observacion], [usuario_id], [documento_id], [estado_documento_id], [motivo_estado_id]) VALUES (131, CAST(N'2019-06-14T09:00:10.1280000' AS DateTime2), NULL, NULL, 1, 61, 2, NULL)
INSERT [dbo].[seguimiento_documento] ([seguimiento_documento_id], [fecha], [link_imagen], [observacion], [usuario_id], [documento_id], [estado_documento_id], [motivo_estado_id]) VALUES (132, CAST(N'2019-06-14T09:00:10.1280000' AS DateTime2), NULL, NULL, 1, 60, 2, NULL)
INSERT [dbo].[seguimiento_documento] ([seguimiento_documento_id], [fecha], [link_imagen], [observacion], [usuario_id], [documento_id], [estado_documento_id], [motivo_estado_id]) VALUES (133, CAST(N'2019-06-14T09:00:10.1290000' AS DateTime2), NULL, NULL, 1, 62, 2, NULL)
INSERT [dbo].[seguimiento_documento] ([seguimiento_documento_id], [fecha], [link_imagen], [observacion], [usuario_id], [documento_id], [estado_documento_id], [motivo_estado_id]) VALUES (134, CAST(N'2019-06-14T09:00:10.1290000' AS DateTime2), NULL, NULL, 1, 64, 2, NULL)
INSERT [dbo].[seguimiento_documento] ([seguimiento_documento_id], [fecha], [link_imagen], [observacion], [usuario_id], [documento_id], [estado_documento_id], [motivo_estado_id]) VALUES (135, CAST(N'2019-06-14T09:00:10.1290000' AS DateTime2), NULL, NULL, 1, 63, 2, NULL)
INSERT [dbo].[seguimiento_documento] ([seguimiento_documento_id], [fecha], [link_imagen], [observacion], [usuario_id], [documento_id], [estado_documento_id], [motivo_estado_id]) VALUES (136, CAST(N'2019-06-14T09:00:10.1290000' AS DateTime2), NULL, NULL, 1, 58, 2, NULL)
INSERT [dbo].[seguimiento_documento] ([seguimiento_documento_id], [fecha], [link_imagen], [observacion], [usuario_id], [documento_id], [estado_documento_id], [motivo_estado_id]) VALUES (137, CAST(N'2019-06-14T09:01:06.4150000' AS DateTime2), NULL, NULL, 4, 10, 2, NULL)
INSERT [dbo].[seguimiento_documento] ([seguimiento_documento_id], [fecha], [link_imagen], [observacion], [usuario_id], [documento_id], [estado_documento_id], [motivo_estado_id]) VALUES (138, CAST(N'2019-06-14T09:01:06.4150000' AS DateTime2), NULL, NULL, 4, 14, 2, NULL)
INSERT [dbo].[seguimiento_documento] ([seguimiento_documento_id], [fecha], [link_imagen], [observacion], [usuario_id], [documento_id], [estado_documento_id], [motivo_estado_id]) VALUES (139, CAST(N'2019-06-14T09:01:06.4160000' AS DateTime2), NULL, NULL, 4, 9, 2, NULL)
INSERT [dbo].[seguimiento_documento] ([seguimiento_documento_id], [fecha], [link_imagen], [observacion], [usuario_id], [documento_id], [estado_documento_id], [motivo_estado_id]) VALUES (140, CAST(N'2019-06-14T09:01:06.4160000' AS DateTime2), NULL, NULL, 4, 11, 2, NULL)
INSERT [dbo].[seguimiento_documento] ([seguimiento_documento_id], [fecha], [link_imagen], [observacion], [usuario_id], [documento_id], [estado_documento_id], [motivo_estado_id]) VALUES (141, CAST(N'2019-06-14T09:01:06.4160000' AS DateTime2), NULL, NULL, 4, 12, 2, NULL)
INSERT [dbo].[seguimiento_documento] ([seguimiento_documento_id], [fecha], [link_imagen], [observacion], [usuario_id], [documento_id], [estado_documento_id], [motivo_estado_id]) VALUES (142, CAST(N'2019-06-14T09:01:06.4170000' AS DateTime2), NULL, NULL, 4, 15, 2, NULL)
INSERT [dbo].[seguimiento_documento] ([seguimiento_documento_id], [fecha], [link_imagen], [observacion], [usuario_id], [documento_id], [estado_documento_id], [motivo_estado_id]) VALUES (143, CAST(N'2019-06-14T09:01:06.4170000' AS DateTime2), NULL, NULL, 4, 16, 2, NULL)
INSERT [dbo].[seguimiento_documento] ([seguimiento_documento_id], [fecha], [link_imagen], [observacion], [usuario_id], [documento_id], [estado_documento_id], [motivo_estado_id]) VALUES (144, CAST(N'2019-06-14T09:01:06.4170000' AS DateTime2), NULL, NULL, 4, 13, 2, NULL)
INSERT [dbo].[seguimiento_documento] ([seguimiento_documento_id], [fecha], [link_imagen], [observacion], [usuario_id], [documento_id], [estado_documento_id], [motivo_estado_id]) VALUES (145, CAST(N'2019-06-14T09:04:18.2430000' AS DateTime2), NULL, NULL, 3, 3, 3, NULL)
INSERT [dbo].[seguimiento_documento] ([seguimiento_documento_id], [fecha], [link_imagen], [observacion], [usuario_id], [documento_id], [estado_documento_id], [motivo_estado_id]) VALUES (146, CAST(N'2019-06-14T09:04:18.2450000' AS DateTime2), NULL, NULL, 3, 1, 3, NULL)
INSERT [dbo].[seguimiento_documento] ([seguimiento_documento_id], [fecha], [link_imagen], [observacion], [usuario_id], [documento_id], [estado_documento_id], [motivo_estado_id]) VALUES (147, CAST(N'2019-06-14T09:04:18.2450000' AS DateTime2), NULL, NULL, 3, 4, 3, NULL)
INSERT [dbo].[seguimiento_documento] ([seguimiento_documento_id], [fecha], [link_imagen], [observacion], [usuario_id], [documento_id], [estado_documento_id], [motivo_estado_id]) VALUES (148, CAST(N'2019-06-14T09:04:18.2450000' AS DateTime2), NULL, NULL, 3, 2, 3, NULL)
INSERT [dbo].[seguimiento_documento] ([seguimiento_documento_id], [fecha], [link_imagen], [observacion], [usuario_id], [documento_id], [estado_documento_id], [motivo_estado_id]) VALUES (149, CAST(N'2019-06-14T09:04:19.5910000' AS DateTime2), NULL, NULL, 3, 6, 3, NULL)
INSERT [dbo].[seguimiento_documento] ([seguimiento_documento_id], [fecha], [link_imagen], [observacion], [usuario_id], [documento_id], [estado_documento_id], [motivo_estado_id]) VALUES (150, CAST(N'2019-06-14T09:04:19.5910000' AS DateTime2), NULL, NULL, 3, 5, 3, NULL)
INSERT [dbo].[seguimiento_documento] ([seguimiento_documento_id], [fecha], [link_imagen], [observacion], [usuario_id], [documento_id], [estado_documento_id], [motivo_estado_id]) VALUES (151, CAST(N'2019-06-14T09:04:19.5920000' AS DateTime2), NULL, NULL, 3, 8, 3, NULL)
INSERT [dbo].[seguimiento_documento] ([seguimiento_documento_id], [fecha], [link_imagen], [observacion], [usuario_id], [documento_id], [estado_documento_id], [motivo_estado_id]) VALUES (152, CAST(N'2019-06-14T09:04:19.5920000' AS DateTime2), NULL, NULL, 3, 7, 3, NULL)
INSERT [dbo].[seguimiento_documento] ([seguimiento_documento_id], [fecha], [link_imagen], [observacion], [usuario_id], [documento_id], [estado_documento_id], [motivo_estado_id]) VALUES (153, CAST(N'2019-06-14T09:04:21.3240000' AS DateTime2), NULL, NULL, 3, 41, 3, NULL)
INSERT [dbo].[seguimiento_documento] ([seguimiento_documento_id], [fecha], [link_imagen], [observacion], [usuario_id], [documento_id], [estado_documento_id], [motivo_estado_id]) VALUES (154, CAST(N'2019-06-14T09:04:21.3240000' AS DateTime2), NULL, NULL, 3, 43, 3, NULL)
INSERT [dbo].[seguimiento_documento] ([seguimiento_documento_id], [fecha], [link_imagen], [observacion], [usuario_id], [documento_id], [estado_documento_id], [motivo_estado_id]) VALUES (155, CAST(N'2019-06-14T09:04:21.3250000' AS DateTime2), NULL, NULL, 3, 42, 3, NULL)
INSERT [dbo].[seguimiento_documento] ([seguimiento_documento_id], [fecha], [link_imagen], [observacion], [usuario_id], [documento_id], [estado_documento_id], [motivo_estado_id]) VALUES (156, CAST(N'2019-06-14T09:04:23.6110000' AS DateTime2), NULL, NULL, 3, 47, 3, NULL)
INSERT [dbo].[seguimiento_documento] ([seguimiento_documento_id], [fecha], [link_imagen], [observacion], [usuario_id], [documento_id], [estado_documento_id], [motivo_estado_id]) VALUES (157, CAST(N'2019-06-14T09:04:23.6110000' AS DateTime2), NULL, NULL, 3, 44, 3, NULL)
INSERT [dbo].[seguimiento_documento] ([seguimiento_documento_id], [fecha], [link_imagen], [observacion], [usuario_id], [documento_id], [estado_documento_id], [motivo_estado_id]) VALUES (158, CAST(N'2019-06-14T09:04:23.6110000' AS DateTime2), NULL, NULL, 3, 45, 3, NULL)
INSERT [dbo].[seguimiento_documento] ([seguimiento_documento_id], [fecha], [link_imagen], [observacion], [usuario_id], [documento_id], [estado_documento_id], [motivo_estado_id]) VALUES (159, CAST(N'2019-06-14T09:04:23.6110000' AS DateTime2), NULL, NULL, 3, 46, 3, NULL)
INSERT [dbo].[seguimiento_documento] ([seguimiento_documento_id], [fecha], [link_imagen], [observacion], [usuario_id], [documento_id], [estado_documento_id], [motivo_estado_id]) VALUES (160, CAST(N'2019-06-14T09:04:23.6110000' AS DateTime2), NULL, NULL, 3, 48, 3, NULL)
INSERT [dbo].[seguimiento_documento] ([seguimiento_documento_id], [fecha], [link_imagen], [observacion], [usuario_id], [documento_id], [estado_documento_id], [motivo_estado_id]) VALUES (161, CAST(N'2019-06-14T09:04:25.1930000' AS DateTime2), NULL, NULL, 3, 51, 3, NULL)
INSERT [dbo].[seguimiento_documento] ([seguimiento_documento_id], [fecha], [link_imagen], [observacion], [usuario_id], [documento_id], [estado_documento_id], [motivo_estado_id]) VALUES (162, CAST(N'2019-06-14T09:04:25.1930000' AS DateTime2), NULL, NULL, 3, 49, 3, NULL)
INSERT [dbo].[seguimiento_documento] ([seguimiento_documento_id], [fecha], [link_imagen], [observacion], [usuario_id], [documento_id], [estado_documento_id], [motivo_estado_id]) VALUES (163, CAST(N'2019-06-14T09:04:25.1930000' AS DateTime2), NULL, NULL, 3, 50, 3, NULL)
INSERT [dbo].[seguimiento_documento] ([seguimiento_documento_id], [fecha], [link_imagen], [observacion], [usuario_id], [documento_id], [estado_documento_id], [motivo_estado_id]) VALUES (164, CAST(N'2019-06-14T09:04:25.1930000' AS DateTime2), NULL, NULL, 3, 52, 3, NULL)
INSERT [dbo].[seguimiento_documento] ([seguimiento_documento_id], [fecha], [link_imagen], [observacion], [usuario_id], [documento_id], [estado_documento_id], [motivo_estado_id]) VALUES (165, CAST(N'2019-06-14T09:04:26.9270000' AS DateTime2), NULL, NULL, 3, 55, 3, NULL)
INSERT [dbo].[seguimiento_documento] ([seguimiento_documento_id], [fecha], [link_imagen], [observacion], [usuario_id], [documento_id], [estado_documento_id], [motivo_estado_id]) VALUES (166, CAST(N'2019-06-14T09:04:26.9270000' AS DateTime2), NULL, NULL, 3, 56, 3, NULL)
INSERT [dbo].[seguimiento_documento] ([seguimiento_documento_id], [fecha], [link_imagen], [observacion], [usuario_id], [documento_id], [estado_documento_id], [motivo_estado_id]) VALUES (167, CAST(N'2019-06-14T09:04:26.9280000' AS DateTime2), NULL, NULL, 3, 53, 3, NULL)
INSERT [dbo].[seguimiento_documento] ([seguimiento_documento_id], [fecha], [link_imagen], [observacion], [usuario_id], [documento_id], [estado_documento_id], [motivo_estado_id]) VALUES (168, CAST(N'2019-06-14T09:04:26.9280000' AS DateTime2), NULL, NULL, 3, 54, 3, NULL)
INSERT [dbo].[seguimiento_documento] ([seguimiento_documento_id], [fecha], [link_imagen], [observacion], [usuario_id], [documento_id], [estado_documento_id], [motivo_estado_id]) VALUES (169, CAST(N'2019-06-14T09:06:24.5470000' AS DateTime2), NULL, NULL, 1, 19, 3, NULL)
INSERT [dbo].[seguimiento_documento] ([seguimiento_documento_id], [fecha], [link_imagen], [observacion], [usuario_id], [documento_id], [estado_documento_id], [motivo_estado_id]) VALUES (170, CAST(N'2019-06-14T09:06:24.5480000' AS DateTime2), NULL, NULL, 1, 17, 3, NULL)
INSERT [dbo].[seguimiento_documento] ([seguimiento_documento_id], [fecha], [link_imagen], [observacion], [usuario_id], [documento_id], [estado_documento_id], [motivo_estado_id]) VALUES (171, CAST(N'2019-06-14T09:06:24.5490000' AS DateTime2), NULL, NULL, 1, 20, 3, NULL)
INSERT [dbo].[seguimiento_documento] ([seguimiento_documento_id], [fecha], [link_imagen], [observacion], [usuario_id], [documento_id], [estado_documento_id], [motivo_estado_id]) VALUES (172, CAST(N'2019-06-14T09:06:24.5490000' AS DateTime2), NULL, NULL, 1, 18, 3, NULL)
INSERT [dbo].[seguimiento_documento] ([seguimiento_documento_id], [fecha], [link_imagen], [observacion], [usuario_id], [documento_id], [estado_documento_id], [motivo_estado_id]) VALUES (173, CAST(N'2019-06-14T09:06:26.1080000' AS DateTime2), NULL, NULL, 1, 22, 3, NULL)
INSERT [dbo].[seguimiento_documento] ([seguimiento_documento_id], [fecha], [link_imagen], [observacion], [usuario_id], [documento_id], [estado_documento_id], [motivo_estado_id]) VALUES (174, CAST(N'2019-06-14T09:06:26.1080000' AS DateTime2), NULL, NULL, 1, 23, 3, NULL)
INSERT [dbo].[seguimiento_documento] ([seguimiento_documento_id], [fecha], [link_imagen], [observacion], [usuario_id], [documento_id], [estado_documento_id], [motivo_estado_id]) VALUES (175, CAST(N'2019-06-14T09:06:26.1080000' AS DateTime2), NULL, NULL, 1, 21, 3, NULL)
INSERT [dbo].[seguimiento_documento] ([seguimiento_documento_id], [fecha], [link_imagen], [observacion], [usuario_id], [documento_id], [estado_documento_id], [motivo_estado_id]) VALUES (176, CAST(N'2019-06-14T09:06:26.1090000' AS DateTime2), NULL, NULL, 1, 24, 3, NULL)
INSERT [dbo].[seguimiento_documento] ([seguimiento_documento_id], [fecha], [link_imagen], [observacion], [usuario_id], [documento_id], [estado_documento_id], [motivo_estado_id]) VALUES (177, CAST(N'2019-06-14T09:06:27.3400000' AS DateTime2), NULL, NULL, 1, 58, 3, NULL)
INSERT [dbo].[seguimiento_documento] ([seguimiento_documento_id], [fecha], [link_imagen], [observacion], [usuario_id], [documento_id], [estado_documento_id], [motivo_estado_id]) VALUES (178, CAST(N'2019-06-14T09:06:27.3400000' AS DateTime2), NULL, NULL, 1, 59, 3, NULL)
INSERT [dbo].[seguimiento_documento] ([seguimiento_documento_id], [fecha], [link_imagen], [observacion], [usuario_id], [documento_id], [estado_documento_id], [motivo_estado_id]) VALUES (179, CAST(N'2019-06-14T09:06:27.3400000' AS DateTime2), NULL, NULL, 1, 57, 3, NULL)
INSERT [dbo].[seguimiento_documento] ([seguimiento_documento_id], [fecha], [link_imagen], [observacion], [usuario_id], [documento_id], [estado_documento_id], [motivo_estado_id]) VALUES (180, CAST(N'2019-06-14T09:06:27.3410000' AS DateTime2), NULL, NULL, 1, 60, 3, NULL)
INSERT [dbo].[seguimiento_documento] ([seguimiento_documento_id], [fecha], [link_imagen], [observacion], [usuario_id], [documento_id], [estado_documento_id], [motivo_estado_id]) VALUES (181, CAST(N'2019-06-14T09:06:28.7360000' AS DateTime2), NULL, NULL, 1, 63, 3, NULL)
INSERT [dbo].[seguimiento_documento] ([seguimiento_documento_id], [fecha], [link_imagen], [observacion], [usuario_id], [documento_id], [estado_documento_id], [motivo_estado_id]) VALUES (182, CAST(N'2019-06-14T09:06:28.7360000' AS DateTime2), NULL, NULL, 1, 62, 3, NULL)
INSERT [dbo].[seguimiento_documento] ([seguimiento_documento_id], [fecha], [link_imagen], [observacion], [usuario_id], [documento_id], [estado_documento_id], [motivo_estado_id]) VALUES (183, CAST(N'2019-06-14T09:06:28.7370000' AS DateTime2), NULL, NULL, 1, 64, 3, NULL)
INSERT [dbo].[seguimiento_documento] ([seguimiento_documento_id], [fecha], [link_imagen], [observacion], [usuario_id], [documento_id], [estado_documento_id], [motivo_estado_id]) VALUES (184, CAST(N'2019-06-14T09:06:28.7370000' AS DateTime2), NULL, NULL, 1, 61, 3, NULL)
INSERT [dbo].[seguimiento_documento] ([seguimiento_documento_id], [fecha], [link_imagen], [observacion], [usuario_id], [documento_id], [estado_documento_id], [motivo_estado_id]) VALUES (185, CAST(N'2019-06-14T09:07:27.4670000' AS DateTime2), NULL, NULL, 2, 28, 3, NULL)
INSERT [dbo].[seguimiento_documento] ([seguimiento_documento_id], [fecha], [link_imagen], [observacion], [usuario_id], [documento_id], [estado_documento_id], [motivo_estado_id]) VALUES (186, CAST(N'2019-06-14T09:07:27.4680000' AS DateTime2), NULL, NULL, 2, 25, 3, NULL)
INSERT [dbo].[seguimiento_documento] ([seguimiento_documento_id], [fecha], [link_imagen], [observacion], [usuario_id], [documento_id], [estado_documento_id], [motivo_estado_id]) VALUES (187, CAST(N'2019-06-14T09:07:27.4690000' AS DateTime2), NULL, NULL, 2, 27, 3, NULL)
INSERT [dbo].[seguimiento_documento] ([seguimiento_documento_id], [fecha], [link_imagen], [observacion], [usuario_id], [documento_id], [estado_documento_id], [motivo_estado_id]) VALUES (188, CAST(N'2019-06-14T09:07:27.4690000' AS DateTime2), NULL, NULL, 2, 26, 3, NULL)
INSERT [dbo].[seguimiento_documento] ([seguimiento_documento_id], [fecha], [link_imagen], [observacion], [usuario_id], [documento_id], [estado_documento_id], [motivo_estado_id]) VALUES (189, CAST(N'2019-06-14T09:07:29.1460000' AS DateTime2), NULL, NULL, 2, 29, 3, NULL)
INSERT [dbo].[seguimiento_documento] ([seguimiento_documento_id], [fecha], [link_imagen], [observacion], [usuario_id], [documento_id], [estado_documento_id], [motivo_estado_id]) VALUES (190, CAST(N'2019-06-14T09:07:29.1460000' AS DateTime2), NULL, NULL, 2, 31, 3, NULL)
INSERT [dbo].[seguimiento_documento] ([seguimiento_documento_id], [fecha], [link_imagen], [observacion], [usuario_id], [documento_id], [estado_documento_id], [motivo_estado_id]) VALUES (191, CAST(N'2019-06-14T09:07:29.1460000' AS DateTime2), NULL, NULL, 2, 30, 3, NULL)
INSERT [dbo].[seguimiento_documento] ([seguimiento_documento_id], [fecha], [link_imagen], [observacion], [usuario_id], [documento_id], [estado_documento_id], [motivo_estado_id]) VALUES (192, CAST(N'2019-06-14T09:08:24.5560000' AS DateTime2), NULL, NULL, 4, 12, 3, NULL)
INSERT [dbo].[seguimiento_documento] ([seguimiento_documento_id], [fecha], [link_imagen], [observacion], [usuario_id], [documento_id], [estado_documento_id], [motivo_estado_id]) VALUES (193, CAST(N'2019-06-14T09:08:24.5570000' AS DateTime2), NULL, NULL, 4, 9, 3, NULL)
INSERT [dbo].[seguimiento_documento] ([seguimiento_documento_id], [fecha], [link_imagen], [observacion], [usuario_id], [documento_id], [estado_documento_id], [motivo_estado_id]) VALUES (194, CAST(N'2019-06-14T09:08:24.5580000' AS DateTime2), NULL, NULL, 4, 11, 3, NULL)
INSERT [dbo].[seguimiento_documento] ([seguimiento_documento_id], [fecha], [link_imagen], [observacion], [usuario_id], [documento_id], [estado_documento_id], [motivo_estado_id]) VALUES (195, CAST(N'2019-06-14T09:08:24.5580000' AS DateTime2), NULL, NULL, 4, 10, 3, NULL)
INSERT [dbo].[seguimiento_documento] ([seguimiento_documento_id], [fecha], [link_imagen], [observacion], [usuario_id], [documento_id], [estado_documento_id], [motivo_estado_id]) VALUES (196, CAST(N'2019-06-14T09:08:26.0340000' AS DateTime2), NULL, NULL, 4, 13, 3, NULL)
INSERT [dbo].[seguimiento_documento] ([seguimiento_documento_id], [fecha], [link_imagen], [observacion], [usuario_id], [documento_id], [estado_documento_id], [motivo_estado_id]) VALUES (197, CAST(N'2019-06-14T09:08:26.0350000' AS DateTime2), NULL, NULL, 4, 14, 3, NULL)
INSERT [dbo].[seguimiento_documento] ([seguimiento_documento_id], [fecha], [link_imagen], [observacion], [usuario_id], [documento_id], [estado_documento_id], [motivo_estado_id]) VALUES (198, CAST(N'2019-06-14T09:08:26.0350000' AS DateTime2), NULL, NULL, 4, 15, 3, NULL)
INSERT [dbo].[seguimiento_documento] ([seguimiento_documento_id], [fecha], [link_imagen], [observacion], [usuario_id], [documento_id], [estado_documento_id], [motivo_estado_id]) VALUES (199, CAST(N'2019-06-14T09:09:00.0000000' AS DateTime2), N'LINK', NULL, 4, 1, 4, 1)
GO
INSERT [dbo].[seguimiento_documento] ([seguimiento_documento_id], [fecha], [link_imagen], [observacion], [usuario_id], [documento_id], [estado_documento_id], [motivo_estado_id]) VALUES (200, CAST(N'2019-06-14T09:09:00.0000000' AS DateTime2), N'LINK', NULL, 4, 2, 4, 1)
INSERT [dbo].[seguimiento_documento] ([seguimiento_documento_id], [fecha], [link_imagen], [observacion], [usuario_id], [documento_id], [estado_documento_id], [motivo_estado_id]) VALUES (201, CAST(N'2019-06-14T09:09:00.0000000' AS DateTime2), N'LINK', NULL, 4, 5, 4, 1)
INSERT [dbo].[seguimiento_documento] ([seguimiento_documento_id], [fecha], [link_imagen], [observacion], [usuario_id], [documento_id], [estado_documento_id], [motivo_estado_id]) VALUES (202, CAST(N'2019-06-14T09:09:00.0000000' AS DateTime2), N'LINK', NULL, 4, 6, 4, 1)
INSERT [dbo].[seguimiento_documento] ([seguimiento_documento_id], [fecha], [link_imagen], [observacion], [usuario_id], [documento_id], [estado_documento_id], [motivo_estado_id]) VALUES (203, CAST(N'2019-06-14T09:09:00.0000000' AS DateTime2), N'LINK', NULL, 4, 17, 4, 1)
INSERT [dbo].[seguimiento_documento] ([seguimiento_documento_id], [fecha], [link_imagen], [observacion], [usuario_id], [documento_id], [estado_documento_id], [motivo_estado_id]) VALUES (204, CAST(N'2019-06-14T09:09:00.0000000' AS DateTime2), N'LINK', NULL, 4, 18, 5, 12)
INSERT [dbo].[seguimiento_documento] ([seguimiento_documento_id], [fecha], [link_imagen], [observacion], [usuario_id], [documento_id], [estado_documento_id], [motivo_estado_id]) VALUES (205, CAST(N'2019-06-14T09:09:00.0000000' AS DateTime2), N'LINK', NULL, 4, 19, 4, 1)
INSERT [dbo].[seguimiento_documento] ([seguimiento_documento_id], [fecha], [link_imagen], [observacion], [usuario_id], [documento_id], [estado_documento_id], [motivo_estado_id]) VALUES (206, CAST(N'2019-06-14T09:09:00.0000000' AS DateTime2), N'LINK', NULL, 4, 21, 5, 12)
INSERT [dbo].[seguimiento_documento] ([seguimiento_documento_id], [fecha], [link_imagen], [observacion], [usuario_id], [documento_id], [estado_documento_id], [motivo_estado_id]) VALUES (207, CAST(N'2019-06-14T09:09:00.0000000' AS DateTime2), N'LINK', NULL, 4, 22, 4, 1)
INSERT [dbo].[seguimiento_documento] ([seguimiento_documento_id], [fecha], [link_imagen], [observacion], [usuario_id], [documento_id], [estado_documento_id], [motivo_estado_id]) VALUES (208, CAST(N'2019-06-14T09:09:00.0000000' AS DateTime2), N'LINK', NULL, 4, 41, 5, 11)
INSERT [dbo].[seguimiento_documento] ([seguimiento_documento_id], [fecha], [link_imagen], [observacion], [usuario_id], [documento_id], [estado_documento_id], [motivo_estado_id]) VALUES (209, CAST(N'2019-06-14T09:09:00.0000000' AS DateTime2), N'', NULL, 4, 42, 6, 20)
INSERT [dbo].[seguimiento_documento] ([seguimiento_documento_id], [fecha], [link_imagen], [observacion], [usuario_id], [documento_id], [estado_documento_id], [motivo_estado_id]) VALUES (210, CAST(N'2019-06-14T09:09:00.0000000' AS DateTime2), N'LINK', NULL, 4, 43, 5, 12)
INSERT [dbo].[seguimiento_documento] ([seguimiento_documento_id], [fecha], [link_imagen], [observacion], [usuario_id], [documento_id], [estado_documento_id], [motivo_estado_id]) VALUES (211, CAST(N'2019-06-14T09:09:00.0000000' AS DateTime2), N'LINK', NULL, 4, 44, 4, 1)
INSERT [dbo].[seguimiento_documento] ([seguimiento_documento_id], [fecha], [link_imagen], [observacion], [usuario_id], [documento_id], [estado_documento_id], [motivo_estado_id]) VALUES (212, CAST(N'2019-06-14T09:09:00.0000000' AS DateTime2), N'LINK', NULL, 4, 45, 5, 11)
INSERT [dbo].[seguimiento_documento] ([seguimiento_documento_id], [fecha], [link_imagen], [observacion], [usuario_id], [documento_id], [estado_documento_id], [motivo_estado_id]) VALUES (213, CAST(N'2019-06-14T09:09:00.0000000' AS DateTime2), N'', NULL, 4, 46, 6, 20)
INSERT [dbo].[seguimiento_documento] ([seguimiento_documento_id], [fecha], [link_imagen], [observacion], [usuario_id], [documento_id], [estado_documento_id], [motivo_estado_id]) VALUES (214, CAST(N'2019-06-14T09:09:00.0000000' AS DateTime2), N'LINK', NULL, 4, 47, 5, 12)
INSERT [dbo].[seguimiento_documento] ([seguimiento_documento_id], [fecha], [link_imagen], [observacion], [usuario_id], [documento_id], [estado_documento_id], [motivo_estado_id]) VALUES (215, CAST(N'2019-06-14T09:09:00.0000000' AS DateTime2), N'LINK', NULL, 4, 48, 4, 1)
INSERT [dbo].[seguimiento_documento] ([seguimiento_documento_id], [fecha], [link_imagen], [observacion], [usuario_id], [documento_id], [estado_documento_id], [motivo_estado_id]) VALUES (216, CAST(N'2019-06-14T09:09:00.0000000' AS DateTime2), N'LINK', NULL, 4, 49, 4, 1)
INSERT [dbo].[seguimiento_documento] ([seguimiento_documento_id], [fecha], [link_imagen], [observacion], [usuario_id], [documento_id], [estado_documento_id], [motivo_estado_id]) VALUES (217, CAST(N'2019-06-14T09:09:00.0000000' AS DateTime2), N'LINK', NULL, 4, 50, 4, 1)
INSERT [dbo].[seguimiento_documento] ([seguimiento_documento_id], [fecha], [link_imagen], [observacion], [usuario_id], [documento_id], [estado_documento_id], [motivo_estado_id]) VALUES (218, CAST(N'2019-06-14T09:09:00.0000000' AS DateTime2), N'LINK', NULL, 4, 51, 4, 1)
INSERT [dbo].[seguimiento_documento] ([seguimiento_documento_id], [fecha], [link_imagen], [observacion], [usuario_id], [documento_id], [estado_documento_id], [motivo_estado_id]) VALUES (219, CAST(N'2019-06-14T09:09:00.0000000' AS DateTime2), N'LINK', NULL, 4, 53, 4, 1)
INSERT [dbo].[seguimiento_documento] ([seguimiento_documento_id], [fecha], [link_imagen], [observacion], [usuario_id], [documento_id], [estado_documento_id], [motivo_estado_id]) VALUES (220, CAST(N'2019-06-14T09:09:00.0000000' AS DateTime2), N'LINK', NULL, 4, 54, 5, 12)
INSERT [dbo].[seguimiento_documento] ([seguimiento_documento_id], [fecha], [link_imagen], [observacion], [usuario_id], [documento_id], [estado_documento_id], [motivo_estado_id]) VALUES (221, CAST(N'2019-06-14T09:09:00.0000000' AS DateTime2), N'LINK', NULL, 4, 55, 4, 1)
INSERT [dbo].[seguimiento_documento] ([seguimiento_documento_id], [fecha], [link_imagen], [observacion], [usuario_id], [documento_id], [estado_documento_id], [motivo_estado_id]) VALUES (222, CAST(N'2019-06-14T09:09:00.0000000' AS DateTime2), N'LINK', NULL, 4, 57, 5, 12)
INSERT [dbo].[seguimiento_documento] ([seguimiento_documento_id], [fecha], [link_imagen], [observacion], [usuario_id], [documento_id], [estado_documento_id], [motivo_estado_id]) VALUES (223, CAST(N'2019-06-17T09:09:00.0000000' AS DateTime2), N'LINK', NULL, 4, 58, 4, 1)
INSERT [dbo].[seguimiento_documento] ([seguimiento_documento_id], [fecha], [link_imagen], [observacion], [usuario_id], [documento_id], [estado_documento_id], [motivo_estado_id]) VALUES (224, CAST(N'2019-06-19T09:09:00.0000000' AS DateTime2), N'LINK', NULL, 4, 59, 5, 12)
INSERT [dbo].[seguimiento_documento] ([seguimiento_documento_id], [fecha], [link_imagen], [observacion], [usuario_id], [documento_id], [estado_documento_id], [motivo_estado_id]) VALUES (225, CAST(N'2019-06-20T09:09:00.0000000' AS DateTime2), N'LINK', NULL, 4, 60, 4, 1)
INSERT [dbo].[seguimiento_documento] ([seguimiento_documento_id], [fecha], [link_imagen], [observacion], [usuario_id], [documento_id], [estado_documento_id], [motivo_estado_id]) VALUES (226, CAST(N'2019-06-19T09:09:00.0000000' AS DateTime2), N'LINK', NULL, 4, 61, 4, 1)
INSERT [dbo].[seguimiento_documento] ([seguimiento_documento_id], [fecha], [link_imagen], [observacion], [usuario_id], [documento_id], [estado_documento_id], [motivo_estado_id]) VALUES (227, CAST(N'2019-06-21T09:09:00.0000000' AS DateTime2), N'LINK', NULL, 4, 62, 4, 1)
SET IDENTITY_INSERT [dbo].[seguimiento_documento] OFF
INSERT [dbo].[envio_masivo] ([masivo_autogenerado], [envio_id]) VALUES (N'MEX00000001', 1)
INSERT [dbo].[envio_masivo] ([masivo_autogenerado], [envio_id]) VALUES (N'MEX00000002', 2)
INSERT [dbo].[envio_masivo] ([masivo_autogenerado], [envio_id]) VALUES (N'MEX00000003', 3)
INSERT [dbo].[envio_masivo] ([masivo_autogenerado], [envio_id]) VALUES (N'MEX00000004', 4)
INSERT [dbo].[envio_masivo] ([masivo_autogenerado], [envio_id]) VALUES (N'MEX00000005', 5)
INSERT [dbo].[envio_masivo] ([masivo_autogenerado], [envio_id]) VALUES (N'MEX00000006', 6)
INSERT [dbo].[envio_masivo] ([masivo_autogenerado], [envio_id]) VALUES (N'MEX00000007', 7)
INSERT [dbo].[envio_masivo] ([masivo_autogenerado], [envio_id]) VALUES (N'MEX00000008', 8)
SET IDENTITY_INSERT [dbo].[inconsistencia] ON 

INSERT [dbo].[inconsistencia] ([incosistencia_id], [contacto], [departamento], [direccion], [distrito], [envio_id], [numero_documento], [provincia], [razon_social], [referencia], [resumen], [telefono]) VALUES (1, N'', N'AMAZONAS', N'DIR71', N'CHACHAPOYAS', 1, N'DOC000009', N'CHACHAPOYAS', N'', N'ABC', N'Ingrese la razón social o el contacto. ', N'5564')
INSERT [dbo].[inconsistencia] ([incosistencia_id], [contacto], [departamento], [direccion], [distrito], [envio_id], [numero_documento], [provincia], [razon_social], [referencia], [resumen], [telefono]) VALUES (2, N'RONALD SANTOS', N'AMAZONAS', N'DIR7', N'CHACHAPOYAS', 1, N'DOC000008', N'CHACHAPOYAS', N'RONALD SANTOS', N'ABC', N'Ingrese por lo menos 2 dígitos en la dirección. ', N'5563')
INSERT [dbo].[inconsistencia] ([incosistencia_id], [contacto], [departamento], [direccion], [distrito], [envio_id], [numero_documento], [provincia], [razon_social], [referencia], [resumen], [telefono]) VALUES (3, N'', N'AMAZONAS', N'DIR71', N'CHACHAPOYAS', 2, N'DOC000009', N'CHACHAPOYAS', N'', N'ABC', N'Ingrese la razón social o el contacto. ', N'5564')
INSERT [dbo].[inconsistencia] ([incosistencia_id], [contacto], [departamento], [direccion], [distrito], [envio_id], [numero_documento], [provincia], [razon_social], [referencia], [resumen], [telefono]) VALUES (4, N'RONALD SANTOS', N'AMAZONAS', N'DIR7', N'CHACHAPOYAS', 2, N'DOC000008', N'CHACHAPOYAS', N'RONALD SANTOS', N'ABC', N'Ingrese por lo menos 2 dígitos en la dirección. ', N'5563')
INSERT [dbo].[inconsistencia] ([incosistencia_id], [contacto], [departamento], [direccion], [distrito], [envio_id], [numero_documento], [provincia], [razon_social], [referencia], [resumen], [telefono]) VALUES (5, N'', N'AMAZONAS', N'DIR71', N'CHACHAPOYAS', 3, N'DOC000009', N'CHACHAPOYAS', N'', N'ABC', N'Ingrese la razón social o el contacto. ', N'5564')
INSERT [dbo].[inconsistencia] ([incosistencia_id], [contacto], [departamento], [direccion], [distrito], [envio_id], [numero_documento], [provincia], [razon_social], [referencia], [resumen], [telefono]) VALUES (6, N'RONALD SANTOS', N'AMAZONAS', N'DIR7', N'CHACHAPOYAS', 3, N'DOC000008', N'CHACHAPOYAS', N'RONALD SANTOS', N'ABC', N'Ingrese por lo menos 2 dígitos en la dirección. ', N'5563')
INSERT [dbo].[inconsistencia] ([incosistencia_id], [contacto], [departamento], [direccion], [distrito], [envio_id], [numero_documento], [provincia], [razon_social], [referencia], [resumen], [telefono]) VALUES (7, N'RONALD SANTOS', N'AMAZONAS', N'DIR7', N'CHACHAPOYAS', 4, N'DOC000008', N'CHACHAPOYAS', N'RONALD SANTOS', N'ABC', N'Ingrese por lo menos 2 dígitos en la dirección. ', N'5563')
INSERT [dbo].[inconsistencia] ([incosistencia_id], [contacto], [departamento], [direccion], [distrito], [envio_id], [numero_documento], [provincia], [razon_social], [referencia], [resumen], [telefono]) VALUES (8, N'', N'AMAZONAS', N'DIR71', N'CHACHAPOYAS', 4, N'DOC000009', N'CHACHAPOYAS', N'', N'ABC', N'Ingrese la razón social o el contacto. ', N'5564')
INSERT [dbo].[inconsistencia] ([incosistencia_id], [contacto], [departamento], [direccion], [distrito], [envio_id], [numero_documento], [provincia], [razon_social], [referencia], [resumen], [telefono]) VALUES (9, N'', N'AMAZONAS', N'DIR71', N'CHACHAPOYAS', 5, N'DOC000009', N'CHACHAPOYAS', N'', N'ABC', N'Ingrese la razón social o el contacto. ', N'5564')
INSERT [dbo].[inconsistencia] ([incosistencia_id], [contacto], [departamento], [direccion], [distrito], [envio_id], [numero_documento], [provincia], [razon_social], [referencia], [resumen], [telefono]) VALUES (10, N'RONALD SANTOS', N'AMAZONAS', N'DIR7', N'CHACHAPOYAS', 5, N'DOC000008', N'CHACHAPOYAS', N'RONALD SANTOS', N'ABC', N'Ingrese por lo menos 2 dígitos en la dirección. ', N'5563')
INSERT [dbo].[inconsistencia] ([incosistencia_id], [contacto], [departamento], [direccion], [distrito], [envio_id], [numero_documento], [provincia], [razon_social], [referencia], [resumen], [telefono]) VALUES (11, N'', N'AMAZONAS', N'DIR71', N'CHACHAPOYAS', 6, N'DOC000009', N'CHACHAPOYAS', N'', N'ABC', N'Ingrese la razón social o el contacto. ', N'5564')
INSERT [dbo].[inconsistencia] ([incosistencia_id], [contacto], [departamento], [direccion], [distrito], [envio_id], [numero_documento], [provincia], [razon_social], [referencia], [resumen], [telefono]) VALUES (12, N'RONALD SANTOS', N'AMAZONAS', N'DIR7', N'CHACHAPOYAS', 6, N'DOC000008', N'CHACHAPOYAS', N'RONALD SANTOS', N'ABC', N'Ingrese por lo menos 2 dígitos en la dirección. ', N'5563')
INSERT [dbo].[inconsistencia] ([incosistencia_id], [contacto], [departamento], [direccion], [distrito], [envio_id], [numero_documento], [provincia], [razon_social], [referencia], [resumen], [telefono]) VALUES (13, N'RONALD SANTOS', N'AMAZONAS', N'DIR7', N'CHACHAPOYAS', 7, N'DOC000008', N'CHACHAPOYAS', N'RONALD SANTOS', N'ABC', N'Ingrese por lo menos 2 dígitos en la dirección. ', N'5563')
INSERT [dbo].[inconsistencia] ([incosistencia_id], [contacto], [departamento], [direccion], [distrito], [envio_id], [numero_documento], [provincia], [razon_social], [referencia], [resumen], [telefono]) VALUES (14, N'', N'AMAZONAS', N'DIR71', N'CHACHAPOYAS', 7, N'DOC000009', N'CHACHAPOYAS', N'', N'ABC', N'Ingrese la razón social o el contacto. ', N'5564')
INSERT [dbo].[inconsistencia] ([incosistencia_id], [contacto], [departamento], [direccion], [distrito], [envio_id], [numero_documento], [provincia], [razon_social], [referencia], [resumen], [telefono]) VALUES (15, N'', N'AMAZONAS', N'DIR71', N'CHACHAPOYAS', 8, N'DOC000009', N'CHACHAPOYAS', N'', N'ABC', N'Ingrese la razón social o el contacto. ', N'5564')
INSERT [dbo].[inconsistencia] ([incosistencia_id], [contacto], [departamento], [direccion], [distrito], [envio_id], [numero_documento], [provincia], [razon_social], [referencia], [resumen], [telefono]) VALUES (16, N'RONALD SANTOS', N'AMAZONAS', N'DIR7', N'CHACHAPOYAS', 8, N'DOC000008', N'CHACHAPOYAS', N'RONALD SANTOS', N'ABC', N'Ingrese por lo menos 2 dígitos en la dirección. ', N'5563')
SET IDENTITY_INSERT [dbo].[inconsistencia] OFF
SET IDENTITY_INSERT [dbo].[estado_autorizado] ON 

INSERT [dbo].[estado_autorizado] ([estado_autorizado_id], [nombre]) VALUES (1, N'PENDIENTE')
INSERT [dbo].[estado_autorizado] ([estado_autorizado_id], [nombre]) VALUES (2, N'APROBADA')
INSERT [dbo].[estado_autorizado] ([estado_autorizado_id], [nombre]) VALUES (3, N'DENEGADA')
SET IDENTITY_INSERT [dbo].[estado_autorizado] OFF
SET IDENTITY_INSERT [dbo].[seguimiento_autorizado] ON 

INSERT [dbo].[seguimiento_autorizado] ([seguimiento_autorizado_id], [fecha], [nombre_usuario], [usuario_id], [envio_id], [estado_autorizado_id]) VALUES (1, CAST(N'2019-06-14T08:56:14.4580000' AS DateTime2), NULL, 7, 7, 1)
INSERT [dbo].[seguimiento_autorizado] ([seguimiento_autorizado_id], [fecha], [nombre_usuario], [usuario_id], [envio_id], [estado_autorizado_id]) VALUES (2, CAST(N'2019-06-14T08:56:40.6130000' AS DateTime2), NULL, 7, 8, 1)
INSERT [dbo].[seguimiento_autorizado] ([seguimiento_autorizado_id], [fecha], [nombre_usuario], [usuario_id], [envio_id], [estado_autorizado_id]) VALUES (3, CAST(N'2019-06-14T08:56:55.4280000' AS DateTime2), N'ERNST ROJAS', 9, 7, 2)
INSERT [dbo].[seguimiento_autorizado] ([seguimiento_autorizado_id], [fecha], [nombre_usuario], [usuario_id], [envio_id], [estado_autorizado_id]) VALUES (4, CAST(N'2019-06-14T08:56:57.1350000' AS DateTime2), N'ERNST ROJAS', 9, 8, 2)
SET IDENTITY_INSERT [dbo].[seguimiento_autorizado] OFF
INSERT [dbo].[estado_documento_permitido] ([estado_documento_id], [estado_documento_permitido_id]) VALUES (2, 1)
INSERT [dbo].[estado_documento_permitido] ([estado_documento_id], [estado_documento_permitido_id]) VALUES (3, 2)
INSERT [dbo].[resultado_tipo_devolucion] ([estado_documento_id], [tipo_devolucion_id]) VALUES (4, 1)
INSERT [dbo].[resultado_tipo_devolucion] ([estado_documento_id], [tipo_devolucion_id]) VALUES (5, 1)
INSERT [dbo].[resultado_tipo_devolucion] ([estado_documento_id], [tipo_devolucion_id]) VALUES (5, 2)
INSERT [dbo].[resultado_tipo_devolucion] ([estado_documento_id], [tipo_devolucion_id]) VALUES (6, 2)
INSERT [dbo].[resultado_tipo_devolucion] ([estado_documento_id], [tipo_devolucion_id]) VALUES (6, 3)
SET IDENTITY_INSERT [dbo].[estado_guia] ON 

INSERT [dbo].[estado_guia] ([estado_guia_id], [nombre]) VALUES (1, N'CREADO')
INSERT [dbo].[estado_guia] ([estado_guia_id], [nombre]) VALUES (2, N'ENVIADO')
INSERT [dbo].[estado_guia] ([estado_guia_id], [nombre]) VALUES (3, N'DESCARGADO')
INSERT [dbo].[estado_guia] ([estado_guia_id], [nombre]) VALUES (4, N'COMPLETA')
INSERT [dbo].[estado_guia] ([estado_guia_id], [nombre]) VALUES (5, N'CERRADO')
SET IDENTITY_INSERT [dbo].[estado_guia] OFF
SET IDENTITY_INSERT [dbo].[seguimiento_guia] ON 

INSERT [dbo].[seguimiento_guia] ([seguimiento_guia_id], [fecha], [usuario_id], [estado_guia_id], [guia_id]) VALUES (1, CAST(N'2019-06-14T09:01:45.4220000' AS DateTime2), 3, 1, 1)
INSERT [dbo].[seguimiento_guia] ([seguimiento_guia_id], [fecha], [usuario_id], [estado_guia_id], [guia_id]) VALUES (2, CAST(N'2019-06-14T09:02:13.0500000' AS DateTime2), 3, 1, 2)
INSERT [dbo].[seguimiento_guia] ([seguimiento_guia_id], [fecha], [usuario_id], [estado_guia_id], [guia_id]) VALUES (3, CAST(N'2019-06-14T09:02:39.2400000' AS DateTime2), 3, 1, 3)
INSERT [dbo].[seguimiento_guia] ([seguimiento_guia_id], [fecha], [usuario_id], [estado_guia_id], [guia_id]) VALUES (4, CAST(N'2019-06-14T09:03:14.3990000' AS DateTime2), 3, 1, 4)
INSERT [dbo].[seguimiento_guia] ([seguimiento_guia_id], [fecha], [usuario_id], [estado_guia_id], [guia_id]) VALUES (5, CAST(N'2019-06-14T09:03:37.5480000' AS DateTime2), 3, 1, 5)
INSERT [dbo].[seguimiento_guia] ([seguimiento_guia_id], [fecha], [usuario_id], [estado_guia_id], [guia_id]) VALUES (6, CAST(N'2019-06-14T09:04:05.8600000' AS DateTime2), 3, 1, 6)
INSERT [dbo].[seguimiento_guia] ([seguimiento_guia_id], [fecha], [usuario_id], [estado_guia_id], [guia_id]) VALUES (7, CAST(N'2019-06-14T09:04:18.1970000' AS DateTime2), 3, 2, 1)
INSERT [dbo].[seguimiento_guia] ([seguimiento_guia_id], [fecha], [usuario_id], [estado_guia_id], [guia_id]) VALUES (8, CAST(N'2019-06-14T09:04:19.5620000' AS DateTime2), 3, 2, 2)
INSERT [dbo].[seguimiento_guia] ([seguimiento_guia_id], [fecha], [usuario_id], [estado_guia_id], [guia_id]) VALUES (9, CAST(N'2019-06-14T09:04:21.3040000' AS DateTime2), 3, 2, 3)
INSERT [dbo].[seguimiento_guia] ([seguimiento_guia_id], [fecha], [usuario_id], [estado_guia_id], [guia_id]) VALUES (10, CAST(N'2019-06-14T09:04:23.5810000' AS DateTime2), 3, 2, 4)
INSERT [dbo].[seguimiento_guia] ([seguimiento_guia_id], [fecha], [usuario_id], [estado_guia_id], [guia_id]) VALUES (11, CAST(N'2019-06-14T09:04:25.1650000' AS DateTime2), 3, 2, 5)
INSERT [dbo].[seguimiento_guia] ([seguimiento_guia_id], [fecha], [usuario_id], [estado_guia_id], [guia_id]) VALUES (12, CAST(N'2019-06-14T09:04:26.9040000' AS DateTime2), 3, 2, 6)
INSERT [dbo].[seguimiento_guia] ([seguimiento_guia_id], [fecha], [usuario_id], [estado_guia_id], [guia_id]) VALUES (13, CAST(N'2019-06-14T09:04:59.3860000' AS DateTime2), 1, 1, 7)
INSERT [dbo].[seguimiento_guia] ([seguimiento_guia_id], [fecha], [usuario_id], [estado_guia_id], [guia_id]) VALUES (14, CAST(N'2019-06-14T09:05:26.3070000' AS DateTime2), 1, 1, 8)
INSERT [dbo].[seguimiento_guia] ([seguimiento_guia_id], [fecha], [usuario_id], [estado_guia_id], [guia_id]) VALUES (15, CAST(N'2019-06-14T09:05:49.6550000' AS DateTime2), 1, 1, 9)
INSERT [dbo].[seguimiento_guia] ([seguimiento_guia_id], [fecha], [usuario_id], [estado_guia_id], [guia_id]) VALUES (16, CAST(N'2019-06-14T09:06:10.7810000' AS DateTime2), 1, 1, 10)
INSERT [dbo].[seguimiento_guia] ([seguimiento_guia_id], [fecha], [usuario_id], [estado_guia_id], [guia_id]) VALUES (17, CAST(N'2019-06-14T09:06:24.5180000' AS DateTime2), 1, 2, 7)
INSERT [dbo].[seguimiento_guia] ([seguimiento_guia_id], [fecha], [usuario_id], [estado_guia_id], [guia_id]) VALUES (18, CAST(N'2019-06-14T09:06:26.0860000' AS DateTime2), 1, 2, 8)
INSERT [dbo].[seguimiento_guia] ([seguimiento_guia_id], [fecha], [usuario_id], [estado_guia_id], [guia_id]) VALUES (19, CAST(N'2019-06-14T09:06:27.3160000' AS DateTime2), 1, 2, 9)
INSERT [dbo].[seguimiento_guia] ([seguimiento_guia_id], [fecha], [usuario_id], [estado_guia_id], [guia_id]) VALUES (20, CAST(N'2019-06-14T09:06:28.7090000' AS DateTime2), 1, 2, 10)
INSERT [dbo].[seguimiento_guia] ([seguimiento_guia_id], [fecha], [usuario_id], [estado_guia_id], [guia_id]) VALUES (21, CAST(N'2019-06-14T09:06:51.9940000' AS DateTime2), 2, 1, 11)
INSERT [dbo].[seguimiento_guia] ([seguimiento_guia_id], [fecha], [usuario_id], [estado_guia_id], [guia_id]) VALUES (22, CAST(N'2019-06-14T09:07:14.9970000' AS DateTime2), 2, 1, 12)
INSERT [dbo].[seguimiento_guia] ([seguimiento_guia_id], [fecha], [usuario_id], [estado_guia_id], [guia_id]) VALUES (23, CAST(N'2019-06-14T09:07:27.4400000' AS DateTime2), 2, 2, 11)
INSERT [dbo].[seguimiento_guia] ([seguimiento_guia_id], [fecha], [usuario_id], [estado_guia_id], [guia_id]) VALUES (24, CAST(N'2019-06-14T09:07:29.1280000' AS DateTime2), 2, 2, 12)
INSERT [dbo].[seguimiento_guia] ([seguimiento_guia_id], [fecha], [usuario_id], [estado_guia_id], [guia_id]) VALUES (25, CAST(N'2019-06-14T09:07:52.6800000' AS DateTime2), 4, 1, 13)
INSERT [dbo].[seguimiento_guia] ([seguimiento_guia_id], [fecha], [usuario_id], [estado_guia_id], [guia_id]) VALUES (26, CAST(N'2019-06-14T09:08:14.1730000' AS DateTime2), 4, 1, 14)
INSERT [dbo].[seguimiento_guia] ([seguimiento_guia_id], [fecha], [usuario_id], [estado_guia_id], [guia_id]) VALUES (27, CAST(N'2019-06-14T09:08:24.5270000' AS DateTime2), 4, 2, 13)
INSERT [dbo].[seguimiento_guia] ([seguimiento_guia_id], [fecha], [usuario_id], [estado_guia_id], [guia_id]) VALUES (28, CAST(N'2019-06-14T09:08:26.0140000' AS DateTime2), 4, 2, 14)
INSERT [dbo].[seguimiento_guia] ([seguimiento_guia_id], [fecha], [usuario_id], [estado_guia_id], [guia_id]) VALUES (29, CAST(N'2019-06-14T09:08:53.3530000' AS DateTime2), 4, 3, 1)
INSERT [dbo].[seguimiento_guia] ([seguimiento_guia_id], [fecha], [usuario_id], [estado_guia_id], [guia_id]) VALUES (30, CAST(N'2019-06-14T09:10:08.2820000' AS DateTime2), 4, 3, 2)
INSERT [dbo].[seguimiento_guia] ([seguimiento_guia_id], [fecha], [usuario_id], [estado_guia_id], [guia_id]) VALUES (31, CAST(N'2019-06-14T09:10:33.9250000' AS DateTime2), 4, 3, 3)
INSERT [dbo].[seguimiento_guia] ([seguimiento_guia_id], [fecha], [usuario_id], [estado_guia_id], [guia_id]) VALUES (32, CAST(N'2019-06-14T09:11:35.5190000' AS DateTime2), 4, 3, 4)
INSERT [dbo].[seguimiento_guia] ([seguimiento_guia_id], [fecha], [usuario_id], [estado_guia_id], [guia_id]) VALUES (33, CAST(N'2019-06-14T09:12:16.4310000' AS DateTime2), 4, 3, 5)
INSERT [dbo].[seguimiento_guia] ([seguimiento_guia_id], [fecha], [usuario_id], [estado_guia_id], [guia_id]) VALUES (34, CAST(N'2019-06-14T09:12:44.0440000' AS DateTime2), 4, 3, 6)
INSERT [dbo].[seguimiento_guia] ([seguimiento_guia_id], [fecha], [usuario_id], [estado_guia_id], [guia_id]) VALUES (35, CAST(N'2019-06-14T09:13:30.7130000' AS DateTime2), 4, 3, 7)
INSERT [dbo].[seguimiento_guia] ([seguimiento_guia_id], [fecha], [usuario_id], [estado_guia_id], [guia_id]) VALUES (36, CAST(N'2019-06-14T09:14:03.9280000' AS DateTime2), 4, 3, 8)
INSERT [dbo].[seguimiento_guia] ([seguimiento_guia_id], [fecha], [usuario_id], [estado_guia_id], [guia_id]) VALUES (37, CAST(N'2019-06-14T09:14:43.0430000' AS DateTime2), 4, 3, 9)
INSERT [dbo].[seguimiento_guia] ([seguimiento_guia_id], [fecha], [usuario_id], [estado_guia_id], [guia_id]) VALUES (38, CAST(N'2019-06-14T09:15:10.5960000' AS DateTime2), 4, 3, 10)
SET IDENTITY_INSERT [dbo].[seguimiento_guia] OFF
INSERT [dbo].[area_plazo_distribucion] ([area_id], [ruta_autorizacion], [plazo_distribucion_id],[fecha_asociacion]) VALUES (1,  N'6.pdf', 2,CAST(N'2019-06-26T17:34:11.8166667' AS DateTime2))
INSERT [dbo].[area_plazo_distribucion] ([area_id], [ruta_autorizacion], [plazo_distribucion_id],[fecha_asociacion]) VALUES (2,  N'6.pdf', 1, CAST(N'2019-06-26T17:34:11.8166667' AS DateTime2))
INSERT [dbo].[area_plazo_distribucion] ([area_id], [ruta_autorizacion], [plazo_distribucion_id],[fecha_asociacion]) VALUES (3,  N'6.pdf', 1, CAST(N'2019-06-26T17:34:11.8166667' AS DateTime2))
INSERT [dbo].[area_plazo_distribucion] ([area_id], [ruta_autorizacion], [plazo_distribucion_id],[fecha_asociacion]) VALUES (4,  N'6.pdf', 1, CAST(N'2019-06-26T17:34:11.8166667' AS DateTime2))
INSERT [dbo].[area_plazo_distribucion] ([area_id], [ruta_autorizacion], [plazo_distribucion_id],[fecha_asociacion]) VALUES (9,  N'6.pdf', 4, CAST(N'2019-06-26T17:34:11.8166667' AS DateTime2))
INSERT [dbo].[area_plazo_distribucion] ([area_id], [ruta_autorizacion], [plazo_distribucion_id],[fecha_asociacion]) VALUES (13,  N'6.pdf', 4, CAST(N'2019-06-26T17:34:11.8166667' AS DateTime2))
INSERT [dbo].[buzon_plazo_distribucion] ([buzon_id], [ruta_autorizacion], [plazo_distribucion_id],[fecha_asociacion]) VALUES (5,  N'6.pdf', 1, CAST(N'2019-06-26T17:34:11.8166667' AS DateTime2))
INSERT [dbo].[buzon_plazo_distribucion] ([buzon_id], [ruta_autorizacion], [plazo_distribucion_id],[fecha_asociacion]) VALUES (6,  N'6.pdf', 1, CAST(N'2019-06-26T17:34:11.8166667' AS DateTime2))
INSERT [dbo].[buzon_plazo_distribucion] ([buzon_id], [ruta_autorizacion], [plazo_distribucion_id],[fecha_asociacion]) VALUES (7,  N'6.pdf', 1, CAST(N'2019-06-26T17:34:11.8166667' AS DateTime2))
INSERT [dbo].[buzon_plazo_distribucion] ([buzon_id], [ruta_autorizacion], [plazo_distribucion_id],[fecha_asociacion]) VALUES (8,  N'6.pdf', 6, CAST(N'2019-06-26T17:34:11.8166667' AS DateTime2))
INSERT [dbo].[buzon_plazo_distribucion] ([buzon_id], [ruta_autorizacion], [plazo_distribucion_id],[fecha_asociacion]) VALUES (9,  N'6.pdf', 4, CAST(N'2019-06-26T17:34:11.8166667' AS DateTime2))
INSERT [dbo].[buzon_plazo_distribucion] ([buzon_id], [ruta_autorizacion], [plazo_distribucion_id],[fecha_asociacion]) VALUES (10,  N'6.pdf', 4, CAST(N'2019-06-26T17:34:11.8166667' AS DateTime2))
INSERT [dbo].[region_plazo_distribucion] ([plazo_distribucion_id], [region_id], [region], [tiempo_envio]) VALUES (1, 1, NULL, 96)
INSERT [dbo].[region_plazo_distribucion] ([plazo_distribucion_id], [region_id], [region], [tiempo_envio]) VALUES (2, 1, NULL, 72)
INSERT [dbo].[region_plazo_distribucion] ([plazo_distribucion_id], [region_id], [region], [tiempo_envio]) VALUES (3, 1, NULL, 48)
INSERT [dbo].[region_plazo_distribucion] ([plazo_distribucion_id], [region_id], [region], [tiempo_envio]) VALUES (4, 1, NULL, 24)
INSERT [dbo].[region_plazo_distribucion] ([plazo_distribucion_id], [region_id], [region], [tiempo_envio]) VALUES (5, 1, NULL, 4)
INSERT [dbo].[region_plazo_distribucion] ([plazo_distribucion_id], [region_id], [region], [tiempo_envio]) VALUES (6, 1, NULL, 2)
INSERT [dbo].[region_plazo_distribucion] ([plazo_distribucion_id], [region_id], [region], [tiempo_envio]) VALUES (7, 1, NULL, 2)
INSERT [dbo].[buzon_tipo_seguridad] ([buzon_id], [tipo_seguridad_id]) VALUES (1, 1)
SET IDENTITY_INSERT [dbo].[documento_reporte] ON 

INSERT [dbo].[documento_reporte] ([documento_reporte_id], [area_id], [documento_id], [estado_cargo], [estado_documento_id], [fecha], [plazo_id], [proveedor_id], [sede_id], [tiempo_entrega]) VALUES (1, 1, 3, 1, 3, CAST(N'2019-06-14T09:04:18.1970000' AS DateTime2), 1, 1, 5, 1)
INSERT [dbo].[documento_reporte] ([documento_reporte_id], [area_id], [documento_id], [estado_cargo], [estado_documento_id], [fecha], [plazo_id], [proveedor_id], [sede_id], [tiempo_entrega]) VALUES (2, 1, 1, 2, 4, CAST(N'2019-06-14T09:04:18.1970000' AS DateTime2), 1, 1, 5, 2)
INSERT [dbo].[documento_reporte] ([documento_reporte_id], [area_id], [documento_id], [estado_cargo], [estado_documento_id], [fecha], [plazo_id], [proveedor_id], [sede_id], [tiempo_entrega]) VALUES (3, 1, 4, 1, 3, CAST(N'2019-06-14T09:04:18.1970000' AS DateTime2), 1, 1, 5, 1)
INSERT [dbo].[documento_reporte] ([documento_reporte_id], [area_id], [documento_id], [estado_cargo], [estado_documento_id], [fecha], [plazo_id], [proveedor_id], [sede_id], [tiempo_entrega]) VALUES (4, 1, 2, 2, 4, CAST(N'2019-06-14T09:04:18.1970000' AS DateTime2), 1, 1, 5, 2)
INSERT [dbo].[documento_reporte] ([documento_reporte_id], [area_id], [documento_id], [estado_cargo], [estado_documento_id], [fecha], [plazo_id], [proveedor_id], [sede_id], [tiempo_entrega]) VALUES (5, 1, 6, 2, 4, CAST(N'2019-06-14T09:04:19.5620000' AS DateTime2), 1, 2, 5, 2)
INSERT [dbo].[documento_reporte] ([documento_reporte_id], [area_id], [documento_id], [estado_cargo], [estado_documento_id], [fecha], [plazo_id], [proveedor_id], [sede_id], [tiempo_entrega]) VALUES (6, 1, 5, 2, 4, CAST(N'2019-06-14T09:04:19.5620000' AS DateTime2), 1, 2, 5, 2)
INSERT [dbo].[documento_reporte] ([documento_reporte_id], [area_id], [documento_id], [estado_cargo], [estado_documento_id], [fecha], [plazo_id], [proveedor_id], [sede_id], [tiempo_entrega]) VALUES (7, 1, 8, 1, 3, CAST(N'2019-06-14T09:04:19.5620000' AS DateTime2), 1, 2, 5, 1)
INSERT [dbo].[documento_reporte] ([documento_reporte_id], [area_id], [documento_id], [estado_cargo], [estado_documento_id], [fecha], [plazo_id], [proveedor_id], [sede_id], [tiempo_entrega]) VALUES (8, 1, 7, 1, 3, CAST(N'2019-06-14T09:04:19.5620000' AS DateTime2), 1, 2, 5, 1)
INSERT [dbo].[documento_reporte] ([documento_reporte_id], [area_id], [documento_id], [estado_cargo], [estado_documento_id], [fecha], [plazo_id], [proveedor_id], [sede_id], [tiempo_entrega]) VALUES (9, 2, 41, 2, 5, CAST(N'2019-06-14T09:04:21.3040000' AS DateTime2), 1, 1, 5, 2)
INSERT [dbo].[documento_reporte] ([documento_reporte_id], [area_id], [documento_id], [estado_cargo], [estado_documento_id], [fecha], [plazo_id], [proveedor_id], [sede_id], [tiempo_entrega]) VALUES (10, 2, 43, 2, 5, CAST(N'2019-06-14T09:04:21.3040000' AS DateTime2), 1, 1, 5, 2)
INSERT [dbo].[documento_reporte] ([documento_reporte_id], [area_id], [documento_id], [estado_cargo], [estado_documento_id], [fecha], [plazo_id], [proveedor_id], [sede_id], [tiempo_entrega]) VALUES (11, 2, 42, 2, 6, CAST(N'2019-06-14T09:04:21.3040000' AS DateTime2), 1, 1, 5, 2)
INSERT [dbo].[documento_reporte] ([documento_reporte_id], [area_id], [documento_id], [estado_cargo], [estado_documento_id], [fecha], [plazo_id], [proveedor_id], [sede_id], [tiempo_entrega]) VALUES (12, 2, 47, 2, 5, CAST(N'2019-06-14T09:04:23.5810000' AS DateTime2), 1, 2, 5, 2)
INSERT [dbo].[documento_reporte] ([documento_reporte_id], [area_id], [documento_id], [estado_cargo], [estado_documento_id], [fecha], [plazo_id], [proveedor_id], [sede_id], [tiempo_entrega]) VALUES (13, 2, 44, 2, 4, CAST(N'2019-06-14T09:04:23.5810000' AS DateTime2), 1, 2, 5, 2)
INSERT [dbo].[documento_reporte] ([documento_reporte_id], [area_id], [documento_id], [estado_cargo], [estado_documento_id], [fecha], [plazo_id], [proveedor_id], [sede_id], [tiempo_entrega]) VALUES (14, 2, 45, 2, 5, CAST(N'2019-06-14T09:04:23.5810000' AS DateTime2), 1, 2, 5, 2)
INSERT [dbo].[documento_reporte] ([documento_reporte_id], [area_id], [documento_id], [estado_cargo], [estado_documento_id], [fecha], [plazo_id], [proveedor_id], [sede_id], [tiempo_entrega]) VALUES (15, 2, 46, 2, 6, CAST(N'2019-06-14T09:04:23.5810000' AS DateTime2), 1, 2, 5, 2)
INSERT [dbo].[documento_reporte] ([documento_reporte_id], [area_id], [documento_id], [estado_cargo], [estado_documento_id], [fecha], [plazo_id], [proveedor_id], [sede_id], [tiempo_entrega]) VALUES (16, 2, 48, 2, 4, CAST(N'2019-06-14T09:04:23.5810000' AS DateTime2), 1, 2, 5, 2)
INSERT [dbo].[documento_reporte] ([documento_reporte_id], [area_id], [documento_id], [estado_cargo], [estado_documento_id], [fecha], [plazo_id], [proveedor_id], [sede_id], [tiempo_entrega]) VALUES (17, 3, 51, 2, 4, CAST(N'2019-06-14T09:04:25.1650000' AS DateTime2), 2, 1, 5, 2)
INSERT [dbo].[documento_reporte] ([documento_reporte_id], [area_id], [documento_id], [estado_cargo], [estado_documento_id], [fecha], [plazo_id], [proveedor_id], [sede_id], [tiempo_entrega]) VALUES (18, 3, 49, 2, 4, CAST(N'2019-06-14T09:04:25.1650000' AS DateTime2), 2, 1, 5, 2)
INSERT [dbo].[documento_reporte] ([documento_reporte_id], [area_id], [documento_id], [estado_cargo], [estado_documento_id], [fecha], [plazo_id], [proveedor_id], [sede_id], [tiempo_entrega]) VALUES (19, 3, 50, 2, 4, CAST(N'2019-06-14T09:04:25.1650000' AS DateTime2), 2, 1, 5, 2)
INSERT [dbo].[documento_reporte] ([documento_reporte_id], [area_id], [documento_id], [estado_cargo], [estado_documento_id], [fecha], [plazo_id], [proveedor_id], [sede_id], [tiempo_entrega]) VALUES (20, 3, 52, 1, 3, CAST(N'2019-06-14T09:04:25.1650000' AS DateTime2), 2, 1, 5, 1)
INSERT [dbo].[documento_reporte] ([documento_reporte_id], [area_id], [documento_id], [estado_cargo], [estado_documento_id], [fecha], [plazo_id], [proveedor_id], [sede_id], [tiempo_entrega]) VALUES (21, 3, 55, 2, 4, CAST(N'2019-06-14T09:04:26.9040000' AS DateTime2), 2, 2, 5, 2)
INSERT [dbo].[documento_reporte] ([documento_reporte_id], [area_id], [documento_id], [estado_cargo], [estado_documento_id], [fecha], [plazo_id], [proveedor_id], [sede_id], [tiempo_entrega]) VALUES (22, 3, 56, 1, 3, CAST(N'2019-06-14T09:04:26.9040000' AS DateTime2), 2, 2, 5, 1)
INSERT [dbo].[documento_reporte] ([documento_reporte_id], [area_id], [documento_id], [estado_cargo], [estado_documento_id], [fecha], [plazo_id], [proveedor_id], [sede_id], [tiempo_entrega]) VALUES (23, 3, 53, 2, 4, CAST(N'2019-06-14T09:04:26.9040000' AS DateTime2), 2, 2, 5, 2)
INSERT [dbo].[documento_reporte] ([documento_reporte_id], [area_id], [documento_id], [estado_cargo], [estado_documento_id], [fecha], [plazo_id], [proveedor_id], [sede_id], [tiempo_entrega]) VALUES (24, 3, 54, 2, 5, CAST(N'2019-06-14T09:04:26.9040000' AS DateTime2), 2, 2, 5, 2)
INSERT [dbo].[documento_reporte] ([documento_reporte_id], [area_id], [documento_id], [estado_cargo], [estado_documento_id], [fecha], [plazo_id], [proveedor_id], [sede_id], [tiempo_entrega]) VALUES (25, 1, 19, 2, 4, CAST(N'2019-06-14T09:06:24.5180000' AS DateTime2), 1, 1, 3, 2)
INSERT [dbo].[documento_reporte] ([documento_reporte_id], [area_id], [documento_id], [estado_cargo], [estado_documento_id], [fecha], [plazo_id], [proveedor_id], [sede_id], [tiempo_entrega]) VALUES (26, 1, 17, 2, 4, CAST(N'2019-06-14T09:06:24.5180000' AS DateTime2), 1, 1, 3, 2)
INSERT [dbo].[documento_reporte] ([documento_reporte_id], [area_id], [documento_id], [estado_cargo], [estado_documento_id], [fecha], [plazo_id], [proveedor_id], [sede_id], [tiempo_entrega]) VALUES (27, 1, 20, 1, 3, CAST(N'2019-06-14T09:06:24.5180000' AS DateTime2), 1, 1, 3, 1)
INSERT [dbo].[documento_reporte] ([documento_reporte_id], [area_id], [documento_id], [estado_cargo], [estado_documento_id], [fecha], [plazo_id], [proveedor_id], [sede_id], [tiempo_entrega]) VALUES (28, 1, 18, 2, 5, CAST(N'2019-06-14T09:06:24.5180000' AS DateTime2), 1, 1, 3, 2)
INSERT [dbo].[documento_reporte] ([documento_reporte_id], [area_id], [documento_id], [estado_cargo], [estado_documento_id], [fecha], [plazo_id], [proveedor_id], [sede_id], [tiempo_entrega]) VALUES (29, 1, 22, 2, 4, CAST(N'2019-06-14T09:06:26.0860000' AS DateTime2), 1, 2, 3, 2)
INSERT [dbo].[documento_reporte] ([documento_reporte_id], [area_id], [documento_id], [estado_cargo], [estado_documento_id], [fecha], [plazo_id], [proveedor_id], [sede_id], [tiempo_entrega]) VALUES (30, 1, 23, 1, 3, CAST(N'2019-06-14T09:06:26.0860000' AS DateTime2), 1, 2, 3, 1)
INSERT [dbo].[documento_reporte] ([documento_reporte_id], [area_id], [documento_id], [estado_cargo], [estado_documento_id], [fecha], [plazo_id], [proveedor_id], [sede_id], [tiempo_entrega]) VALUES (31, 1, 21, 2, 5, CAST(N'2019-06-14T09:06:26.0860000' AS DateTime2), 1, 2, 3, 2)
INSERT [dbo].[documento_reporte] ([documento_reporte_id], [area_id], [documento_id], [estado_cargo], [estado_documento_id], [fecha], [plazo_id], [proveedor_id], [sede_id], [tiempo_entrega]) VALUES (32, 1, 24, 1, 3, CAST(N'2019-06-14T09:06:26.0860000' AS DateTime2), 1, 2, 3, 1)
INSERT [dbo].[documento_reporte] ([documento_reporte_id], [area_id], [documento_id], [estado_cargo], [estado_documento_id], [fecha], [plazo_id], [proveedor_id], [sede_id], [tiempo_entrega]) VALUES (33, 3, 58, 2, 4, CAST(N'2019-06-14T09:06:27.3160000' AS DateTime2), 2, 1, 3, 2)
INSERT [dbo].[documento_reporte] ([documento_reporte_id], [area_id], [documento_id], [estado_cargo], [estado_documento_id], [fecha], [plazo_id], [proveedor_id], [sede_id], [tiempo_entrega]) VALUES (34, 3, 59, 2, 5, CAST(N'2019-06-14T09:06:27.3160000' AS DateTime2), 2, 1, 3, 3)
INSERT [dbo].[documento_reporte] ([documento_reporte_id], [area_id], [documento_id], [estado_cargo], [estado_documento_id], [fecha], [plazo_id], [proveedor_id], [sede_id], [tiempo_entrega]) VALUES (35, 3, 57, 2, 5, CAST(N'2019-06-14T09:06:27.3160000' AS DateTime2), 2, 1, 3, 2)
INSERT [dbo].[documento_reporte] ([documento_reporte_id], [area_id], [documento_id], [estado_cargo], [estado_documento_id], [fecha], [plazo_id], [proveedor_id], [sede_id], [tiempo_entrega]) VALUES (36, 3, 60, 2, 4, CAST(N'2019-06-14T09:06:27.3160000' AS DateTime2), 2, 1, 3, 3)
INSERT [dbo].[documento_reporte] ([documento_reporte_id], [area_id], [documento_id], [estado_cargo], [estado_documento_id], [fecha], [plazo_id], [proveedor_id], [sede_id], [tiempo_entrega]) VALUES (37, 3, 63, 1, 3, CAST(N'2019-06-14T09:06:28.7090000' AS DateTime2), 2, 2, 3, 1)
INSERT [dbo].[documento_reporte] ([documento_reporte_id], [area_id], [documento_id], [estado_cargo], [estado_documento_id], [fecha], [plazo_id], [proveedor_id], [sede_id], [tiempo_entrega]) VALUES (38, 3, 62, 2, 4, CAST(N'2019-06-14T09:06:28.7090000' AS DateTime2), 2, 2, 3, 3)
INSERT [dbo].[documento_reporte] ([documento_reporte_id], [area_id], [documento_id], [estado_cargo], [estado_documento_id], [fecha], [plazo_id], [proveedor_id], [sede_id], [tiempo_entrega]) VALUES (39, 3, 64, 1, 3, CAST(N'2019-06-14T09:06:28.7090000' AS DateTime2), 2, 2, 3, 1)
INSERT [dbo].[documento_reporte] ([documento_reporte_id], [area_id], [documento_id], [estado_cargo], [estado_documento_id], [fecha], [plazo_id], [proveedor_id], [sede_id], [tiempo_entrega]) VALUES (40, 3, 61, 2, 4, CAST(N'2019-06-14T09:06:28.7090000' AS DateTime2), 2, 2, 3, 3)
INSERT [dbo].[documento_reporte] ([documento_reporte_id], [area_id], [documento_id], [estado_cargo], [estado_documento_id], [fecha], [plazo_id], [proveedor_id], [sede_id], [tiempo_entrega]) VALUES (41, 1, 28, 1, 3, CAST(N'2019-06-14T09:07:27.4400000' AS DateTime2), 1, 1, 4, 1)
INSERT [dbo].[documento_reporte] ([documento_reporte_id], [area_id], [documento_id], [estado_cargo], [estado_documento_id], [fecha], [plazo_id], [proveedor_id], [sede_id], [tiempo_entrega]) VALUES (42, 1, 25, 1, 3, CAST(N'2019-06-14T09:07:27.4400000' AS DateTime2), 1, 1, 4, 1)
INSERT [dbo].[documento_reporte] ([documento_reporte_id], [area_id], [documento_id], [estado_cargo], [estado_documento_id], [fecha], [plazo_id], [proveedor_id], [sede_id], [tiempo_entrega]) VALUES (43, 1, 27, 1, 3, CAST(N'2019-06-14T09:07:27.4400000' AS DateTime2), 1, 1, 4, 1)
INSERT [dbo].[documento_reporte] ([documento_reporte_id], [area_id], [documento_id], [estado_cargo], [estado_documento_id], [fecha], [plazo_id], [proveedor_id], [sede_id], [tiempo_entrega]) VALUES (44, 1, 26, 1, 3, CAST(N'2019-06-14T09:07:27.4400000' AS DateTime2), 1, 1, 4, 1)
INSERT [dbo].[documento_reporte] ([documento_reporte_id], [area_id], [documento_id], [estado_cargo], [estado_documento_id], [fecha], [plazo_id], [proveedor_id], [sede_id], [tiempo_entrega]) VALUES (45, 1, 29, 1, 3, CAST(N'2019-06-14T09:07:29.1280000' AS DateTime2), 1, 2, 4, 1)
INSERT [dbo].[documento_reporte] ([documento_reporte_id], [area_id], [documento_id], [estado_cargo], [estado_documento_id], [fecha], [plazo_id], [proveedor_id], [sede_id], [tiempo_entrega]) VALUES (46, 1, 31, 1, 3, CAST(N'2019-06-14T09:07:29.1280000' AS DateTime2), 1, 2, 4, 1)
INSERT [dbo].[documento_reporte] ([documento_reporte_id], [area_id], [documento_id], [estado_cargo], [estado_documento_id], [fecha], [plazo_id], [proveedor_id], [sede_id], [tiempo_entrega]) VALUES (47, 1, 30, 1, 3, CAST(N'2019-06-14T09:07:29.1280000' AS DateTime2), 1, 2, 4, 1)
INSERT [dbo].[documento_reporte] ([documento_reporte_id], [area_id], [documento_id], [estado_cargo], [estado_documento_id], [fecha], [plazo_id], [proveedor_id], [sede_id], [tiempo_entrega]) VALUES (48, 1, 12, 1, 3, CAST(N'2019-06-14T09:08:24.5270000' AS DateTime2), 1, 1, 6, 1)
INSERT [dbo].[documento_reporte] ([documento_reporte_id], [area_id], [documento_id], [estado_cargo], [estado_documento_id], [fecha], [plazo_id], [proveedor_id], [sede_id], [tiempo_entrega]) VALUES (49, 1, 9, 1, 3, CAST(N'2019-06-14T09:08:24.5270000' AS DateTime2), 1, 1, 6, 1)
INSERT [dbo].[documento_reporte] ([documento_reporte_id], [area_id], [documento_id], [estado_cargo], [estado_documento_id], [fecha], [plazo_id], [proveedor_id], [sede_id], [tiempo_entrega]) VALUES (50, 1, 11, 1, 3, CAST(N'2019-06-14T09:08:24.5270000' AS DateTime2), 1, 1, 6, 1)
INSERT [dbo].[documento_reporte] ([documento_reporte_id], [area_id], [documento_id], [estado_cargo], [estado_documento_id], [fecha], [plazo_id], [proveedor_id], [sede_id], [tiempo_entrega]) VALUES (51, 1, 10, 1, 3, CAST(N'2019-06-14T09:08:24.5270000' AS DateTime2), 1, 1, 6, 1)
INSERT [dbo].[documento_reporte] ([documento_reporte_id], [area_id], [documento_id], [estado_cargo], [estado_documento_id], [fecha], [plazo_id], [proveedor_id], [sede_id], [tiempo_entrega]) VALUES (52, 1, 13, 1, 3, CAST(N'2019-06-14T09:08:26.0140000' AS DateTime2), 1, 2, 6, 1)
INSERT [dbo].[documento_reporte] ([documento_reporte_id], [area_id], [documento_id], [estado_cargo], [estado_documento_id], [fecha], [plazo_id], [proveedor_id], [sede_id], [tiempo_entrega]) VALUES (53, 1, 14, 1, 3, CAST(N'2019-06-14T09:08:26.0140000' AS DateTime2), 1, 2, 6, 1)
INSERT [dbo].[documento_reporte] ([documento_reporte_id], [area_id], [documento_id], [estado_cargo], [estado_documento_id], [fecha], [plazo_id], [proveedor_id], [sede_id], [tiempo_entrega]) VALUES (54, 1, 15, 1, 3, CAST(N'2019-06-14T09:08:26.0140000' AS DateTime2), 1, 2, 6, 1)
SET IDENTITY_INSERT [dbo].[documento_reporte] OFF

INSERT [dbo].[ambito_plazo_distribucion] ([ambito_id], [plazo_distribucion_id]) VALUES (1, 1)
INSERT [dbo].[ambito_plazo_distribucion] ([ambito_id], [plazo_distribucion_id]) VALUES (1, 2)
INSERT [dbo].[ambito_plazo_distribucion] ([ambito_id], [plazo_distribucion_id]) VALUES (1, 3)
INSERT [dbo].[ambito_plazo_distribucion] ([ambito_id], [plazo_distribucion_id]) VALUES (2, 4)
INSERT [dbo].[ambito_plazo_distribucion] ([ambito_id], [plazo_distribucion_id]) VALUES (2, 5)
INSERT [dbo].[ambito_plazo_distribucion] ([ambito_id], [plazo_distribucion_id]) VALUES (3, 1)
INSERT [dbo].[ambito_plazo_distribucion] ([ambito_id], [plazo_distribucion_id]) VALUES (4, 1)
INSERT [dbo].[ambito_plazo_distribucion] ([ambito_id], [plazo_distribucion_id]) VALUES (5, 6)
INSERT [dbo].[ambito_plazo_distribucion] ([ambito_id], [plazo_distribucion_id]) VALUES (5, 7)


INSERT [dbo].[ambito_proveedor] ([ambito_id], [proveedor_id]) VALUES (1, 2)
INSERT [dbo].[ambito_proveedor] ([ambito_id], [proveedor_id]) VALUES (1, 1)
INSERT [dbo].[ambito_proveedor] ([ambito_id], [proveedor_id]) VALUES (2, 1)

INSERT [dbo].[ambito_distrito] ([distrito_id],[ambito_id]) VALUES (1299, 1)
INSERT [dbo].[ambito_distrito] ([distrito_id],[ambito_id]) VALUES (1302, 1)
INSERT [dbo].[ambito_distrito] ([distrito_id],[ambito_id]) VALUES (1284, 1)
INSERT [dbo].[ambito_distrito] ([distrito_id],[ambito_id]) VALUES (1276, 1)
INSERT [dbo].[ambito_distrito] ([distrito_id],[ambito_id]) VALUES (1291, 1)

INSERT [dbo].[proveedor_plazo_distribucion] ([proveedor_id], [plazo_distribucion_id]) VALUES (1, 1)
INSERT [dbo].[proveedor_plazo_distribucion] ([proveedor_id], [plazo_distribucion_id]) VALUES (1, 2)
INSERT [dbo].[proveedor_plazo_distribucion] ([proveedor_id], [plazo_distribucion_id]) VALUES (1, 3)
INSERT [dbo].[proveedor_plazo_distribucion] ([proveedor_id], [plazo_distribucion_id]) VALUES (1, 4)
INSERT [dbo].[proveedor_plazo_distribucion] ([proveedor_id], [plazo_distribucion_id]) VALUES (2, 1)
INSERT [dbo].[proveedor_plazo_distribucion] ([proveedor_id], [plazo_distribucion_id]) VALUES (2, 2)
INSERT [dbo].[proveedor_plazo_distribucion] ([proveedor_id], [plazo_distribucion_id]) VALUES (2, 3)
INSERT [dbo].[proveedor_plazo_distribucion] ([proveedor_id], [plazo_distribucion_id]) VALUES (2, 4)






