USE [db_externa_core]
GO
SET IDENTITY_INSERT [dbo].[tipo_plazo_distribucion] ON 

INSERT [dbo].[tipo_plazo_distribucion] ([tipo_plazo_distribucion_id], [nombre]) VALUES (1, N'REGULAR')
INSERT [dbo].[tipo_plazo_distribucion] ([tipo_plazo_distribucion_id], [nombre]) VALUES (2, N'ESPECIAL')
SET IDENTITY_INSERT [dbo].[tipo_plazo_distribucion] OFF
SET IDENTITY_INSERT [dbo].[plazo_distribucion] ON 

INSERT [dbo].[plazo_distribucion] ([plazo_distribucion_id], [nombre], [tiempo_envio], [tipo_plazo_distribucion_id]) VALUES (1, N'ESTÁNDAR', 96, 1)
INSERT [dbo].[plazo_distribucion] ([plazo_distribucion_id], [nombre], [tiempo_envio], [tipo_plazo_distribucion_id]) VALUES (2, N'72 HORAS', 72, 2)
INSERT [dbo].[plazo_distribucion] ([plazo_distribucion_id], [nombre], [tiempo_envio], [tipo_plazo_distribucion_id]) VALUES (3, N'48 HORAS', 48, 2)
INSERT [dbo].[plazo_distribucion] ([plazo_distribucion_id], [nombre], [tiempo_envio], [tipo_plazo_distribucion_id]) VALUES (4, N'24 HORAS', 24, 2)
SET IDENTITY_INSERT [dbo].[plazo_distribucion] OFF
SET IDENTITY_INSERT [dbo].[tipo_seguridad] ON 

INSERT [dbo].[tipo_seguridad] ([tipo_seguridad_id], [nombre]) VALUES (1, N'SIN GPS')
INSERT [dbo].[tipo_seguridad] ([tipo_seguridad_id], [nombre]) VALUES (2, N'GPS BÁSICO')
SET IDENTITY_INSERT [dbo].[tipo_seguridad] OFF
SET IDENTITY_INSERT [dbo].[tipo_servicio] ON 

INSERT [dbo].[tipo_servicio] ([tipo_servicio_id], [nombre]) VALUES (1, N'DISTRIBUCIÓN')
SET IDENTITY_INSERT [dbo].[tipo_servicio] OFF
SET IDENTITY_INSERT [dbo].[envio] ON 

INSERT [dbo].[envio] ([envio_id], [autorizado], [buzon_id], [ruta_autorizacion], [tipo_documento_id], [plazo_distribucion_id], [tipo_seguridad_id], [tipo_servicio_id]) VALUES (1, 1, 1, N'RUTA_PRUEBA1', 1, 4, 1, 1)
INSERT [dbo].[envio] ([envio_id], [autorizado], [buzon_id], [ruta_autorizacion], [tipo_documento_id], [plazo_distribucion_id], [tipo_seguridad_id], [tipo_servicio_id]) VALUES (2, 1, 2, N'RUTA_PRUEBA2', 1, 4, 1, 1)
INSERT [dbo].[envio] ([envio_id], [autorizado], [buzon_id], [ruta_autorizacion], [tipo_documento_id], [plazo_distribucion_id], [tipo_seguridad_id], [tipo_servicio_id]) VALUES (3, 1, 3, N'RUTA_PRUEBA3', 1, 4, 1, 1)
INSERT [dbo].[envio] ([envio_id], [autorizado], [buzon_id], [ruta_autorizacion], [tipo_documento_id], [plazo_distribucion_id], [tipo_seguridad_id], [tipo_servicio_id]) VALUES (4, 1, 4, N'RUTA_PRUEBA4', 1, 3, 1, 1)
INSERT [dbo].[envio] ([envio_id], [autorizado], [buzon_id], [ruta_autorizacion], [tipo_documento_id], [plazo_distribucion_id], [tipo_seguridad_id], [tipo_servicio_id]) VALUES (5, 1, 5, N'RUTA_PRUEBA5', 1, 3, 1, 1)
INSERT [dbo].[envio] ([envio_id], [autorizado], [buzon_id], [ruta_autorizacion], [tipo_documento_id], [plazo_distribucion_id], [tipo_seguridad_id], [tipo_servicio_id]) VALUES (6, 1, 6, N'RUTA_PRUEBA6', 1, 3, 1, 1)
INSERT [dbo].[envio] ([envio_id], [autorizado], [buzon_id], [ruta_autorizacion], [tipo_documento_id], [plazo_distribucion_id], [tipo_seguridad_id], [tipo_servicio_id]) VALUES (7, 1, 7, N'RUTA_PRUEBA7', 1, 3, 1, 1)
INSERT [dbo].[envio] ([envio_id], [autorizado], [buzon_id], [ruta_autorizacion], [tipo_documento_id], [plazo_distribucion_id], [tipo_seguridad_id], [tipo_servicio_id]) VALUES (8, 1, 8, N'RUTA_PRUEBA8', 1, 3, 1, 1)
INSERT [dbo].[envio] ([envio_id], [autorizado], [buzon_id], [ruta_autorizacion], [tipo_documento_id], [plazo_distribucion_id], [tipo_seguridad_id], [tipo_servicio_id]) VALUES (9, 1, 1, N'RUTA_PRUEBA9', 1, 3, 1, 1)
INSERT [dbo].[envio] ([envio_id], [autorizado], [buzon_id], [ruta_autorizacion], [tipo_documento_id], [plazo_distribucion_id], [tipo_seguridad_id], [tipo_servicio_id]) VALUES (10, 1, 2, N'RUTA_PRUEBA10', 1, 2, 1, 1)
INSERT [dbo].[envio] ([envio_id], [autorizado], [buzon_id], [ruta_autorizacion], [tipo_documento_id], [plazo_distribucion_id], [tipo_seguridad_id], [tipo_servicio_id]) VALUES (11, 1, 3, N'RUTA_PRUEBA11', 1, 2, 1, 1)
INSERT [dbo].[envio] ([envio_id], [autorizado], [buzon_id], [ruta_autorizacion], [tipo_documento_id], [plazo_distribucion_id], [tipo_seguridad_id], [tipo_servicio_id]) VALUES (12, 1, 4, N'RUTA_PRUEBA12', 1, 2, 1, 1)
INSERT [dbo].[envio] ([envio_id], [autorizado], [buzon_id], [ruta_autorizacion], [tipo_documento_id], [plazo_distribucion_id], [tipo_seguridad_id], [tipo_servicio_id]) VALUES (13, 1, 5, N'RUTA_PRUEBA13', 1, 2, 1, 1)
INSERT [dbo].[envio] ([envio_id], [autorizado], [buzon_id], [ruta_autorizacion], [tipo_documento_id], [plazo_distribucion_id], [tipo_seguridad_id], [tipo_servicio_id]) VALUES (14, 1, 6, N'RUTA_PRUEBA14', 1, 2, 1, 1)
INSERT [dbo].[envio] ([envio_id], [autorizado], [buzon_id], [ruta_autorizacion], [tipo_documento_id], [plazo_distribucion_id], [tipo_seguridad_id], [tipo_servicio_id]) VALUES (15, 1, 7, N'RUTA_PRUEBA15', 1, 2, 1, 1)
INSERT [dbo].[envio] ([envio_id], [autorizado], [buzon_id], [ruta_autorizacion], [tipo_documento_id], [plazo_distribucion_id], [tipo_seguridad_id], [tipo_servicio_id]) VALUES (16, 1, 8, N'RUTA_PRUEBA16', 1, 2, 1, 1)
INSERT [dbo].[envio] ([envio_id], [autorizado], [buzon_id], [ruta_autorizacion], [tipo_documento_id], [plazo_distribucion_id], [tipo_seguridad_id], [tipo_servicio_id]) VALUES (17, 1, 1, N'RUTA_PRUEBA17', 1, 2, 1, 1)
INSERT [dbo].[envio] ([envio_id], [autorizado], [buzon_id], [ruta_autorizacion], [tipo_documento_id], [plazo_distribucion_id], [tipo_seguridad_id], [tipo_servicio_id]) VALUES (18, 1, 2, N'RUTA_PRUEBA18', 1, 2, 1, 1)
INSERT [dbo].[envio] ([envio_id], [autorizado], [buzon_id], [ruta_autorizacion], [tipo_documento_id], [plazo_distribucion_id], [tipo_seguridad_id], [tipo_servicio_id]) VALUES (19, 1, 3, N'RUTA_PRUEBA19', 1, 1, 1, 1)
INSERT [dbo].[envio] ([envio_id], [autorizado], [buzon_id], [ruta_autorizacion], [tipo_documento_id], [plazo_distribucion_id], [tipo_seguridad_id], [tipo_servicio_id]) VALUES (20, 1, 4, N'RUTA_PRUEBA20', 1, 1, 1, 1)
INSERT [dbo].[envio] ([envio_id], [autorizado], [buzon_id], [ruta_autorizacion], [tipo_documento_id], [plazo_distribucion_id], [tipo_seguridad_id], [tipo_servicio_id]) VALUES (21, 1, 5, N'RUTA_PRUEBA21', 1, 1, 1, 1)
INSERT [dbo].[envio] ([envio_id], [autorizado], [buzon_id], [ruta_autorizacion], [tipo_documento_id], [plazo_distribucion_id], [tipo_seguridad_id], [tipo_servicio_id]) VALUES (22, 1, 6, N'RUTA_PRUEBA22', 1, 1, 1, 1)
INSERT [dbo].[envio] ([envio_id], [autorizado], [buzon_id], [ruta_autorizacion], [tipo_documento_id], [plazo_distribucion_id], [tipo_seguridad_id], [tipo_servicio_id]) VALUES (23, 1, 7, N'RUTA_PRUEBA23', 1, 1, 1, 1)
INSERT [dbo].[envio] ([envio_id], [autorizado], [buzon_id], [ruta_autorizacion], [tipo_documento_id], [plazo_distribucion_id], [tipo_seguridad_id], [tipo_servicio_id]) VALUES (24, 1, 8, N'RUTA_PRUEBA24', 1, 1, 1, 1)
INSERT [dbo].[envio] ([envio_id], [autorizado], [buzon_id], [ruta_autorizacion], [tipo_documento_id], [plazo_distribucion_id], [tipo_seguridad_id], [tipo_servicio_id]) VALUES (25, 1, 1, N'RUTA_PRUEBA25', 1, 1, 1, 1)
INSERT [dbo].[envio] ([envio_id], [autorizado], [buzon_id], [ruta_autorizacion], [tipo_documento_id], [plazo_distribucion_id], [tipo_seguridad_id], [tipo_servicio_id]) VALUES (26, 1, 2, N'RUTA_PRUEBA26', 1, 1, 1, 1)
INSERT [dbo].[envio] ([envio_id], [autorizado], [buzon_id], [ruta_autorizacion], [tipo_documento_id], [plazo_distribucion_id], [tipo_seguridad_id], [tipo_servicio_id]) VALUES (27, 1, 3, N'RUTA_PRUEBA27', 1, 1, 1, 1)
INSERT [dbo].[envio] ([envio_id], [autorizado], [buzon_id], [ruta_autorizacion], [tipo_documento_id], [plazo_distribucion_id], [tipo_seguridad_id], [tipo_servicio_id]) VALUES (28, 1, 4, N'RUTA_PRUEBA28', 1, 1, 1, 1)
INSERT [dbo].[envio] ([envio_id], [autorizado], [buzon_id], [ruta_autorizacion], [tipo_documento_id], [plazo_distribucion_id], [tipo_seguridad_id], [tipo_servicio_id]) VALUES (29, 1, 5, N'RUTA_PRUEBA29', 1, 1, 1, 1)
INSERT [dbo].[envio] ([envio_id], [autorizado], [buzon_id], [ruta_autorizacion], [tipo_documento_id], [plazo_distribucion_id], [tipo_seguridad_id], [tipo_servicio_id]) VALUES (30, 1, 6, N'RUTA_PRUEBA30', 1, 1, 1, 1)
INSERT [dbo].[envio] ([envio_id], [autorizado], [buzon_id], [ruta_autorizacion], [tipo_documento_id], [plazo_distribucion_id], [tipo_seguridad_id], [tipo_servicio_id]) VALUES (31, 1, 7, N'RUTA_PRUEBA31', 1, 1, 1, 1)
INSERT [dbo].[envio] ([envio_id], [autorizado], [buzon_id], [ruta_autorizacion], [tipo_documento_id], [plazo_distribucion_id], [tipo_seguridad_id], [tipo_servicio_id]) VALUES (32, 1, 8, N'RUTA_PRUEBA32', 1, 1, 1, 1)
INSERT [dbo].[envio] ([envio_id], [autorizado], [buzon_id], [ruta_autorizacion], [tipo_documento_id], [plazo_distribucion_id], [tipo_seguridad_id], [tipo_servicio_id]) VALUES (33, 1, 1, N'RUTA_PRUEBA33', 1, 1, 1, 1)
INSERT [dbo].[envio] ([envio_id], [autorizado], [buzon_id], [ruta_autorizacion], [tipo_documento_id], [plazo_distribucion_id], [tipo_seguridad_id], [tipo_servicio_id]) VALUES (34, 1, 2, N'RUTA_PRUEBA34', 1, 1, 1, 1)
INSERT [dbo].[envio] ([envio_id], [autorizado], [buzon_id], [ruta_autorizacion], [tipo_documento_id], [plazo_distribucion_id], [tipo_seguridad_id], [tipo_servicio_id]) VALUES (35, 1, 3, N'RUTA_PRUEBA35', 1, 1, 1, 1)
INSERT [dbo].[envio] ([envio_id], [autorizado], [buzon_id], [ruta_autorizacion], [tipo_documento_id], [plazo_distribucion_id], [tipo_seguridad_id], [tipo_servicio_id]) VALUES (36, 1, 4, N'RUTA_PRUEBA36', 1, 1, 1, 1)
INSERT [dbo].[envio] ([envio_id], [autorizado], [buzon_id], [ruta_autorizacion], [tipo_documento_id], [plazo_distribucion_id], [tipo_seguridad_id], [tipo_servicio_id]) VALUES (37, 1, 5, N'RUTA_PRUEBA37', 1, 1, 1, 1)
INSERT [dbo].[envio] ([envio_id], [autorizado], [buzon_id], [ruta_autorizacion], [tipo_documento_id], [plazo_distribucion_id], [tipo_seguridad_id], [tipo_servicio_id]) VALUES (38, 1, 6, N'RUTA_PRUEBA38', 1, 1, 1, 1)
INSERT [dbo].[envio] ([envio_id], [autorizado], [buzon_id], [ruta_autorizacion], [tipo_documento_id], [plazo_distribucion_id], [tipo_seguridad_id], [tipo_servicio_id]) VALUES (39, 1, 7, N'RUTA_PRUEBA39', 1, 1, 1, 1)
INSERT [dbo].[envio] ([envio_id], [autorizado], [buzon_id], [ruta_autorizacion], [tipo_documento_id], [plazo_distribucion_id], [tipo_seguridad_id], [tipo_servicio_id]) VALUES (40, 1, 8, N'RUTA_PRUEBA40', 1, 1, 1, 1)
INSERT [dbo].[envio] ([envio_id], [autorizado], [buzon_id], [ruta_autorizacion], [tipo_documento_id], [plazo_distribucion_id], [tipo_seguridad_id], [tipo_servicio_id]) VALUES (41, 1, 1, N'RUTA_PRUEBA41', 1, 4, 1, 1)
INSERT [dbo].[envio] ([envio_id], [autorizado], [buzon_id], [ruta_autorizacion], [tipo_documento_id], [plazo_distribucion_id], [tipo_seguridad_id], [tipo_servicio_id]) VALUES (42, 1, 2, N'RUTA_PRUEBA42', 1, 4, 1, 1)
INSERT [dbo].[envio] ([envio_id], [autorizado], [buzon_id], [ruta_autorizacion], [tipo_documento_id], [plazo_distribucion_id], [tipo_seguridad_id], [tipo_servicio_id]) VALUES (43, 1, 3, N'RUTA_PRUEBA43', 1, 3, 1, 1)
INSERT [dbo].[envio] ([envio_id], [autorizado], [buzon_id], [ruta_autorizacion], [tipo_documento_id], [plazo_distribucion_id], [tipo_seguridad_id], [tipo_servicio_id]) VALUES (44, 1, 4, N'RUTA_PRUEBA44', 1, 3, 1, 1)
INSERT [dbo].[envio] ([envio_id], [autorizado], [buzon_id], [ruta_autorizacion], [tipo_documento_id], [plazo_distribucion_id], [tipo_seguridad_id], [tipo_servicio_id]) VALUES (45, 1, 5, N'RUTA_PRUEBA45', 1, 3, 1, 1)
INSERT [dbo].[envio] ([envio_id], [autorizado], [buzon_id], [ruta_autorizacion], [tipo_documento_id], [plazo_distribucion_id], [tipo_seguridad_id], [tipo_servicio_id]) VALUES (46, 1, 6, N'RUTA_PRUEBA46', 1, 3, 1, 1)
INSERT [dbo].[envio] ([envio_id], [autorizado], [buzon_id], [ruta_autorizacion], [tipo_documento_id], [plazo_distribucion_id], [tipo_seguridad_id], [tipo_servicio_id]) VALUES (47, 1, 7, N'RUTA_PRUEBA47', 1, 3, 1, 1)
INSERT [dbo].[envio] ([envio_id], [autorizado], [buzon_id], [ruta_autorizacion], [tipo_documento_id], [plazo_distribucion_id], [tipo_seguridad_id], [tipo_servicio_id]) VALUES (48, 1, 8, N'RUTA_PRUEBA48', 1, 2, 1, 1)
INSERT [dbo].[envio] ([envio_id], [autorizado], [buzon_id], [ruta_autorizacion], [tipo_documento_id], [plazo_distribucion_id], [tipo_seguridad_id], [tipo_servicio_id]) VALUES (49, 1, 1, N'RUTA_PRUEBA49', 1, 2, 1, 1)
INSERT [dbo].[envio] ([envio_id], [autorizado], [buzon_id], [ruta_autorizacion], [tipo_documento_id], [plazo_distribucion_id], [tipo_seguridad_id], [tipo_servicio_id]) VALUES (50, 1, 2, N'RUTA_PRUEBA50', 1, 2, 1, 1)
INSERT [dbo].[envio] ([envio_id], [autorizado], [buzon_id], [ruta_autorizacion], [tipo_documento_id], [plazo_distribucion_id], [tipo_seguridad_id], [tipo_servicio_id]) VALUES (51, 1, 3, N'RUTA_PRUEBA51', 1, 2, 1, 1)
INSERT [dbo].[envio] ([envio_id], [autorizado], [buzon_id], [ruta_autorizacion], [tipo_documento_id], [plazo_distribucion_id], [tipo_seguridad_id], [tipo_servicio_id]) VALUES (52, 1, 4, N'RUTA_PRUEBA52', 1, 2, 1, 1)
INSERT [dbo].[envio] ([envio_id], [autorizado], [buzon_id], [ruta_autorizacion], [tipo_documento_id], [plazo_distribucion_id], [tipo_seguridad_id], [tipo_servicio_id]) VALUES (53, 1, 5, N'RUTA_PRUEBA53', 1, 2, 1, 1)
INSERT [dbo].[envio] ([envio_id], [autorizado], [buzon_id], [ruta_autorizacion], [tipo_documento_id], [plazo_distribucion_id], [tipo_seguridad_id], [tipo_servicio_id]) VALUES (54, 1, 6, N'RUTA_PRUEBA54', 1, 1, 1, 1)
INSERT [dbo].[envio] ([envio_id], [autorizado], [buzon_id], [ruta_autorizacion], [tipo_documento_id], [plazo_distribucion_id], [tipo_seguridad_id], [tipo_servicio_id]) VALUES (55, 1, 7, N'RUTA_PRUEBA55', 1, 1, 1, 1)
INSERT [dbo].[envio] ([envio_id], [autorizado], [buzon_id], [ruta_autorizacion], [tipo_documento_id], [plazo_distribucion_id], [tipo_seguridad_id], [tipo_servicio_id]) VALUES (56, 1, 8, N'RUTA_PRUEBA56', 1, 1, 1, 1)
INSERT [dbo].[envio] ([envio_id], [autorizado], [buzon_id], [ruta_autorizacion], [tipo_documento_id], [plazo_distribucion_id], [tipo_seguridad_id], [tipo_servicio_id]) VALUES (57, 1, 1, N'RUTA_PRUEBA57', 1, 1, 1, 1)
INSERT [dbo].[envio] ([envio_id], [autorizado], [buzon_id], [ruta_autorizacion], [tipo_documento_id], [plazo_distribucion_id], [tipo_seguridad_id], [tipo_servicio_id]) VALUES (58, 1, 1, N'RUTA_PRUEBA58', 1, 1, 1, 1)
INSERT [dbo].[envio] ([envio_id], [autorizado], [buzon_id], [ruta_autorizacion], [tipo_documento_id], [plazo_distribucion_id], [tipo_seguridad_id], [tipo_servicio_id]) VALUES (59, 1, 1, N'RUTA_PRUEBA59', 1, 1, 1, 1)
INSERT [dbo].[envio] ([envio_id], [autorizado], [buzon_id], [ruta_autorizacion], [tipo_documento_id], [plazo_distribucion_id], [tipo_seguridad_id], [tipo_servicio_id]) VALUES (60, 1, 2, N'RUTA_PRUEBA60', 1, 1, 1, 1)
INSERT [dbo].[envio] ([envio_id], [autorizado], [buzon_id], [ruta_autorizacion], [tipo_documento_id], [plazo_distribucion_id], [tipo_seguridad_id], [tipo_servicio_id]) VALUES (61, 1, 2, N'RUTA_PRUEBA61', 1, 1, 1, 1)
INSERT [dbo].[envio] ([envio_id], [autorizado], [buzon_id], [ruta_autorizacion], [tipo_documento_id], [plazo_distribucion_id], [tipo_seguridad_id], [tipo_servicio_id]) VALUES (62, 1, 2, N'RUTA_PRUEBA62', 1, 1, 1, 1)
INSERT [dbo].[envio] ([envio_id], [autorizado], [buzon_id], [ruta_autorizacion], [tipo_documento_id], [plazo_distribucion_id], [tipo_seguridad_id], [tipo_servicio_id]) VALUES (63, 1, 2, N'RUTA_PRUEBA63', 1, 1, 1, 1)
INSERT [dbo].[envio] ([envio_id], [autorizado], [buzon_id], [ruta_autorizacion], [tipo_documento_id], [plazo_distribucion_id], [tipo_seguridad_id], [tipo_servicio_id]) VALUES (64, 1, 2, N'RUTA_PRUEBA64', 1, 1, 1, 1)
INSERT [dbo].[envio] ([envio_id], [autorizado], [buzon_id], [ruta_autorizacion], [tipo_documento_id], [plazo_distribucion_id], [tipo_seguridad_id], [tipo_servicio_id]) VALUES (65, 1, 6, N'RUTA_PRUEBA65', 1, 1, 1, 1)
INSERT [dbo].[envio] ([envio_id], [autorizado], [buzon_id], [ruta_autorizacion], [tipo_documento_id], [plazo_distribucion_id], [tipo_seguridad_id], [tipo_servicio_id]) VALUES (66, 1, 6, N'RUTA_PRUEBA66', 1, 1, 1, 1)
INSERT [dbo].[envio] ([envio_id], [autorizado], [buzon_id], [ruta_autorizacion], [tipo_documento_id], [plazo_distribucion_id], [tipo_seguridad_id], [tipo_servicio_id]) VALUES (67, 1, 8, N'RUTA_PRUEBA67', 1, 1, 1, 1)
INSERT [dbo].[envio] ([envio_id], [autorizado], [buzon_id], [ruta_autorizacion], [tipo_documento_id], [plazo_distribucion_id], [tipo_seguridad_id], [tipo_servicio_id]) VALUES (68, 1, 8, N'RUTA_PRUEBA68', 1, 1, 1, 1)
INSERT [dbo].[envio] ([envio_id], [autorizado], [buzon_id], [ruta_autorizacion], [tipo_documento_id], [plazo_distribucion_id], [tipo_seguridad_id], [tipo_servicio_id]) VALUES (69, 1, 8, N'RUTA_PRUEBA69', 1, 1, 1, 1)
INSERT [dbo].[envio] ([envio_id], [autorizado], [buzon_id], [ruta_autorizacion], [tipo_documento_id], [plazo_distribucion_id], [tipo_seguridad_id], [tipo_servicio_id]) VALUES (70, 1, 8, N'RUTA_PRUEBA70', 1, 1, 1, 1)
SET IDENTITY_INSERT [dbo].[envio] OFF
SET IDENTITY_INSERT [dbo].[documento] ON 

INSERT [dbo].[documento] ([documento_id], [contacto_destino], [direccion], [distrito_id], [documento_autogenerado], [nro_documento], [razon_social_destino], [recepcionado], [referencia], [telefono], [envio_id]) VALUES (1, N'CONTACTO 1', N'DIRECCION 1', 1, N'A00001', N'1', N'RAZON SOCIAL 1', 1, N'', N'', 1)
INSERT [dbo].[documento] ([documento_id], [contacto_destino], [direccion], [distrito_id], [documento_autogenerado], [nro_documento], [razon_social_destino], [recepcionado], [referencia], [telefono], [envio_id]) VALUES (2, N'CONTACTO 2', N'DIRECCION 2', 1, N'A00002', N'1', N'RAZON SOCIAL 2', 1, N'', N'', 2)
INSERT [dbo].[documento] ([documento_id], [contacto_destino], [direccion], [distrito_id], [documento_autogenerado], [nro_documento], [razon_social_destino], [recepcionado], [referencia], [telefono], [envio_id]) VALUES (3, N'CONTACTO 3', N'DIRECCION 3', 1, N'A00003', N'1', N'RAZON SOCIAL 3', 1, N'', N'', 3)
INSERT [dbo].[documento] ([documento_id], [contacto_destino], [direccion], [distrito_id], [documento_autogenerado], [nro_documento], [razon_social_destino], [recepcionado], [referencia], [telefono], [envio_id]) VALUES (4, N'CONTACTO 4', N'DIRECCION 4', 1, N'A00004', N'1', N'RAZON SOCIAL 4', 1, N'', N'', 4)
INSERT [dbo].[documento] ([documento_id], [contacto_destino], [direccion], [distrito_id], [documento_autogenerado], [nro_documento], [razon_social_destino], [recepcionado], [referencia], [telefono], [envio_id]) VALUES (5, N'CONTACTO 5', N'DIRECCION 5', 1, N'A00005', N'1', N'RAZON SOCIAL 5', 0, N'', N'', 5)
INSERT [dbo].[documento] ([documento_id], [contacto_destino], [direccion], [distrito_id], [documento_autogenerado], [nro_documento], [razon_social_destino], [recepcionado], [referencia], [telefono], [envio_id]) VALUES (6, N'CONTACTO 6', N'DIRECCION 6', 1, N'A00006', N'1', N'RAZON SOCIAL 6', 1, N'', N'', 6)
INSERT [dbo].[documento] ([documento_id], [contacto_destino], [direccion], [distrito_id], [documento_autogenerado], [nro_documento], [razon_social_destino], [recepcionado], [referencia], [telefono], [envio_id]) VALUES (7, N'CONTACTO 7', N'DIRECCION 7', 1, N'A00007', N'1', N'RAZON SOCIAL 7', 1, N'', N'', 7)
INSERT [dbo].[documento] ([documento_id], [contacto_destino], [direccion], [distrito_id], [documento_autogenerado], [nro_documento], [razon_social_destino], [recepcionado], [referencia], [telefono], [envio_id]) VALUES (8, N'CONTACTO 8', N'DIRECCION 8', 1, N'A00008', N'1', N'RAZON SOCIAL 8', 1, N'', N'', 8)
INSERT [dbo].[documento] ([documento_id], [contacto_destino], [direccion], [distrito_id], [documento_autogenerado], [nro_documento], [razon_social_destino], [recepcionado], [referencia], [telefono], [envio_id]) VALUES (9, N'CONTACTO 9', N'DIRECCION 9', 1, N'A00009', N'1', N'RAZON SOCIAL 9', 1, N'', N'', 9)
INSERT [dbo].[documento] ([documento_id], [contacto_destino], [direccion], [distrito_id], [documento_autogenerado], [nro_documento], [razon_social_destino], [recepcionado], [referencia], [telefono], [envio_id]) VALUES (10, N'CONTACTO 10', N'DIRECCION 10', 1, N'A00010', N'1', N'RAZON SOCIAL 10', 0, N'', N'', 10)
INSERT [dbo].[documento] ([documento_id], [contacto_destino], [direccion], [distrito_id], [documento_autogenerado], [nro_documento], [razon_social_destino], [recepcionado], [referencia], [telefono], [envio_id]) VALUES (11, N'CONTACTO 11', N'DIRECCION 11', 1, N'A00011', N'1', N'RAZON SOCIAL 11', 1, N'', N'', 11)
INSERT [dbo].[documento] ([documento_id], [contacto_destino], [direccion], [distrito_id], [documento_autogenerado], [nro_documento], [razon_social_destino], [recepcionado], [referencia], [telefono], [envio_id]) VALUES (12, N'CONTACTO 12', N'DIRECCION 12', 1, N'A00012', N'1', N'RAZON SOCIAL 12', 1, N'', N'', 12)
INSERT [dbo].[documento] ([documento_id], [contacto_destino], [direccion], [distrito_id], [documento_autogenerado], [nro_documento], [razon_social_destino], [recepcionado], [referencia], [telefono], [envio_id]) VALUES (13, N'CONTACTO 13', N'DIRECCION 13', 1, N'A00013', N'1', N'RAZON SOCIAL 13', 0, N'', N'', 13)
INSERT [dbo].[documento] ([documento_id], [contacto_destino], [direccion], [distrito_id], [documento_autogenerado], [nro_documento], [razon_social_destino], [recepcionado], [referencia], [telefono], [envio_id]) VALUES (14, N'CONTACTO 14', N'DIRECCION 14', 1, N'A00014', N'1', N'RAZON SOCIAL 14', 1, N'', N'', 14)
INSERT [dbo].[documento] ([documento_id], [contacto_destino], [direccion], [distrito_id], [documento_autogenerado], [nro_documento], [razon_social_destino], [recepcionado], [referencia], [telefono], [envio_id]) VALUES (15, N'CONTACTO 15', N'DIRECCION 15', 1, N'A00015', N'1', N'RAZON SOCIAL 15', 1, N'', N'', 15)
INSERT [dbo].[documento] ([documento_id], [contacto_destino], [direccion], [distrito_id], [documento_autogenerado], [nro_documento], [razon_social_destino], [recepcionado], [referencia], [telefono], [envio_id]) VALUES (16, N'CONTACTO 16', N'DIRECCION 16', 1, N'A00016', N'1', N'RAZON SOCIAL 16', 1, N'', N'', 16)
INSERT [dbo].[documento] ([documento_id], [contacto_destino], [direccion], [distrito_id], [documento_autogenerado], [nro_documento], [razon_social_destino], [recepcionado], [referencia], [telefono], [envio_id]) VALUES (17, N'CONTACTO 17', N'DIRECCION 17', 1, N'A00017', N'1', N'RAZON SOCIAL 17', 0, N'', N'', 17)
INSERT [dbo].[documento] ([documento_id], [contacto_destino], [direccion], [distrito_id], [documento_autogenerado], [nro_documento], [razon_social_destino], [recepcionado], [referencia], [telefono], [envio_id]) VALUES (18, N'CONTACTO 18', N'DIRECCION 18', 1, N'A00018', N'1', N'RAZON SOCIAL 18', 1, N'', N'', 18)
INSERT [dbo].[documento] ([documento_id], [contacto_destino], [direccion], [distrito_id], [documento_autogenerado], [nro_documento], [razon_social_destino], [recepcionado], [referencia], [telefono], [envio_id]) VALUES (19, N'CONTACTO 19', N'DIRECCION 19', 1, N'A00019', N'1', N'RAZON SOCIAL 19', 0, N'', N'', 19)
INSERT [dbo].[documento] ([documento_id], [contacto_destino], [direccion], [distrito_id], [documento_autogenerado], [nro_documento], [razon_social_destino], [recepcionado], [referencia], [telefono], [envio_id]) VALUES (20, N'CONTACTO 20', N'DIRECCION 20', 1, N'A00020', N'1', N'RAZON SOCIAL 20', 0, N'', N'', 20)
INSERT [dbo].[documento] ([documento_id], [contacto_destino], [direccion], [distrito_id], [documento_autogenerado], [nro_documento], [razon_social_destino], [recepcionado], [referencia], [telefono], [envio_id]) VALUES (21, N'CONTACTO 21', N'DIRECCION 21', 1, N'A00021', N'1', N'RAZON SOCIAL 21', 1, N'', N'', 21)
INSERT [dbo].[documento] ([documento_id], [contacto_destino], [direccion], [distrito_id], [documento_autogenerado], [nro_documento], [razon_social_destino], [recepcionado], [referencia], [telefono], [envio_id]) VALUES (22, N'CONTACTO 22', N'DIRECCION 22', 1, N'A00022', N'1', N'RAZON SOCIAL 22', 1, N'', N'', 22)
INSERT [dbo].[documento] ([documento_id], [contacto_destino], [direccion], [distrito_id], [documento_autogenerado], [nro_documento], [razon_social_destino], [recepcionado], [referencia], [telefono], [envio_id]) VALUES (23, N'CONTACTO 23', N'DIRECCION 23', 1, N'A00023', N'1', N'RAZON SOCIAL 23', 1, N'', N'', 23)
INSERT [dbo].[documento] ([documento_id], [contacto_destino], [direccion], [distrito_id], [documento_autogenerado], [nro_documento], [razon_social_destino], [recepcionado], [referencia], [telefono], [envio_id]) VALUES (24, N'CONTACTO 24', N'DIRECCION 24', 1, N'A00024', N'1', N'RAZON SOCIAL 24', 0, N'', N'', 24)
INSERT [dbo].[documento] ([documento_id], [contacto_destino], [direccion], [distrito_id], [documento_autogenerado], [nro_documento], [razon_social_destino], [recepcionado], [referencia], [telefono], [envio_id]) VALUES (25, N'CONTACTO 25', N'DIRECCION 25', 1, N'A00025', N'1', N'RAZON SOCIAL 25', 1, N'', N'', 25)
INSERT [dbo].[documento] ([documento_id], [contacto_destino], [direccion], [distrito_id], [documento_autogenerado], [nro_documento], [razon_social_destino], [recepcionado], [referencia], [telefono], [envio_id]) VALUES (26, N'CONTACTO 26', N'DIRECCION 26', 1, N'A00026', N'1', N'RAZON SOCIAL 26', 0, N'', N'', 26)
INSERT [dbo].[documento] ([documento_id], [contacto_destino], [direccion], [distrito_id], [documento_autogenerado], [nro_documento], [razon_social_destino], [recepcionado], [referencia], [telefono], [envio_id]) VALUES (27, N'CONTACTO 27', N'DIRECCION 27', 1, N'A00027', N'1', N'RAZON SOCIAL 27', 1, N'', N'', 27)
INSERT [dbo].[documento] ([documento_id], [contacto_destino], [direccion], [distrito_id], [documento_autogenerado], [nro_documento], [razon_social_destino], [recepcionado], [referencia], [telefono], [envio_id]) VALUES (28, N'CONTACTO 28', N'DIRECCION 28', 1, N'A00028', N'1', N'RAZON SOCIAL 28', 1, N'', N'', 28)
INSERT [dbo].[documento] ([documento_id], [contacto_destino], [direccion], [distrito_id], [documento_autogenerado], [nro_documento], [razon_social_destino], [recepcionado], [referencia], [telefono], [envio_id]) VALUES (29, N'CONTACTO 29', N'DIRECCION 29', 1, N'A00029', N'1', N'RAZON SOCIAL 29', 0, N'', N'', 29)
INSERT [dbo].[documento] ([documento_id], [contacto_destino], [direccion], [distrito_id], [documento_autogenerado], [nro_documento], [razon_social_destino], [recepcionado], [referencia], [telefono], [envio_id]) VALUES (30, N'CONTACTO 30', N'DIRECCION 30', 1, N'A00030', N'1', N'RAZON SOCIAL 30', 1, N'', N'', 30)
INSERT [dbo].[documento] ([documento_id], [contacto_destino], [direccion], [distrito_id], [documento_autogenerado], [nro_documento], [razon_social_destino], [recepcionado], [referencia], [telefono], [envio_id]) VALUES (31, N'CONTACTO 31', N'DIRECCION 31', 1, N'A00031', N'1', N'RAZON SOCIAL 31', 0, N'', N'', 31)
INSERT [dbo].[documento] ([documento_id], [contacto_destino], [direccion], [distrito_id], [documento_autogenerado], [nro_documento], [razon_social_destino], [recepcionado], [referencia], [telefono], [envio_id]) VALUES (32, N'CONTACTO 32', N'DIRECCION 32', 1, N'A00032', N'1', N'RAZON SOCIAL 32', 0, N'', N'', 32)
INSERT [dbo].[documento] ([documento_id], [contacto_destino], [direccion], [distrito_id], [documento_autogenerado], [nro_documento], [razon_social_destino], [recepcionado], [referencia], [telefono], [envio_id]) VALUES (33, N'CONTACTO 33', N'DIRECCION 33', 1, N'A00033', N'1', N'RAZON SOCIAL 33', 1, N'', N'', 33)
INSERT [dbo].[documento] ([documento_id], [contacto_destino], [direccion], [distrito_id], [documento_autogenerado], [nro_documento], [razon_social_destino], [recepcionado], [referencia], [telefono], [envio_id]) VALUES (34, N'CONTACTO 34', N'DIRECCION 34', 1, N'A00034', N'1', N'RAZON SOCIAL 34', 0, N'', N'', 34)
INSERT [dbo].[documento] ([documento_id], [contacto_destino], [direccion], [distrito_id], [documento_autogenerado], [nro_documento], [razon_social_destino], [recepcionado], [referencia], [telefono], [envio_id]) VALUES (35, N'CONTACTO 35', N'DIRECCION 35', 1, N'A00035', N'1', N'RAZON SOCIAL 35', 1, N'', N'', 35)
INSERT [dbo].[documento] ([documento_id], [contacto_destino], [direccion], [distrito_id], [documento_autogenerado], [nro_documento], [razon_social_destino], [recepcionado], [referencia], [telefono], [envio_id]) VALUES (36, N'CONTACTO 36', N'DIRECCION 36', 1, N'A00036', N'1', N'RAZON SOCIAL 36', 0, N'', N'', 36)
INSERT [dbo].[documento] ([documento_id], [contacto_destino], [direccion], [distrito_id], [documento_autogenerado], [nro_documento], [razon_social_destino], [recepcionado], [referencia], [telefono], [envio_id]) VALUES (37, N'CONTACTO 37', N'DIRECCION 37', 1, N'A00037', N'1', N'RAZON SOCIAL 37', 0, N'', N'', 37)
INSERT [dbo].[documento] ([documento_id], [contacto_destino], [direccion], [distrito_id], [documento_autogenerado], [nro_documento], [razon_social_destino], [recepcionado], [referencia], [telefono], [envio_id]) VALUES (38, N'CONTACTO 38', N'DIRECCION 38', 1, N'A00038', N'1', N'RAZON SOCIAL 38', 0, N'', N'', 38)
INSERT [dbo].[documento] ([documento_id], [contacto_destino], [direccion], [distrito_id], [documento_autogenerado], [nro_documento], [razon_social_destino], [recepcionado], [referencia], [telefono], [envio_id]) VALUES (39, N'CONTACTO 39', N'DIRECCION 39', 1, N'A00039', N'1', N'RAZON SOCIAL 39', 0, N'', N'', 39)
INSERT [dbo].[documento] ([documento_id], [contacto_destino], [direccion], [distrito_id], [documento_autogenerado], [nro_documento], [razon_social_destino], [recepcionado], [referencia], [telefono], [envio_id]) VALUES (40, N'CONTACTO 40', N'DIRECCION 40', 1, N'A00040', N'1', N'RAZON SOCIAL 40', 0, N'', N'', 40)
INSERT [dbo].[documento] ([documento_id], [contacto_destino], [direccion], [distrito_id], [documento_autogenerado], [nro_documento], [razon_social_destino], [recepcionado], [referencia], [telefono], [envio_id]) VALUES (41, N'CONTACTO 41', N'DIRECCION 41', 1, N'A00041', N'1', N'RAZON SOCIAL 41', 0, N'', N'', 41)
INSERT [dbo].[documento] ([documento_id], [contacto_destino], [direccion], [distrito_id], [documento_autogenerado], [nro_documento], [razon_social_destino], [recepcionado], [referencia], [telefono], [envio_id]) VALUES (42, N'CONTACTO 42', N'DIRECCION 42', 1, N'A00042', N'1', N'RAZON SOCIAL 42', 1, N'', N'', 42)
INSERT [dbo].[documento] ([documento_id], [contacto_destino], [direccion], [distrito_id], [documento_autogenerado], [nro_documento], [razon_social_destino], [recepcionado], [referencia], [telefono], [envio_id]) VALUES (43, N'CONTACTO 43', N'DIRECCION 43', 1, N'A00043', N'1', N'RAZON SOCIAL 43', 1, N'', N'', 43)
INSERT [dbo].[documento] ([documento_id], [contacto_destino], [direccion], [distrito_id], [documento_autogenerado], [nro_documento], [razon_social_destino], [recepcionado], [referencia], [telefono], [envio_id]) VALUES (44, N'CONTACTO 44', N'DIRECCION 44', 1, N'A00044', N'1', N'RAZON SOCIAL 44', 0, N'', N'', 44)
INSERT [dbo].[documento] ([documento_id], [contacto_destino], [direccion], [distrito_id], [documento_autogenerado], [nro_documento], [razon_social_destino], [recepcionado], [referencia], [telefono], [envio_id]) VALUES (45, N'CONTACTO 45', N'DIRECCION 45', 1, N'A00045', N'1', N'RAZON SOCIAL 45', 0, N'', N'', 45)
INSERT [dbo].[documento] ([documento_id], [contacto_destino], [direccion], [distrito_id], [documento_autogenerado], [nro_documento], [razon_social_destino], [recepcionado], [referencia], [telefono], [envio_id]) VALUES (46, N'CONTACTO 46', N'DIRECCION 46', 1, N'A00046', N'1', N'RAZON SOCIAL 46', 0, N'', N'', 46)
INSERT [dbo].[documento] ([documento_id], [contacto_destino], [direccion], [distrito_id], [documento_autogenerado], [nro_documento], [razon_social_destino], [recepcionado], [referencia], [telefono], [envio_id]) VALUES (47, N'CONTACTO 47', N'DIRECCION 47', 1, N'A00047', N'1', N'RAZON SOCIAL 47', 0, N'', N'', 47)
INSERT [dbo].[documento] ([documento_id], [contacto_destino], [direccion], [distrito_id], [documento_autogenerado], [nro_documento], [razon_social_destino], [recepcionado], [referencia], [telefono], [envio_id]) VALUES (48, N'CONTACTO 48', N'DIRECCION 48', 1, N'A00048', N'1', N'RAZON SOCIAL 48', 0, N'', N'', 48)
INSERT [dbo].[documento] ([documento_id], [contacto_destino], [direccion], [distrito_id], [documento_autogenerado], [nro_documento], [razon_social_destino], [recepcionado], [referencia], [telefono], [envio_id]) VALUES (49, N'CONTACTO 49', N'DIRECCION 49', 1, N'A00049', N'1', N'RAZON SOCIAL 49', 0, N'', N'', 49)
INSERT [dbo].[documento] ([documento_id], [contacto_destino], [direccion], [distrito_id], [documento_autogenerado], [nro_documento], [razon_social_destino], [recepcionado], [referencia], [telefono], [envio_id]) VALUES (50, N'CONTACTO 50', N'DIRECCION 50', 1, N'A00050', N'1', N'RAZON SOCIAL 50', 0, N'', N'', 50)
INSERT [dbo].[documento] ([documento_id], [contacto_destino], [direccion], [distrito_id], [documento_autogenerado], [nro_documento], [razon_social_destino], [recepcionado], [referencia], [telefono], [envio_id]) VALUES (51, N'CONTACTO 51', N'DIRECCION 51', 1, N'A00051', N'1', N'RAZON SOCIAL 51', 0, N'', N'', 51)
INSERT [dbo].[documento] ([documento_id], [contacto_destino], [direccion], [distrito_id], [documento_autogenerado], [nro_documento], [razon_social_destino], [recepcionado], [referencia], [telefono], [envio_id]) VALUES (52, N'CONTACTO 52', N'DIRECCION 52', 1, N'A00052', N'1', N'RAZON SOCIAL 52', 0, N'', N'', 52)
INSERT [dbo].[documento] ([documento_id], [contacto_destino], [direccion], [distrito_id], [documento_autogenerado], [nro_documento], [razon_social_destino], [recepcionado], [referencia], [telefono], [envio_id]) VALUES (53, N'CONTACTO 53', N'DIRECCION 53', 1, N'A00053', N'1', N'RAZON SOCIAL 53', 0, N'', N'', 53)
INSERT [dbo].[documento] ([documento_id], [contacto_destino], [direccion], [distrito_id], [documento_autogenerado], [nro_documento], [razon_social_destino], [recepcionado], [referencia], [telefono], [envio_id]) VALUES (54, N'CONTACTO 54', N'DIRECCION 54', 1, N'A00054', N'1', N'RAZON SOCIAL 54', 0, N'', N'', 54)
INSERT [dbo].[documento] ([documento_id], [contacto_destino], [direccion], [distrito_id], [documento_autogenerado], [nro_documento], [razon_social_destino], [recepcionado], [referencia], [telefono], [envio_id]) VALUES (55, N'CONTACTO 55', N'DIRECCION 55', 1, N'A00055', N'1', N'RAZON SOCIAL 55', 0, N'', N'', 55)
INSERT [dbo].[documento] ([documento_id], [contacto_destino], [direccion], [distrito_id], [documento_autogenerado], [nro_documento], [razon_social_destino], [recepcionado], [referencia], [telefono], [envio_id]) VALUES (56, N'CONTACTO 56', N'DIRECCION 56', 1, N'A00056', N'1', N'RAZON SOCIAL 56', 0, N'', N'', 56)
INSERT [dbo].[documento] ([documento_id], [contacto_destino], [direccion], [distrito_id], [documento_autogenerado], [nro_documento], [razon_social_destino], [recepcionado], [referencia], [telefono], [envio_id]) VALUES (57, N'CONTACTO 57', N'DIRECCION 57', 1, N'A00057', N'1', N'RAZON SOCIAL 57', 0, N'', N'', 57)
INSERT [dbo].[documento] ([documento_id], [contacto_destino], [direccion], [distrito_id], [documento_autogenerado], [nro_documento], [razon_social_destino], [recepcionado], [referencia], [telefono], [envio_id]) VALUES (58, N'CONTACTO 58', N'DIRECCION 58', 1, N'A00058', N'1', N'RAZON SOCIAL 58', 0, N'', N'', 58)
INSERT [dbo].[documento] ([documento_id], [contacto_destino], [direccion], [distrito_id], [documento_autogenerado], [nro_documento], [razon_social_destino], [recepcionado], [referencia], [telefono], [envio_id]) VALUES (59, N'CONTACTO 59', N'DIRECCION 59', 1, N'A00059', N'1', N'RAZON SOCIAL 59', 0, N'', N'', 59)
INSERT [dbo].[documento] ([documento_id], [contacto_destino], [direccion], [distrito_id], [documento_autogenerado], [nro_documento], [razon_social_destino], [recepcionado], [referencia], [telefono], [envio_id]) VALUES (60, N'CONTACTO 60', N'DIRECCION 60', 1, N'A00060', N'1', N'RAZON SOCIAL 60', 0, N'', N'', 60)
INSERT [dbo].[documento] ([documento_id], [contacto_destino], [direccion], [distrito_id], [documento_autogenerado], [nro_documento], [razon_social_destino], [recepcionado], [referencia], [telefono], [envio_id]) VALUES (61, N'CONTACTO 61', N'DIRECCION 61', 1, N'A00061', N'1', N'RAZON SOCIAL 61', 0, N'', N'', 61)
INSERT [dbo].[documento] ([documento_id], [contacto_destino], [direccion], [distrito_id], [documento_autogenerado], [nro_documento], [razon_social_destino], [recepcionado], [referencia], [telefono], [envio_id]) VALUES (62, N'CONTACTO 62', N'DIRECCION 62', 1, N'A00062', N'1', N'RAZON SOCIAL 62', 0, N'', N'', 62)
INSERT [dbo].[documento] ([documento_id], [contacto_destino], [direccion], [distrito_id], [documento_autogenerado], [nro_documento], [razon_social_destino], [recepcionado], [referencia], [telefono], [envio_id]) VALUES (63, N'CONTACTO 63', N'DIRECCION 63', 1, N'A00063', N'1', N'RAZON SOCIAL 63', 0, N'', N'', 63)
INSERT [dbo].[documento] ([documento_id], [contacto_destino], [direccion], [distrito_id], [documento_autogenerado], [nro_documento], [razon_social_destino], [recepcionado], [referencia], [telefono], [envio_id]) VALUES (64, N'CONTACTO 64', N'DIRECCION 64', 1, N'A00064', N'1', N'RAZON SOCIAL 64', 0, N'', N'', 64)
INSERT [dbo].[documento] ([documento_id], [contacto_destino], [direccion], [distrito_id], [documento_autogenerado], [nro_documento], [razon_social_destino], [recepcionado], [referencia], [telefono], [envio_id]) VALUES (65, N'CONTACTO 65', N'DIRECCION 65', 1, N'A00065', N'1', N'RAZON SOCIAL 65', 0, N'', N'', 65)
INSERT [dbo].[documento] ([documento_id], [contacto_destino], [direccion], [distrito_id], [documento_autogenerado], [nro_documento], [razon_social_destino], [recepcionado], [referencia], [telefono], [envio_id]) VALUES (66, N'CONTACTO 66', N'DIRECCION 66', 1, N'A00066', N'1', N'RAZON SOCIAL 66', 0, N'', N'', 66)
INSERT [dbo].[documento] ([documento_id], [contacto_destino], [direccion], [distrito_id], [documento_autogenerado], [nro_documento], [razon_social_destino], [recepcionado], [referencia], [telefono], [envio_id]) VALUES (67, N'CONTACTO 67', N'DIRECCION 67', 1, N'A00067', N'1', N'RAZON SOCIAL 67', 0, N'', N'', 67)
INSERT [dbo].[documento] ([documento_id], [contacto_destino], [direccion], [distrito_id], [documento_autogenerado], [nro_documento], [razon_social_destino], [recepcionado], [referencia], [telefono], [envio_id]) VALUES (68, N'CONTACTO 68', N'DIRECCION 68', 1, N'A00068', N'1', N'RAZON SOCIAL 68', 0, N'', N'', 68)
INSERT [dbo].[documento] ([documento_id], [contacto_destino], [direccion], [distrito_id], [documento_autogenerado], [nro_documento], [razon_social_destino], [recepcionado], [referencia], [telefono], [envio_id]) VALUES (69, N'CONTACTO 69', N'DIRECCION 69', 1, N'A00069', N'1', N'RAZON SOCIAL 69', 0, N'', N'', 69)
INSERT [dbo].[documento] ([documento_id], [contacto_destino], [direccion], [distrito_id], [documento_autogenerado], [nro_documento], [razon_social_destino], [recepcionado], [referencia], [telefono], [envio_id]) VALUES (70, N'CONTACTO 70', N'DIRECCION 70', 1, N'A00070', N'1', N'RAZON SOCIAL 70', 0, N'', N'', 70)
SET IDENTITY_INSERT [dbo].[documento] OFF
SET IDENTITY_INSERT [dbo].[proveedor] ON 

INSERT [dbo].[proveedor] ([proveedor_id], [nombre]) VALUES (1, N'DOCFLOW')
INSERT [dbo].[proveedor] ([proveedor_id], [nombre]) VALUES (2, N'URBANO')
SET IDENTITY_INSERT [dbo].[proveedor] OFF
SET IDENTITY_INSERT [dbo].[guia] ON 

INSERT [dbo].[guia] ([guia_id], [numero_guia], [plazo_distribucion_id], [proveedor_id], [tipo_seguridad_id], [tipo_servicio_id]) VALUES (1, N'D111111', 1, 1, 1, 1)
INSERT [dbo].[guia] ([guia_id], [numero_guia], [plazo_distribucion_id], [proveedor_id], [tipo_seguridad_id], [tipo_servicio_id]) VALUES (2, N'D222222', 1, 1, 1, 1)
INSERT [dbo].[guia] ([guia_id], [numero_guia], [plazo_distribucion_id], [proveedor_id], [tipo_seguridad_id], [tipo_servicio_id]) VALUES (3, N'D333333', 2, 1, 1, 1)
INSERT [dbo].[guia] ([guia_id], [numero_guia], [plazo_distribucion_id], [proveedor_id], [tipo_seguridad_id], [tipo_servicio_id]) VALUES (4, N'D444444', 2, 1, 1, 1)
INSERT [dbo].[guia] ([guia_id], [numero_guia], [plazo_distribucion_id], [proveedor_id], [tipo_seguridad_id], [tipo_servicio_id]) VALUES (5, N'D555555', 3, 1, 1, 1)
INSERT [dbo].[guia] ([guia_id], [numero_guia], [plazo_distribucion_id], [proveedor_id], [tipo_seguridad_id], [tipo_servicio_id]) VALUES (6, N'D666666', 4, 1, 1, 1)
INSERT [dbo].[guia] ([guia_id], [numero_guia], [plazo_distribucion_id], [proveedor_id], [tipo_seguridad_id], [tipo_servicio_id]) VALUES (7, N'U111111', 1, 2, 1, 1)
INSERT [dbo].[guia] ([guia_id], [numero_guia], [plazo_distribucion_id], [proveedor_id], [tipo_seguridad_id], [tipo_servicio_id]) VALUES (8, N'U222222', 1, 2, 1, 1)
INSERT [dbo].[guia] ([guia_id], [numero_guia], [plazo_distribucion_id], [proveedor_id], [tipo_seguridad_id], [tipo_servicio_id]) VALUES (9, N'U333333', 2, 2, 1, 1)
INSERT [dbo].[guia] ([guia_id], [numero_guia], [plazo_distribucion_id], [proveedor_id], [tipo_seguridad_id], [tipo_servicio_id]) VALUES (10, N'U444444', 3, 2, 1, 1)
INSERT [dbo].[guia] ([guia_id], [numero_guia], [plazo_distribucion_id], [proveedor_id], [tipo_seguridad_id], [tipo_servicio_id]) VALUES (11, N'U555555', 4, 2, 1, 1)
SET IDENTITY_INSERT [dbo].[guia] OFF
INSERT [dbo].[documento_guia] ([documento_id], [guia_id], [fecha_asociacion], [validado]) VALUES (1, 6, CAST(N'2018-11-06T10:55:06.1710000' AS DateTime2), 1)
INSERT [dbo].[documento_guia] ([documento_id], [guia_id], [fecha_asociacion], [validado]) VALUES (2, 6, CAST(N'2018-11-06T10:55:06.1710000' AS DateTime2), 1)
INSERT [dbo].[documento_guia] ([documento_id], [guia_id], [fecha_asociacion], [validado]) VALUES (3, 11, CAST(N'2018-11-06T10:57:47.4730000' AS DateTime2), 1)
INSERT [dbo].[documento_guia] ([documento_id], [guia_id], [fecha_asociacion], [validado]) VALUES (4, 5, CAST(N'2018-11-06T10:54:28.8130000' AS DateTime2), 1)
INSERT [dbo].[documento_guia] ([documento_id], [guia_id], [fecha_asociacion], [validado]) VALUES (5, 5, CAST(N'2018-11-06T10:54:28.8120000' AS DateTime2), 1)
INSERT [dbo].[documento_guia] ([documento_id], [guia_id], [fecha_asociacion], [validado]) VALUES (6, 5, CAST(N'2018-11-06T10:54:28.8130000' AS DateTime2), 1)
INSERT [dbo].[documento_guia] ([documento_id], [guia_id], [fecha_asociacion], [validado]) VALUES (7, 5, CAST(N'2018-11-06T10:54:28.8130000' AS DateTime2), 1)
INSERT [dbo].[documento_guia] ([documento_id], [guia_id], [fecha_asociacion], [validado]) VALUES (8, 5, CAST(N'2018-11-06T10:54:28.8130000' AS DateTime2), 1)
INSERT [dbo].[documento_guia] ([documento_id], [guia_id], [fecha_asociacion], [validado]) VALUES (9, 10, CAST(N'2018-11-06T10:57:18.2900000' AS DateTime2), 1)
INSERT [dbo].[documento_guia] ([documento_id], [guia_id], [fecha_asociacion], [validado]) VALUES (10, 9, CAST(N'2018-11-06T10:56:47.9560000' AS DateTime2), 1)
INSERT [dbo].[documento_guia] ([documento_id], [guia_id], [fecha_asociacion], [validado]) VALUES (11, 3, CAST(N'2018-11-06T10:53:32.4710000' AS DateTime2), 1)
INSERT [dbo].[documento_guia] ([documento_id], [guia_id], [fecha_asociacion], [validado]) VALUES (12, 9, CAST(N'2018-11-06T10:56:47.9560000' AS DateTime2), 1)
INSERT [dbo].[documento_guia] ([documento_id], [guia_id], [fecha_asociacion], [validado]) VALUES (13, 3, CAST(N'2018-11-06T10:53:32.4710000' AS DateTime2), 1)
INSERT [dbo].[documento_guia] ([documento_id], [guia_id], [fecha_asociacion], [validado]) VALUES (14, 3, CAST(N'2018-11-06T10:53:32.4710000' AS DateTime2), 1)
INSERT [dbo].[documento_guia] ([documento_id], [guia_id], [fecha_asociacion], [validado]) VALUES (15, 4, CAST(N'2018-11-06T10:54:03.9920000' AS DateTime2), 1)
INSERT [dbo].[documento_guia] ([documento_id], [guia_id], [fecha_asociacion], [validado]) VALUES (16, 9, CAST(N'2018-11-06T10:56:47.9560000' AS DateTime2), 1)
INSERT [dbo].[documento_guia] ([documento_id], [guia_id], [fecha_asociacion], [validado]) VALUES (17, 9, CAST(N'2018-11-06T10:56:47.9560000' AS DateTime2), 1)
INSERT [dbo].[documento_guia] ([documento_id], [guia_id], [fecha_asociacion], [validado]) VALUES (18, 3, CAST(N'2018-11-06T10:53:32.4710000' AS DateTime2), 1)
INSERT [dbo].[documento_guia] ([documento_id], [guia_id], [fecha_asociacion], [validado]) VALUES (19, 8, CAST(N'2018-11-06T10:56:14.4770000' AS DateTime2), 1)
INSERT [dbo].[documento_guia] ([documento_id], [guia_id], [fecha_asociacion], [validado]) VALUES (20, 8, CAST(N'2018-11-06T10:56:14.4770000' AS DateTime2), 1)
INSERT [dbo].[documento_guia] ([documento_id], [guia_id], [fecha_asociacion], [validado]) VALUES (21, 7, CAST(N'2018-11-06T10:55:38.1210000' AS DateTime2), 1)
INSERT [dbo].[documento_guia] ([documento_id], [guia_id], [fecha_asociacion], [validado]) VALUES (22, 2, CAST(N'2018-11-06T10:52:44.1370000' AS DateTime2), 1)
INSERT [dbo].[documento_guia] ([documento_id], [guia_id], [fecha_asociacion], [validado]) VALUES (23, 2, CAST(N'2018-11-06T10:52:44.1380000' AS DateTime2), 1)
INSERT [dbo].[documento_guia] ([documento_id], [guia_id], [fecha_asociacion], [validado]) VALUES (25, 8, CAST(N'2018-11-06T10:56:14.4770000' AS DateTime2), 1)
INSERT [dbo].[documento_guia] ([documento_id], [guia_id], [fecha_asociacion], [validado]) VALUES (26, 7, CAST(N'2018-11-06T10:55:38.1210000' AS DateTime2), 1)
INSERT [dbo].[documento_guia] ([documento_id], [guia_id], [fecha_asociacion], [validado]) VALUES (27, 1, CAST(N'2018-11-06T10:51:46.8790000' AS DateTime2), 1)
INSERT [dbo].[documento_guia] ([documento_id], [guia_id], [fecha_asociacion], [validado]) VALUES (28, 2, CAST(N'2018-11-06T10:52:44.1380000' AS DateTime2), 1)
INSERT [dbo].[documento_guia] ([documento_id], [guia_id], [fecha_asociacion], [validado]) VALUES (29, 1, CAST(N'2018-11-06T10:51:46.8770000' AS DateTime2), 1)
INSERT [dbo].[documento_guia] ([documento_id], [guia_id], [fecha_asociacion], [validado]) VALUES (30, 1, CAST(N'2018-11-06T10:51:46.8800000' AS DateTime2), 1)
INSERT [dbo].[documento_guia] ([documento_id], [guia_id], [fecha_asociacion], [validado]) VALUES (33, 7, CAST(N'2018-11-06T10:55:38.1210000' AS DateTime2), 1)
INSERT [dbo].[documento_guia] ([documento_id], [guia_id], [fecha_asociacion], [validado]) VALUES (35, 8, CAST(N'2018-11-06T10:56:14.4770000' AS DateTime2), 1)
INSERT [dbo].[documento_guia] ([documento_id], [guia_id], [fecha_asociacion], [validado]) VALUES (41, 6, CAST(N'2018-11-06T10:55:06.1710000' AS DateTime2), 1)
INSERT [dbo].[documento_guia] ([documento_id], [guia_id], [fecha_asociacion], [validado]) VALUES (42, 11, CAST(N'2018-11-06T10:57:47.4730000' AS DateTime2), 1)
INSERT [dbo].[documento_guia] ([documento_id], [guia_id], [fecha_asociacion], [validado]) VALUES (43, 10, CAST(N'2018-11-06T10:57:18.2900000' AS DateTime2), 1)
INSERT [dbo].[documento_guia] ([documento_id], [guia_id], [fecha_asociacion], [validado]) VALUES (44, 10, CAST(N'2018-11-06T10:57:18.2900000' AS DateTime2), 1)
INSERT [dbo].[documento_guia] ([documento_id], [guia_id], [fecha_asociacion], [validado]) VALUES (45, 10, CAST(N'2018-11-06T10:57:18.2900000' AS DateTime2), 1)
INSERT [dbo].[documento_guia] ([documento_id], [guia_id], [fecha_asociacion], [validado]) VALUES (46, 10, CAST(N'2018-11-06T10:57:18.2900000' AS DateTime2), 1)
INSERT [dbo].[documento_guia] ([documento_id], [guia_id], [fecha_asociacion], [validado]) VALUES (47, 5, CAST(N'2018-11-06T10:54:28.8130000' AS DateTime2), 1)
INSERT [dbo].[documento_guia] ([documento_id], [guia_id], [fecha_asociacion], [validado]) VALUES (48, 9, CAST(N'2018-11-06T10:56:47.9560000' AS DateTime2), 1)
INSERT [dbo].[documento_guia] ([documento_id], [guia_id], [fecha_asociacion], [validado]) VALUES (49, 4, CAST(N'2018-11-06T10:54:03.9920000' AS DateTime2), 1)
INSERT [dbo].[documento_guia] ([documento_id], [guia_id], [fecha_asociacion], [validado]) VALUES (50, 3, CAST(N'2018-11-06T10:53:32.4710000' AS DateTime2), 1)
INSERT [dbo].[documento_guia] ([documento_id], [guia_id], [fecha_asociacion], [validado]) VALUES (51, 9, CAST(N'2018-11-06T10:56:47.9560000' AS DateTime2), 1)
INSERT [dbo].[documento_guia] ([documento_id], [guia_id], [fecha_asociacion], [validado]) VALUES (52, 3, CAST(N'2018-11-06T10:53:32.4710000' AS DateTime2), 1)
INSERT [dbo].[documento_guia] ([documento_id], [guia_id], [fecha_asociacion], [validado]) VALUES (53, 4, CAST(N'2018-11-06T10:54:03.9920000' AS DateTime2), 1)
INSERT [dbo].[documento_guia] ([documento_id], [guia_id], [fecha_asociacion], [validado]) VALUES (55, 7, CAST(N'2018-11-06T10:55:38.1210000' AS DateTime2), 1)
INSERT [dbo].[documento_guia] ([documento_id], [guia_id], [fecha_asociacion], [validado]) VALUES (56, 2, CAST(N'2018-11-06T10:52:44.1380000' AS DateTime2), 1)
INSERT [dbo].[documento_guia] ([documento_id], [guia_id], [fecha_asociacion], [validado]) VALUES (58, 7, CAST(N'2018-11-06T10:55:38.1210000' AS DateTime2), 1)
INSERT [dbo].[documento_guia] ([documento_id], [guia_id], [fecha_asociacion], [validado]) VALUES (59, 8, CAST(N'2018-11-06T10:56:14.4770000' AS DateTime2), 1)
INSERT [dbo].[documento_guia] ([documento_id], [guia_id], [fecha_asociacion], [validado]) VALUES (60, 2, CAST(N'2018-11-06T10:52:44.1380000' AS DateTime2), 1)
INSERT [dbo].[documento_guia] ([documento_id], [guia_id], [fecha_asociacion], [validado]) VALUES (61, 7, CAST(N'2018-11-06T10:55:38.1210000' AS DateTime2), 1)
INSERT [dbo].[documento_guia] ([documento_id], [guia_id], [fecha_asociacion], [validado]) VALUES (63, 8, CAST(N'2018-11-06T10:56:14.4770000' AS DateTime2), 1)
INSERT [dbo].[documento_guia] ([documento_id], [guia_id], [fecha_asociacion], [validado]) VALUES (64, 1, CAST(N'2018-11-06T10:51:46.8800000' AS DateTime2), 1)
INSERT [dbo].[documento_guia] ([documento_id], [guia_id], [fecha_asociacion], [validado]) VALUES (65, 1, CAST(N'2018-11-06T10:51:46.8770000' AS DateTime2), 1)
INSERT [dbo].[documento_guia] ([documento_id], [guia_id], [fecha_asociacion], [validado]) VALUES (66, 1, CAST(N'2018-11-06T10:51:46.8790000' AS DateTime2), 1)
INSERT [dbo].[documento_guia] ([documento_id], [guia_id], [fecha_asociacion], [validado]) VALUES (67, 2, CAST(N'2018-11-06T10:52:44.1370000' AS DateTime2), 1)
SET IDENTITY_INSERT [dbo].[tipo_estado_documento] ON 

INSERT [dbo].[tipo_estado_documento] ([tipo_estado_documento_id], [nombre]) VALUES (1, N'ESTADOS UTD')
INSERT [dbo].[tipo_estado_documento] ([tipo_estado_documento_id], [nombre]) VALUES (2, N'RESULTADOS PROVEEDOR')
SET IDENTITY_INSERT [dbo].[tipo_estado_documento] OFF
SET IDENTITY_INSERT [dbo].[estado_documento] ON 

INSERT [dbo].[estado_documento] ([estado_documento_id], [nombre], [tipo_estado_documento_id]) VALUES (1, N'CREADO', 1)
INSERT [dbo].[estado_documento] ([estado_documento_id], [nombre], [tipo_estado_documento_id]) VALUES (2, N'CUSTODIADO', 1)
INSERT [dbo].[estado_documento] ([estado_documento_id], [nombre], [tipo_estado_documento_id]) VALUES (3, N'PENDIENTE DE ENTREGA', 1)
INSERT [dbo].[estado_documento] ([estado_documento_id], [nombre], [tipo_estado_documento_id]) VALUES (4, N'ENTREGADO', 2)
INSERT [dbo].[estado_documento] ([estado_documento_id], [nombre], [tipo_estado_documento_id]) VALUES (5, N'REZAGADO', 2)
INSERT [dbo].[estado_documento] ([estado_documento_id], [nombre], [tipo_estado_documento_id]) VALUES (6, N'DEVUELTO', 2)
INSERT [dbo].[estado_documento] ([estado_documento_id], [nombre], [tipo_estado_documento_id]) VALUES (7, N'EXTRAVIADO', 2)
INSERT [dbo].[estado_documento] ([estado_documento_id], [nombre], [tipo_estado_documento_id]) VALUES (8, N'DENEGADO', 1)
INSERT [dbo].[estado_documento] ([estado_documento_id], [nombre], [tipo_estado_documento_id]) VALUES (9, N'RETIRADO', 1)
SET IDENTITY_INSERT [dbo].[estado_documento] OFF
SET IDENTITY_INSERT [dbo].[seguimiento_documento] ON 

INSERT [dbo].[seguimiento_documento] ([seguimiento_documento_id], [fecha], [link_imagen], [observacion], [usuario_id], [documento_id], [estado_documento_id]) VALUES (1, CAST(N'2018-11-06T10:43:25.7133333' AS DateTime2), N'linkimagen', N'registro de prueba', 1, 1, 1)
INSERT [dbo].[seguimiento_documento] ([seguimiento_documento_id], [fecha], [link_imagen], [observacion], [usuario_id], [documento_id], [estado_documento_id]) VALUES (2, CAST(N'2018-11-06T10:43:25.7133333' AS DateTime2), N'linkimagen', N'registro de prueba', 1, 2, 1)
INSERT [dbo].[seguimiento_documento] ([seguimiento_documento_id], [fecha], [link_imagen], [observacion], [usuario_id], [documento_id], [estado_documento_id]) VALUES (3, CAST(N'2018-11-06T10:43:25.7133333' AS DateTime2), N'linkimagen', N'registro de prueba', 1, 3, 1)
INSERT [dbo].[seguimiento_documento] ([seguimiento_documento_id], [fecha], [link_imagen], [observacion], [usuario_id], [documento_id], [estado_documento_id]) VALUES (4, CAST(N'2018-11-06T10:43:25.7133333' AS DateTime2), N'linkimagen', N'registro de prueba', 1, 4, 1)
INSERT [dbo].[seguimiento_documento] ([seguimiento_documento_id], [fecha], [link_imagen], [observacion], [usuario_id], [documento_id], [estado_documento_id]) VALUES (5, CAST(N'2018-11-06T10:43:25.7166667' AS DateTime2), N'linkimagen', N'registro de prueba', 1, 5, 1)
INSERT [dbo].[seguimiento_documento] ([seguimiento_documento_id], [fecha], [link_imagen], [observacion], [usuario_id], [documento_id], [estado_documento_id]) VALUES (6, CAST(N'2018-11-06T10:43:25.7166667' AS DateTime2), N'linkimagen', N'registro de prueba', 1, 6, 1)
INSERT [dbo].[seguimiento_documento] ([seguimiento_documento_id], [fecha], [link_imagen], [observacion], [usuario_id], [documento_id], [estado_documento_id]) VALUES (7, CAST(N'2018-11-06T10:43:25.7166667' AS DateTime2), N'linkimagen', N'registro de prueba', 1, 7, 1)
INSERT [dbo].[seguimiento_documento] ([seguimiento_documento_id], [fecha], [link_imagen], [observacion], [usuario_id], [documento_id], [estado_documento_id]) VALUES (8, CAST(N'2018-11-06T10:43:25.7166667' AS DateTime2), N'linkimagen', N'registro de prueba', 1, 8, 1)
INSERT [dbo].[seguimiento_documento] ([seguimiento_documento_id], [fecha], [link_imagen], [observacion], [usuario_id], [documento_id], [estado_documento_id]) VALUES (9, CAST(N'2018-11-06T10:43:25.7166667' AS DateTime2), N'linkimagen', N'registro de prueba', 1, 9, 1)
INSERT [dbo].[seguimiento_documento] ([seguimiento_documento_id], [fecha], [link_imagen], [observacion], [usuario_id], [documento_id], [estado_documento_id]) VALUES (10, CAST(N'2018-11-06T10:43:25.7166667' AS DateTime2), N'linkimagen', N'registro de prueba', 1, 10, 1)
INSERT [dbo].[seguimiento_documento] ([seguimiento_documento_id], [fecha], [link_imagen], [observacion], [usuario_id], [documento_id], [estado_documento_id]) VALUES (11, CAST(N'2018-11-06T10:43:25.7166667' AS DateTime2), N'linkimagen', N'registro de prueba', 1, 11, 1)
INSERT [dbo].[seguimiento_documento] ([seguimiento_documento_id], [fecha], [link_imagen], [observacion], [usuario_id], [documento_id], [estado_documento_id]) VALUES (12, CAST(N'2018-11-06T10:43:25.7166667' AS DateTime2), N'linkimagen', N'registro de prueba', 1, 12, 1)
INSERT [dbo].[seguimiento_documento] ([seguimiento_documento_id], [fecha], [link_imagen], [observacion], [usuario_id], [documento_id], [estado_documento_id]) VALUES (13, CAST(N'2018-11-06T10:43:25.7166667' AS DateTime2), N'linkimagen', N'registro de prueba', 1, 13, 1)
INSERT [dbo].[seguimiento_documento] ([seguimiento_documento_id], [fecha], [link_imagen], [observacion], [usuario_id], [documento_id], [estado_documento_id]) VALUES (14, CAST(N'2018-11-06T10:43:25.7200000' AS DateTime2), N'linkimagen', N'registro de prueba', 1, 14, 1)
INSERT [dbo].[seguimiento_documento] ([seguimiento_documento_id], [fecha], [link_imagen], [observacion], [usuario_id], [documento_id], [estado_documento_id]) VALUES (15, CAST(N'2018-11-06T10:43:25.7200000' AS DateTime2), N'linkimagen', N'registro de prueba', 1, 15, 1)
INSERT [dbo].[seguimiento_documento] ([seguimiento_documento_id], [fecha], [link_imagen], [observacion], [usuario_id], [documento_id], [estado_documento_id]) VALUES (16, CAST(N'2018-11-06T10:43:25.7200000' AS DateTime2), N'linkimagen', N'registro de prueba', 1, 16, 1)
INSERT [dbo].[seguimiento_documento] ([seguimiento_documento_id], [fecha], [link_imagen], [observacion], [usuario_id], [documento_id], [estado_documento_id]) VALUES (17, CAST(N'2018-11-06T10:43:25.7200000' AS DateTime2), N'linkimagen', N'registro de prueba', 1, 17, 1)
INSERT [dbo].[seguimiento_documento] ([seguimiento_documento_id], [fecha], [link_imagen], [observacion], [usuario_id], [documento_id], [estado_documento_id]) VALUES (18, CAST(N'2018-11-06T10:43:25.7200000' AS DateTime2), N'linkimagen', N'registro de prueba', 1, 18, 1)
INSERT [dbo].[seguimiento_documento] ([seguimiento_documento_id], [fecha], [link_imagen], [observacion], [usuario_id], [documento_id], [estado_documento_id]) VALUES (19, CAST(N'2018-11-06T10:43:25.7200000' AS DateTime2), N'linkimagen', N'registro de prueba', 1, 19, 1)
INSERT [dbo].[seguimiento_documento] ([seguimiento_documento_id], [fecha], [link_imagen], [observacion], [usuario_id], [documento_id], [estado_documento_id]) VALUES (20, CAST(N'2018-11-06T10:43:25.7200000' AS DateTime2), N'linkimagen', N'registro de prueba', 1, 20, 1)
INSERT [dbo].[seguimiento_documento] ([seguimiento_documento_id], [fecha], [link_imagen], [observacion], [usuario_id], [documento_id], [estado_documento_id]) VALUES (21, CAST(N'2018-11-06T10:43:25.7200000' AS DateTime2), N'linkimagen', N'registro de prueba', 1, 21, 1)
INSERT [dbo].[seguimiento_documento] ([seguimiento_documento_id], [fecha], [link_imagen], [observacion], [usuario_id], [documento_id], [estado_documento_id]) VALUES (22, CAST(N'2018-11-06T10:43:25.7200000' AS DateTime2), N'linkimagen', N'registro de prueba', 1, 22, 1)
INSERT [dbo].[seguimiento_documento] ([seguimiento_documento_id], [fecha], [link_imagen], [observacion], [usuario_id], [documento_id], [estado_documento_id]) VALUES (23, CAST(N'2018-11-06T10:43:25.7200000' AS DateTime2), N'linkimagen', N'registro de prueba', 1, 23, 1)
INSERT [dbo].[seguimiento_documento] ([seguimiento_documento_id], [fecha], [link_imagen], [observacion], [usuario_id], [documento_id], [estado_documento_id]) VALUES (24, CAST(N'2018-11-06T10:43:25.7200000' AS DateTime2), N'linkimagen', N'registro de prueba', 1, 24, 1)
INSERT [dbo].[seguimiento_documento] ([seguimiento_documento_id], [fecha], [link_imagen], [observacion], [usuario_id], [documento_id], [estado_documento_id]) VALUES (25, CAST(N'2018-11-06T10:43:25.7200000' AS DateTime2), N'linkimagen', N'registro de prueba', 1, 25, 1)
INSERT [dbo].[seguimiento_documento] ([seguimiento_documento_id], [fecha], [link_imagen], [observacion], [usuario_id], [documento_id], [estado_documento_id]) VALUES (26, CAST(N'2018-11-06T10:43:25.7200000' AS DateTime2), N'linkimagen', N'registro de prueba', 1, 26, 1)
INSERT [dbo].[seguimiento_documento] ([seguimiento_documento_id], [fecha], [link_imagen], [observacion], [usuario_id], [documento_id], [estado_documento_id]) VALUES (27, CAST(N'2018-11-06T10:43:25.7200000' AS DateTime2), N'linkimagen', N'registro de prueba', 1, 27, 1)
INSERT [dbo].[seguimiento_documento] ([seguimiento_documento_id], [fecha], [link_imagen], [observacion], [usuario_id], [documento_id], [estado_documento_id]) VALUES (28, CAST(N'2018-11-06T10:43:25.7200000' AS DateTime2), N'linkimagen', N'registro de prueba', 1, 28, 1)
INSERT [dbo].[seguimiento_documento] ([seguimiento_documento_id], [fecha], [link_imagen], [observacion], [usuario_id], [documento_id], [estado_documento_id]) VALUES (29, CAST(N'2018-11-06T10:43:25.7233333' AS DateTime2), N'linkimagen', N'registro de prueba', 1, 29, 1)
INSERT [dbo].[seguimiento_documento] ([seguimiento_documento_id], [fecha], [link_imagen], [observacion], [usuario_id], [documento_id], [estado_documento_id]) VALUES (30, CAST(N'2018-11-06T10:43:25.7233333' AS DateTime2), N'linkimagen', N'registro de prueba', 1, 30, 1)
INSERT [dbo].[seguimiento_documento] ([seguimiento_documento_id], [fecha], [link_imagen], [observacion], [usuario_id], [documento_id], [estado_documento_id]) VALUES (31, CAST(N'2018-11-06T10:43:25.7233333' AS DateTime2), N'linkimagen', N'registro de prueba', 1, 31, 1)
INSERT [dbo].[seguimiento_documento] ([seguimiento_documento_id], [fecha], [link_imagen], [observacion], [usuario_id], [documento_id], [estado_documento_id]) VALUES (32, CAST(N'2018-11-06T10:43:25.7233333' AS DateTime2), N'linkimagen', N'registro de prueba', 1, 32, 1)
INSERT [dbo].[seguimiento_documento] ([seguimiento_documento_id], [fecha], [link_imagen], [observacion], [usuario_id], [documento_id], [estado_documento_id]) VALUES (33, CAST(N'2018-11-06T10:43:25.7233333' AS DateTime2), N'linkimagen', N'registro de prueba', 1, 33, 1)
INSERT [dbo].[seguimiento_documento] ([seguimiento_documento_id], [fecha], [link_imagen], [observacion], [usuario_id], [documento_id], [estado_documento_id]) VALUES (34, CAST(N'2018-11-06T10:43:25.7233333' AS DateTime2), N'linkimagen', N'registro de prueba', 1, 34, 1)
INSERT [dbo].[seguimiento_documento] ([seguimiento_documento_id], [fecha], [link_imagen], [observacion], [usuario_id], [documento_id], [estado_documento_id]) VALUES (35, CAST(N'2018-11-06T10:43:25.7233333' AS DateTime2), N'linkimagen', N'registro de prueba', 1, 35, 1)
INSERT [dbo].[seguimiento_documento] ([seguimiento_documento_id], [fecha], [link_imagen], [observacion], [usuario_id], [documento_id], [estado_documento_id]) VALUES (36, CAST(N'2018-11-06T10:43:25.7233333' AS DateTime2), N'linkimagen', N'registro de prueba', 1, 36, 1)
INSERT [dbo].[seguimiento_documento] ([seguimiento_documento_id], [fecha], [link_imagen], [observacion], [usuario_id], [documento_id], [estado_documento_id]) VALUES (37, CAST(N'2018-11-06T10:43:25.7233333' AS DateTime2), N'linkimagen', N'registro de prueba', 1, 37, 1)
INSERT [dbo].[seguimiento_documento] ([seguimiento_documento_id], [fecha], [link_imagen], [observacion], [usuario_id], [documento_id], [estado_documento_id]) VALUES (38, CAST(N'2018-11-06T10:43:25.7233333' AS DateTime2), N'linkimagen', N'registro de prueba', 1, 38, 1)
INSERT [dbo].[seguimiento_documento] ([seguimiento_documento_id], [fecha], [link_imagen], [observacion], [usuario_id], [documento_id], [estado_documento_id]) VALUES (39, CAST(N'2018-11-06T10:43:25.7233333' AS DateTime2), N'linkimagen', N'registro de prueba', 1, 39, 1)
INSERT [dbo].[seguimiento_documento] ([seguimiento_documento_id], [fecha], [link_imagen], [observacion], [usuario_id], [documento_id], [estado_documento_id]) VALUES (40, CAST(N'2018-11-06T10:43:25.7266667' AS DateTime2), N'linkimagen', N'registro de prueba', 1, 40, 1)
INSERT [dbo].[seguimiento_documento] ([seguimiento_documento_id], [fecha], [link_imagen], [observacion], [usuario_id], [documento_id], [estado_documento_id]) VALUES (41, CAST(N'2018-11-06T10:43:25.7266667' AS DateTime2), N'linkimagen', N'registro de prueba', 1, 41, 1)
INSERT [dbo].[seguimiento_documento] ([seguimiento_documento_id], [fecha], [link_imagen], [observacion], [usuario_id], [documento_id], [estado_documento_id]) VALUES (42, CAST(N'2018-11-06T10:43:25.7266667' AS DateTime2), N'linkimagen', N'registro de prueba', 1, 42, 1)
INSERT [dbo].[seguimiento_documento] ([seguimiento_documento_id], [fecha], [link_imagen], [observacion], [usuario_id], [documento_id], [estado_documento_id]) VALUES (43, CAST(N'2018-11-06T10:43:25.7266667' AS DateTime2), N'linkimagen', N'registro de prueba', 1, 43, 1)
INSERT [dbo].[seguimiento_documento] ([seguimiento_documento_id], [fecha], [link_imagen], [observacion], [usuario_id], [documento_id], [estado_documento_id]) VALUES (44, CAST(N'2018-11-06T10:43:25.7266667' AS DateTime2), N'linkimagen', N'registro de prueba', 1, 44, 1)
INSERT [dbo].[seguimiento_documento] ([seguimiento_documento_id], [fecha], [link_imagen], [observacion], [usuario_id], [documento_id], [estado_documento_id]) VALUES (45, CAST(N'2018-11-06T10:43:25.7266667' AS DateTime2), N'linkimagen', N'registro de prueba', 1, 45, 1)
INSERT [dbo].[seguimiento_documento] ([seguimiento_documento_id], [fecha], [link_imagen], [observacion], [usuario_id], [documento_id], [estado_documento_id]) VALUES (46, CAST(N'2018-11-06T10:43:25.7266667' AS DateTime2), N'linkimagen', N'registro de prueba', 1, 46, 1)
INSERT [dbo].[seguimiento_documento] ([seguimiento_documento_id], [fecha], [link_imagen], [observacion], [usuario_id], [documento_id], [estado_documento_id]) VALUES (47, CAST(N'2018-11-06T10:43:25.7266667' AS DateTime2), N'linkimagen', N'registro de prueba', 1, 47, 1)
INSERT [dbo].[seguimiento_documento] ([seguimiento_documento_id], [fecha], [link_imagen], [observacion], [usuario_id], [documento_id], [estado_documento_id]) VALUES (48, CAST(N'2018-11-06T10:43:25.7266667' AS DateTime2), N'linkimagen', N'registro de prueba', 1, 48, 1)
INSERT [dbo].[seguimiento_documento] ([seguimiento_documento_id], [fecha], [link_imagen], [observacion], [usuario_id], [documento_id], [estado_documento_id]) VALUES (49, CAST(N'2018-11-06T10:43:25.7266667' AS DateTime2), N'linkimagen', N'registro de prueba', 1, 49, 1)
INSERT [dbo].[seguimiento_documento] ([seguimiento_documento_id], [fecha], [link_imagen], [observacion], [usuario_id], [documento_id], [estado_documento_id]) VALUES (50, CAST(N'2018-11-06T10:43:25.7266667' AS DateTime2), N'linkimagen', N'registro de prueba', 1, 50, 1)
INSERT [dbo].[seguimiento_documento] ([seguimiento_documento_id], [fecha], [link_imagen], [observacion], [usuario_id], [documento_id], [estado_documento_id]) VALUES (51, CAST(N'2018-11-06T10:43:25.7300000' AS DateTime2), N'linkimagen', N'registro de prueba', 1, 51, 1)
INSERT [dbo].[seguimiento_documento] ([seguimiento_documento_id], [fecha], [link_imagen], [observacion], [usuario_id], [documento_id], [estado_documento_id]) VALUES (52, CAST(N'2018-11-06T10:43:25.7300000' AS DateTime2), N'linkimagen', N'registro de prueba', 1, 52, 1)
INSERT [dbo].[seguimiento_documento] ([seguimiento_documento_id], [fecha], [link_imagen], [observacion], [usuario_id], [documento_id], [estado_documento_id]) VALUES (53, CAST(N'2018-11-06T10:43:25.7300000' AS DateTime2), N'linkimagen', N'registro de prueba', 1, 53, 1)
INSERT [dbo].[seguimiento_documento] ([seguimiento_documento_id], [fecha], [link_imagen], [observacion], [usuario_id], [documento_id], [estado_documento_id]) VALUES (54, CAST(N'2018-11-06T10:43:25.7300000' AS DateTime2), N'linkimagen', N'registro de prueba', 1, 54, 1)
INSERT [dbo].[seguimiento_documento] ([seguimiento_documento_id], [fecha], [link_imagen], [observacion], [usuario_id], [documento_id], [estado_documento_id]) VALUES (55, CAST(N'2018-11-06T10:43:25.7300000' AS DateTime2), N'linkimagen', N'registro de prueba', 1, 55, 1)
INSERT [dbo].[seguimiento_documento] ([seguimiento_documento_id], [fecha], [link_imagen], [observacion], [usuario_id], [documento_id], [estado_documento_id]) VALUES (56, CAST(N'2018-11-06T10:43:25.7300000' AS DateTime2), N'linkimagen', N'registro de prueba', 1, 56, 1)
INSERT [dbo].[seguimiento_documento] ([seguimiento_documento_id], [fecha], [link_imagen], [observacion], [usuario_id], [documento_id], [estado_documento_id]) VALUES (57, CAST(N'2018-11-06T10:43:25.7300000' AS DateTime2), N'linkimagen', N'registro de prueba', 1, 57, 1)
INSERT [dbo].[seguimiento_documento] ([seguimiento_documento_id], [fecha], [link_imagen], [observacion], [usuario_id], [documento_id], [estado_documento_id]) VALUES (58, CAST(N'2018-11-06T10:43:25.7300000' AS DateTime2), N'linkimagen', N'registro de prueba', 1, 58, 1)
INSERT [dbo].[seguimiento_documento] ([seguimiento_documento_id], [fecha], [link_imagen], [observacion], [usuario_id], [documento_id], [estado_documento_id]) VALUES (59, CAST(N'2018-11-06T10:43:25.7300000' AS DateTime2), N'linkimagen', N'registro de prueba', 1, 59, 1)
INSERT [dbo].[seguimiento_documento] ([seguimiento_documento_id], [fecha], [link_imagen], [observacion], [usuario_id], [documento_id], [estado_documento_id]) VALUES (60, CAST(N'2018-11-06T10:43:25.7300000' AS DateTime2), N'linkimagen', N'registro de prueba', 1, 60, 1)
INSERT [dbo].[seguimiento_documento] ([seguimiento_documento_id], [fecha], [link_imagen], [observacion], [usuario_id], [documento_id], [estado_documento_id]) VALUES (61, CAST(N'2018-11-06T10:43:25.7300000' AS DateTime2), N'linkimagen', N'registro de prueba', 1, 61, 1)
INSERT [dbo].[seguimiento_documento] ([seguimiento_documento_id], [fecha], [link_imagen], [observacion], [usuario_id], [documento_id], [estado_documento_id]) VALUES (62, CAST(N'2018-11-06T10:43:25.7300000' AS DateTime2), N'linkimagen', N'registro de prueba', 1, 62, 1)
INSERT [dbo].[seguimiento_documento] ([seguimiento_documento_id], [fecha], [link_imagen], [observacion], [usuario_id], [documento_id], [estado_documento_id]) VALUES (63, CAST(N'2018-11-06T10:43:25.7300000' AS DateTime2), N'linkimagen', N'registro de prueba', 1, 63, 1)
INSERT [dbo].[seguimiento_documento] ([seguimiento_documento_id], [fecha], [link_imagen], [observacion], [usuario_id], [documento_id], [estado_documento_id]) VALUES (64, CAST(N'2018-11-06T10:43:25.7300000' AS DateTime2), N'linkimagen', N'registro de prueba', 1, 64, 1)
INSERT [dbo].[seguimiento_documento] ([seguimiento_documento_id], [fecha], [link_imagen], [observacion], [usuario_id], [documento_id], [estado_documento_id]) VALUES (65, CAST(N'2018-11-06T10:43:25.7300000' AS DateTime2), N'linkimagen', N'registro de prueba', 1, 65, 1)
INSERT [dbo].[seguimiento_documento] ([seguimiento_documento_id], [fecha], [link_imagen], [observacion], [usuario_id], [documento_id], [estado_documento_id]) VALUES (66, CAST(N'2018-11-06T10:43:25.7300000' AS DateTime2), N'linkimagen', N'registro de prueba', 1, 66, 1)
INSERT [dbo].[seguimiento_documento] ([seguimiento_documento_id], [fecha], [link_imagen], [observacion], [usuario_id], [documento_id], [estado_documento_id]) VALUES (67, CAST(N'2018-11-06T10:43:25.7333333' AS DateTime2), N'linkimagen', N'registro de prueba', 1, 67, 1)
INSERT [dbo].[seguimiento_documento] ([seguimiento_documento_id], [fecha], [link_imagen], [observacion], [usuario_id], [documento_id], [estado_documento_id]) VALUES (68, CAST(N'2018-11-06T10:43:25.7333333' AS DateTime2), N'linkimagen', N'registro de prueba', 1, 68, 1)
INSERT [dbo].[seguimiento_documento] ([seguimiento_documento_id], [fecha], [link_imagen], [observacion], [usuario_id], [documento_id], [estado_documento_id]) VALUES (69, CAST(N'2018-11-06T10:43:25.7333333' AS DateTime2), N'linkimagen', N'registro de prueba', 1, 69, 1)
INSERT [dbo].[seguimiento_documento] ([seguimiento_documento_id], [fecha], [link_imagen], [observacion], [usuario_id], [documento_id], [estado_documento_id]) VALUES (70, CAST(N'2018-11-06T10:43:25.7333333' AS DateTime2), N'linkimagen', N'registro de prueba', 1, 70, 1)
INSERT [dbo].[seguimiento_documento] ([seguimiento_documento_id], [fecha], [link_imagen], [observacion], [usuario_id], [documento_id], [estado_documento_id]) VALUES (71, CAST(N'2018-11-06T10:50:17.0690000' AS DateTime2), NULL, NULL, 1, 1, 2)
INSERT [dbo].[seguimiento_documento] ([seguimiento_documento_id], [fecha], [link_imagen], [observacion], [usuario_id], [documento_id], [estado_documento_id]) VALUES (72, CAST(N'2018-11-06T10:50:17.0850000' AS DateTime2), NULL, NULL, 1, 2, 2)
INSERT [dbo].[seguimiento_documento] ([seguimiento_documento_id], [fecha], [link_imagen], [observacion], [usuario_id], [documento_id], [estado_documento_id]) VALUES (73, CAST(N'2018-11-06T10:50:17.0860000' AS DateTime2), NULL, NULL, 1, 3, 2)
INSERT [dbo].[seguimiento_documento] ([seguimiento_documento_id], [fecha], [link_imagen], [observacion], [usuario_id], [documento_id], [estado_documento_id]) VALUES (74, CAST(N'2018-11-06T10:50:17.0860000' AS DateTime2), NULL, NULL, 1, 4, 2)
INSERT [dbo].[seguimiento_documento] ([seguimiento_documento_id], [fecha], [link_imagen], [observacion], [usuario_id], [documento_id], [estado_documento_id]) VALUES (75, CAST(N'2018-11-06T10:50:17.0870000' AS DateTime2), NULL, NULL, 1, 5, 2)
INSERT [dbo].[seguimiento_documento] ([seguimiento_documento_id], [fecha], [link_imagen], [observacion], [usuario_id], [documento_id], [estado_documento_id]) VALUES (76, CAST(N'2018-11-06T10:50:17.0880000' AS DateTime2), NULL, NULL, 1, 6, 2)
INSERT [dbo].[seguimiento_documento] ([seguimiento_documento_id], [fecha], [link_imagen], [observacion], [usuario_id], [documento_id], [estado_documento_id]) VALUES (77, CAST(N'2018-11-06T10:50:17.0880000' AS DateTime2), NULL, NULL, 1, 7, 2)
INSERT [dbo].[seguimiento_documento] ([seguimiento_documento_id], [fecha], [link_imagen], [observacion], [usuario_id], [documento_id], [estado_documento_id]) VALUES (78, CAST(N'2018-11-06T10:50:17.0890000' AS DateTime2), NULL, NULL, 1, 8, 2)
INSERT [dbo].[seguimiento_documento] ([seguimiento_documento_id], [fecha], [link_imagen], [observacion], [usuario_id], [documento_id], [estado_documento_id]) VALUES (79, CAST(N'2018-11-06T10:50:17.0890000' AS DateTime2), NULL, NULL, 1, 9, 2)
INSERT [dbo].[seguimiento_documento] ([seguimiento_documento_id], [fecha], [link_imagen], [observacion], [usuario_id], [documento_id], [estado_documento_id]) VALUES (80, CAST(N'2018-11-06T10:50:17.0900000' AS DateTime2), NULL, NULL, 1, 10, 2)
INSERT [dbo].[seguimiento_documento] ([seguimiento_documento_id], [fecha], [link_imagen], [observacion], [usuario_id], [documento_id], [estado_documento_id]) VALUES (81, CAST(N'2018-11-06T10:50:17.0900000' AS DateTime2), NULL, NULL, 1, 11, 2)
INSERT [dbo].[seguimiento_documento] ([seguimiento_documento_id], [fecha], [link_imagen], [observacion], [usuario_id], [documento_id], [estado_documento_id]) VALUES (82, CAST(N'2018-11-06T10:50:17.0900000' AS DateTime2), NULL, NULL, 1, 12, 2)
INSERT [dbo].[seguimiento_documento] ([seguimiento_documento_id], [fecha], [link_imagen], [observacion], [usuario_id], [documento_id], [estado_documento_id]) VALUES (83, CAST(N'2018-11-06T10:50:17.0910000' AS DateTime2), NULL, NULL, 1, 13, 2)
INSERT [dbo].[seguimiento_documento] ([seguimiento_documento_id], [fecha], [link_imagen], [observacion], [usuario_id], [documento_id], [estado_documento_id]) VALUES (84, CAST(N'2018-11-06T10:50:17.0920000' AS DateTime2), NULL, NULL, 1, 14, 2)
INSERT [dbo].[seguimiento_documento] ([seguimiento_documento_id], [fecha], [link_imagen], [observacion], [usuario_id], [documento_id], [estado_documento_id]) VALUES (85, CAST(N'2018-11-06T10:50:17.0940000' AS DateTime2), NULL, NULL, 1, 15, 2)
INSERT [dbo].[seguimiento_documento] ([seguimiento_documento_id], [fecha], [link_imagen], [observacion], [usuario_id], [documento_id], [estado_documento_id]) VALUES (86, CAST(N'2018-11-06T10:50:17.0950000' AS DateTime2), NULL, NULL, 1, 16, 2)
INSERT [dbo].[seguimiento_documento] ([seguimiento_documento_id], [fecha], [link_imagen], [observacion], [usuario_id], [documento_id], [estado_documento_id]) VALUES (87, CAST(N'2018-11-06T10:50:17.0960000' AS DateTime2), NULL, NULL, 1, 17, 2)
INSERT [dbo].[seguimiento_documento] ([seguimiento_documento_id], [fecha], [link_imagen], [observacion], [usuario_id], [documento_id], [estado_documento_id]) VALUES (88, CAST(N'2018-11-06T10:50:17.0980000' AS DateTime2), NULL, NULL, 1, 18, 2)
INSERT [dbo].[seguimiento_documento] ([seguimiento_documento_id], [fecha], [link_imagen], [observacion], [usuario_id], [documento_id], [estado_documento_id]) VALUES (89, CAST(N'2018-11-06T10:50:17.0980000' AS DateTime2), NULL, NULL, 1, 19, 2)
INSERT [dbo].[seguimiento_documento] ([seguimiento_documento_id], [fecha], [link_imagen], [observacion], [usuario_id], [documento_id], [estado_documento_id]) VALUES (90, CAST(N'2018-11-06T10:50:17.0990000' AS DateTime2), NULL, NULL, 1, 20, 2)
INSERT [dbo].[seguimiento_documento] ([seguimiento_documento_id], [fecha], [link_imagen], [observacion], [usuario_id], [documento_id], [estado_documento_id]) VALUES (91, CAST(N'2018-11-06T10:50:17.0990000' AS DateTime2), NULL, NULL, 1, 21, 2)
INSERT [dbo].[seguimiento_documento] ([seguimiento_documento_id], [fecha], [link_imagen], [observacion], [usuario_id], [documento_id], [estado_documento_id]) VALUES (92, CAST(N'2018-11-06T10:50:17.1000000' AS DateTime2), NULL, NULL, 1, 22, 2)
INSERT [dbo].[seguimiento_documento] ([seguimiento_documento_id], [fecha], [link_imagen], [observacion], [usuario_id], [documento_id], [estado_documento_id]) VALUES (93, CAST(N'2018-11-06T10:50:17.1000000' AS DateTime2), NULL, NULL, 1, 23, 2)
INSERT [dbo].[seguimiento_documento] ([seguimiento_documento_id], [fecha], [link_imagen], [observacion], [usuario_id], [documento_id], [estado_documento_id]) VALUES (94, CAST(N'2018-11-06T10:50:17.1000000' AS DateTime2), NULL, NULL, 1, 24, 2)
INSERT [dbo].[seguimiento_documento] ([seguimiento_documento_id], [fecha], [link_imagen], [observacion], [usuario_id], [documento_id], [estado_documento_id]) VALUES (95, CAST(N'2018-11-06T10:50:17.1010000' AS DateTime2), NULL, NULL, 1, 25, 2)
INSERT [dbo].[seguimiento_documento] ([seguimiento_documento_id], [fecha], [link_imagen], [observacion], [usuario_id], [documento_id], [estado_documento_id]) VALUES (96, CAST(N'2018-11-06T10:50:17.1010000' AS DateTime2), NULL, NULL, 1, 26, 2)
INSERT [dbo].[seguimiento_documento] ([seguimiento_documento_id], [fecha], [link_imagen], [observacion], [usuario_id], [documento_id], [estado_documento_id]) VALUES (97, CAST(N'2018-11-06T10:50:17.1020000' AS DateTime2), NULL, NULL, 1, 27, 2)
INSERT [dbo].[seguimiento_documento] ([seguimiento_documento_id], [fecha], [link_imagen], [observacion], [usuario_id], [documento_id], [estado_documento_id]) VALUES (98, CAST(N'2018-11-06T10:50:17.1020000' AS DateTime2), NULL, NULL, 1, 28, 2)
INSERT [dbo].[seguimiento_documento] ([seguimiento_documento_id], [fecha], [link_imagen], [observacion], [usuario_id], [documento_id], [estado_documento_id]) VALUES (99, CAST(N'2018-11-06T10:50:17.1030000' AS DateTime2), NULL, NULL, 1, 29, 2)
GO
INSERT [dbo].[seguimiento_documento] ([seguimiento_documento_id], [fecha], [link_imagen], [observacion], [usuario_id], [documento_id], [estado_documento_id]) VALUES (100, CAST(N'2018-11-06T10:50:17.1030000' AS DateTime2), NULL, NULL, 1, 30, 2)
INSERT [dbo].[seguimiento_documento] ([seguimiento_documento_id], [fecha], [link_imagen], [observacion], [usuario_id], [documento_id], [estado_documento_id]) VALUES (101, CAST(N'2018-11-06T10:50:17.1030000' AS DateTime2), NULL, NULL, 1, 31, 2)
INSERT [dbo].[seguimiento_documento] ([seguimiento_documento_id], [fecha], [link_imagen], [observacion], [usuario_id], [documento_id], [estado_documento_id]) VALUES (102, CAST(N'2018-11-06T10:50:17.1040000' AS DateTime2), NULL, NULL, 1, 32, 2)
INSERT [dbo].[seguimiento_documento] ([seguimiento_documento_id], [fecha], [link_imagen], [observacion], [usuario_id], [documento_id], [estado_documento_id]) VALUES (103, CAST(N'2018-11-06T10:50:17.1040000' AS DateTime2), NULL, NULL, 1, 33, 2)
INSERT [dbo].[seguimiento_documento] ([seguimiento_documento_id], [fecha], [link_imagen], [observacion], [usuario_id], [documento_id], [estado_documento_id]) VALUES (104, CAST(N'2018-11-06T10:50:17.1050000' AS DateTime2), NULL, NULL, 1, 34, 2)
INSERT [dbo].[seguimiento_documento] ([seguimiento_documento_id], [fecha], [link_imagen], [observacion], [usuario_id], [documento_id], [estado_documento_id]) VALUES (105, CAST(N'2018-11-06T10:50:17.1050000' AS DateTime2), NULL, NULL, 1, 35, 2)
INSERT [dbo].[seguimiento_documento] ([seguimiento_documento_id], [fecha], [link_imagen], [observacion], [usuario_id], [documento_id], [estado_documento_id]) VALUES (106, CAST(N'2018-11-06T10:50:17.1050000' AS DateTime2), NULL, NULL, 1, 41, 2)
INSERT [dbo].[seguimiento_documento] ([seguimiento_documento_id], [fecha], [link_imagen], [observacion], [usuario_id], [documento_id], [estado_documento_id]) VALUES (107, CAST(N'2018-11-06T10:50:17.1060000' AS DateTime2), NULL, NULL, 1, 42, 2)
INSERT [dbo].[seguimiento_documento] ([seguimiento_documento_id], [fecha], [link_imagen], [observacion], [usuario_id], [documento_id], [estado_documento_id]) VALUES (108, CAST(N'2018-11-06T10:50:17.1060000' AS DateTime2), NULL, NULL, 1, 43, 2)
INSERT [dbo].[seguimiento_documento] ([seguimiento_documento_id], [fecha], [link_imagen], [observacion], [usuario_id], [documento_id], [estado_documento_id]) VALUES (109, CAST(N'2018-11-06T10:50:17.1070000' AS DateTime2), NULL, NULL, 1, 44, 2)
INSERT [dbo].[seguimiento_documento] ([seguimiento_documento_id], [fecha], [link_imagen], [observacion], [usuario_id], [documento_id], [estado_documento_id]) VALUES (110, CAST(N'2018-11-06T10:50:17.1070000' AS DateTime2), NULL, NULL, 1, 45, 2)
INSERT [dbo].[seguimiento_documento] ([seguimiento_documento_id], [fecha], [link_imagen], [observacion], [usuario_id], [documento_id], [estado_documento_id]) VALUES (111, CAST(N'2018-11-06T10:50:17.1070000' AS DateTime2), NULL, NULL, 1, 46, 2)
INSERT [dbo].[seguimiento_documento] ([seguimiento_documento_id], [fecha], [link_imagen], [observacion], [usuario_id], [documento_id], [estado_documento_id]) VALUES (112, CAST(N'2018-11-06T10:50:17.1080000' AS DateTime2), NULL, NULL, 1, 47, 2)
INSERT [dbo].[seguimiento_documento] ([seguimiento_documento_id], [fecha], [link_imagen], [observacion], [usuario_id], [documento_id], [estado_documento_id]) VALUES (113, CAST(N'2018-11-06T10:50:17.1080000' AS DateTime2), NULL, NULL, 1, 48, 2)
INSERT [dbo].[seguimiento_documento] ([seguimiento_documento_id], [fecha], [link_imagen], [observacion], [usuario_id], [documento_id], [estado_documento_id]) VALUES (114, CAST(N'2018-11-06T10:50:17.1090000' AS DateTime2), NULL, NULL, 1, 49, 2)
INSERT [dbo].[seguimiento_documento] ([seguimiento_documento_id], [fecha], [link_imagen], [observacion], [usuario_id], [documento_id], [estado_documento_id]) VALUES (115, CAST(N'2018-11-06T10:50:17.1110000' AS DateTime2), NULL, NULL, 1, 50, 2)
INSERT [dbo].[seguimiento_documento] ([seguimiento_documento_id], [fecha], [link_imagen], [observacion], [usuario_id], [documento_id], [estado_documento_id]) VALUES (116, CAST(N'2018-11-06T10:50:17.1110000' AS DateTime2), NULL, NULL, 1, 51, 2)
INSERT [dbo].[seguimiento_documento] ([seguimiento_documento_id], [fecha], [link_imagen], [observacion], [usuario_id], [documento_id], [estado_documento_id]) VALUES (117, CAST(N'2018-11-06T10:50:17.1120000' AS DateTime2), NULL, NULL, 1, 52, 2)
INSERT [dbo].[seguimiento_documento] ([seguimiento_documento_id], [fecha], [link_imagen], [observacion], [usuario_id], [documento_id], [estado_documento_id]) VALUES (118, CAST(N'2018-11-06T10:50:17.1130000' AS DateTime2), NULL, NULL, 1, 53, 2)
INSERT [dbo].[seguimiento_documento] ([seguimiento_documento_id], [fecha], [link_imagen], [observacion], [usuario_id], [documento_id], [estado_documento_id]) VALUES (119, CAST(N'2018-11-06T10:50:17.1140000' AS DateTime2), NULL, NULL, 1, 54, 2)
INSERT [dbo].[seguimiento_documento] ([seguimiento_documento_id], [fecha], [link_imagen], [observacion], [usuario_id], [documento_id], [estado_documento_id]) VALUES (120, CAST(N'2018-11-06T10:50:17.1140000' AS DateTime2), NULL, NULL, 1, 55, 2)
INSERT [dbo].[seguimiento_documento] ([seguimiento_documento_id], [fecha], [link_imagen], [observacion], [usuario_id], [documento_id], [estado_documento_id]) VALUES (121, CAST(N'2018-11-06T10:50:17.1150000' AS DateTime2), NULL, NULL, 1, 56, 2)
INSERT [dbo].[seguimiento_documento] ([seguimiento_documento_id], [fecha], [link_imagen], [observacion], [usuario_id], [documento_id], [estado_documento_id]) VALUES (122, CAST(N'2018-11-06T10:50:17.1150000' AS DateTime2), NULL, NULL, 1, 57, 2)
INSERT [dbo].[seguimiento_documento] ([seguimiento_documento_id], [fecha], [link_imagen], [observacion], [usuario_id], [documento_id], [estado_documento_id]) VALUES (123, CAST(N'2018-11-06T10:50:17.1160000' AS DateTime2), NULL, NULL, 1, 58, 2)
INSERT [dbo].[seguimiento_documento] ([seguimiento_documento_id], [fecha], [link_imagen], [observacion], [usuario_id], [documento_id], [estado_documento_id]) VALUES (124, CAST(N'2018-11-06T10:50:17.1160000' AS DateTime2), NULL, NULL, 1, 59, 2)
INSERT [dbo].[seguimiento_documento] ([seguimiento_documento_id], [fecha], [link_imagen], [observacion], [usuario_id], [documento_id], [estado_documento_id]) VALUES (125, CAST(N'2018-11-06T10:50:17.1160000' AS DateTime2), NULL, NULL, 1, 60, 2)
INSERT [dbo].[seguimiento_documento] ([seguimiento_documento_id], [fecha], [link_imagen], [observacion], [usuario_id], [documento_id], [estado_documento_id]) VALUES (126, CAST(N'2018-11-06T10:50:17.1170000' AS DateTime2), NULL, NULL, 1, 61, 2)
INSERT [dbo].[seguimiento_documento] ([seguimiento_documento_id], [fecha], [link_imagen], [observacion], [usuario_id], [documento_id], [estado_documento_id]) VALUES (127, CAST(N'2018-11-06T10:50:17.1170000' AS DateTime2), NULL, NULL, 1, 62, 2)
INSERT [dbo].[seguimiento_documento] ([seguimiento_documento_id], [fecha], [link_imagen], [observacion], [usuario_id], [documento_id], [estado_documento_id]) VALUES (128, CAST(N'2018-11-06T10:50:17.1180000' AS DateTime2), NULL, NULL, 1, 63, 2)
INSERT [dbo].[seguimiento_documento] ([seguimiento_documento_id], [fecha], [link_imagen], [observacion], [usuario_id], [documento_id], [estado_documento_id]) VALUES (129, CAST(N'2018-11-06T10:50:17.1180000' AS DateTime2), NULL, NULL, 1, 64, 2)
INSERT [dbo].[seguimiento_documento] ([seguimiento_documento_id], [fecha], [link_imagen], [observacion], [usuario_id], [documento_id], [estado_documento_id]) VALUES (130, CAST(N'2018-11-06T10:50:17.1180000' AS DateTime2), NULL, NULL, 1, 65, 2)
INSERT [dbo].[seguimiento_documento] ([seguimiento_documento_id], [fecha], [link_imagen], [observacion], [usuario_id], [documento_id], [estado_documento_id]) VALUES (131, CAST(N'2018-11-06T10:50:17.1190000' AS DateTime2), NULL, NULL, 1, 66, 2)
INSERT [dbo].[seguimiento_documento] ([seguimiento_documento_id], [fecha], [link_imagen], [observacion], [usuario_id], [documento_id], [estado_documento_id]) VALUES (132, CAST(N'2018-11-06T10:50:17.1190000' AS DateTime2), NULL, NULL, 1, 67, 2)
INSERT [dbo].[seguimiento_documento] ([seguimiento_documento_id], [fecha], [link_imagen], [observacion], [usuario_id], [documento_id], [estado_documento_id]) VALUES (133, CAST(N'2018-11-06T10:57:58.8880000' AS DateTime2), NULL, NULL, 1, 30, 3)
INSERT [dbo].[seguimiento_documento] ([seguimiento_documento_id], [fecha], [link_imagen], [observacion], [usuario_id], [documento_id], [estado_documento_id]) VALUES (134, CAST(N'2018-11-06T10:57:58.8890000' AS DateTime2), NULL, NULL, 1, 66, 3)
INSERT [dbo].[seguimiento_documento] ([seguimiento_documento_id], [fecha], [link_imagen], [observacion], [usuario_id], [documento_id], [estado_documento_id]) VALUES (135, CAST(N'2018-11-06T10:57:58.8900000' AS DateTime2), NULL, NULL, 1, 27, 3)
INSERT [dbo].[seguimiento_documento] ([seguimiento_documento_id], [fecha], [link_imagen], [observacion], [usuario_id], [documento_id], [estado_documento_id]) VALUES (136, CAST(N'2018-11-06T10:57:58.8900000' AS DateTime2), NULL, NULL, 1, 29, 3)
INSERT [dbo].[seguimiento_documento] ([seguimiento_documento_id], [fecha], [link_imagen], [observacion], [usuario_id], [documento_id], [estado_documento_id]) VALUES (137, CAST(N'2018-11-06T10:57:58.8900000' AS DateTime2), NULL, NULL, 1, 65, 3)
INSERT [dbo].[seguimiento_documento] ([seguimiento_documento_id], [fecha], [link_imagen], [observacion], [usuario_id], [documento_id], [estado_documento_id]) VALUES (138, CAST(N'2018-11-06T10:57:58.8910000' AS DateTime2), NULL, NULL, 1, 64, 3)
INSERT [dbo].[seguimiento_documento] ([seguimiento_documento_id], [fecha], [link_imagen], [observacion], [usuario_id], [documento_id], [estado_documento_id]) VALUES (139, CAST(N'2018-11-06T10:58:02.0910000' AS DateTime2), NULL, NULL, 1, 22, 3)
INSERT [dbo].[seguimiento_documento] ([seguimiento_documento_id], [fecha], [link_imagen], [observacion], [usuario_id], [documento_id], [estado_documento_id]) VALUES (140, CAST(N'2018-11-06T10:58:02.0940000' AS DateTime2), NULL, NULL, 1, 28, 3)
INSERT [dbo].[seguimiento_documento] ([seguimiento_documento_id], [fecha], [link_imagen], [observacion], [usuario_id], [documento_id], [estado_documento_id]) VALUES (141, CAST(N'2018-11-06T10:58:02.0950000' AS DateTime2), NULL, NULL, 1, 67, 3)
INSERT [dbo].[seguimiento_documento] ([seguimiento_documento_id], [fecha], [link_imagen], [observacion], [usuario_id], [documento_id], [estado_documento_id]) VALUES (142, CAST(N'2018-11-06T10:58:02.0960000' AS DateTime2), NULL, NULL, 1, 56, 3)
INSERT [dbo].[seguimiento_documento] ([seguimiento_documento_id], [fecha], [link_imagen], [observacion], [usuario_id], [documento_id], [estado_documento_id]) VALUES (143, CAST(N'2018-11-06T10:58:02.0970000' AS DateTime2), NULL, NULL, 1, 23, 3)
INSERT [dbo].[seguimiento_documento] ([seguimiento_documento_id], [fecha], [link_imagen], [observacion], [usuario_id], [documento_id], [estado_documento_id]) VALUES (144, CAST(N'2018-11-06T10:58:02.0980000' AS DateTime2), NULL, NULL, 1, 60, 3)
INSERT [dbo].[seguimiento_documento] ([seguimiento_documento_id], [fecha], [link_imagen], [observacion], [usuario_id], [documento_id], [estado_documento_id]) VALUES (145, CAST(N'2018-11-06T10:58:04.9080000' AS DateTime2), NULL, NULL, 1, 50, 3)
INSERT [dbo].[seguimiento_documento] ([seguimiento_documento_id], [fecha], [link_imagen], [observacion], [usuario_id], [documento_id], [estado_documento_id]) VALUES (146, CAST(N'2018-11-06T10:58:04.9110000' AS DateTime2), NULL, NULL, 1, 11, 3)
INSERT [dbo].[seguimiento_documento] ([seguimiento_documento_id], [fecha], [link_imagen], [observacion], [usuario_id], [documento_id], [estado_documento_id]) VALUES (147, CAST(N'2018-11-06T10:58:04.9120000' AS DateTime2), NULL, NULL, 1, 18, 3)
INSERT [dbo].[seguimiento_documento] ([seguimiento_documento_id], [fecha], [link_imagen], [observacion], [usuario_id], [documento_id], [estado_documento_id]) VALUES (148, CAST(N'2018-11-06T10:58:04.9130000' AS DateTime2), NULL, NULL, 1, 52, 3)
INSERT [dbo].[seguimiento_documento] ([seguimiento_documento_id], [fecha], [link_imagen], [observacion], [usuario_id], [documento_id], [estado_documento_id]) VALUES (149, CAST(N'2018-11-06T10:58:04.9130000' AS DateTime2), NULL, NULL, 1, 13, 3)
INSERT [dbo].[seguimiento_documento] ([seguimiento_documento_id], [fecha], [link_imagen], [observacion], [usuario_id], [documento_id], [estado_documento_id]) VALUES (150, CAST(N'2018-11-06T10:58:04.9140000' AS DateTime2), NULL, NULL, 1, 14, 3)
INSERT [dbo].[seguimiento_documento] ([seguimiento_documento_id], [fecha], [link_imagen], [observacion], [usuario_id], [documento_id], [estado_documento_id]) VALUES (151, CAST(N'2018-11-06T10:58:06.6520000' AS DateTime2), NULL, NULL, 1, 53, 3)
INSERT [dbo].[seguimiento_documento] ([seguimiento_documento_id], [fecha], [link_imagen], [observacion], [usuario_id], [documento_id], [estado_documento_id]) VALUES (152, CAST(N'2018-11-06T10:58:06.6530000' AS DateTime2), NULL, NULL, 1, 15, 3)
INSERT [dbo].[seguimiento_documento] ([seguimiento_documento_id], [fecha], [link_imagen], [observacion], [usuario_id], [documento_id], [estado_documento_id]) VALUES (153, CAST(N'2018-11-06T10:58:06.6530000' AS DateTime2), NULL, NULL, 1, 49, 3)
INSERT [dbo].[seguimiento_documento] ([seguimiento_documento_id], [fecha], [link_imagen], [observacion], [usuario_id], [documento_id], [estado_documento_id]) VALUES (154, CAST(N'2018-11-06T10:58:08.7380000' AS DateTime2), NULL, NULL, 1, 47, 3)
INSERT [dbo].[seguimiento_documento] ([seguimiento_documento_id], [fecha], [link_imagen], [observacion], [usuario_id], [documento_id], [estado_documento_id]) VALUES (155, CAST(N'2018-11-06T10:58:08.7380000' AS DateTime2), NULL, NULL, 1, 7, 3)
INSERT [dbo].[seguimiento_documento] ([seguimiento_documento_id], [fecha], [link_imagen], [observacion], [usuario_id], [documento_id], [estado_documento_id]) VALUES (156, CAST(N'2018-11-06T10:58:08.7390000' AS DateTime2), NULL, NULL, 1, 8, 3)
INSERT [dbo].[seguimiento_documento] ([seguimiento_documento_id], [fecha], [link_imagen], [observacion], [usuario_id], [documento_id], [estado_documento_id]) VALUES (157, CAST(N'2018-11-06T10:58:08.7390000' AS DateTime2), NULL, NULL, 1, 6, 3)
INSERT [dbo].[seguimiento_documento] ([seguimiento_documento_id], [fecha], [link_imagen], [observacion], [usuario_id], [documento_id], [estado_documento_id]) VALUES (158, CAST(N'2018-11-06T10:58:08.7390000' AS DateTime2), NULL, NULL, 1, 5, 3)
INSERT [dbo].[seguimiento_documento] ([seguimiento_documento_id], [fecha], [link_imagen], [observacion], [usuario_id], [documento_id], [estado_documento_id]) VALUES (159, CAST(N'2018-11-06T10:58:08.7400000' AS DateTime2), NULL, NULL, 1, 4, 3)
INSERT [dbo].[seguimiento_documento] ([seguimiento_documento_id], [fecha], [link_imagen], [observacion], [usuario_id], [documento_id], [estado_documento_id]) VALUES (160, CAST(N'2018-11-06T10:58:11.7530000' AS DateTime2), NULL, NULL, 1, 41, 3)
INSERT [dbo].[seguimiento_documento] ([seguimiento_documento_id], [fecha], [link_imagen], [observacion], [usuario_id], [documento_id], [estado_documento_id]) VALUES (161, CAST(N'2018-11-06T10:58:11.7530000' AS DateTime2), NULL, NULL, 1, 2, 3)
INSERT [dbo].[seguimiento_documento] ([seguimiento_documento_id], [fecha], [link_imagen], [observacion], [usuario_id], [documento_id], [estado_documento_id]) VALUES (162, CAST(N'2018-11-06T10:58:11.7530000' AS DateTime2), NULL, NULL, 1, 1, 3)
INSERT [dbo].[seguimiento_documento] ([seguimiento_documento_id], [fecha], [link_imagen], [observacion], [usuario_id], [documento_id], [estado_documento_id]) VALUES (163, CAST(N'2018-11-06T10:58:13.3750000' AS DateTime2), NULL, NULL, 1, 26, 3)
INSERT [dbo].[seguimiento_documento] ([seguimiento_documento_id], [fecha], [link_imagen], [observacion], [usuario_id], [documento_id], [estado_documento_id]) VALUES (164, CAST(N'2018-11-06T10:58:13.3760000' AS DateTime2), NULL, NULL, 1, 21, 3)
INSERT [dbo].[seguimiento_documento] ([seguimiento_documento_id], [fecha], [link_imagen], [observacion], [usuario_id], [documento_id], [estado_documento_id]) VALUES (165, CAST(N'2018-11-06T10:58:13.3770000' AS DateTime2), NULL, NULL, 1, 55, 3)
INSERT [dbo].[seguimiento_documento] ([seguimiento_documento_id], [fecha], [link_imagen], [observacion], [usuario_id], [documento_id], [estado_documento_id]) VALUES (166, CAST(N'2018-11-06T10:58:13.3780000' AS DateTime2), NULL, NULL, 1, 58, 3)
INSERT [dbo].[seguimiento_documento] ([seguimiento_documento_id], [fecha], [link_imagen], [observacion], [usuario_id], [documento_id], [estado_documento_id]) VALUES (167, CAST(N'2018-11-06T10:58:13.3790000' AS DateTime2), NULL, NULL, 1, 61, 3)
INSERT [dbo].[seguimiento_documento] ([seguimiento_documento_id], [fecha], [link_imagen], [observacion], [usuario_id], [documento_id], [estado_documento_id]) VALUES (168, CAST(N'2018-11-06T10:58:13.3800000' AS DateTime2), NULL, NULL, 1, 33, 3)
INSERT [dbo].[seguimiento_documento] ([seguimiento_documento_id], [fecha], [link_imagen], [observacion], [usuario_id], [documento_id], [estado_documento_id]) VALUES (169, CAST(N'2018-11-06T10:58:15.2030000' AS DateTime2), NULL, NULL, 1, 20, 3)
INSERT [dbo].[seguimiento_documento] ([seguimiento_documento_id], [fecha], [link_imagen], [observacion], [usuario_id], [documento_id], [estado_documento_id]) VALUES (170, CAST(N'2018-11-06T10:58:15.2030000' AS DateTime2), NULL, NULL, 1, 25, 3)
INSERT [dbo].[seguimiento_documento] ([seguimiento_documento_id], [fecha], [link_imagen], [observacion], [usuario_id], [documento_id], [estado_documento_id]) VALUES (171, CAST(N'2018-11-06T10:58:15.2030000' AS DateTime2), NULL, NULL, 1, 35, 3)
INSERT [dbo].[seguimiento_documento] ([seguimiento_documento_id], [fecha], [link_imagen], [observacion], [usuario_id], [documento_id], [estado_documento_id]) VALUES (172, CAST(N'2018-11-06T10:58:15.2040000' AS DateTime2), NULL, NULL, 1, 19, 3)
INSERT [dbo].[seguimiento_documento] ([seguimiento_documento_id], [fecha], [link_imagen], [observacion], [usuario_id], [documento_id], [estado_documento_id]) VALUES (173, CAST(N'2018-11-06T10:58:15.2040000' AS DateTime2), NULL, NULL, 1, 59, 3)
INSERT [dbo].[seguimiento_documento] ([seguimiento_documento_id], [fecha], [link_imagen], [observacion], [usuario_id], [documento_id], [estado_documento_id]) VALUES (174, CAST(N'2018-11-06T10:58:15.2040000' AS DateTime2), NULL, NULL, 1, 63, 3)
INSERT [dbo].[seguimiento_documento] ([seguimiento_documento_id], [fecha], [link_imagen], [observacion], [usuario_id], [documento_id], [estado_documento_id]) VALUES (175, CAST(N'2018-11-06T10:58:17.2400000' AS DateTime2), NULL, NULL, 1, 51, 3)
INSERT [dbo].[seguimiento_documento] ([seguimiento_documento_id], [fecha], [link_imagen], [observacion], [usuario_id], [documento_id], [estado_documento_id]) VALUES (176, CAST(N'2018-11-06T10:58:17.2410000' AS DateTime2), NULL, NULL, 1, 17, 3)
INSERT [dbo].[seguimiento_documento] ([seguimiento_documento_id], [fecha], [link_imagen], [observacion], [usuario_id], [documento_id], [estado_documento_id]) VALUES (177, CAST(N'2018-11-06T10:58:17.2410000' AS DateTime2), NULL, NULL, 1, 10, 3)
INSERT [dbo].[seguimiento_documento] ([seguimiento_documento_id], [fecha], [link_imagen], [observacion], [usuario_id], [documento_id], [estado_documento_id]) VALUES (178, CAST(N'2018-11-06T10:58:17.2410000' AS DateTime2), NULL, NULL, 1, 16, 3)
INSERT [dbo].[seguimiento_documento] ([seguimiento_documento_id], [fecha], [link_imagen], [observacion], [usuario_id], [documento_id], [estado_documento_id]) VALUES (179, CAST(N'2018-11-06T10:58:17.2420000' AS DateTime2), NULL, NULL, 1, 12, 3)
INSERT [dbo].[seguimiento_documento] ([seguimiento_documento_id], [fecha], [link_imagen], [observacion], [usuario_id], [documento_id], [estado_documento_id]) VALUES (180, CAST(N'2018-11-06T10:58:17.2430000' AS DateTime2), NULL, NULL, 1, 48, 3)
INSERT [dbo].[seguimiento_documento] ([seguimiento_documento_id], [fecha], [link_imagen], [observacion], [usuario_id], [documento_id], [estado_documento_id]) VALUES (181, CAST(N'2018-11-06T10:58:19.8880000' AS DateTime2), NULL, NULL, 1, 45, 3)
INSERT [dbo].[seguimiento_documento] ([seguimiento_documento_id], [fecha], [link_imagen], [observacion], [usuario_id], [documento_id], [estado_documento_id]) VALUES (182, CAST(N'2018-11-06T10:58:19.8880000' AS DateTime2), NULL, NULL, 1, 43, 3)
INSERT [dbo].[seguimiento_documento] ([seguimiento_documento_id], [fecha], [link_imagen], [observacion], [usuario_id], [documento_id], [estado_documento_id]) VALUES (183, CAST(N'2018-11-06T10:58:19.8890000' AS DateTime2), NULL, NULL, 1, 9, 3)
INSERT [dbo].[seguimiento_documento] ([seguimiento_documento_id], [fecha], [link_imagen], [observacion], [usuario_id], [documento_id], [estado_documento_id]) VALUES (184, CAST(N'2018-11-06T10:58:19.8890000' AS DateTime2), NULL, NULL, 1, 44, 3)
INSERT [dbo].[seguimiento_documento] ([seguimiento_documento_id], [fecha], [link_imagen], [observacion], [usuario_id], [documento_id], [estado_documento_id]) VALUES (185, CAST(N'2018-11-06T10:58:19.8890000' AS DateTime2), NULL, NULL, 1, 46, 3)
INSERT [dbo].[seguimiento_documento] ([seguimiento_documento_id], [fecha], [link_imagen], [observacion], [usuario_id], [documento_id], [estado_documento_id]) VALUES (186, CAST(N'2018-11-06T10:58:21.7910000' AS DateTime2), NULL, NULL, 1, 3, 3)
INSERT [dbo].[seguimiento_documento] ([seguimiento_documento_id], [fecha], [link_imagen], [observacion], [usuario_id], [documento_id], [estado_documento_id]) VALUES (187, CAST(N'2018-11-06T10:58:21.7910000' AS DateTime2), NULL, NULL, 1, 42, 3)
INSERT [dbo].[seguimiento_documento] ([seguimiento_documento_id], [fecha], [link_imagen], [observacion], [usuario_id], [documento_id], [estado_documento_id]) VALUES (188, CAST(N'2018-11-08T00:00:00.0000000' AS DateTime2), N'https://www.google.com.pe/search?q=luffy&source=lnms&tbm=isch&sa=X&ved=0ahUKEwips7OKyaLeAhXK0VMKHez1BvcQ_AUIDigB#imgrc=sar2QsExsmA1uM:', N'', 1, 27, 4)
INSERT [dbo].[seguimiento_documento] ([seguimiento_documento_id], [fecha], [link_imagen], [observacion], [usuario_id], [documento_id], [estado_documento_id]) VALUES (189, CAST(N'2018-11-08T00:00:00.0000000' AS DateTime2), N'https://www.google.com.pe/search?q=luffy&source=lnms&tbm=isch&sa=X&ved=0ahUKEwips7OKyaLeAhXK0VMKHez1BvcQ_AUIDigB#imgrc=sar2QsExsmA1uM:', N'Se mudó', 1, 29, 5)
INSERT [dbo].[seguimiento_documento] ([seguimiento_documento_id], [fecha], [link_imagen], [observacion], [usuario_id], [documento_id], [estado_documento_id]) VALUES (190, CAST(N'2018-11-08T00:00:00.0000000' AS DateTime2), N'https://www.google.com.pe/search?q=luffy&source=lnms&tbm=isch&sa=X&ved=0ahUKEwips7OKyaLeAhXK0VMKHez1BvcQ_AUIDigB#imgrc=sar2QsExsmA1uM:', N'', 1, 30, 4)
INSERT [dbo].[seguimiento_documento] ([seguimiento_documento_id], [fecha], [link_imagen], [observacion], [usuario_id], [documento_id], [estado_documento_id]) VALUES (191, CAST(N'2018-11-13T00:00:00.0000000' AS DateTime2), N'https://www.google.com.pe/search?q=luffy&source=lnms&tbm=isch&sa=X&ved=0ahUKEwips7OKyaLeAhXK0VMKHez1BvcQ_AUIDigB#imgrc=sar2QsExsmA1uM:', N'', 1, 64, 4)
INSERT [dbo].[seguimiento_documento] ([seguimiento_documento_id], [fecha], [link_imagen], [observacion], [usuario_id], [documento_id], [estado_documento_id]) VALUES (192, CAST(N'2018-11-08T00:00:00.0000000' AS DateTime2), N'', N'', 1, 65, 7)
INSERT [dbo].[seguimiento_documento] ([seguimiento_documento_id], [fecha], [link_imagen], [observacion], [usuario_id], [documento_id], [estado_documento_id]) VALUES (193, CAST(N'2018-11-08T00:00:00.0000000' AS DateTime2), N'https://www.google.com.pe/search?q=luffy&source=lnms&tbm=isch&sa=X&ved=0ahUKEwips7OKyaLeAhXK0VMKHez1BvcQ_AUIDigB#imgrc=sar2QsExsmA1uM:', N'', 1, 66, 4)
INSERT [dbo].[seguimiento_documento] ([seguimiento_documento_id], [fecha], [link_imagen], [observacion], [usuario_id], [documento_id], [estado_documento_id]) VALUES (194, CAST(N'2018-11-09T00:00:00.0000000' AS DateTime2), N'https://www.google.com.pe/search?q=luffy&source=lnms&tbm=isch&sa=X&ved=0ahUKEwips7OKyaLeAhXK0VMKHez1BvcQ_AUIDigB#imgrc=sar2QsExsmA1uM:', N'', 1, 22, 4)
INSERT [dbo].[seguimiento_documento] ([seguimiento_documento_id], [fecha], [link_imagen], [observacion], [usuario_id], [documento_id], [estado_documento_id]) VALUES (195, CAST(N'2018-11-09T00:00:00.0000000' AS DateTime2), N'https://www.google.com.pe/search?q=luffy&source=lnms&tbm=isch&sa=X&ved=0ahUKEwips7OKyaLeAhXK0VMKHez1BvcQ_AUIDigB#imgrc=sar2QsExsmA1uM:', N'', 1, 23, 4)
INSERT [dbo].[seguimiento_documento] ([seguimiento_documento_id], [fecha], [link_imagen], [observacion], [usuario_id], [documento_id], [estado_documento_id]) VALUES (196, CAST(N'2018-11-13T00:00:00.0000000' AS DateTime2), N'https://www.google.com.pe/search?q=luffy&source=lnms&tbm=isch&sa=X&ved=0ahUKEwips7OKyaLeAhXK0VMKHez1BvcQ_AUIDigB#imgrc=sar2QsExsmA1uM:', N'', 1, 28, 4)
INSERT [dbo].[seguimiento_documento] ([seguimiento_documento_id], [fecha], [link_imagen], [observacion], [usuario_id], [documento_id], [estado_documento_id]) VALUES (197, CAST(N'2018-11-09T00:00:00.0000000' AS DateTime2), N'https://www.google.com.pe/search?q=luffy&source=lnms&tbm=isch&sa=X&ved=0ahUKEwips7OKyaLeAhXK0VMKHez1BvcQ_AUIDigB#imgrc=sar2QsExsmA1uM:', N'', 1, 56, 4)
INSERT [dbo].[seguimiento_documento] ([seguimiento_documento_id], [fecha], [link_imagen], [observacion], [usuario_id], [documento_id], [estado_documento_id]) VALUES (198, CAST(N'2018-11-08T00:00:00.0000000' AS DateTime2), N'https://www.google.com.pe/search?q=luffy&source=lnms&tbm=isch&sa=X&ved=0ahUKEwips7OKyaLeAhXK0VMKHez1BvcQ_AUIDigB#imgrc=sar2QsExsmA1uM:', N'No vive ahí', 1, 60, 5)
INSERT [dbo].[seguimiento_documento] ([seguimiento_documento_id], [fecha], [link_imagen], [observacion], [usuario_id], [documento_id], [estado_documento_id]) VALUES (199, CAST(N'2018-11-08T00:00:00.0000000' AS DateTime2), N'', N'', 1, 67, 6)
GO
INSERT [dbo].[seguimiento_documento] ([seguimiento_documento_id], [fecha], [link_imagen], [observacion], [usuario_id], [documento_id], [estado_documento_id]) VALUES (200, CAST(N'2018-11-13T00:00:00.0000000' AS DateTime2), N'https://www.google.com.pe/search?q=luffy&source=lnms&tbm=isch&sa=X&ved=0ahUKEwips7OKyaLeAhXK0VMKHez1BvcQ_AUIDigB#imgrc=sar2QsExsmA1uM:', N'', 1, 11, 4)
INSERT [dbo].[seguimiento_documento] ([seguimiento_documento_id], [fecha], [link_imagen], [observacion], [usuario_id], [documento_id], [estado_documento_id]) VALUES (201, CAST(N'2018-11-08T00:00:00.0000000' AS DateTime2), N'https://www.google.com.pe/search?q=luffy&source=lnms&tbm=isch&sa=X&ved=0ahUKEwips7OKyaLeAhXK0VMKHez1BvcQ_AUIDigB#imgrc=sar2QsExsmA1uM:', N'No se encontró', 1, 13, 5)
INSERT [dbo].[seguimiento_documento] ([seguimiento_documento_id], [fecha], [link_imagen], [observacion], [usuario_id], [documento_id], [estado_documento_id]) VALUES (202, CAST(N'2018-11-08T00:00:00.0000000' AS DateTime2), N'https://www.google.com.pe/search?q=luffy&source=lnms&tbm=isch&sa=X&ved=0ahUKEwips7OKyaLeAhXK0VMKHez1BvcQ_AUIDigB#imgrc=sar2QsExsmA1uM:', N'', 1, 14, 4)
INSERT [dbo].[seguimiento_documento] ([seguimiento_documento_id], [fecha], [link_imagen], [observacion], [usuario_id], [documento_id], [estado_documento_id]) VALUES (203, CAST(N'2018-11-08T00:00:00.0000000' AS DateTime2), N'https://www.google.com.pe/search?q=luffy&source=lnms&tbm=isch&sa=X&ved=0ahUKEwips7OKyaLeAhXK0VMKHez1BvcQ_AUIDigB#imgrc=sar2QsExsmA1uM:', N'', 1, 18, 4)
INSERT [dbo].[seguimiento_documento] ([seguimiento_documento_id], [fecha], [link_imagen], [observacion], [usuario_id], [documento_id], [estado_documento_id]) VALUES (204, CAST(N'2018-11-08T00:00:00.0000000' AS DateTime2), N'https://www.google.com.pe/search?q=luffy&source=lnms&tbm=isch&sa=X&ved=0ahUKEwips7OKyaLeAhXK0VMKHez1BvcQ_AUIDigB#imgrc=sar2QsExsmA1uM:', N'', 1, 50, 4)
INSERT [dbo].[seguimiento_documento] ([seguimiento_documento_id], [fecha], [link_imagen], [observacion], [usuario_id], [documento_id], [estado_documento_id]) VALUES (205, CAST(N'2018-11-08T00:00:00.0000000' AS DateTime2), N'https://www.google.com.pe/search?q=luffy&source=lnms&tbm=isch&sa=X&ved=0ahUKEwips7OKyaLeAhXK0VMKHez1BvcQ_AUIDigB#imgrc=sar2QsExsmA1uM:', N'', 1, 52, 4)
INSERT [dbo].[seguimiento_documento] ([seguimiento_documento_id], [fecha], [link_imagen], [observacion], [usuario_id], [documento_id], [estado_documento_id]) VALUES (206, CAST(N'2018-11-13T00:00:00.0000000' AS DateTime2), N'https://www.google.com.pe/search?q=luffy&source=lnms&tbm=isch&sa=X&ved=0ahUKEwips7OKyaLeAhXK0VMKHez1BvcQ_AUIDigB#imgrc=sar2QsExsmA1uM:', N'', 1, 15, 4)
INSERT [dbo].[seguimiento_documento] ([seguimiento_documento_id], [fecha], [link_imagen], [observacion], [usuario_id], [documento_id], [estado_documento_id]) VALUES (207, CAST(N'2018-11-08T00:00:00.0000000' AS DateTime2), N'https://www.google.com.pe/search?q=luffy&source=lnms&tbm=isch&sa=X&ved=0ahUKEwips7OKyaLeAhXK0VMKHez1BvcQ_AUIDigB#imgrc=sar2QsExsmA1uM:', N'', 1, 49, 4)
INSERT [dbo].[seguimiento_documento] ([seguimiento_documento_id], [fecha], [link_imagen], [observacion], [usuario_id], [documento_id], [estado_documento_id]) VALUES (208, CAST(N'2018-11-08T00:00:00.0000000' AS DateTime2), N'https://www.google.com.pe/search?q=luffy&source=lnms&tbm=isch&sa=X&ved=0ahUKEwips7OKyaLeAhXK0VMKHez1BvcQ_AUIDigB#imgrc=sar2QsExsmA1uM:', N'', 1, 53, 4)
INSERT [dbo].[seguimiento_documento] ([seguimiento_documento_id], [fecha], [link_imagen], [observacion], [usuario_id], [documento_id], [estado_documento_id]) VALUES (209, CAST(N'2018-11-08T00:00:00.0000000' AS DateTime2), N'https://www.google.com.pe/search?q=luffy&source=lnms&tbm=isch&sa=X&ved=0ahUKEwips7OKyaLeAhXK0VMKHez1BvcQ_AUIDigB#imgrc=sar2QsExsmA1uM:', N'', 1, 4, 4)
INSERT [dbo].[seguimiento_documento] ([seguimiento_documento_id], [fecha], [link_imagen], [observacion], [usuario_id], [documento_id], [estado_documento_id]) VALUES (210, CAST(N'2018-11-08T00:00:00.0000000' AS DateTime2), N'', N'', 1, 5, 6)
INSERT [dbo].[seguimiento_documento] ([seguimiento_documento_id], [fecha], [link_imagen], [observacion], [usuario_id], [documento_id], [estado_documento_id]) VALUES (211, CAST(N'2018-11-08T00:00:00.0000000' AS DateTime2), N'https://www.google.com.pe/search?q=luffy&source=lnms&tbm=isch&sa=X&ved=0ahUKEwips7OKyaLeAhXK0VMKHez1BvcQ_AUIDigB#imgrc=sar2QsExsmA1uM:', N'', 1, 6, 4)
INSERT [dbo].[seguimiento_documento] ([seguimiento_documento_id], [fecha], [link_imagen], [observacion], [usuario_id], [documento_id], [estado_documento_id]) VALUES (212, CAST(N'2018-11-14T00:00:00.0000000' AS DateTime2), N'https://www.google.com.pe/search?q=luffy&source=lnms&tbm=isch&sa=X&ved=0ahUKEwips7OKyaLeAhXK0VMKHez1BvcQ_AUIDigB#imgrc=sar2QsExsmA1uM:', N'', 1, 7, 4)
INSERT [dbo].[seguimiento_documento] ([seguimiento_documento_id], [fecha], [link_imagen], [observacion], [usuario_id], [documento_id], [estado_documento_id]) VALUES (213, CAST(N'2018-11-08T00:00:00.0000000' AS DateTime2), N'https://www.google.com.pe/search?q=luffy&source=lnms&tbm=isch&sa=X&ved=0ahUKEwips7OKyaLeAhXK0VMKHez1BvcQ_AUIDigB#imgrc=sar2QsExsmA1uM:', N'', 1, 8, 4)
INSERT [dbo].[seguimiento_documento] ([seguimiento_documento_id], [fecha], [link_imagen], [observacion], [usuario_id], [documento_id], [estado_documento_id]) VALUES (214, CAST(N'2018-11-08T00:00:00.0000000' AS DateTime2), N'https://www.google.com.pe/search?q=luffy&source=lnms&tbm=isch&sa=X&ved=0ahUKEwips7OKyaLeAhXK0VMKHez1BvcQ_AUIDigB#imgrc=sar2QsExsmA1uM:', N'', 1, 47, 4)
INSERT [dbo].[seguimiento_documento] ([seguimiento_documento_id], [fecha], [link_imagen], [observacion], [usuario_id], [documento_id], [estado_documento_id]) VALUES (215, CAST(N'2018-11-09T00:00:00.0000000' AS DateTime2), N'https://www.google.com.pe/search?q=luffy&source=lnms&tbm=isch&sa=X&ved=0ahUKEwips7OKyaLeAhXK0VMKHez1BvcQ_AUIDigB#imgrc=sar2QsExsmA1uM:', N'', 1, 1, 4)
INSERT [dbo].[seguimiento_documento] ([seguimiento_documento_id], [fecha], [link_imagen], [observacion], [usuario_id], [documento_id], [estado_documento_id]) VALUES (216, CAST(N'2018-11-07T00:00:00.0000000' AS DateTime2), N'https://www.google.com.pe/search?q=luffy&source=lnms&tbm=isch&sa=X&ved=0ahUKEwips7OKyaLeAhXK0VMKHez1BvcQ_AUIDigB#imgrc=sar2QsExsmA1uM:', N'', 1, 2, 4)
INSERT [dbo].[seguimiento_documento] ([seguimiento_documento_id], [fecha], [link_imagen], [observacion], [usuario_id], [documento_id], [estado_documento_id]) VALUES (217, CAST(N'2018-11-07T00:00:00.0000000' AS DateTime2), N'https://www.google.com.pe/search?q=luffy&source=lnms&tbm=isch&sa=X&ved=0ahUKEwips7OKyaLeAhXK0VMKHez1BvcQ_AUIDigB#imgrc=sar2QsExsmA1uM:', N'', 1, 41, 4)
INSERT [dbo].[seguimiento_documento] ([seguimiento_documento_id], [fecha], [link_imagen], [observacion], [usuario_id], [documento_id], [estado_documento_id]) VALUES (218, CAST(N'2018-11-08T00:00:00.0000000' AS DateTime2), N'https://www.google.com.pe/search?q=luffy&source=lnms&tbm=isch&sa=X&ved=0ahUKEwips7OKyaLeAhXK0VMKHez1BvcQ_AUIDigB#imgrc=sar2QsExsmA1uM:', N'', 1, 21, 4)
INSERT [dbo].[seguimiento_documento] ([seguimiento_documento_id], [fecha], [link_imagen], [observacion], [usuario_id], [documento_id], [estado_documento_id]) VALUES (219, CAST(N'2018-11-08T00:00:00.0000000' AS DateTime2), N'', N'', 1, 26, 6)
INSERT [dbo].[seguimiento_documento] ([seguimiento_documento_id], [fecha], [link_imagen], [observacion], [usuario_id], [documento_id], [estado_documento_id]) VALUES (220, CAST(N'2018-11-20T00:00:00.0000000' AS DateTime2), N'https://www.google.com.pe/search?q=luffy&source=lnms&tbm=isch&sa=X&ved=0ahUKEwips7OKyaLeAhXK0VMKHez1BvcQ_AUIDigB#imgrc=sar2QsExsmA1uM:', N'', 1, 33, 4)
INSERT [dbo].[seguimiento_documento] ([seguimiento_documento_id], [fecha], [link_imagen], [observacion], [usuario_id], [documento_id], [estado_documento_id]) VALUES (221, CAST(N'2018-11-20T00:00:00.0000000' AS DateTime2), N'https://www.google.com.pe/search?q=luffy&source=lnms&tbm=isch&sa=X&ved=0ahUKEwips7OKyaLeAhXK0VMKHez1BvcQ_AUIDigB#imgrc=sar2QsExsmA1uM:', N'', 1, 55, 4)
INSERT [dbo].[seguimiento_documento] ([seguimiento_documento_id], [fecha], [link_imagen], [observacion], [usuario_id], [documento_id], [estado_documento_id]) VALUES (222, CAST(N'2018-11-08T00:00:00.0000000' AS DateTime2), N'https://www.google.com.pe/search?q=luffy&source=lnms&tbm=isch&sa=X&ved=0ahUKEwips7OKyaLeAhXK0VMKHez1BvcQ_AUIDigB#imgrc=sar2QsExsmA1uM:', N'No vive en casa', 1, 58, 5)
INSERT [dbo].[seguimiento_documento] ([seguimiento_documento_id], [fecha], [link_imagen], [observacion], [usuario_id], [documento_id], [estado_documento_id]) VALUES (223, CAST(N'2018-11-08T00:00:00.0000000' AS DateTime2), N'https://www.google.com.pe/search?q=luffy&source=lnms&tbm=isch&sa=X&ved=0ahUKEwips7OKyaLeAhXK0VMKHez1BvcQ_AUIDigB#imgrc=sar2QsExsmA1uM:', N'', 1, 61, 4)
INSERT [dbo].[seguimiento_documento] ([seguimiento_documento_id], [fecha], [link_imagen], [observacion], [usuario_id], [documento_id], [estado_documento_id]) VALUES (224, CAST(N'2018-11-08T00:00:00.0000000' AS DateTime2), N'', N'', 1, 19, 7)
INSERT [dbo].[seguimiento_documento] ([seguimiento_documento_id], [fecha], [link_imagen], [observacion], [usuario_id], [documento_id], [estado_documento_id]) VALUES (225, CAST(N'2018-11-08T00:00:00.0000000' AS DateTime2), N'https://www.google.com.pe/search?q=luffy&source=lnms&tbm=isch&sa=X&ved=0ahUKEwips7OKyaLeAhXK0VMKHez1BvcQ_AUIDigB#imgrc=sar2QsExsmA1uM:', N'Se mudó', 1, 20, 5)
INSERT [dbo].[seguimiento_documento] ([seguimiento_documento_id], [fecha], [link_imagen], [observacion], [usuario_id], [documento_id], [estado_documento_id]) VALUES (226, CAST(N'2018-11-09T00:00:00.0000000' AS DateTime2), N'https://www.google.com.pe/search?q=luffy&source=lnms&tbm=isch&sa=X&ved=0ahUKEwips7OKyaLeAhXK0VMKHez1BvcQ_AUIDigB#imgrc=sar2QsExsmA1uM:', N'', 1, 25, 4)
INSERT [dbo].[seguimiento_documento] ([seguimiento_documento_id], [fecha], [link_imagen], [observacion], [usuario_id], [documento_id], [estado_documento_id]) VALUES (227, CAST(N'2018-11-20T00:00:00.0000000' AS DateTime2), N'https://www.google.com.pe/search?q=luffy&source=lnms&tbm=isch&sa=X&ved=0ahUKEwips7OKyaLeAhXK0VMKHez1BvcQ_AUIDigB#imgrc=sar2QsExsmA1uM:', N'', 1, 35, 4)
INSERT [dbo].[seguimiento_documento] ([seguimiento_documento_id], [fecha], [link_imagen], [observacion], [usuario_id], [documento_id], [estado_documento_id]) VALUES (228, CAST(N'2018-11-09T00:00:00.0000000' AS DateTime2), N'https://www.google.com.pe/search?q=luffy&source=lnms&tbm=isch&sa=X&ved=0ahUKEwips7OKyaLeAhXK0VMKHez1BvcQ_AUIDigB#imgrc=sar2QsExsmA1uM:', N'', 1, 59, 4)
INSERT [dbo].[seguimiento_documento] ([seguimiento_documento_id], [fecha], [link_imagen], [observacion], [usuario_id], [documento_id], [estado_documento_id]) VALUES (229, CAST(N'2018-11-19T00:00:00.0000000' AS DateTime2), N'https://www.google.com.pe/search?q=luffy&source=lnms&tbm=isch&sa=X&ved=0ahUKEwips7OKyaLeAhXK0VMKHez1BvcQ_AUIDigB#imgrc=sar2QsExsmA1uM:', N'', 1, 63, 4)
INSERT [dbo].[seguimiento_documento] ([seguimiento_documento_id], [fecha], [link_imagen], [observacion], [usuario_id], [documento_id], [estado_documento_id]) VALUES (230, CAST(N'2018-11-08T00:00:00.0000000' AS DateTime2), N'https://www.google.com.pe/search?q=luffy&source=lnms&tbm=isch&sa=X&ved=0ahUKEwips7OKyaLeAhXK0VMKHez1BvcQ_AUIDigB#imgrc=sar2QsExsmA1uM:', N'No se encontraba', 1, 10, 5)
INSERT [dbo].[seguimiento_documento] ([seguimiento_documento_id], [fecha], [link_imagen], [observacion], [usuario_id], [documento_id], [estado_documento_id]) VALUES (231, CAST(N'2018-11-22T00:00:00.0000000' AS DateTime2), N'https://www.google.com.pe/search?q=luffy&source=lnms&tbm=isch&sa=X&ved=0ahUKEwips7OKyaLeAhXK0VMKHez1BvcQ_AUIDigB#imgrc=sar2QsExsmA1uM:', N'', 1, 12, 4)
INSERT [dbo].[seguimiento_documento] ([seguimiento_documento_id], [fecha], [link_imagen], [observacion], [usuario_id], [documento_id], [estado_documento_id]) VALUES (232, CAST(N'2018-11-08T00:00:00.0000000' AS DateTime2), N'https://www.google.com.pe/search?q=luffy&source=lnms&tbm=isch&sa=X&ved=0ahUKEwips7OKyaLeAhXK0VMKHez1BvcQ_AUIDigB#imgrc=sar2QsExsmA1uM:', N'', 1, 16, 4)
INSERT [dbo].[seguimiento_documento] ([seguimiento_documento_id], [fecha], [link_imagen], [observacion], [usuario_id], [documento_id], [estado_documento_id]) VALUES (233, CAST(N'2018-11-08T00:00:00.0000000' AS DateTime2), N'', N'', 1, 17, 6)
INSERT [dbo].[seguimiento_documento] ([seguimiento_documento_id], [fecha], [link_imagen], [observacion], [usuario_id], [documento_id], [estado_documento_id]) VALUES (234, CAST(N'2018-11-07T00:00:00.0000000' AS DateTime2), N'https://www.google.com.pe/search?q=luffy&source=lnms&tbm=isch&sa=X&ved=0ahUKEwips7OKyaLeAhXK0VMKHez1BvcQ_AUIDigB#imgrc=sar2QsExsmA1uM:', N'', 1, 48, 4)
INSERT [dbo].[seguimiento_documento] ([seguimiento_documento_id], [fecha], [link_imagen], [observacion], [usuario_id], [documento_id], [estado_documento_id]) VALUES (235, CAST(N'2018-11-20T00:00:00.0000000' AS DateTime2), N'https://www.google.com.pe/search?q=luffy&source=lnms&tbm=isch&sa=X&ved=0ahUKEwips7OKyaLeAhXK0VMKHez1BvcQ_AUIDigB#imgrc=sar2QsExsmA1uM:', N'', 1, 51, 4)
INSERT [dbo].[seguimiento_documento] ([seguimiento_documento_id], [fecha], [link_imagen], [observacion], [usuario_id], [documento_id], [estado_documento_id]) VALUES (236, CAST(N'2018-11-08T00:00:00.0000000' AS DateTime2), N'https://www.google.com.pe/search?q=luffy&source=lnms&tbm=isch&sa=X&ved=0ahUKEwips7OKyaLeAhXK0VMKHez1BvcQ_AUIDigB#imgrc=sar2QsExsmA1uM:', N'', 1, 9, 4)
INSERT [dbo].[seguimiento_documento] ([seguimiento_documento_id], [fecha], [link_imagen], [observacion], [usuario_id], [documento_id], [estado_documento_id]) VALUES (237, CAST(N'2018-11-12T00:00:00.0000000' AS DateTime2), N'https://www.google.com.pe/search?q=luffy&source=lnms&tbm=isch&sa=X&ved=0ahUKEwips7OKyaLeAhXK0VMKHez1BvcQ_AUIDigB#imgrc=sar2QsExsmA1uM:', N'', 1, 43, 4)
INSERT [dbo].[seguimiento_documento] ([seguimiento_documento_id], [fecha], [link_imagen], [observacion], [usuario_id], [documento_id], [estado_documento_id]) VALUES (238, CAST(N'2018-11-12T00:00:00.0000000' AS DateTime2), N'https://www.google.com.pe/search?q=luffy&source=lnms&tbm=isch&sa=X&ved=0ahUKEwips7OKyaLeAhXK0VMKHez1BvcQ_AUIDigB#imgrc=sar2QsExsmA1uM:', N'', 1, 44, 4)
INSERT [dbo].[seguimiento_documento] ([seguimiento_documento_id], [fecha], [link_imagen], [observacion], [usuario_id], [documento_id], [estado_documento_id]) VALUES (239, CAST(N'2018-11-08T00:00:00.0000000' AS DateTime2), N'', N'', 1, 45, 7)
INSERT [dbo].[seguimiento_documento] ([seguimiento_documento_id], [fecha], [link_imagen], [observacion], [usuario_id], [documento_id], [estado_documento_id]) VALUES (240, CAST(N'2018-11-08T00:00:00.0000000' AS DateTime2), N'https://www.google.com.pe/search?q=luffy&source=lnms&tbm=isch&sa=X&ved=0ahUKEwips7OKyaLeAhXK0VMKHez1BvcQ_AUIDigB#imgrc=sar2QsExsmA1uM:', N'', 1, 46, 4)
INSERT [dbo].[seguimiento_documento] ([seguimiento_documento_id], [fecha], [link_imagen], [observacion], [usuario_id], [documento_id], [estado_documento_id]) VALUES (241, CAST(N'2018-11-07T00:00:00.0000000' AS DateTime2), N'https://www.google.com.pe/search?q=luffy&source=lnms&tbm=isch&sa=X&ved=0ahUKEwips7OKyaLeAhXK0VMKHez1BvcQ_AUIDigB#imgrc=sar2QsExsmA1uM:', N'', 1, 3, 4)
INSERT [dbo].[seguimiento_documento] ([seguimiento_documento_id], [fecha], [link_imagen], [observacion], [usuario_id], [documento_id], [estado_documento_id]) VALUES (242, CAST(N'2018-11-07T00:00:00.0000000' AS DateTime2), N'https://www.google.com.pe/search?q=luffy&source=lnms&tbm=isch&sa=X&ved=0ahUKEwips7OKyaLeAhXK0VMKHez1BvcQ_AUIDigB#imgrc=sar2QsExsmA1uM:', N'', 1, 42, 4)
INSERT [dbo].[seguimiento_documento] ([seguimiento_documento_id], [fecha], [link_imagen], [observacion], [usuario_id], [documento_id], [estado_documento_id]) VALUES (243, CAST(N'2018-11-09T00:00:00.0000000' AS DateTime2), N'https://www.google.com.pe/search?q=luffy&source=lnms&tbm=isch&sa=X&ved=0ahUKEwips7OKyaLeAhXK0VMKHez1BvcQ_AUIDigB#imgrc=sar2QsExsmA1uM:', N'Cargo Recibido', 1, 1, 4)
INSERT [dbo].[seguimiento_documento] ([seguimiento_documento_id], [fecha], [link_imagen], [observacion], [usuario_id], [documento_id], [estado_documento_id]) VALUES (244, CAST(N'2018-11-07T00:00:00.0000000' AS DateTime2), N'https://www.google.com.pe/search?q=luffy&source=lnms&tbm=isch&sa=X&ved=0ahUKEwips7OKyaLeAhXK0VMKHez1BvcQ_AUIDigB#imgrc=sar2QsExsmA1uM:', N'Cargo Recibido', 1, 2, 4)
INSERT [dbo].[seguimiento_documento] ([seguimiento_documento_id], [fecha], [link_imagen], [observacion], [usuario_id], [documento_id], [estado_documento_id]) VALUES (245, CAST(N'2018-11-08T00:00:00.0000000' AS DateTime2), N'https://www.google.com.pe/search?q=luffy&source=lnms&tbm=isch&sa=X&ved=0ahUKEwips7OKyaLeAhXK0VMKHez1BvcQ_AUIDigB#imgrc=sar2QsExsmA1uM:', N'Cargo Recibido', 1, 4, 4)
INSERT [dbo].[seguimiento_documento] ([seguimiento_documento_id], [fecha], [link_imagen], [observacion], [usuario_id], [documento_id], [estado_documento_id]) VALUES (246, CAST(N'2018-11-08T00:00:00.0000000' AS DateTime2), N'https://www.google.com.pe/search?q=luffy&source=lnms&tbm=isch&sa=X&ved=0ahUKEwips7OKyaLeAhXK0VMKHez1BvcQ_AUIDigB#imgrc=sar2QsExsmA1uM:', N'Cargo Recibido', 1, 6, 4)
INSERT [dbo].[seguimiento_documento] ([seguimiento_documento_id], [fecha], [link_imagen], [observacion], [usuario_id], [documento_id], [estado_documento_id]) VALUES (247, CAST(N'2018-11-14T00:00:00.0000000' AS DateTime2), N'https://www.google.com.pe/search?q=luffy&source=lnms&tbm=isch&sa=X&ved=0ahUKEwips7OKyaLeAhXK0VMKHez1BvcQ_AUIDigB#imgrc=sar2QsExsmA1uM:', N'Cargo Recibido', 1, 7, 4)
INSERT [dbo].[seguimiento_documento] ([seguimiento_documento_id], [fecha], [link_imagen], [observacion], [usuario_id], [documento_id], [estado_documento_id]) VALUES (248, CAST(N'2018-11-08T00:00:00.0000000' AS DateTime2), N'https://www.google.com.pe/search?q=luffy&source=lnms&tbm=isch&sa=X&ved=0ahUKEwips7OKyaLeAhXK0VMKHez1BvcQ_AUIDigB#imgrc=sar2QsExsmA1uM:', N'Cargo Recibido', 1, 8, 4)
INSERT [dbo].[seguimiento_documento] ([seguimiento_documento_id], [fecha], [link_imagen], [observacion], [usuario_id], [documento_id], [estado_documento_id]) VALUES (249, CAST(N'2018-11-13T00:00:00.0000000' AS DateTime2), N'https://www.google.com.pe/search?q=luffy&source=lnms&tbm=isch&sa=X&ved=0ahUKEwips7OKyaLeAhXK0VMKHez1BvcQ_AUIDigB#imgrc=sar2QsExsmA1uM:', N'Cargo Recibido', 1, 11, 4)
INSERT [dbo].[seguimiento_documento] ([seguimiento_documento_id], [fecha], [link_imagen], [observacion], [usuario_id], [documento_id], [estado_documento_id]) VALUES (250, CAST(N'2018-11-08T00:00:00.0000000' AS DateTime2), N'https://www.google.com.pe/search?q=luffy&source=lnms&tbm=isch&sa=X&ved=0ahUKEwips7OKyaLeAhXK0VMKHez1BvcQ_AUIDigB#imgrc=sar2QsExsmA1uM:', N'Cargo Recibido', 1, 14, 4)
INSERT [dbo].[seguimiento_documento] ([seguimiento_documento_id], [fecha], [link_imagen], [observacion], [usuario_id], [documento_id], [estado_documento_id]) VALUES (251, CAST(N'2018-11-13T00:00:00.0000000' AS DateTime2), N'https://www.google.com.pe/search?q=luffy&source=lnms&tbm=isch&sa=X&ved=0ahUKEwips7OKyaLeAhXK0VMKHez1BvcQ_AUIDigB#imgrc=sar2QsExsmA1uM:', N'Cargo Recibido', 1, 15, 4)
INSERT [dbo].[seguimiento_documento] ([seguimiento_documento_id], [fecha], [link_imagen], [observacion], [usuario_id], [documento_id], [estado_documento_id]) VALUES (252, CAST(N'2018-11-08T00:00:00.0000000' AS DateTime2), N'https://www.google.com.pe/search?q=luffy&source=lnms&tbm=isch&sa=X&ved=0ahUKEwips7OKyaLeAhXK0VMKHez1BvcQ_AUIDigB#imgrc=sar2QsExsmA1uM:', N'Cargo Recibido', 1, 18, 4)
INSERT [dbo].[seguimiento_documento] ([seguimiento_documento_id], [fecha], [link_imagen], [observacion], [usuario_id], [documento_id], [estado_documento_id]) VALUES (253, CAST(N'2018-11-09T00:00:00.0000000' AS DateTime2), N'https://www.google.com.pe/search?q=luffy&source=lnms&tbm=isch&sa=X&ved=0ahUKEwips7OKyaLeAhXK0VMKHez1BvcQ_AUIDigB#imgrc=sar2QsExsmA1uM:', N'Cargo Recibido', 1, 22, 4)
INSERT [dbo].[seguimiento_documento] ([seguimiento_documento_id], [fecha], [link_imagen], [observacion], [usuario_id], [documento_id], [estado_documento_id]) VALUES (254, CAST(N'2018-11-09T00:00:00.0000000' AS DateTime2), N'https://www.google.com.pe/search?q=luffy&source=lnms&tbm=isch&sa=X&ved=0ahUKEwips7OKyaLeAhXK0VMKHez1BvcQ_AUIDigB#imgrc=sar2QsExsmA1uM:', N'Cargo Recibido', 1, 23, 4)
INSERT [dbo].[seguimiento_documento] ([seguimiento_documento_id], [fecha], [link_imagen], [observacion], [usuario_id], [documento_id], [estado_documento_id]) VALUES (255, CAST(N'2018-11-08T00:00:00.0000000' AS DateTime2), N'https://www.google.com.pe/search?q=luffy&source=lnms&tbm=isch&sa=X&ved=0ahUKEwips7OKyaLeAhXK0VMKHez1BvcQ_AUIDigB#imgrc=sar2QsExsmA1uM:', N'Cargo Recibido', 1, 27, 4)
INSERT [dbo].[seguimiento_documento] ([seguimiento_documento_id], [fecha], [link_imagen], [observacion], [usuario_id], [documento_id], [estado_documento_id]) VALUES (256, CAST(N'2018-11-13T00:00:00.0000000' AS DateTime2), N'https://www.google.com.pe/search?q=luffy&source=lnms&tbm=isch&sa=X&ved=0ahUKEwips7OKyaLeAhXK0VMKHez1BvcQ_AUIDigB#imgrc=sar2QsExsmA1uM:', N'Cargo Recibido', 1, 28, 4)
INSERT [dbo].[seguimiento_documento] ([seguimiento_documento_id], [fecha], [link_imagen], [observacion], [usuario_id], [documento_id], [estado_documento_id]) VALUES (257, CAST(N'2018-11-08T00:00:00.0000000' AS DateTime2), N'https://www.google.com.pe/search?q=luffy&source=lnms&tbm=isch&sa=X&ved=0ahUKEwips7OKyaLeAhXK0VMKHez1BvcQ_AUIDigB#imgrc=sar2QsExsmA1uM:', N'Cargo Recibido', 1, 30, 4)
INSERT [dbo].[seguimiento_documento] ([seguimiento_documento_id], [fecha], [link_imagen], [observacion], [usuario_id], [documento_id], [estado_documento_id]) VALUES (258, CAST(N'2018-11-07T00:00:00.0000000' AS DateTime2), N'https://www.google.com.pe/search?q=luffy&source=lnms&tbm=isch&sa=X&ved=0ahUKEwips7OKyaLeAhXK0VMKHez1BvcQ_AUIDigB#imgrc=sar2QsExsmA1uM:', N'Cargo Recibido', 1, 3, 4)
INSERT [dbo].[seguimiento_documento] ([seguimiento_documento_id], [fecha], [link_imagen], [observacion], [usuario_id], [documento_id], [estado_documento_id]) VALUES (259, CAST(N'2018-11-08T00:00:00.0000000' AS DateTime2), N'https://www.google.com.pe/search?q=luffy&source=lnms&tbm=isch&sa=X&ved=0ahUKEwips7OKyaLeAhXK0VMKHez1BvcQ_AUIDigB#imgrc=sar2QsExsmA1uM:', N'Cargo Recibido', 1, 9, 4)
INSERT [dbo].[seguimiento_documento] ([seguimiento_documento_id], [fecha], [link_imagen], [observacion], [usuario_id], [documento_id], [estado_documento_id]) VALUES (260, CAST(N'2018-11-22T00:00:00.0000000' AS DateTime2), N'https://www.google.com.pe/search?q=luffy&source=lnms&tbm=isch&sa=X&ved=0ahUKEwips7OKyaLeAhXK0VMKHez1BvcQ_AUIDigB#imgrc=sar2QsExsmA1uM:', N'Cargo Recibido', 1, 12, 4)
INSERT [dbo].[seguimiento_documento] ([seguimiento_documento_id], [fecha], [link_imagen], [observacion], [usuario_id], [documento_id], [estado_documento_id]) VALUES (261, CAST(N'2018-11-08T00:00:00.0000000' AS DateTime2), N'https://www.google.com.pe/search?q=luffy&source=lnms&tbm=isch&sa=X&ved=0ahUKEwips7OKyaLeAhXK0VMKHez1BvcQ_AUIDigB#imgrc=sar2QsExsmA1uM:', N'Cargo Recibido', 1, 16, 4)
INSERT [dbo].[seguimiento_documento] ([seguimiento_documento_id], [fecha], [link_imagen], [observacion], [usuario_id], [documento_id], [estado_documento_id]) VALUES (262, CAST(N'2018-11-08T00:00:00.0000000' AS DateTime2), N'https://www.google.com.pe/search?q=luffy&source=lnms&tbm=isch&sa=X&ved=0ahUKEwips7OKyaLeAhXK0VMKHez1BvcQ_AUIDigB#imgrc=sar2QsExsmA1uM:', N'Cargo Recibido', 1, 21, 4)
INSERT [dbo].[seguimiento_documento] ([seguimiento_documento_id], [fecha], [link_imagen], [observacion], [usuario_id], [documento_id], [estado_documento_id]) VALUES (263, CAST(N'2018-11-09T00:00:00.0000000' AS DateTime2), N'https://www.google.com.pe/search?q=luffy&source=lnms&tbm=isch&sa=X&ved=0ahUKEwips7OKyaLeAhXK0VMKHez1BvcQ_AUIDigB#imgrc=sar2QsExsmA1uM:', N'Cargo Recibido', 1, 25, 4)
INSERT [dbo].[seguimiento_documento] ([seguimiento_documento_id], [fecha], [link_imagen], [observacion], [usuario_id], [documento_id], [estado_documento_id]) VALUES (264, CAST(N'2018-11-20T00:00:00.0000000' AS DateTime2), N'https://www.google.com.pe/search?q=luffy&source=lnms&tbm=isch&sa=X&ved=0ahUKEwips7OKyaLeAhXK0VMKHez1BvcQ_AUIDigB#imgrc=sar2QsExsmA1uM:', N'Cargo Recibido', 1, 33, 4)
INSERT [dbo].[seguimiento_documento] ([seguimiento_documento_id], [fecha], [link_imagen], [observacion], [usuario_id], [documento_id], [estado_documento_id]) VALUES (265, CAST(N'2018-11-20T00:00:00.0000000' AS DateTime2), N'https://www.google.com.pe/search?q=luffy&source=lnms&tbm=isch&sa=X&ved=0ahUKEwips7OKyaLeAhXK0VMKHez1BvcQ_AUIDigB#imgrc=sar2QsExsmA1uM:', N'Cargo Recibido', 1, 35, 4)
INSERT [dbo].[seguimiento_documento] ([seguimiento_documento_id], [fecha], [link_imagen], [observacion], [usuario_id], [documento_id], [estado_documento_id]) VALUES (266, CAST(N'2018-11-07T00:00:00.0000000' AS DateTime2), N'https://www.google.com.pe/search?q=luffy&source=lnms&tbm=isch&sa=X&ved=0ahUKEwips7OKyaLeAhXK0VMKHez1BvcQ_AUIDigB#imgrc=sar2QsExsmA1uM:', N'Cargo Recibido', 1, 42, 4)
INSERT [dbo].[seguimiento_documento] ([seguimiento_documento_id], [fecha], [link_imagen], [observacion], [usuario_id], [documento_id], [estado_documento_id]) VALUES (267, CAST(N'2018-11-12T00:00:00.0000000' AS DateTime2), N'https://www.google.com.pe/search?q=luffy&source=lnms&tbm=isch&sa=X&ved=0ahUKEwips7OKyaLeAhXK0VMKHez1BvcQ_AUIDigB#imgrc=sar2QsExsmA1uM:', N'Cargo Recibido', 1, 43, 4)
SET IDENTITY_INSERT [dbo].[seguimiento_documento] OFF
SET IDENTITY_INSERT [dbo].[estado_guia] ON 

INSERT [dbo].[estado_guia] ([estado_guia_id], [nombre]) VALUES (1, N'CREADO')
INSERT [dbo].[estado_guia] ([estado_guia_id], [nombre]) VALUES (2, N'ENVIADO')
INSERT [dbo].[estado_guia] ([estado_guia_id], [nombre]) VALUES (3, N'DESCARGADO')
SET IDENTITY_INSERT [dbo].[estado_guia] OFF
SET IDENTITY_INSERT [dbo].[seguimiento_guia] ON 

INSERT [dbo].[seguimiento_guia] ([seguimiento_guia_id], [fecha], [usuario_id], [estado_guia_id], [guia_id]) VALUES (1, CAST(N'2018-11-06T10:51:46.8810000' AS DateTime2), 1, 1, 1)
INSERT [dbo].[seguimiento_guia] ([seguimiento_guia_id], [fecha], [usuario_id], [estado_guia_id], [guia_id]) VALUES (2, CAST(N'2018-11-06T10:52:44.1390000' AS DateTime2), 1, 1, 2)
INSERT [dbo].[seguimiento_guia] ([seguimiento_guia_id], [fecha], [usuario_id], [estado_guia_id], [guia_id]) VALUES (3, CAST(N'2018-11-06T10:53:32.4710000' AS DateTime2), 1, 1, 3)
INSERT [dbo].[seguimiento_guia] ([seguimiento_guia_id], [fecha], [usuario_id], [estado_guia_id], [guia_id]) VALUES (4, CAST(N'2018-11-06T10:54:03.9920000' AS DateTime2), 1, 1, 4)
INSERT [dbo].[seguimiento_guia] ([seguimiento_guia_id], [fecha], [usuario_id], [estado_guia_id], [guia_id]) VALUES (5, CAST(N'2018-11-06T10:54:28.8130000' AS DateTime2), 1, 1, 5)
INSERT [dbo].[seguimiento_guia] ([seguimiento_guia_id], [fecha], [usuario_id], [estado_guia_id], [guia_id]) VALUES (6, CAST(N'2018-11-06T10:55:06.1710000' AS DateTime2), 1, 1, 6)
INSERT [dbo].[seguimiento_guia] ([seguimiento_guia_id], [fecha], [usuario_id], [estado_guia_id], [guia_id]) VALUES (7, CAST(N'2018-11-06T10:55:38.1220000' AS DateTime2), 1, 1, 7)
INSERT [dbo].[seguimiento_guia] ([seguimiento_guia_id], [fecha], [usuario_id], [estado_guia_id], [guia_id]) VALUES (8, CAST(N'2018-11-06T10:56:14.4780000' AS DateTime2), 1, 1, 8)
INSERT [dbo].[seguimiento_guia] ([seguimiento_guia_id], [fecha], [usuario_id], [estado_guia_id], [guia_id]) VALUES (9, CAST(N'2018-11-06T10:56:47.9560000' AS DateTime2), 1, 1, 9)
INSERT [dbo].[seguimiento_guia] ([seguimiento_guia_id], [fecha], [usuario_id], [estado_guia_id], [guia_id]) VALUES (10, CAST(N'2018-11-06T10:57:18.2900000' AS DateTime2), 1, 1, 10)
INSERT [dbo].[seguimiento_guia] ([seguimiento_guia_id], [fecha], [usuario_id], [estado_guia_id], [guia_id]) VALUES (11, CAST(N'2018-11-06T10:57:47.4730000' AS DateTime2), 1, 1, 11)
INSERT [dbo].[seguimiento_guia] ([seguimiento_guia_id], [fecha], [usuario_id], [estado_guia_id], [guia_id]) VALUES (12, CAST(N'2018-11-06T10:57:58.8860000' AS DateTime2), 1, 2, 1)
INSERT [dbo].[seguimiento_guia] ([seguimiento_guia_id], [fecha], [usuario_id], [estado_guia_id], [guia_id]) VALUES (13, CAST(N'2018-11-06T10:58:02.0890000' AS DateTime2), 1, 2, 2)
INSERT [dbo].[seguimiento_guia] ([seguimiento_guia_id], [fecha], [usuario_id], [estado_guia_id], [guia_id]) VALUES (14, CAST(N'2018-11-06T10:58:04.9060000' AS DateTime2), 1, 2, 3)
INSERT [dbo].[seguimiento_guia] ([seguimiento_guia_id], [fecha], [usuario_id], [estado_guia_id], [guia_id]) VALUES (15, CAST(N'2018-11-06T10:58:06.6520000' AS DateTime2), 1, 2, 4)
INSERT [dbo].[seguimiento_guia] ([seguimiento_guia_id], [fecha], [usuario_id], [estado_guia_id], [guia_id]) VALUES (16, CAST(N'2018-11-06T10:58:08.7370000' AS DateTime2), 1, 2, 5)
INSERT [dbo].[seguimiento_guia] ([seguimiento_guia_id], [fecha], [usuario_id], [estado_guia_id], [guia_id]) VALUES (17, CAST(N'2018-11-06T10:58:11.7520000' AS DateTime2), 1, 2, 6)
INSERT [dbo].[seguimiento_guia] ([seguimiento_guia_id], [fecha], [usuario_id], [estado_guia_id], [guia_id]) VALUES (18, CAST(N'2018-11-06T10:58:13.3740000' AS DateTime2), 1, 2, 7)
INSERT [dbo].[seguimiento_guia] ([seguimiento_guia_id], [fecha], [usuario_id], [estado_guia_id], [guia_id]) VALUES (19, CAST(N'2018-11-06T10:58:15.2020000' AS DateTime2), 1, 2, 8)
INSERT [dbo].[seguimiento_guia] ([seguimiento_guia_id], [fecha], [usuario_id], [estado_guia_id], [guia_id]) VALUES (20, CAST(N'2018-11-06T10:58:17.2400000' AS DateTime2), 1, 2, 9)
INSERT [dbo].[seguimiento_guia] ([seguimiento_guia_id], [fecha], [usuario_id], [estado_guia_id], [guia_id]) VALUES (21, CAST(N'2018-11-06T10:58:19.8870000' AS DateTime2), 1, 2, 10)
INSERT [dbo].[seguimiento_guia] ([seguimiento_guia_id], [fecha], [usuario_id], [estado_guia_id], [guia_id]) VALUES (22, CAST(N'2018-11-06T10:58:21.7900000' AS DateTime2), 1, 2, 11)
SET IDENTITY_INSERT [dbo].[seguimiento_guia] OFF
INSERT [dbo].[area_plazo_distribucion] ([area_id], [plazo_distribucion_id]) VALUES (1, 2)
INSERT [dbo].[buzon_plazo_distribucion] ([buzon_id], [plazo_distribucion_id]) VALUES (1, 2)
INSERT [dbo].[proveedor_plazo_distribucion] ([proveedor_id], [plazo_distribucion_id]) VALUES (1, 1)
INSERT [dbo].[proveedor_plazo_distribucion] ([proveedor_id], [plazo_distribucion_id]) VALUES (1, 2)
INSERT [dbo].[proveedor_plazo_distribucion] ([proveedor_id], [plazo_distribucion_id]) VALUES (1, 3)
INSERT [dbo].[proveedor_plazo_distribucion] ([proveedor_id], [plazo_distribucion_id]) VALUES (1, 4)
INSERT [dbo].[proveedor_plazo_distribucion] ([proveedor_id], [plazo_distribucion_id]) VALUES (2, 1)
INSERT [dbo].[proveedor_plazo_distribucion] ([proveedor_id], [plazo_distribucion_id]) VALUES (2, 2)
INSERT [dbo].[proveedor_plazo_distribucion] ([proveedor_id], [plazo_distribucion_id]) VALUES (2, 3)
INSERT [dbo].[proveedor_plazo_distribucion] ([proveedor_id], [plazo_distribucion_id]) VALUES (2, 4)
INSERT [dbo].[buzon_tipo_seguridad] ([buzon_id], [tipo_seguridad_id]) VALUES (1, 1)
