SET IDENTITY_INSERT [dbo].[tipo_plazo_distribucion] ON 

INSERT [dbo].[tipo_plazo_distribucion] ([tipo_plazo_distribucion_id], [nombre]) VALUES (1, N'REGULAR')
INSERT [dbo].[tipo_plazo_distribucion] ([tipo_plazo_distribucion_id], [nombre]) VALUES (2, N'ESPECIAL')
SET IDENTITY_INSERT [dbo].[tipo_plazo_distribucion] OFF
SET IDENTITY_INSERT [dbo].[plazo_distribucion] ON 

INSERT [dbo].[plazo_distribucion] ([plazo_distribucion_id], [nombre], [tiempo_envio], [tipo_plazo_distribucion_id]) VALUES (1, N'ESTÁNDAR', 96, 1)
INSERT [dbo].[plazo_distribucion] ([plazo_distribucion_id], [nombre], [tiempo_envio], [tipo_plazo_distribucion_id]) VALUES (2, N'72 HORAS', 72, 2)
INSERT [dbo].[plazo_distribucion] ([plazo_distribucion_id], [nombre], [tiempo_envio], [tipo_plazo_distribucion_id]) VALUES (3, N'48 HORAS', 48, 2)
INSERT [dbo].[plazo_distribucion] ([plazo_distribucion_id], [nombre], [tiempo_envio], [tipo_plazo_distribucion_id]) VALUES (4, N'24 HORAS', 24, 2)
SET IDENTITY_INSERT [dbo].[plazo_distribucion] OFF
INSERT [dbo].[area_plazo_distribucion] ([area_id], [plazo_distribucion_id]) VALUES (1, 2)
INSERT [dbo].[buzon_plazo_distribucion] ([buzon_id], [plazo_distribucion_id]) VALUES (1, 2)
SET IDENTITY_INSERT [dbo].[tipo_seguridad] ON 

INSERT [dbo].[tipo_seguridad] ([tipo_seguridad_id], [nombre]) VALUES (1, N'SIN GPS')
INSERT [dbo].[tipo_seguridad] ([tipo_seguridad_id], [nombre]) VALUES (2, N'GPS BÁSICO')
SET IDENTITY_INSERT [dbo].[tipo_seguridad] OFF
SET IDENTITY_INSERT [dbo].[tipo_servicio] ON 

INSERT [dbo].[tipo_servicio] ([tipo_servicio_id], [nombre]) VALUES (1, N'DISTRIBUCIÓN')
SET IDENTITY_INSERT [dbo].[tipo_servicio] OFF
SET IDENTITY_INSERT [dbo].[envio] ON 

INSERT [dbo].[envio] ([envio_id], [autorizado], [buzon_id], [ruta_autorizacion], [tipo_documento_id], [plazo_distribucion_id], [tipo_seguridad_id], [tipo_servicio_id]) VALUES (1, 1, 1, N'RUTA_PRUEBA1', 1, 1, 1, 1)
INSERT [dbo].[envio] ([envio_id], [autorizado], [buzon_id], [ruta_autorizacion], [tipo_documento_id], [plazo_distribucion_id], [tipo_seguridad_id], [tipo_servicio_id]) VALUES (2, 1, 1, N'RUTA_PRUEBA2', 1, 1, 1, 1)
INSERT [dbo].[envio] ([envio_id], [autorizado], [buzon_id], [ruta_autorizacion], [tipo_documento_id], [plazo_distribucion_id], [tipo_seguridad_id], [tipo_servicio_id]) VALUES (3, 1, 1, N'RUTA_PRUEBA3', 1, 1, 1, 1)
INSERT [dbo].[envio] ([envio_id], [autorizado], [buzon_id], [ruta_autorizacion], [tipo_documento_id], [plazo_distribucion_id], [tipo_seguridad_id], [tipo_servicio_id]) VALUES (4, 1, 1, N'RUTA_PRUEBA4', 1, 1, 1, 1)
INSERT [dbo].[envio] ([envio_id], [autorizado], [buzon_id], [ruta_autorizacion], [tipo_documento_id], [plazo_distribucion_id], [tipo_seguridad_id], [tipo_servicio_id]) VALUES (5, 1, 1, N'RUTA_PRUEBA5', 1, 1, 1, 1)
INSERT [dbo].[envio] ([envio_id], [autorizado], [buzon_id], [ruta_autorizacion], [tipo_documento_id], [plazo_distribucion_id], [tipo_seguridad_id], [tipo_servicio_id]) VALUES (6, 1, 1, NULL, 1, 1, 1, 1)
INSERT [dbo].[envio] ([envio_id], [autorizado], [buzon_id], [ruta_autorizacion], [tipo_documento_id], [plazo_distribucion_id], [tipo_seguridad_id], [tipo_servicio_id]) VALUES (7, 1, 1, NULL, 1, 2, 1, 1)
INSERT [dbo].[envio] ([envio_id], [autorizado], [buzon_id], [ruta_autorizacion], [tipo_documento_id], [plazo_distribucion_id], [tipo_seguridad_id], [tipo_servicio_id]) VALUES (8, 1, 1, N'8.png', 1, 3, 1, 1)
INSERT [dbo].[envio] ([envio_id], [autorizado], [buzon_id], [ruta_autorizacion], [tipo_documento_id], [plazo_distribucion_id], [tipo_seguridad_id], [tipo_servicio_id]) VALUES (9, 1, 1, N'9.png', 1, 4, 1, 1)
INSERT [dbo].[envio] ([envio_id], [autorizado], [buzon_id], [ruta_autorizacion], [tipo_documento_id], [plazo_distribucion_id], [tipo_seguridad_id], [tipo_servicio_id]) VALUES (10, 1, 1, N'10.png', 1, 3, 1, 1)
INSERT [dbo].[envio] ([envio_id], [autorizado], [buzon_id], [ruta_autorizacion], [tipo_documento_id], [plazo_distribucion_id], [tipo_seguridad_id], [tipo_servicio_id]) VALUES (11, 1, 1, NULL, 1, 2, 1, 1)
INSERT [dbo].[envio] ([envio_id], [autorizado], [buzon_id], [ruta_autorizacion], [tipo_documento_id], [plazo_distribucion_id], [tipo_seguridad_id], [tipo_servicio_id]) VALUES (12, 1, 1, N'12.png', 1, 3, 1, 1)
INSERT [dbo].[envio] ([envio_id], [autorizado], [buzon_id], [ruta_autorizacion], [tipo_documento_id], [plazo_distribucion_id], [tipo_seguridad_id], [tipo_servicio_id]) VALUES (13, 1, 1, N'13.png', 1, 3, 1, 1)
INSERT [dbo].[envio] ([envio_id], [autorizado], [buzon_id], [ruta_autorizacion], [tipo_documento_id], [plazo_distribucion_id], [tipo_seguridad_id], [tipo_servicio_id]) VALUES (14, 1, 1, N'14.png', 1, 4, 1, 1)
INSERT [dbo].[envio] ([envio_id], [autorizado], [buzon_id], [ruta_autorizacion], [tipo_documento_id], [plazo_distribucion_id], [tipo_seguridad_id], [tipo_servicio_id]) VALUES (15, 1, 1, NULL, 1, 2, 1, 1)
INSERT [dbo].[envio] ([envio_id], [autorizado], [buzon_id], [ruta_autorizacion], [tipo_documento_id], [plazo_distribucion_id], [tipo_seguridad_id], [tipo_servicio_id]) VALUES (16, 1, 1, N'16.png', 1, 3, 1, 1)
INSERT [dbo].[envio] ([envio_id], [autorizado], [buzon_id], [ruta_autorizacion], [tipo_documento_id], [plazo_distribucion_id], [tipo_seguridad_id], [tipo_servicio_id]) VALUES (17, 1, 1, NULL, 1, 2, 1, 1)
INSERT [dbo].[envio] ([envio_id], [autorizado], [buzon_id], [ruta_autorizacion], [tipo_documento_id], [plazo_distribucion_id], [tipo_seguridad_id], [tipo_servicio_id]) VALUES (18, 1, 1, N'18.png', 1, 4, 1, 1)
INSERT [dbo].[envio] ([envio_id], [autorizado], [buzon_id], [ruta_autorizacion], [tipo_documento_id], [plazo_distribucion_id], [tipo_seguridad_id], [tipo_servicio_id]) VALUES (19, 1, 1, NULL, 1, 2, 1, 1)
INSERT [dbo].[envio] ([envio_id], [autorizado], [buzon_id], [ruta_autorizacion], [tipo_documento_id], [plazo_distribucion_id], [tipo_seguridad_id], [tipo_servicio_id]) VALUES (20, 1, 1, NULL, 1, 1, 1, 1)
INSERT [dbo].[envio] ([envio_id], [autorizado], [buzon_id], [ruta_autorizacion], [tipo_documento_id], [plazo_distribucion_id], [tipo_seguridad_id], [tipo_servicio_id]) VALUES (21, 1, 1, N'21.png', 1, 4, 1, 1)
INSERT [dbo].[envio] ([envio_id], [autorizado], [buzon_id], [ruta_autorizacion], [tipo_documento_id], [plazo_distribucion_id], [tipo_seguridad_id], [tipo_servicio_id]) VALUES (22, 1, 1, N'22.png', 1, 3, 1, 1)
INSERT [dbo].[envio] ([envio_id], [autorizado], [buzon_id], [ruta_autorizacion], [tipo_documento_id], [plazo_distribucion_id], [tipo_seguridad_id], [tipo_servicio_id]) VALUES (23, 1, 1, N'23.png', 1, 3, 1, 1)
INSERT [dbo].[envio] ([envio_id], [autorizado], [buzon_id], [ruta_autorizacion], [tipo_documento_id], [plazo_distribucion_id], [tipo_seguridad_id], [tipo_servicio_id]) VALUES (24, 1, 1, N'24.png', 1, 4, 1, 1)
INSERT [dbo].[envio] ([envio_id], [autorizado], [buzon_id], [ruta_autorizacion], [tipo_documento_id], [plazo_distribucion_id], [tipo_seguridad_id], [tipo_servicio_id]) VALUES (25, 1, 1, N'25.png', 1, 4, 1, 1)
INSERT [dbo].[envio] ([envio_id], [autorizado], [buzon_id], [ruta_autorizacion], [tipo_documento_id], [plazo_distribucion_id], [tipo_seguridad_id], [tipo_servicio_id]) VALUES (26, 1, 1, NULL, 1, 2, 1, 1)
INSERT [dbo].[envio] ([envio_id], [autorizado], [buzon_id], [ruta_autorizacion], [tipo_documento_id], [plazo_distribucion_id], [tipo_seguridad_id], [tipo_servicio_id]) VALUES (27, 1, 1, NULL, 1, 2, 1, 1)
INSERT [dbo].[envio] ([envio_id], [autorizado], [buzon_id], [ruta_autorizacion], [tipo_documento_id], [plazo_distribucion_id], [tipo_seguridad_id], [tipo_servicio_id]) VALUES (28, 1, 1, NULL, 1, 2, 1, 1)
INSERT [dbo].[envio] ([envio_id], [autorizado], [buzon_id], [ruta_autorizacion], [tipo_documento_id], [plazo_distribucion_id], [tipo_seguridad_id], [tipo_servicio_id]) VALUES (29, 0, 1, N'29.png', 1, 3, 1, 1)
INSERT [dbo].[envio] ([envio_id], [autorizado], [buzon_id], [ruta_autorizacion], [tipo_documento_id], [plazo_distribucion_id], [tipo_seguridad_id], [tipo_servicio_id]) VALUES (30, 0, 1, N'30.png', 1, 4, 1, 1)
INSERT [dbo].[envio] ([envio_id], [autorizado], [buzon_id], [ruta_autorizacion], [tipo_documento_id], [plazo_distribucion_id], [tipo_seguridad_id], [tipo_servicio_id]) VALUES (31, 0, 1, N'31.png', 1, 4, 1, 1)
INSERT [dbo].[envio] ([envio_id], [autorizado], [buzon_id], [ruta_autorizacion], [tipo_documento_id], [plazo_distribucion_id], [tipo_seguridad_id], [tipo_servicio_id]) VALUES (32, 0, 1, N'32.png', 1, 3, 1, 1)
INSERT [dbo].[envio] ([envio_id], [autorizado], [buzon_id], [ruta_autorizacion], [tipo_documento_id], [plazo_distribucion_id], [tipo_seguridad_id], [tipo_servicio_id]) VALUES (33, 0, 1, N'33.png', 1, 4, 1, 1)
INSERT [dbo].[envio] ([envio_id], [autorizado], [buzon_id], [ruta_autorizacion], [tipo_documento_id], [plazo_distribucion_id], [tipo_seguridad_id], [tipo_servicio_id]) VALUES (34, 1, 1, NULL, 1, 1, 1, 1)
INSERT [dbo].[envio] ([envio_id], [autorizado], [buzon_id], [ruta_autorizacion], [tipo_documento_id], [plazo_distribucion_id], [tipo_seguridad_id], [tipo_servicio_id]) VALUES (35, 0, 1, N'35.png', 1, 3, 1, 1)
INSERT [dbo].[envio] ([envio_id], [autorizado], [buzon_id], [ruta_autorizacion], [tipo_documento_id], [plazo_distribucion_id], [tipo_seguridad_id], [tipo_servicio_id]) VALUES (36, 1, 1, NULL, 1, 1, 1, 1)
INSERT [dbo].[envio] ([envio_id], [autorizado], [buzon_id], [ruta_autorizacion], [tipo_documento_id], [plazo_distribucion_id], [tipo_seguridad_id], [tipo_servicio_id]) VALUES (37, 1, 1, NULL, 1, 1, 1, 1)
INSERT [dbo].[envio] ([envio_id], [autorizado], [buzon_id], [ruta_autorizacion], [tipo_documento_id], [plazo_distribucion_id], [tipo_seguridad_id], [tipo_servicio_id]) VALUES (38, 1, 1, NULL, 1, 2, 1, 1)
INSERT [dbo].[envio] ([envio_id], [autorizado], [buzon_id], [ruta_autorizacion], [tipo_documento_id], [plazo_distribucion_id], [tipo_seguridad_id], [tipo_servicio_id]) VALUES (39, 1, 1, NULL, 1, 2, 1, 1)
INSERT [dbo].[envio] ([envio_id], [autorizado], [buzon_id], [ruta_autorizacion], [tipo_documento_id], [plazo_distribucion_id], [tipo_seguridad_id], [tipo_servicio_id]) VALUES (40, 1, 1, NULL, 1, 2, 1, 1)
INSERT [dbo].[envio] ([envio_id], [autorizado], [buzon_id], [ruta_autorizacion], [tipo_documento_id], [plazo_distribucion_id], [tipo_seguridad_id], [tipo_servicio_id]) VALUES (41, 1, 1, NULL, 1, 2, 1, 1)
INSERT [dbo].[envio] ([envio_id], [autorizado], [buzon_id], [ruta_autorizacion], [tipo_documento_id], [plazo_distribucion_id], [tipo_seguridad_id], [tipo_servicio_id]) VALUES (42, 1, 1, NULL, 1, 1, 1, 1)
INSERT [dbo].[envio] ([envio_id], [autorizado], [buzon_id], [ruta_autorizacion], [tipo_documento_id], [plazo_distribucion_id], [tipo_seguridad_id], [tipo_servicio_id]) VALUES (43, 1, 1, NULL, 1, 1, 1, 1)
INSERT [dbo].[envio] ([envio_id], [autorizado], [buzon_id], [ruta_autorizacion], [tipo_documento_id], [plazo_distribucion_id], [tipo_seguridad_id], [tipo_servicio_id]) VALUES (44, 0, 1, N'44.png', 1, 4, 1, 1)
INSERT [dbo].[envio] ([envio_id], [autorizado], [buzon_id], [ruta_autorizacion], [tipo_documento_id], [plazo_distribucion_id], [tipo_seguridad_id], [tipo_servicio_id]) VALUES (45, 0, 1, N'45.png', 1, 4, 1, 1)
SET IDENTITY_INSERT [dbo].[envio] OFF
SET IDENTITY_INSERT [dbo].[proveedor] ON 

INSERT [dbo].[proveedor] ([proveedor_id], [nombre]) VALUES (1, N'DOCFLOW')
INSERT [dbo].[proveedor] ([proveedor_id], [nombre]) VALUES (2, N'URBANO')
SET IDENTITY_INSERT [dbo].[proveedor] OFF
SET IDENTITY_INSERT [dbo].[guia] ON 

INSERT [dbo].[guia] ([guia_id], [numero_guia], [plazo_distribucion_id], [proveedor_id], [tipo_seguridad_id], [tipo_servicio_id]) VALUES (1, N'123123', 1, 1, 1, 1)
INSERT [dbo].[guia] ([guia_id], [numero_guia], [plazo_distribucion_id], [proveedor_id], [tipo_seguridad_id], [tipo_servicio_id]) VALUES (2, N'1231234', 1, 1, 1, 1)
INSERT [dbo].[guia] ([guia_id], [numero_guia], [plazo_distribucion_id], [proveedor_id], [tipo_seguridad_id], [tipo_servicio_id]) VALUES (3, N'123456', 1, 2, 1, 1)
INSERT [dbo].[guia] ([guia_id], [numero_guia], [plazo_distribucion_id], [proveedor_id], [tipo_seguridad_id], [tipo_servicio_id]) VALUES (4, N'123457', 2, 2, 1, 1)
INSERT [dbo].[guia] ([guia_id], [numero_guia], [plazo_distribucion_id], [proveedor_id], [tipo_seguridad_id], [tipo_servicio_id]) VALUES (5, N'123458', 3, 2, 1, 1)
INSERT [dbo].[guia] ([guia_id], [numero_guia], [plazo_distribucion_id], [proveedor_id], [tipo_seguridad_id], [tipo_servicio_id]) VALUES (6, N'123459', 4, 1, 1, 1)
INSERT [dbo].[guia] ([guia_id], [numero_guia], [plazo_distribucion_id], [proveedor_id], [tipo_seguridad_id], [tipo_servicio_id]) VALUES (7, N'123450', 2, 1, 1, 1)
INSERT [dbo].[guia] ([guia_id], [numero_guia], [plazo_distribucion_id], [proveedor_id], [tipo_seguridad_id], [tipo_servicio_id]) VALUES (8, N'124587', 3, 1, 1, 1)
INSERT [dbo].[guia] ([guia_id], [numero_guia], [plazo_distribucion_id], [proveedor_id], [tipo_seguridad_id], [tipo_servicio_id]) VALUES (9, N'123698', 4, 2, 1, 1)
INSERT [dbo].[guia] ([guia_id], [numero_guia], [plazo_distribucion_id], [proveedor_id], [tipo_seguridad_id], [tipo_servicio_id]) VALUES (10, N'115462', 1, 1, 1, 1)
INSERT [dbo].[guia] ([guia_id], [numero_guia], [plazo_distribucion_id], [proveedor_id], [tipo_seguridad_id], [tipo_servicio_id]) VALUES (11, N'145987', 2, 2, 1, 1)
INSERT [dbo].[guia] ([guia_id], [numero_guia], [plazo_distribucion_id], [proveedor_id], [tipo_seguridad_id], [tipo_servicio_id]) VALUES (12, N'145201', 4, 2, 1, 1)
INSERT [dbo].[guia] ([guia_id], [numero_guia], [plazo_distribucion_id], [proveedor_id], [tipo_seguridad_id], [tipo_servicio_id]) VALUES (13, N'159852', 3, 1, 1, 1)
SET IDENTITY_INSERT [dbo].[guia] OFF
INSERT [dbo].[proveedor_plazo_distribucion] ([proveedor_id], [plazo_distribucion_id]) VALUES (1, 1)
INSERT [dbo].[proveedor_plazo_distribucion] ([proveedor_id], [plazo_distribucion_id]) VALUES (1, 2)
INSERT [dbo].[proveedor_plazo_distribucion] ([proveedor_id], [plazo_distribucion_id]) VALUES (1, 3)
INSERT [dbo].[proveedor_plazo_distribucion] ([proveedor_id], [plazo_distribucion_id]) VALUES (1, 4)
INSERT [dbo].[proveedor_plazo_distribucion] ([proveedor_id], [plazo_distribucion_id]) VALUES (2, 1)
INSERT [dbo].[proveedor_plazo_distribucion] ([proveedor_id], [plazo_distribucion_id]) VALUES (2, 2)
INSERT [dbo].[proveedor_plazo_distribucion] ([proveedor_id], [plazo_distribucion_id]) VALUES (2, 3)
INSERT [dbo].[proveedor_plazo_distribucion] ([proveedor_id], [plazo_distribucion_id]) VALUES (2, 4)
SET IDENTITY_INSERT [dbo].[tipo_estado_documento] ON 

INSERT [dbo].[tipo_estado_documento] ([tipo_estado_documento_id], [nombre]) VALUES (1, N'ESTADOS UTD')
INSERT [dbo].[tipo_estado_documento] ([tipo_estado_documento_id], [nombre]) VALUES (2, N'RESULTADOS PROVEEDOR')
SET IDENTITY_INSERT [dbo].[tipo_estado_documento] OFF
SET IDENTITY_INSERT [dbo].[estado_documento] ON 

INSERT [dbo].[estado_documento] ([estado_documento_id], [nombre], [tipo_estado_documento_id]) VALUES (1, N'CREADO', 1)
INSERT [dbo].[estado_documento] ([estado_documento_id], [nombre], [tipo_estado_documento_id]) VALUES (2, N'CUSTODIADO', 1)
INSERT [dbo].[estado_documento] ([estado_documento_id], [nombre], [tipo_estado_documento_id]) VALUES (3, N'PENDIENTE DE ENTREGA', 1)
INSERT [dbo].[estado_documento] ([estado_documento_id], [nombre], [tipo_estado_documento_id]) VALUES (4, N'ENTREGADO', 2)
INSERT [dbo].[estado_documento] ([estado_documento_id], [nombre], [tipo_estado_documento_id]) VALUES (5, N'REZAGADO', 2)
INSERT [dbo].[estado_documento] ([estado_documento_id], [nombre], [tipo_estado_documento_id]) VALUES (6, N'DEVUELTO', 2)
INSERT [dbo].[estado_documento] ([estado_documento_id], [nombre], [tipo_estado_documento_id]) VALUES (7, N'EXTRAVIADO', 2)
INSERT [dbo].[estado_documento] ([estado_documento_id], [nombre], [tipo_estado_documento_id]) VALUES (8, N'DENEGADO', 1)
INSERT [dbo].[estado_documento] ([estado_documento_id], [nombre], [tipo_estado_documento_id]) VALUES (9, N'RETIRADO', 1)
SET IDENTITY_INSERT [dbo].[estado_documento] OFF
INSERT [dbo].[buzon_tipo_seguridad] ([buzon_id], [tipo_seguridad_id]) VALUES (1, 1)
SET IDENTITY_INSERT [dbo].[documento] ON 

INSERT [dbo].[documento] ([documento_id], [contacto_destino], [direccion], [distrito_id], [documento_autogenerado], [nro_documento], [razon_social_destino], [recepcionado], [referencia], [telefono], [envio_id]) VALUES (1, N'CONTACTO 1', N'DIRECCION 1', 1, N'A00001', N'1', N'RAZON SOCIAL 1', 0, N'', N'', 1)
INSERT [dbo].[documento] ([documento_id], [contacto_destino], [direccion], [distrito_id], [documento_autogenerado], [nro_documento], [razon_social_destino], [recepcionado], [referencia], [telefono], [envio_id]) VALUES (2, N'CONTACTO 2', N'DIRECCION 2', 1, N'A00002', N'1', N'RAZON SOCIAL 2', 0, N'', N'', 1)
INSERT [dbo].[documento] ([documento_id], [contacto_destino], [direccion], [distrito_id], [documento_autogenerado], [nro_documento], [razon_social_destino], [recepcionado], [referencia], [telefono], [envio_id]) VALUES (3, N'CONTACTO 3', N'DIRECCION 3', 1, N'A00003', N'1', N'RAZON SOCIAL 3', 0, N'', N'', 1)
INSERT [dbo].[documento] ([documento_id], [contacto_destino], [direccion], [distrito_id], [documento_autogenerado], [nro_documento], [razon_social_destino], [recepcionado], [referencia], [telefono], [envio_id]) VALUES (4, N'CONTACTO 4', N'DIRECCION 4', 1, N'A00004', N'1', N'RAZON SOCIAL 4', 0, N'', N'', 2)
INSERT [dbo].[documento] ([documento_id], [contacto_destino], [direccion], [distrito_id], [documento_autogenerado], [nro_documento], [razon_social_destino], [recepcionado], [referencia], [telefono], [envio_id]) VALUES (5, N'CONTACTO 5', N'DIRECCION 5', 1, N'A00005', N'1', N'RAZON SOCIAL 5', 0, N'', N'', 3)
INSERT [dbo].[documento] ([documento_id], [contacto_destino], [direccion], [distrito_id], [documento_autogenerado], [nro_documento], [razon_social_destino], [recepcionado], [referencia], [telefono], [envio_id]) VALUES (6, N'CONTACTO 6', N'DIRECCION 6', 1, N'A00006', N'1', N'RAZON SOCIAL 6', 0, N'', N'', 3)
INSERT [dbo].[documento] ([documento_id], [contacto_destino], [direccion], [distrito_id], [documento_autogenerado], [nro_documento], [razon_social_destino], [recepcionado], [referencia], [telefono], [envio_id]) VALUES (7, N'CONTACTO 7', N'DIRECCION 7', 1, N'A00007', N'1', N'RAZON SOCIAL 7', 0, N'', N'', 3)
INSERT [dbo].[documento] ([documento_id], [contacto_destino], [direccion], [distrito_id], [documento_autogenerado], [nro_documento], [razon_social_destino], [recepcionado], [referencia], [telefono], [envio_id]) VALUES (8, N'CONTACTO 8', N'DIRECCION 8', 1, N'A00008', N'1', N'RAZON SOCIAL 8', 0, N'', N'', 3)
INSERT [dbo].[documento] ([documento_id], [contacto_destino], [direccion], [distrito_id], [documento_autogenerado], [nro_documento], [razon_social_destino], [recepcionado], [referencia], [telefono], [envio_id]) VALUES (9, N'CONTACTO 9', N'DIRECCION 9', 1, N'A00009', N'1', N'RAZON SOCIAL 9', 0, N'', N'', 4)
INSERT [dbo].[documento] ([documento_id], [contacto_destino], [direccion], [distrito_id], [documento_autogenerado], [nro_documento], [razon_social_destino], [recepcionado], [referencia], [telefono], [envio_id]) VALUES (10, N'CONTACTO 10', N'DIRECCION 10', 1, N'A00010', N'1', N'RAZON SOCIAL 10', 0, N'', N'', 5)
INSERT [dbo].[documento] ([documento_id], [contacto_destino], [direccion], [distrito_id], [documento_autogenerado], [nro_documento], [razon_social_destino], [recepcionado], [referencia], [telefono], [envio_id]) VALUES (11, N'CONTACTO 11', N'DIRECCION 11', 1275, N'EX0011', N'1', N'RAZON SOCIAL 11', 0, N'', N'', 6)
INSERT [dbo].[documento] ([documento_id], [contacto_destino], [direccion], [distrito_id], [documento_autogenerado], [nro_documento], [razon_social_destino], [recepcionado], [referencia], [telefono], [envio_id]) VALUES (12, N'CONTACTO 12', N'DIRECCION 12', 1355, N'EX0012', N'1', N'RAZON SOCIAL 12', 0, NULL, NULL, 7)
INSERT [dbo].[documento] ([documento_id], [contacto_destino], [direccion], [distrito_id], [documento_autogenerado], [nro_documento], [razon_social_destino], [recepcionado], [referencia], [telefono], [envio_id]) VALUES (13, N'CONTACTO 13', N'DIRECCION 13', 1291, N'EX0013', N'1', N'RAZON SOCIAL 13', 0, NULL, NULL, 8)
INSERT [dbo].[documento] ([documento_id], [contacto_destino], [direccion], [distrito_id], [documento_autogenerado], [nro_documento], [razon_social_destino], [recepcionado], [referencia], [telefono], [envio_id]) VALUES (14, N'CONTACTO 14', N'DIRECCION 14', 1281, N'EX0014', N'1', N'RAZON SOCIAL 14', 0, NULL, NULL, 9)
INSERT [dbo].[documento] ([documento_id], [contacto_destino], [direccion], [distrito_id], [documento_autogenerado], [nro_documento], [razon_social_destino], [recepcionado], [referencia], [telefono], [envio_id]) VALUES (15, N'CONTACTO 15', N'DIRECCION 15', 1483, N'EX0015', N'1', N'RAZON SOCIAL 15', 0, NULL, NULL, 10)
INSERT [dbo].[documento] ([documento_id], [contacto_destino], [direccion], [distrito_id], [documento_autogenerado], [nro_documento], [razon_social_destino], [recepcionado], [referencia], [telefono], [envio_id]) VALUES (16, N'CONTACTO 16', N'DIRECCION 16', 1283, N'EX0016', N'1', N'RAZON SOCIAL 16', 0, NULL, NULL, 11)
INSERT [dbo].[documento] ([documento_id], [contacto_destino], [direccion], [distrito_id], [documento_autogenerado], [nro_documento], [razon_social_destino], [recepcionado], [referencia], [telefono], [envio_id]) VALUES (17, N'CONTACTO 17', N'DIRECCION 17', 1280, N'EX0017', N'1', N'RAZON SOCIAL 17', 0, NULL, NULL, 12)
INSERT [dbo].[documento] ([documento_id], [contacto_destino], [direccion], [distrito_id], [documento_autogenerado], [nro_documento], [razon_social_destino], [recepcionado], [referencia], [telefono], [envio_id]) VALUES (18, N'CONTACTO 18', N'DIRECCION 18', 1291, N'EX0018', N'1', N'RAZON SOCIAL 18', 0, NULL, NULL, 13)
INSERT [dbo].[documento] ([documento_id], [contacto_destino], [direccion], [distrito_id], [documento_autogenerado], [nro_documento], [razon_social_destino], [recepcionado], [referencia], [telefono], [envio_id]) VALUES (19, N'CONTACTO 19', N'DIRECCION 19', 689, N'EX0019', N'1', N'RAZON SOCIAL 19', 0, NULL, NULL, 14)
INSERT [dbo].[documento] ([documento_id], [contacto_destino], [direccion], [distrito_id], [documento_autogenerado], [nro_documento], [razon_social_destino], [recepcionado], [referencia], [telefono], [envio_id]) VALUES (20, N'CONTACTO 20', N'DIRECCION 20', 1280, N'EX0020', N'1', N'RAZON SOCIAL 20', 0, NULL, NULL, 15)
INSERT [dbo].[documento] ([documento_id], [contacto_destino], [direccion], [distrito_id], [documento_autogenerado], [nro_documento], [razon_social_destino], [recepcionado], [referencia], [telefono], [envio_id]) VALUES (21, N'CONTACTO 21', N'DIRECCION 21', 1277, N'EX0021', N'1', N'RAZON SOCIAL 21', 0, NULL, NULL, 16)
INSERT [dbo].[documento] ([documento_id], [contacto_destino], [direccion], [distrito_id], [documento_autogenerado], [nro_documento], [razon_social_destino], [recepcionado], [referencia], [telefono], [envio_id]) VALUES (22, N'CONTACTO 22', N'DIRECCION 22', 993, N'EX0022', N'1', N'RAZON SOCIAL 22', 0, NULL, NULL, 17)
INSERT [dbo].[documento] ([documento_id], [contacto_destino], [direccion], [distrito_id], [documento_autogenerado], [nro_documento], [razon_social_destino], [recepcionado], [referencia], [telefono], [envio_id]) VALUES (23, N'CONTACTO 23', N'DIRECCION 23', 1405, N'EX0023', N'1', N'RAZON SOCIAL 23', 0, NULL, NULL, 18)
INSERT [dbo].[documento] ([documento_id], [contacto_destino], [direccion], [distrito_id], [documento_autogenerado], [nro_documento], [razon_social_destino], [recepcionado], [referencia], [telefono], [envio_id]) VALUES (24, N'CONTACTO 24', N'DIRECCION 24', 1355, N'EX0024', N'1', N'RAZON SOCIAL 24', 0, NULL, NULL, 19)
INSERT [dbo].[documento] ([documento_id], [contacto_destino], [direccion], [distrito_id], [documento_autogenerado], [nro_documento], [razon_social_destino], [recepcionado], [referencia], [telefono], [envio_id]) VALUES (25, N'CONTACTO 25', N'DIRECCION 25', 1330, N'EX0025', N'1', N'RAZON SOCIAL 25', 0, NULL, NULL, 20)
INSERT [dbo].[documento] ([documento_id], [contacto_destino], [direccion], [distrito_id], [documento_autogenerado], [nro_documento], [razon_social_destino], [recepcionado], [referencia], [telefono], [envio_id]) VALUES (26, N'CONTACTO 26', N'DIRECCION 26', 1293, N'EX0026', N'1', N'RAZON SOCIAL 26', 0, NULL, NULL, 21)
INSERT [dbo].[documento] ([documento_id], [contacto_destino], [direccion], [distrito_id], [documento_autogenerado], [nro_documento], [razon_social_destino], [recepcionado], [referencia], [telefono], [envio_id]) VALUES (27, N'CONTACTO 27', N'DIRECCION 27', 1343, N'EX0027', N'1', N'RAZON SOCIAL 27', 0, NULL, NULL, 22)
INSERT [dbo].[documento] ([documento_id], [contacto_destino], [direccion], [distrito_id], [documento_autogenerado], [nro_documento], [razon_social_destino], [recepcionado], [referencia], [telefono], [envio_id]) VALUES (28, N'CONTACTO 28', N'DIRECCION 28', 1004, N'EX0028', N'1', N'RAZON SOCIAL 28', 0, NULL, NULL, 23)
INSERT [dbo].[documento] ([documento_id], [contacto_destino], [direccion], [distrito_id], [documento_autogenerado], [nro_documento], [razon_social_destino], [recepcionado], [referencia], [telefono], [envio_id]) VALUES (29, N'CONTACTO 29', N'DIRECCION 29', 1283, N'EX0029', N'1', N'RAZON SOCIAL 29', 0, NULL, NULL, 24)
INSERT [dbo].[documento] ([documento_id], [contacto_destino], [direccion], [distrito_id], [documento_autogenerado], [nro_documento], [razon_social_destino], [recepcionado], [referencia], [telefono], [envio_id]) VALUES (30, N'CONTACTO 30', N'DIRECCION 30', 1348, N'EX0030', N'1', N'RAZON SOCIAL 30', 0, NULL, NULL, 25)
INSERT [dbo].[documento] ([documento_id], [contacto_destino], [direccion], [distrito_id], [documento_autogenerado], [nro_documento], [razon_social_destino], [recepcionado], [referencia], [telefono], [envio_id]) VALUES (31, N'CONTACTO 31', N'DIRECCION 31', 1293, N'EX0031', N'1', N'RAZON SOCIAL 31', 0, N'', N'', 26)
INSERT [dbo].[documento] ([documento_id], [contacto_destino], [direccion], [distrito_id], [documento_autogenerado], [nro_documento], [razon_social_destino], [recepcionado], [referencia], [telefono], [envio_id]) VALUES (32, N'CONTACTO 32', N'DIRECCION 32', 1285, N'EX0032', N'1', N'RAZON SOCIAL 32', 0, NULL, NULL, 27)
INSERT [dbo].[documento] ([documento_id], [contacto_destino], [direccion], [distrito_id], [documento_autogenerado], [nro_documento], [razon_social_destino], [recepcionado], [referencia], [telefono], [envio_id]) VALUES (33, N'CONTACTO 33', N'DIRECCION 33', 1292, N'EX0033', N'1', N'RAZON SOCIAL 33', 0, NULL, NULL, 28)
INSERT [dbo].[documento] ([documento_id], [contacto_destino], [direccion], [distrito_id], [documento_autogenerado], [nro_documento], [razon_social_destino], [recepcionado], [referencia], [telefono], [envio_id]) VALUES (34, N'CONTACTO 34', N'DIRECCION 34', 1284, N'EX0034', N'1', N'RAZON SOCIAL 34', 0, NULL, NULL, 29)
INSERT [dbo].[documento] ([documento_id], [contacto_destino], [direccion], [distrito_id], [documento_autogenerado], [nro_documento], [razon_social_destino], [recepcionado], [referencia], [telefono], [envio_id]) VALUES (35, N'CONTACTO 35', N'DIRECCION 35', 1291, N'EX0035', N'1', N'RAZON SOCIAL 35', 0, NULL, NULL, 30)
INSERT [dbo].[documento] ([documento_id], [contacto_destino], [direccion], [distrito_id], [documento_autogenerado], [nro_documento], [razon_social_destino], [recepcionado], [referencia], [telefono], [envio_id]) VALUES (36, N'CONTACTO 36', N'DIRECCION 36', 1330, N'EX0036', N'1', N'RAZON SOCIAL 36', 0, NULL, NULL, 31)
INSERT [dbo].[documento] ([documento_id], [contacto_destino], [direccion], [distrito_id], [documento_autogenerado], [nro_documento], [razon_social_destino], [recepcionado], [referencia], [telefono], [envio_id]) VALUES (37, N'CONTACTO 37', N'DIRECCION 37', 1287, N'EX0037', N'1', N'RAZON SOCIAL 37', 0, NULL, NULL, 32)
INSERT [dbo].[documento] ([documento_id], [contacto_destino], [direccion], [distrito_id], [documento_autogenerado], [nro_documento], [razon_social_destino], [recepcionado], [referencia], [telefono], [envio_id]) VALUES (38, N'CONTACTO 38', N'DIRECCION 38', 1284, N'EX0038', N'1', N'RAZON SOCIAL 38', 0, NULL, NULL, 33)
INSERT [dbo].[documento] ([documento_id], [contacto_destino], [direccion], [distrito_id], [documento_autogenerado], [nro_documento], [razon_social_destino], [recepcionado], [referencia], [telefono], [envio_id]) VALUES (39, N'CONTACTO 39', N'DIRECCION 39', 1320, N'EX0039', N'1', N'RAZON SOCIAL 39', 0, NULL, NULL, 34)
INSERT [dbo].[documento] ([documento_id], [contacto_destino], [direccion], [distrito_id], [documento_autogenerado], [nro_documento], [razon_social_destino], [recepcionado], [referencia], [telefono], [envio_id]) VALUES (40, N'CONTACTO 40', N'DIRECCION 40', 1290, N'EX0040', N'1', N'RAZON SOCIAL 40', 0, NULL, NULL, 35)
INSERT [dbo].[documento] ([documento_id], [contacto_destino], [direccion], [distrito_id], [documento_autogenerado], [nro_documento], [razon_social_destino], [recepcionado], [referencia], [telefono], [envio_id]) VALUES (41, N'CONTACTO 41', N'DIRECCION 41', 1290, N'EX0041', N'1', N'RAZON SOCIAL 41', 0, N'', N'', 36)
INSERT [dbo].[documento] ([documento_id], [contacto_destino], [direccion], [distrito_id], [documento_autogenerado], [nro_documento], [razon_social_destino], [recepcionado], [referencia], [telefono], [envio_id]) VALUES (42, N'CONTACTO 42', N'DIRECCION 42', 1250, N'EX0042', N'1', N'RAZON SOCIAL 42', 0, NULL, NULL, 37)
INSERT [dbo].[documento] ([documento_id], [contacto_destino], [direccion], [distrito_id], [documento_autogenerado], [nro_documento], [razon_social_destino], [recepcionado], [referencia], [telefono], [envio_id]) VALUES (43, N'CONTACTO 43', N'DIRECCION 43', 1332, N'EX0043', N'1', N'RAZON SOCIAL 43', 0, N'', N'', 38)
INSERT [dbo].[documento] ([documento_id], [contacto_destino], [direccion], [distrito_id], [documento_autogenerado], [nro_documento], [razon_social_destino], [recepcionado], [referencia], [telefono], [envio_id]) VALUES (44, N'CONTACTO 44', N'DIRECCION 44', 1277, N'EX0044', N'1', N'RAZON SOCIAL 44', 0, NULL, NULL, 39)
INSERT [dbo].[documento] ([documento_id], [contacto_destino], [direccion], [distrito_id], [documento_autogenerado], [nro_documento], [razon_social_destino], [recepcionado], [referencia], [telefono], [envio_id]) VALUES (45, N'CONTACTO 45', N'DIRECCION 45', 1290, N'EX0045', N'1', N'RAZON SOCIAL 45', 0, NULL, NULL, 40)
INSERT [dbo].[documento] ([documento_id], [contacto_destino], [direccion], [distrito_id], [documento_autogenerado], [nro_documento], [razon_social_destino], [recepcionado], [referencia], [telefono], [envio_id]) VALUES (46, N'CONTACTO 46', N'DIRECCION 46', 1291, N'EX0046', N'1', N'RAZON SOCIAL 46', 0, NULL, NULL, 41)
INSERT [dbo].[documento] ([documento_id], [contacto_destino], [direccion], [distrito_id], [documento_autogenerado], [nro_documento], [razon_social_destino], [recepcionado], [referencia], [telefono], [envio_id]) VALUES (47, N'CONTACTO 47', N'DIRECCION 47', 1324, N'EX0047', N'1', N'RAZON SOCIAL 47', 0, NULL, NULL, 42)
INSERT [dbo].[documento] ([documento_id], [contacto_destino], [direccion], [distrito_id], [documento_autogenerado], [nro_documento], [razon_social_destino], [recepcionado], [referencia], [telefono], [envio_id]) VALUES (48, N'CONTACTO 48', N'DIRECCION 48', 1291, N'EX0048', N'1', N'RAZON SOCIAL 48', 0, NULL, NULL, 43)
INSERT [dbo].[documento] ([documento_id], [contacto_destino], [direccion], [distrito_id], [documento_autogenerado], [nro_documento], [razon_social_destino], [recepcionado], [referencia], [telefono], [envio_id]) VALUES (49, N'CONTACTO 49', N'DIRECCION 49', 1290, N'EX0049', N'1', N'RAZON SOCIAL 49', 0, NULL, NULL, 44)
INSERT [dbo].[documento] ([documento_id], [contacto_destino], [direccion], [distrito_id], [documento_autogenerado], [nro_documento], [razon_social_destino], [recepcionado], [referencia], [telefono], [envio_id]) VALUES (50, N'CONTACTO 50', N'DIRECCION 50', 1290, N'EX0050', N'1', N'RAZON SOCIAL 50', 0, NULL, NULL, 45)
SET IDENTITY_INSERT [dbo].[documento] OFF
INSERT [dbo].[documento_guia] ([documento_id], [guia_id], [fecha_asociacion], [validado]) VALUES (1, 1, CAST(N'2018-10-31T09:40:30.9000000' AS DateTime2), 1)
INSERT [dbo].[documento_guia] ([documento_id], [guia_id], [fecha_asociacion], [validado]) VALUES (2, 1, CAST(N'2018-10-31T09:40:30.9000000' AS DateTime2), 1)
INSERT [dbo].[documento_guia] ([documento_id], [guia_id], [fecha_asociacion], [validado]) VALUES (3, 2, CAST(N'2018-10-31T09:40:30.9033333' AS DateTime2), 1)
INSERT [dbo].[documento_guia] ([documento_id], [guia_id], [fecha_asociacion], [validado]) VALUES (4, 2, CAST(N'2018-10-31T09:40:30.9033333' AS DateTime2), 1)
INSERT [dbo].[documento_guia] ([documento_id], [guia_id], [fecha_asociacion], [validado]) VALUES (9, 3, CAST(N'2018-10-31T10:10:20.2810000' AS DateTime2), 1)
INSERT [dbo].[documento_guia] ([documento_id], [guia_id], [fecha_asociacion], [validado]) VALUES (10, 3, CAST(N'2018-10-31T10:10:20.2590000' AS DateTime2), 1)
INSERT [dbo].[documento_guia] ([documento_id], [guia_id], [fecha_asociacion], [validado]) VALUES (11, 3, CAST(N'2018-10-31T10:10:20.2810000' AS DateTime2), 1)
INSERT [dbo].[documento_guia] ([documento_id], [guia_id], [fecha_asociacion], [validado]) VALUES (12, 4, CAST(N'2018-10-31T10:10:48.0610000' AS DateTime2), 1)
INSERT [dbo].[documento_guia] ([documento_id], [guia_id], [fecha_asociacion], [validado]) VALUES (13, 5, CAST(N'2018-10-31T10:11:09.8080000' AS DateTime2), 1)
INSERT [dbo].[documento_guia] ([documento_id], [guia_id], [fecha_asociacion], [validado]) VALUES (14, 6, CAST(N'2018-10-31T10:11:38.5160000' AS DateTime2), 1)
INSERT [dbo].[documento_guia] ([documento_id], [guia_id], [fecha_asociacion], [validado]) VALUES (15, 5, CAST(N'2018-10-31T10:11:09.8090000' AS DateTime2), 1)
INSERT [dbo].[documento_guia] ([documento_id], [guia_id], [fecha_asociacion], [validado]) VALUES (16, 7, CAST(N'2018-10-31T10:12:50.0320000' AS DateTime2), 1)
INSERT [dbo].[documento_guia] ([documento_id], [guia_id], [fecha_asociacion], [validado]) VALUES (17, 8, CAST(N'2018-10-31T10:13:22.8170000' AS DateTime2), 1)
INSERT [dbo].[documento_guia] ([documento_id], [guia_id], [fecha_asociacion], [validado]) VALUES (18, 8, CAST(N'2018-10-31T10:13:22.8170000' AS DateTime2), 1)
INSERT [dbo].[documento_guia] ([documento_id], [guia_id], [fecha_asociacion], [validado]) VALUES (19, 12, CAST(N'2018-10-31T12:46:15.5740000' AS DateTime2), 1)
INSERT [dbo].[documento_guia] ([documento_id], [guia_id], [fecha_asociacion], [validado]) VALUES (20, 11, CAST(N'2018-10-31T12:45:49.2120000' AS DateTime2), 1)
INSERT [dbo].[documento_guia] ([documento_id], [guia_id], [fecha_asociacion], [validado]) VALUES (21, 8, CAST(N'2018-10-31T10:13:22.8170000' AS DateTime2), 1)
INSERT [dbo].[documento_guia] ([documento_id], [guia_id], [fecha_asociacion], [validado]) VALUES (22, 7, CAST(N'2018-10-31T10:12:50.0320000' AS DateTime2), 1)
INSERT [dbo].[documento_guia] ([documento_id], [guia_id], [fecha_asociacion], [validado]) VALUES (23, 12, CAST(N'2018-10-31T12:46:15.5740000' AS DateTime2), 1)
INSERT [dbo].[documento_guia] ([documento_id], [guia_id], [fecha_asociacion], [validado]) VALUES (24, 7, CAST(N'2018-10-31T10:12:50.0320000' AS DateTime2), 1)
INSERT [dbo].[documento_guia] ([documento_id], [guia_id], [fecha_asociacion], [validado]) VALUES (25, 10, CAST(N'2018-10-31T12:45:15.4510000' AS DateTime2), 1)
INSERT [dbo].[documento_guia] ([documento_id], [guia_id], [fecha_asociacion], [validado]) VALUES (26, 9, CAST(N'2018-10-31T10:13:52.5000000' AS DateTime2), 1)
INSERT [dbo].[documento_guia] ([documento_id], [guia_id], [fecha_asociacion], [validado]) VALUES (27, 13, CAST(N'2018-10-31T12:46:47.0960000' AS DateTime2), 1)
INSERT [dbo].[documento_guia] ([documento_id], [guia_id], [fecha_asociacion], [validado]) VALUES (28, 13, CAST(N'2018-10-31T12:46:47.0960000' AS DateTime2), 1)
INSERT [dbo].[documento_guia] ([documento_id], [guia_id], [fecha_asociacion], [validado]) VALUES (29, 9, CAST(N'2018-10-31T10:13:52.5000000' AS DateTime2), 1)
INSERT [dbo].[documento_guia] ([documento_id], [guia_id], [fecha_asociacion], [validado]) VALUES (30, 12, CAST(N'2018-10-31T12:46:15.5740000' AS DateTime2), 1)
INSERT [dbo].[documento_guia] ([documento_id], [guia_id], [fecha_asociacion], [validado]) VALUES (31, 11, CAST(N'2018-10-31T12:45:49.2120000' AS DateTime2), 1)
INSERT [dbo].[documento_guia] ([documento_id], [guia_id], [fecha_asociacion], [validado]) VALUES (32, 11, CAST(N'2018-10-31T12:45:49.2120000' AS DateTime2), 1)
INSERT [dbo].[documento_guia] ([documento_id], [guia_id], [fecha_asociacion], [validado]) VALUES (33, 11, CAST(N'2018-10-31T12:45:49.2120000' AS DateTime2), 1)
INSERT [dbo].[documento_guia] ([documento_id], [guia_id], [fecha_asociacion], [validado]) VALUES (39, 10, CAST(N'2018-10-31T12:45:15.4500000' AS DateTime2), 1)
INSERT [dbo].[documento_guia] ([documento_id], [guia_id], [fecha_asociacion], [validado]) VALUES (41, 10, CAST(N'2018-10-31T12:45:15.4510000' AS DateTime2), 1)
SET IDENTITY_INSERT [dbo].[seguimiento_documento] ON 

INSERT [dbo].[seguimiento_documento] ([seguimiento_documento_id], [fecha], [link_imagen], [observacion], [usuario_id], [documento_id], [estado_documento_id]) VALUES (1, CAST(N'2017-12-25T00:00:00.0000000' AS DateTime2), N'linkimagen', N'registro de prueba', 1, 1, 1)
INSERT [dbo].[seguimiento_documento] ([seguimiento_documento_id], [fecha], [link_imagen], [observacion], [usuario_id], [documento_id], [estado_documento_id]) VALUES (2, CAST(N'2017-12-25T00:00:00.0000000' AS DateTime2), N'linkimagen', N'registro de prueba', 1, 2, 1)
INSERT [dbo].[seguimiento_documento] ([seguimiento_documento_id], [fecha], [link_imagen], [observacion], [usuario_id], [documento_id], [estado_documento_id]) VALUES (3, CAST(N'2017-12-25T00:00:00.0000000' AS DateTime2), N'linkimagen', N'registro de prueba', 1, 3, 1)
INSERT [dbo].[seguimiento_documento] ([seguimiento_documento_id], [fecha], [link_imagen], [observacion], [usuario_id], [documento_id], [estado_documento_id]) VALUES (4, CAST(N'2017-12-25T00:00:00.0000000' AS DateTime2), N'linkimagen', N'registro de prueba', 1, 4, 1)
INSERT [dbo].[seguimiento_documento] ([seguimiento_documento_id], [fecha], [link_imagen], [observacion], [usuario_id], [documento_id], [estado_documento_id]) VALUES (5, CAST(N'2017-12-25T00:00:00.0000000' AS DateTime2), N'linkimagen', N'registro de prueba', 1, 5, 1)
INSERT [dbo].[seguimiento_documento] ([seguimiento_documento_id], [fecha], [link_imagen], [observacion], [usuario_id], [documento_id], [estado_documento_id]) VALUES (6, CAST(N'2017-12-25T00:00:00.0000000' AS DateTime2), N'linkimagen', N'registro de prueba', 1, 6, 1)
INSERT [dbo].[seguimiento_documento] ([seguimiento_documento_id], [fecha], [link_imagen], [observacion], [usuario_id], [documento_id], [estado_documento_id]) VALUES (7, CAST(N'2017-12-25T00:00:00.0000000' AS DateTime2), N'linkimagen', N'registro de prueba', 1, 7, 1)
INSERT [dbo].[seguimiento_documento] ([seguimiento_documento_id], [fecha], [link_imagen], [observacion], [usuario_id], [documento_id], [estado_documento_id]) VALUES (8, CAST(N'2017-12-25T00:00:00.0000000' AS DateTime2), N'linkimagen', N'registro de prueba', 1, 8, 1)
INSERT [dbo].[seguimiento_documento] ([seguimiento_documento_id], [fecha], [link_imagen], [observacion], [usuario_id], [documento_id], [estado_documento_id]) VALUES (9, CAST(N'2017-12-25T00:00:00.0000000' AS DateTime2), N'linkimagen', N'registro de prueba', 1, 9, 1)
INSERT [dbo].[seguimiento_documento] ([seguimiento_documento_id], [fecha], [link_imagen], [observacion], [usuario_id], [documento_id], [estado_documento_id]) VALUES (10, CAST(N'2017-12-25T00:00:00.0000000' AS DateTime2), N'linkimagen', N'registro de prueba', 1, 10, 1)
INSERT [dbo].[seguimiento_documento] ([seguimiento_documento_id], [fecha], [link_imagen], [observacion], [usuario_id], [documento_id], [estado_documento_id]) VALUES (11, CAST(N'2017-12-25T00:00:00.0000000' AS DateTime2), N'linkimagen', N'registro de prueba', 1, 1, 2)
INSERT [dbo].[seguimiento_documento] ([seguimiento_documento_id], [fecha], [link_imagen], [observacion], [usuario_id], [documento_id], [estado_documento_id]) VALUES (12, CAST(N'2017-12-25T00:00:00.0000000' AS DateTime2), N'linkimagen', N'registro de prueba', 1, 2, 2)
INSERT [dbo].[seguimiento_documento] ([seguimiento_documento_id], [fecha], [link_imagen], [observacion], [usuario_id], [documento_id], [estado_documento_id]) VALUES (13, CAST(N'2017-12-25T00:00:00.0000000' AS DateTime2), N'linkimagen', N'registro de prueba', 1, 3, 2)
INSERT [dbo].[seguimiento_documento] ([seguimiento_documento_id], [fecha], [link_imagen], [observacion], [usuario_id], [documento_id], [estado_documento_id]) VALUES (14, CAST(N'2017-12-25T00:00:00.0000000' AS DateTime2), N'linkimagen', N'registro de prueba', 1, 4, 2)
INSERT [dbo].[seguimiento_documento] ([seguimiento_documento_id], [fecha], [link_imagen], [observacion], [usuario_id], [documento_id], [estado_documento_id]) VALUES (15, CAST(N'2018-10-25T00:00:00.0000000' AS DateTime2), N'linkimagen', N'registro de prueba', 1, 1, 3)
INSERT [dbo].[seguimiento_documento] ([seguimiento_documento_id], [fecha], [link_imagen], [observacion], [usuario_id], [documento_id], [estado_documento_id]) VALUES (16, CAST(N'2018-10-25T00:00:00.0000000' AS DateTime2), N'linkimagen', N'registro de prueba', 1, 2, 3)
INSERT [dbo].[seguimiento_documento] ([seguimiento_documento_id], [fecha], [link_imagen], [observacion], [usuario_id], [documento_id], [estado_documento_id]) VALUES (17, CAST(N'2018-10-25T00:00:00.0000000' AS DateTime2), N'linkimagen', N'registro de prueba', 1, 3, 3)
INSERT [dbo].[seguimiento_documento] ([seguimiento_documento_id], [fecha], [link_imagen], [observacion], [usuario_id], [documento_id], [estado_documento_id]) VALUES (18, CAST(N'2018-10-25T00:00:00.0000000' AS DateTime2), N'linkimagen', N'registro de prueba', 1, 4, 3)
INSERT [dbo].[seguimiento_documento] ([seguimiento_documento_id], [fecha], [link_imagen], [observacion], [usuario_id], [documento_id], [estado_documento_id]) VALUES (19, CAST(N'2018-10-31T09:40:30.9100000' AS DateTime2), N'linkimagen', N'registro de prueba', 1, 1, 4)
INSERT [dbo].[seguimiento_documento] ([seguimiento_documento_id], [fecha], [link_imagen], [observacion], [usuario_id], [documento_id], [estado_documento_id]) VALUES (20, CAST(N'2018-12-25T00:00:00.0000000' AS DateTime2), N'linkimagen', N'registro de prueba', 1, 2, 4)
INSERT [dbo].[seguimiento_documento] ([seguimiento_documento_id], [fecha], [link_imagen], [observacion], [usuario_id], [documento_id], [estado_documento_id]) VALUES (21, CAST(N'2018-10-31T09:40:30.9100000' AS DateTime2), N'linkimagen', N'registro de prueba', 1, 3, 4)
INSERT [dbo].[seguimiento_documento] ([seguimiento_documento_id], [fecha], [link_imagen], [observacion], [usuario_id], [documento_id], [estado_documento_id]) VALUES (22, CAST(N'2018-10-31T09:50:09.4360000' AS DateTime2), NULL, NULL, 4, 11, 1)
INSERT [dbo].[seguimiento_documento] ([seguimiento_documento_id], [fecha], [link_imagen], [observacion], [usuario_id], [documento_id], [estado_documento_id]) VALUES (23, CAST(N'2018-10-31T09:51:18.5610000' AS DateTime2), NULL, NULL, 4, 12, 1)
INSERT [dbo].[seguimiento_documento] ([seguimiento_documento_id], [fecha], [link_imagen], [observacion], [usuario_id], [documento_id], [estado_documento_id]) VALUES (24, CAST(N'2018-10-31T09:54:06.2230000' AS DateTime2), NULL, NULL, 4, 13, 1)
INSERT [dbo].[seguimiento_documento] ([seguimiento_documento_id], [fecha], [link_imagen], [observacion], [usuario_id], [documento_id], [estado_documento_id]) VALUES (25, CAST(N'2018-10-31T09:54:50.8990000' AS DateTime2), NULL, NULL, 4, 14, 1)
INSERT [dbo].[seguimiento_documento] ([seguimiento_documento_id], [fecha], [link_imagen], [observacion], [usuario_id], [documento_id], [estado_documento_id]) VALUES (26, CAST(N'2018-10-31T09:55:44.7330000' AS DateTime2), NULL, NULL, 4, 15, 1)
INSERT [dbo].[seguimiento_documento] ([seguimiento_documento_id], [fecha], [link_imagen], [observacion], [usuario_id], [documento_id], [estado_documento_id]) VALUES (27, CAST(N'2018-10-31T09:56:55.4850000' AS DateTime2), NULL, NULL, 4, 16, 1)
INSERT [dbo].[seguimiento_documento] ([seguimiento_documento_id], [fecha], [link_imagen], [observacion], [usuario_id], [documento_id], [estado_documento_id]) VALUES (28, CAST(N'2018-10-31T09:58:08.8200000' AS DateTime2), NULL, NULL, 4, 17, 1)
INSERT [dbo].[seguimiento_documento] ([seguimiento_documento_id], [fecha], [link_imagen], [observacion], [usuario_id], [documento_id], [estado_documento_id]) VALUES (29, CAST(N'2018-10-31T09:58:55.3650000' AS DateTime2), NULL, NULL, 4, 18, 1)
INSERT [dbo].[seguimiento_documento] ([seguimiento_documento_id], [fecha], [link_imagen], [observacion], [usuario_id], [documento_id], [estado_documento_id]) VALUES (30, CAST(N'2018-10-31T09:59:41.1680000' AS DateTime2), NULL, NULL, 4, 19, 1)
INSERT [dbo].[seguimiento_documento] ([seguimiento_documento_id], [fecha], [link_imagen], [observacion], [usuario_id], [documento_id], [estado_documento_id]) VALUES (31, CAST(N'2018-10-31T10:00:23.0750000' AS DateTime2), NULL, NULL, 4, 20, 1)
INSERT [dbo].[seguimiento_documento] ([seguimiento_documento_id], [fecha], [link_imagen], [observacion], [usuario_id], [documento_id], [estado_documento_id]) VALUES (32, CAST(N'2018-10-31T10:01:07.6120000' AS DateTime2), NULL, NULL, 4, 21, 1)
INSERT [dbo].[seguimiento_documento] ([seguimiento_documento_id], [fecha], [link_imagen], [observacion], [usuario_id], [documento_id], [estado_documento_id]) VALUES (33, CAST(N'2018-10-31T10:01:40.1860000' AS DateTime2), NULL, NULL, 4, 22, 1)
INSERT [dbo].[seguimiento_documento] ([seguimiento_documento_id], [fecha], [link_imagen], [observacion], [usuario_id], [documento_id], [estado_documento_id]) VALUES (34, CAST(N'2018-10-31T10:02:22.6700000' AS DateTime2), NULL, NULL, 4, 23, 1)
INSERT [dbo].[seguimiento_documento] ([seguimiento_documento_id], [fecha], [link_imagen], [observacion], [usuario_id], [documento_id], [estado_documento_id]) VALUES (35, CAST(N'2018-10-31T10:03:03.4040000' AS DateTime2), NULL, NULL, 4, 24, 1)
INSERT [dbo].[seguimiento_documento] ([seguimiento_documento_id], [fecha], [link_imagen], [observacion], [usuario_id], [documento_id], [estado_documento_id]) VALUES (36, CAST(N'2018-10-31T10:03:37.2010000' AS DateTime2), NULL, NULL, 4, 25, 1)
INSERT [dbo].[seguimiento_documento] ([seguimiento_documento_id], [fecha], [link_imagen], [observacion], [usuario_id], [documento_id], [estado_documento_id]) VALUES (37, CAST(N'2018-10-31T10:04:12.7020000' AS DateTime2), NULL, NULL, 4, 26, 1)
INSERT [dbo].[seguimiento_documento] ([seguimiento_documento_id], [fecha], [link_imagen], [observacion], [usuario_id], [documento_id], [estado_documento_id]) VALUES (38, CAST(N'2018-10-31T10:04:58.6720000' AS DateTime2), NULL, NULL, 4, 27, 1)
INSERT [dbo].[seguimiento_documento] ([seguimiento_documento_id], [fecha], [link_imagen], [observacion], [usuario_id], [documento_id], [estado_documento_id]) VALUES (39, CAST(N'2018-10-31T10:05:38.0580000' AS DateTime2), NULL, NULL, 4, 28, 1)
INSERT [dbo].[seguimiento_documento] ([seguimiento_documento_id], [fecha], [link_imagen], [observacion], [usuario_id], [documento_id], [estado_documento_id]) VALUES (40, CAST(N'2018-10-31T10:06:15.1610000' AS DateTime2), NULL, NULL, 4, 29, 1)
INSERT [dbo].[seguimiento_documento] ([seguimiento_documento_id], [fecha], [link_imagen], [observacion], [usuario_id], [documento_id], [estado_documento_id]) VALUES (41, CAST(N'2018-10-31T10:06:50.3620000' AS DateTime2), NULL, NULL, 4, 30, 1)
INSERT [dbo].[seguimiento_documento] ([seguimiento_documento_id], [fecha], [link_imagen], [observacion], [usuario_id], [documento_id], [estado_documento_id]) VALUES (42, CAST(N'2018-10-31T10:07:54.6290000' AS DateTime2), NULL, N'El documento ha sido autorizado', 4, 13, 1)
INSERT [dbo].[seguimiento_documento] ([seguimiento_documento_id], [fecha], [link_imagen], [observacion], [usuario_id], [documento_id], [estado_documento_id]) VALUES (43, CAST(N'2018-10-31T10:07:58.2600000' AS DateTime2), NULL, N'El documento ha sido autorizado', 4, 14, 1)
INSERT [dbo].[seguimiento_documento] ([seguimiento_documento_id], [fecha], [link_imagen], [observacion], [usuario_id], [documento_id], [estado_documento_id]) VALUES (44, CAST(N'2018-10-31T10:08:00.5240000' AS DateTime2), NULL, N'El documento ha sido autorizado', 4, 15, 1)
INSERT [dbo].[seguimiento_documento] ([seguimiento_documento_id], [fecha], [link_imagen], [observacion], [usuario_id], [documento_id], [estado_documento_id]) VALUES (45, CAST(N'2018-10-31T10:08:02.5450000' AS DateTime2), NULL, N'El documento ha sido autorizado', 4, 17, 1)
INSERT [dbo].[seguimiento_documento] ([seguimiento_documento_id], [fecha], [link_imagen], [observacion], [usuario_id], [documento_id], [estado_documento_id]) VALUES (46, CAST(N'2018-10-31T10:08:04.1850000' AS DateTime2), NULL, N'El documento ha sido autorizado', 4, 18, 1)
INSERT [dbo].[seguimiento_documento] ([seguimiento_documento_id], [fecha], [link_imagen], [observacion], [usuario_id], [documento_id], [estado_documento_id]) VALUES (47, CAST(N'2018-10-31T10:08:06.1730000' AS DateTime2), NULL, N'El documento ha sido autorizado', 4, 19, 1)
INSERT [dbo].[seguimiento_documento] ([seguimiento_documento_id], [fecha], [link_imagen], [observacion], [usuario_id], [documento_id], [estado_documento_id]) VALUES (48, CAST(N'2018-10-31T10:08:08.1010000' AS DateTime2), NULL, N'El documento ha sido autorizado', 4, 21, 1)
INSERT [dbo].[seguimiento_documento] ([seguimiento_documento_id], [fecha], [link_imagen], [observacion], [usuario_id], [documento_id], [estado_documento_id]) VALUES (49, CAST(N'2018-10-31T10:08:10.1430000' AS DateTime2), NULL, N'El documento ha sido autorizado', 4, 23, 1)
INSERT [dbo].[seguimiento_documento] ([seguimiento_documento_id], [fecha], [link_imagen], [observacion], [usuario_id], [documento_id], [estado_documento_id]) VALUES (50, CAST(N'2018-10-31T10:08:23.2160000' AS DateTime2), NULL, N'El documento ha sido autorizado', 4, 26, 1)
INSERT [dbo].[seguimiento_documento] ([seguimiento_documento_id], [fecha], [link_imagen], [observacion], [usuario_id], [documento_id], [estado_documento_id]) VALUES (51, CAST(N'2018-10-31T10:08:24.7790000' AS DateTime2), NULL, N'El documento ha sido autorizado', 4, 27, 1)
INSERT [dbo].[seguimiento_documento] ([seguimiento_documento_id], [fecha], [link_imagen], [observacion], [usuario_id], [documento_id], [estado_documento_id]) VALUES (52, CAST(N'2018-10-31T10:08:26.4050000' AS DateTime2), NULL, N'El documento ha sido autorizado', 4, 28, 1)
INSERT [dbo].[seguimiento_documento] ([seguimiento_documento_id], [fecha], [link_imagen], [observacion], [usuario_id], [documento_id], [estado_documento_id]) VALUES (53, CAST(N'2018-10-31T10:08:28.6520000' AS DateTime2), NULL, N'El documento ha sido autorizado', 4, 29, 1)
INSERT [dbo].[seguimiento_documento] ([seguimiento_documento_id], [fecha], [link_imagen], [observacion], [usuario_id], [documento_id], [estado_documento_id]) VALUES (54, CAST(N'2018-10-31T10:08:31.1330000' AS DateTime2), NULL, N'El documento ha sido autorizado', 4, 30, 1)
INSERT [dbo].[seguimiento_documento] ([seguimiento_documento_id], [fecha], [link_imagen], [observacion], [usuario_id], [documento_id], [estado_documento_id]) VALUES (55, CAST(N'2018-10-31T10:09:12.9650000' AS DateTime2), NULL, NULL, 4, 9, 2)
INSERT [dbo].[seguimiento_documento] ([seguimiento_documento_id], [fecha], [link_imagen], [observacion], [usuario_id], [documento_id], [estado_documento_id]) VALUES (56, CAST(N'2018-10-31T10:09:14.9360000' AS DateTime2), NULL, NULL, 4, 10, 2)
INSERT [dbo].[seguimiento_documento] ([seguimiento_documento_id], [fecha], [link_imagen], [observacion], [usuario_id], [documento_id], [estado_documento_id]) VALUES (57, CAST(N'2018-10-31T10:09:16.5770000' AS DateTime2), NULL, NULL, 4, 11, 2)
INSERT [dbo].[seguimiento_documento] ([seguimiento_documento_id], [fecha], [link_imagen], [observacion], [usuario_id], [documento_id], [estado_documento_id]) VALUES (58, CAST(N'2018-10-31T10:09:20.0460000' AS DateTime2), NULL, NULL, 4, 12, 2)
INSERT [dbo].[seguimiento_documento] ([seguimiento_documento_id], [fecha], [link_imagen], [observacion], [usuario_id], [documento_id], [estado_documento_id]) VALUES (59, CAST(N'2018-10-31T10:09:21.8250000' AS DateTime2), NULL, NULL, 4, 13, 2)
INSERT [dbo].[seguimiento_documento] ([seguimiento_documento_id], [fecha], [link_imagen], [observacion], [usuario_id], [documento_id], [estado_documento_id]) VALUES (60, CAST(N'2018-10-31T10:09:23.4160000' AS DateTime2), NULL, NULL, 4, 14, 2)
INSERT [dbo].[seguimiento_documento] ([seguimiento_documento_id], [fecha], [link_imagen], [observacion], [usuario_id], [documento_id], [estado_documento_id]) VALUES (61, CAST(N'2018-10-31T10:09:25.0540000' AS DateTime2), NULL, NULL, 4, 15, 2)
INSERT [dbo].[seguimiento_documento] ([seguimiento_documento_id], [fecha], [link_imagen], [observacion], [usuario_id], [documento_id], [estado_documento_id]) VALUES (62, CAST(N'2018-10-31T10:12:24.5470000' AS DateTime2), NULL, NULL, 4, 16, 2)
INSERT [dbo].[seguimiento_documento] ([seguimiento_documento_id], [fecha], [link_imagen], [observacion], [usuario_id], [documento_id], [estado_documento_id]) VALUES (63, CAST(N'2018-10-31T10:12:24.5490000' AS DateTime2), NULL, NULL, 4, 17, 2)
INSERT [dbo].[seguimiento_documento] ([seguimiento_documento_id], [fecha], [link_imagen], [observacion], [usuario_id], [documento_id], [estado_documento_id]) VALUES (64, CAST(N'2018-10-31T10:12:24.5490000' AS DateTime2), NULL, NULL, 4, 18, 2)
INSERT [dbo].[seguimiento_documento] ([seguimiento_documento_id], [fecha], [link_imagen], [observacion], [usuario_id], [documento_id], [estado_documento_id]) VALUES (65, CAST(N'2018-10-31T10:12:24.5500000' AS DateTime2), NULL, NULL, 4, 21, 2)
INSERT [dbo].[seguimiento_documento] ([seguimiento_documento_id], [fecha], [link_imagen], [observacion], [usuario_id], [documento_id], [estado_documento_id]) VALUES (66, CAST(N'2018-10-31T10:12:24.5500000' AS DateTime2), NULL, NULL, 4, 22, 2)
INSERT [dbo].[seguimiento_documento] ([seguimiento_documento_id], [fecha], [link_imagen], [observacion], [usuario_id], [documento_id], [estado_documento_id]) VALUES (67, CAST(N'2018-10-31T10:12:24.5510000' AS DateTime2), NULL, NULL, 4, 24, 2)
INSERT [dbo].[seguimiento_documento] ([seguimiento_documento_id], [fecha], [link_imagen], [observacion], [usuario_id], [documento_id], [estado_documento_id]) VALUES (68, CAST(N'2018-10-31T10:12:24.5510000' AS DateTime2), NULL, NULL, 4, 26, 2)
INSERT [dbo].[seguimiento_documento] ([seguimiento_documento_id], [fecha], [link_imagen], [observacion], [usuario_id], [documento_id], [estado_documento_id]) VALUES (69, CAST(N'2018-10-31T10:12:24.5510000' AS DateTime2), NULL, NULL, 4, 29, 2)
INSERT [dbo].[seguimiento_documento] ([seguimiento_documento_id], [fecha], [link_imagen], [observacion], [usuario_id], [documento_id], [estado_documento_id]) VALUES (70, CAST(N'2018-10-31T10:14:12.6860000' AS DateTime2), NULL, NULL, 4, 9, 3)
INSERT [dbo].[seguimiento_documento] ([seguimiento_documento_id], [fecha], [link_imagen], [observacion], [usuario_id], [documento_id], [estado_documento_id]) VALUES (71, CAST(N'2018-10-31T10:14:12.6880000' AS DateTime2), NULL, NULL, 4, 10, 3)
INSERT [dbo].[seguimiento_documento] ([seguimiento_documento_id], [fecha], [link_imagen], [observacion], [usuario_id], [documento_id], [estado_documento_id]) VALUES (72, CAST(N'2018-10-31T10:14:12.6880000' AS DateTime2), NULL, NULL, 4, 11, 3)
INSERT [dbo].[seguimiento_documento] ([seguimiento_documento_id], [fecha], [link_imagen], [observacion], [usuario_id], [documento_id], [estado_documento_id]) VALUES (73, CAST(N'2018-10-31T10:14:15.4060000' AS DateTime2), NULL, NULL, 4, 29, 3)
INSERT [dbo].[seguimiento_documento] ([seguimiento_documento_id], [fecha], [link_imagen], [observacion], [usuario_id], [documento_id], [estado_documento_id]) VALUES (74, CAST(N'2018-10-31T10:14:15.4060000' AS DateTime2), NULL, NULL, 4, 26, 3)
INSERT [dbo].[seguimiento_documento] ([seguimiento_documento_id], [fecha], [link_imagen], [observacion], [usuario_id], [documento_id], [estado_documento_id]) VALUES (75, CAST(N'2018-10-31T10:14:19.8710000' AS DateTime2), NULL, NULL, 4, 22, 3)
INSERT [dbo].[seguimiento_documento] ([seguimiento_documento_id], [fecha], [link_imagen], [observacion], [usuario_id], [documento_id], [estado_documento_id]) VALUES (76, CAST(N'2018-10-31T10:14:19.8710000' AS DateTime2), NULL, NULL, 4, 24, 3)
INSERT [dbo].[seguimiento_documento] ([seguimiento_documento_id], [fecha], [link_imagen], [observacion], [usuario_id], [documento_id], [estado_documento_id]) VALUES (77, CAST(N'2018-10-31T10:14:19.8720000' AS DateTime2), NULL, NULL, 4, 16, 3)
INSERT [dbo].[seguimiento_documento] ([seguimiento_documento_id], [fecha], [link_imagen], [observacion], [usuario_id], [documento_id], [estado_documento_id]) VALUES (78, CAST(N'2018-10-31T10:14:21.9510000' AS DateTime2), NULL, NULL, 4, 12, 3)
INSERT [dbo].[seguimiento_documento] ([seguimiento_documento_id], [fecha], [link_imagen], [observacion], [usuario_id], [documento_id], [estado_documento_id]) VALUES (79, CAST(N'2018-10-31T10:16:32.2900000' AS DateTime2), NULL, NULL, 4, 13, 3)
INSERT [dbo].[seguimiento_documento] ([seguimiento_documento_id], [fecha], [link_imagen], [observacion], [usuario_id], [documento_id], [estado_documento_id]) VALUES (80, CAST(N'2018-10-31T10:16:32.2920000' AS DateTime2), NULL, NULL, 4, 15, 3)
INSERT [dbo].[seguimiento_documento] ([seguimiento_documento_id], [fecha], [link_imagen], [observacion], [usuario_id], [documento_id], [estado_documento_id]) VALUES (81, CAST(N'2018-10-31T10:16:35.7040000' AS DateTime2), NULL, NULL, 4, 14, 3)
INSERT [dbo].[seguimiento_documento] ([seguimiento_documento_id], [fecha], [link_imagen], [observacion], [usuario_id], [documento_id], [estado_documento_id]) VALUES (82, CAST(N'2018-10-31T11:12:25.5690000' AS DateTime2), NULL, NULL, 4, 31, 1)
INSERT [dbo].[seguimiento_documento] ([seguimiento_documento_id], [fecha], [link_imagen], [observacion], [usuario_id], [documento_id], [estado_documento_id]) VALUES (83, CAST(N'2018-10-31T11:13:25.8060000' AS DateTime2), NULL, NULL, 4, 32, 1)
INSERT [dbo].[seguimiento_documento] ([seguimiento_documento_id], [fecha], [link_imagen], [observacion], [usuario_id], [documento_id], [estado_documento_id]) VALUES (84, CAST(N'2018-10-31T11:14:18.6390000' AS DateTime2), NULL, NULL, 4, 33, 1)
INSERT [dbo].[seguimiento_documento] ([seguimiento_documento_id], [fecha], [link_imagen], [observacion], [usuario_id], [documento_id], [estado_documento_id]) VALUES (85, CAST(N'2018-10-31T11:15:07.5010000' AS DateTime2), NULL, NULL, 4, 34, 1)
INSERT [dbo].[seguimiento_documento] ([seguimiento_documento_id], [fecha], [link_imagen], [observacion], [usuario_id], [documento_id], [estado_documento_id]) VALUES (86, CAST(N'2018-10-31T11:16:29.2270000' AS DateTime2), NULL, NULL, 4, 35, 1)
INSERT [dbo].[seguimiento_documento] ([seguimiento_documento_id], [fecha], [link_imagen], [observacion], [usuario_id], [documento_id], [estado_documento_id]) VALUES (87, CAST(N'2018-10-31T11:17:04.4080000' AS DateTime2), NULL, NULL, 4, 36, 1)
INSERT [dbo].[seguimiento_documento] ([seguimiento_documento_id], [fecha], [link_imagen], [observacion], [usuario_id], [documento_id], [estado_documento_id]) VALUES (88, CAST(N'2018-10-31T11:17:50.1600000' AS DateTime2), NULL, NULL, 4, 37, 1)
INSERT [dbo].[seguimiento_documento] ([seguimiento_documento_id], [fecha], [link_imagen], [observacion], [usuario_id], [documento_id], [estado_documento_id]) VALUES (89, CAST(N'2018-10-31T11:19:46.0280000' AS DateTime2), NULL, NULL, 4, 38, 1)
INSERT [dbo].[seguimiento_documento] ([seguimiento_documento_id], [fecha], [link_imagen], [observacion], [usuario_id], [documento_id], [estado_documento_id]) VALUES (90, CAST(N'2018-10-31T11:20:35.8440000' AS DateTime2), NULL, NULL, 4, 39, 1)
INSERT [dbo].[seguimiento_documento] ([seguimiento_documento_id], [fecha], [link_imagen], [observacion], [usuario_id], [documento_id], [estado_documento_id]) VALUES (91, CAST(N'2018-10-31T11:21:09.2150000' AS DateTime2), NULL, NULL, 4, 40, 1)
INSERT [dbo].[seguimiento_documento] ([seguimiento_documento_id], [fecha], [link_imagen], [observacion], [usuario_id], [documento_id], [estado_documento_id]) VALUES (92, CAST(N'2018-10-31T11:23:32.5160000' AS DateTime2), NULL, NULL, 4, 41, 1)
INSERT [dbo].[seguimiento_documento] ([seguimiento_documento_id], [fecha], [link_imagen], [observacion], [usuario_id], [documento_id], [estado_documento_id]) VALUES (93, CAST(N'2018-10-31T11:24:05.9580000' AS DateTime2), NULL, NULL, 4, 42, 1)
INSERT [dbo].[seguimiento_documento] ([seguimiento_documento_id], [fecha], [link_imagen], [observacion], [usuario_id], [documento_id], [estado_documento_id]) VALUES (94, CAST(N'2018-10-31T11:41:33.8630000' AS DateTime2), NULL, NULL, 4, 17, 3)
INSERT [dbo].[seguimiento_documento] ([seguimiento_documento_id], [fecha], [link_imagen], [observacion], [usuario_id], [documento_id], [estado_documento_id]) VALUES (95, CAST(N'2018-10-31T11:41:33.8640000' AS DateTime2), NULL, NULL, 4, 18, 3)
INSERT [dbo].[seguimiento_documento] ([seguimiento_documento_id], [fecha], [link_imagen], [observacion], [usuario_id], [documento_id], [estado_documento_id]) VALUES (96, CAST(N'2018-10-31T11:41:33.8650000' AS DateTime2), NULL, NULL, 4, 21, 3)
INSERT [dbo].[seguimiento_documento] ([seguimiento_documento_id], [fecha], [link_imagen], [observacion], [usuario_id], [documento_id], [estado_documento_id]) VALUES (97, CAST(N'2018-10-31T12:38:04.7850000' AS DateTime2), NULL, NULL, 4, 43, 1)
INSERT [dbo].[seguimiento_documento] ([seguimiento_documento_id], [fecha], [link_imagen], [observacion], [usuario_id], [documento_id], [estado_documento_id]) VALUES (98, CAST(N'2018-10-31T12:38:35.6310000' AS DateTime2), NULL, NULL, 4, 44, 1)
INSERT [dbo].[seguimiento_documento] ([seguimiento_documento_id], [fecha], [link_imagen], [observacion], [usuario_id], [documento_id], [estado_documento_id]) VALUES (99, CAST(N'2018-10-31T12:39:06.8340000' AS DateTime2), NULL, NULL, 4, 45, 1)

INSERT [dbo].[seguimiento_documento] ([seguimiento_documento_id], [fecha], [link_imagen], [observacion], [usuario_id], [documento_id], [estado_documento_id]) VALUES (100, CAST(N'2018-10-31T12:39:40.3680000' AS DateTime2), NULL, NULL, 4, 46, 1)
INSERT [dbo].[seguimiento_documento] ([seguimiento_documento_id], [fecha], [link_imagen], [observacion], [usuario_id], [documento_id], [estado_documento_id]) VALUES (101, CAST(N'2018-10-31T12:40:02.4280000' AS DateTime2), NULL, NULL, 4, 47, 1)
INSERT [dbo].[seguimiento_documento] ([seguimiento_documento_id], [fecha], [link_imagen], [observacion], [usuario_id], [documento_id], [estado_documento_id]) VALUES (102, CAST(N'2018-10-31T12:40:31.2990000' AS DateTime2), NULL, NULL, 4, 48, 1)
INSERT [dbo].[seguimiento_documento] ([seguimiento_documento_id], [fecha], [link_imagen], [observacion], [usuario_id], [documento_id], [estado_documento_id]) VALUES (103, CAST(N'2018-10-31T12:41:58.3370000' AS DateTime2), NULL, NULL, 4, 49, 1)
INSERT [dbo].[seguimiento_documento] ([seguimiento_documento_id], [fecha], [link_imagen], [observacion], [usuario_id], [documento_id], [estado_documento_id]) VALUES (104, CAST(N'2018-10-31T12:42:44.2740000' AS DateTime2), NULL, NULL, 4, 50, 1)
INSERT [dbo].[seguimiento_documento] ([seguimiento_documento_id], [fecha], [link_imagen], [observacion], [usuario_id], [documento_id], [estado_documento_id]) VALUES (105, CAST(N'2018-10-31T12:44:17.9770000' AS DateTime2), NULL, NULL, 4, 19, 2)
INSERT [dbo].[seguimiento_documento] ([seguimiento_documento_id], [fecha], [link_imagen], [observacion], [usuario_id], [documento_id], [estado_documento_id]) VALUES (106, CAST(N'2018-10-31T12:44:17.9800000' AS DateTime2), NULL, NULL, 4, 20, 2)
INSERT [dbo].[seguimiento_documento] ([seguimiento_documento_id], [fecha], [link_imagen], [observacion], [usuario_id], [documento_id], [estado_documento_id]) VALUES (107, CAST(N'2018-10-31T12:44:17.9800000' AS DateTime2), NULL, NULL, 4, 23, 2)
INSERT [dbo].[seguimiento_documento] ([seguimiento_documento_id], [fecha], [link_imagen], [observacion], [usuario_id], [documento_id], [estado_documento_id]) VALUES (108, CAST(N'2018-10-31T12:44:17.9810000' AS DateTime2), NULL, NULL, 4, 25, 2)
INSERT [dbo].[seguimiento_documento] ([seguimiento_documento_id], [fecha], [link_imagen], [observacion], [usuario_id], [documento_id], [estado_documento_id]) VALUES (109, CAST(N'2018-10-31T12:44:17.9820000' AS DateTime2), NULL, NULL, 4, 27, 2)
INSERT [dbo].[seguimiento_documento] ([seguimiento_documento_id], [fecha], [link_imagen], [observacion], [usuario_id], [documento_id], [estado_documento_id]) VALUES (110, CAST(N'2018-10-31T12:44:17.9820000' AS DateTime2), NULL, NULL, 4, 28, 2)
INSERT [dbo].[seguimiento_documento] ([seguimiento_documento_id], [fecha], [link_imagen], [observacion], [usuario_id], [documento_id], [estado_documento_id]) VALUES (111, CAST(N'2018-10-31T12:44:17.9820000' AS DateTime2), NULL, NULL, 4, 30, 2)
INSERT [dbo].[seguimiento_documento] ([seguimiento_documento_id], [fecha], [link_imagen], [observacion], [usuario_id], [documento_id], [estado_documento_id]) VALUES (112, CAST(N'2018-10-31T12:44:17.9830000' AS DateTime2), NULL, NULL, 4, 31, 2)
INSERT [dbo].[seguimiento_documento] ([seguimiento_documento_id], [fecha], [link_imagen], [observacion], [usuario_id], [documento_id], [estado_documento_id]) VALUES (113, CAST(N'2018-10-31T12:44:17.9830000' AS DateTime2), NULL, NULL, 4, 32, 2)
INSERT [dbo].[seguimiento_documento] ([seguimiento_documento_id], [fecha], [link_imagen], [observacion], [usuario_id], [documento_id], [estado_documento_id]) VALUES (114, CAST(N'2018-10-31T12:44:17.9840000' AS DateTime2), NULL, NULL, 4, 33, 2)
INSERT [dbo].[seguimiento_documento] ([seguimiento_documento_id], [fecha], [link_imagen], [observacion], [usuario_id], [documento_id], [estado_documento_id]) VALUES (115, CAST(N'2018-10-31T12:44:24.1410000' AS DateTime2), NULL, NULL, 4, 34, 2)
INSERT [dbo].[seguimiento_documento] ([seguimiento_documento_id], [fecha], [link_imagen], [observacion], [usuario_id], [documento_id], [estado_documento_id]) VALUES (116, CAST(N'2018-10-31T12:44:24.1420000' AS DateTime2), NULL, NULL, 4, 35, 2)
INSERT [dbo].[seguimiento_documento] ([seguimiento_documento_id], [fecha], [link_imagen], [observacion], [usuario_id], [documento_id], [estado_documento_id]) VALUES (117, CAST(N'2018-10-31T12:44:24.1420000' AS DateTime2), NULL, NULL, 4, 36, 2)
INSERT [dbo].[seguimiento_documento] ([seguimiento_documento_id], [fecha], [link_imagen], [observacion], [usuario_id], [documento_id], [estado_documento_id]) VALUES (118, CAST(N'2018-10-31T12:44:24.1420000' AS DateTime2), NULL, NULL, 4, 37, 2)
INSERT [dbo].[seguimiento_documento] ([seguimiento_documento_id], [fecha], [link_imagen], [observacion], [usuario_id], [documento_id], [estado_documento_id]) VALUES (119, CAST(N'2018-10-31T12:44:24.1430000' AS DateTime2), NULL, NULL, 4, 38, 2)
INSERT [dbo].[seguimiento_documento] ([seguimiento_documento_id], [fecha], [link_imagen], [observacion], [usuario_id], [documento_id], [estado_documento_id]) VALUES (120, CAST(N'2018-10-31T12:44:24.1430000' AS DateTime2), NULL, NULL, 4, 39, 2)
INSERT [dbo].[seguimiento_documento] ([seguimiento_documento_id], [fecha], [link_imagen], [observacion], [usuario_id], [documento_id], [estado_documento_id]) VALUES (121, CAST(N'2018-10-31T12:44:24.1430000' AS DateTime2), NULL, NULL, 4, 40, 2)
INSERT [dbo].[seguimiento_documento] ([seguimiento_documento_id], [fecha], [link_imagen], [observacion], [usuario_id], [documento_id], [estado_documento_id]) VALUES (122, CAST(N'2018-10-31T12:44:24.1430000' AS DateTime2), NULL, NULL, 4, 41, 2)
INSERT [dbo].[seguimiento_documento] ([seguimiento_documento_id], [fecha], [link_imagen], [observacion], [usuario_id], [documento_id], [estado_documento_id]) VALUES (123, CAST(N'2018-10-31T12:47:06.9480000' AS DateTime2), NULL, NULL, 4, 28, 3)
INSERT [dbo].[seguimiento_documento] ([seguimiento_documento_id], [fecha], [link_imagen], [observacion], [usuario_id], [documento_id], [estado_documento_id]) VALUES (124, CAST(N'2018-10-31T12:47:06.9500000' AS DateTime2), NULL, NULL, 4, 27, 3)
INSERT [dbo].[seguimiento_documento] ([seguimiento_documento_id], [fecha], [link_imagen], [observacion], [usuario_id], [documento_id], [estado_documento_id]) VALUES (125, CAST(N'2018-10-31T12:47:08.6600000' AS DateTime2), NULL, NULL, 4, 30, 3)
INSERT [dbo].[seguimiento_documento] ([seguimiento_documento_id], [fecha], [link_imagen], [observacion], [usuario_id], [documento_id], [estado_documento_id]) VALUES (126, CAST(N'2018-10-31T12:47:08.6600000' AS DateTime2), NULL, NULL, 4, 19, 3)
INSERT [dbo].[seguimiento_documento] ([seguimiento_documento_id], [fecha], [link_imagen], [observacion], [usuario_id], [documento_id], [estado_documento_id]) VALUES (127, CAST(N'2018-10-31T12:47:08.6600000' AS DateTime2), NULL, NULL, 4, 23, 3)
INSERT [dbo].[seguimiento_documento] ([seguimiento_documento_id], [fecha], [link_imagen], [observacion], [usuario_id], [documento_id], [estado_documento_id]) VALUES (128, CAST(N'2018-10-31T12:47:10.2750000' AS DateTime2), NULL, NULL, 4, 33, 3)
INSERT [dbo].[seguimiento_documento] ([seguimiento_documento_id], [fecha], [link_imagen], [observacion], [usuario_id], [documento_id], [estado_documento_id]) VALUES (129, CAST(N'2018-10-31T12:47:10.2750000' AS DateTime2), NULL, NULL, 4, 20, 3)
INSERT [dbo].[seguimiento_documento] ([seguimiento_documento_id], [fecha], [link_imagen], [observacion], [usuario_id], [documento_id], [estado_documento_id]) VALUES (130, CAST(N'2018-10-31T12:47:10.2760000' AS DateTime2), NULL, NULL, 4, 31, 3)
INSERT [dbo].[seguimiento_documento] ([seguimiento_documento_id], [fecha], [link_imagen], [observacion], [usuario_id], [documento_id], [estado_documento_id]) VALUES (131, CAST(N'2018-10-31T12:47:10.2760000' AS DateTime2), NULL, NULL, 4, 32, 3)
INSERT [dbo].[seguimiento_documento] ([seguimiento_documento_id], [fecha], [link_imagen], [observacion], [usuario_id], [documento_id], [estado_documento_id]) VALUES (132, CAST(N'2018-10-31T12:47:11.9630000' AS DateTime2), NULL, NULL, 4, 39, 3)
INSERT [dbo].[seguimiento_documento] ([seguimiento_documento_id], [fecha], [link_imagen], [observacion], [usuario_id], [documento_id], [estado_documento_id]) VALUES (133, CAST(N'2018-10-31T12:47:11.9630000' AS DateTime2), NULL, NULL, 4, 25, 3)
INSERT [dbo].[seguimiento_documento] ([seguimiento_documento_id], [fecha], [link_imagen], [observacion], [usuario_id], [documento_id], [estado_documento_id]) VALUES (134, CAST(N'2018-10-31T12:47:11.9640000' AS DateTime2), NULL, NULL, 4, 41, 3)
SET IDENTITY_INSERT [dbo].[seguimiento_documento] OFF
INSERT [dbo].[envio_masivo] ([masivo_autogenerado], [envio_id]) VALUES (N'MEX00001', 1)
INSERT [dbo].[envio_masivo] ([masivo_autogenerado], [envio_id]) VALUES (N'MEX00002', 3)
SET IDENTITY_INSERT [dbo].[estado_guia] ON 

INSERT [dbo].[estado_guia] ([estado_guia_id], [nombre]) VALUES (1, N'CREADO')
INSERT [dbo].[estado_guia] ([estado_guia_id], [nombre]) VALUES (2, N'ENVIADO')
INSERT [dbo].[estado_guia] ([estado_guia_id], [nombre]) VALUES (3, N'DESCARGADO')
SET IDENTITY_INSERT [dbo].[estado_guia] OFF
SET IDENTITY_INSERT [dbo].[seguimiento_guia] ON 

INSERT [dbo].[seguimiento_guia] ([seguimiento_guia_id], [fecha], [usuario_id], [estado_guia_id], [guia_id]) VALUES (1, CAST(N'2018-10-31T09:40:30.9033333' AS DateTime2), 1, 1, 1)
INSERT [dbo].[seguimiento_guia] ([seguimiento_guia_id], [fecha], [usuario_id], [estado_guia_id], [guia_id]) VALUES (2, CAST(N'2018-10-31T09:40:30.9033333' AS DateTime2), 1, 2, 1)
INSERT [dbo].[seguimiento_guia] ([seguimiento_guia_id], [fecha], [usuario_id], [estado_guia_id], [guia_id]) VALUES (3, CAST(N'2018-10-31T09:40:30.9033333' AS DateTime2), 1, 1, 2)
INSERT [dbo].[seguimiento_guia] ([seguimiento_guia_id], [fecha], [usuario_id], [estado_guia_id], [guia_id]) VALUES (4, CAST(N'2018-10-31T09:40:30.9033333' AS DateTime2), 1, 2, 2)
INSERT [dbo].[seguimiento_guia] ([seguimiento_guia_id], [fecha], [usuario_id], [estado_guia_id], [guia_id]) VALUES (5, CAST(N'2018-10-31T10:10:20.2810000' AS DateTime2), 4, 1, 3)
INSERT [dbo].[seguimiento_guia] ([seguimiento_guia_id], [fecha], [usuario_id], [estado_guia_id], [guia_id]) VALUES (6, CAST(N'2018-10-31T10:10:48.0610000' AS DateTime2), 4, 1, 4)
INSERT [dbo].[seguimiento_guia] ([seguimiento_guia_id], [fecha], [usuario_id], [estado_guia_id], [guia_id]) VALUES (7, CAST(N'2018-10-31T10:11:09.8090000' AS DateTime2), 4, 1, 5)
INSERT [dbo].[seguimiento_guia] ([seguimiento_guia_id], [fecha], [usuario_id], [estado_guia_id], [guia_id]) VALUES (8, CAST(N'2018-10-31T10:11:38.5160000' AS DateTime2), 4, 1, 6)
INSERT [dbo].[seguimiento_guia] ([seguimiento_guia_id], [fecha], [usuario_id], [estado_guia_id], [guia_id]) VALUES (9, CAST(N'2018-10-31T10:12:50.0320000' AS DateTime2), 4, 1, 7)
INSERT [dbo].[seguimiento_guia] ([seguimiento_guia_id], [fecha], [usuario_id], [estado_guia_id], [guia_id]) VALUES (10, CAST(N'2018-10-31T10:13:22.8170000' AS DateTime2), 4, 1, 8)
INSERT [dbo].[seguimiento_guia] ([seguimiento_guia_id], [fecha], [usuario_id], [estado_guia_id], [guia_id]) VALUES (11, CAST(N'2018-10-31T10:13:52.5000000' AS DateTime2), 4, 1, 9)
INSERT [dbo].[seguimiento_guia] ([seguimiento_guia_id], [fecha], [usuario_id], [estado_guia_id], [guia_id]) VALUES (12, CAST(N'2018-10-31T10:14:12.6850000' AS DateTime2), 4, 2, 3)
INSERT [dbo].[seguimiento_guia] ([seguimiento_guia_id], [fecha], [usuario_id], [estado_guia_id], [guia_id]) VALUES (13, CAST(N'2018-10-31T10:14:15.4050000' AS DateTime2), 4, 2, 9)
INSERT [dbo].[seguimiento_guia] ([seguimiento_guia_id], [fecha], [usuario_id], [estado_guia_id], [guia_id]) VALUES (14, CAST(N'2018-10-31T10:14:19.8700000' AS DateTime2), 4, 2, 7)
INSERT [dbo].[seguimiento_guia] ([seguimiento_guia_id], [fecha], [usuario_id], [estado_guia_id], [guia_id]) VALUES (15, CAST(N'2018-10-31T10:14:21.9500000' AS DateTime2), 4, 2, 4)
INSERT [dbo].[seguimiento_guia] ([seguimiento_guia_id], [fecha], [usuario_id], [estado_guia_id], [guia_id]) VALUES (16, CAST(N'2018-10-31T10:16:32.2880000' AS DateTime2), 4, 2, 5)
INSERT [dbo].[seguimiento_guia] ([seguimiento_guia_id], [fecha], [usuario_id], [estado_guia_id], [guia_id]) VALUES (17, CAST(N'2018-10-31T10:16:35.7040000' AS DateTime2), 4, 2, 6)
INSERT [dbo].[seguimiento_guia] ([seguimiento_guia_id], [fecha], [usuario_id], [estado_guia_id], [guia_id]) VALUES (18, CAST(N'2018-10-31T11:41:33.8610000' AS DateTime2), 4, 2, 8)
INSERT [dbo].[seguimiento_guia] ([seguimiento_guia_id], [fecha], [usuario_id], [estado_guia_id], [guia_id]) VALUES (19, CAST(N'2018-10-31T12:45:15.4510000' AS DateTime2), 4, 1, 10)
INSERT [dbo].[seguimiento_guia] ([seguimiento_guia_id], [fecha], [usuario_id], [estado_guia_id], [guia_id]) VALUES (20, CAST(N'2018-10-31T12:45:49.2120000' AS DateTime2), 4, 1, 11)
INSERT [dbo].[seguimiento_guia] ([seguimiento_guia_id], [fecha], [usuario_id], [estado_guia_id], [guia_id]) VALUES (21, CAST(N'2018-10-31T12:46:15.5740000' AS DateTime2), 4, 1, 12)
INSERT [dbo].[seguimiento_guia] ([seguimiento_guia_id], [fecha], [usuario_id], [estado_guia_id], [guia_id]) VALUES (22, CAST(N'2018-10-31T12:46:47.0960000' AS DateTime2), 4, 1, 13)
INSERT [dbo].[seguimiento_guia] ([seguimiento_guia_id], [fecha], [usuario_id], [estado_guia_id], [guia_id]) VALUES (23, CAST(N'2018-10-31T12:47:06.9470000' AS DateTime2), 4, 2, 13)
INSERT [dbo].[seguimiento_guia] ([seguimiento_guia_id], [fecha], [usuario_id], [estado_guia_id], [guia_id]) VALUES (24, CAST(N'2018-10-31T12:47:08.6590000' AS DateTime2), 4, 2, 12)
INSERT [dbo].[seguimiento_guia] ([seguimiento_guia_id], [fecha], [usuario_id], [estado_guia_id], [guia_id]) VALUES (25, CAST(N'2018-10-31T12:47:10.2750000' AS DateTime2), 4, 2, 11)
INSERT [dbo].[seguimiento_guia] ([seguimiento_guia_id], [fecha], [usuario_id], [estado_guia_id], [guia_id]) VALUES (26, CAST(N'2018-10-31T12:47:11.9620000' AS DateTime2), 4, 2, 10)
SET IDENTITY_INSERT [dbo].[seguimiento_guia] OFF
