USE [db_externa_core]

SET IDENTITY_INSERT [dbo].[tipo_plazo_distribucion] ON 

INSERT [dbo].[tipo_plazo_distribucion] ([tipo_plazo_distribucion_id], [nombre]) VALUES (1, N'REGULAR')
INSERT [dbo].[tipo_plazo_distribucion] ([tipo_plazo_distribucion_id], [nombre]) VALUES (2, N'ESPECIAL')
SET IDENTITY_INSERT [dbo].[tipo_plazo_distribucion] OFF
SET IDENTITY_INSERT [dbo].[plazo_distribucion] ON 

INSERT [dbo].[plazo_distribucion] ([plazo_distribucion_id], [activo], [nombre], [tiempo_envio], [tipo_plazo_distribucion_id]) VALUES (1, 1, N'ESTÁNDAR', 96, 1)
INSERT [dbo].[plazo_distribucion] ([plazo_distribucion_id], [activo], [nombre], [tiempo_envio], [tipo_plazo_distribucion_id]) VALUES (2, 1, N'72 HORAS', 72, 2)
INSERT [dbo].[plazo_distribucion] ([plazo_distribucion_id], [activo], [nombre], [tiempo_envio], [tipo_plazo_distribucion_id]) VALUES (3, 1, N'48 HORAS', 48, 2)
INSERT [dbo].[plazo_distribucion] ([plazo_distribucion_id], [activo], [nombre], [tiempo_envio], [tipo_plazo_distribucion_id]) VALUES (4, 1, N'24 HORAS', 24, 2)
INSERT [dbo].[plazo_distribucion] ([plazo_distribucion_id], [activo], [nombre], [tiempo_envio], [tipo_plazo_distribucion_id]) VALUES (5, 1, N'4 HORAS', 4, 2)
INSERT [dbo].[plazo_distribucion] ([plazo_distribucion_id], [activo], [nombre], [tiempo_envio], [tipo_plazo_distribucion_id]) VALUES (6, 1, N'2 HORAS', 2, 2)
SET IDENTITY_INSERT [dbo].[plazo_distribucion] OFF
SET IDENTITY_INSERT [dbo].[tipo_seguridad] ON 

INSERT [dbo].[tipo_seguridad] ([tipo_seguridad_id], [activo], [nombre]) VALUES (1, 1, N'SIN GPS')
INSERT [dbo].[tipo_seguridad] ([tipo_seguridad_id], [activo], [nombre]) VALUES (2, 1, N'GPS BÁSICO')
SET IDENTITY_INSERT [dbo].[tipo_seguridad] OFF
SET IDENTITY_INSERT [dbo].[tipo_servicio] ON 

INSERT [dbo].[tipo_servicio] ([tipo_servicio_id], [activo], [nombre]) VALUES (1, 1, N'DISTRIBUCIÓN')
SET IDENTITY_INSERT [dbo].[tipo_servicio] OFF
SET IDENTITY_INSERT [dbo].[envio] ON 

INSERT [dbo].[envio] ([envio_id], [autorizado], [buzon_id], [producto_id], [ruta_autorizacion], [sede_id], [tipo_clasificacion_id], [plazo_distribucion_id], [tipo_seguridad_id], [tipo_servicio_id]) VALUES (1, 1, 5, 1, NULL, 4, 1, 1, 1, 1)
INSERT [dbo].[envio] ([envio_id], [autorizado], [buzon_id], [producto_id], [ruta_autorizacion], [sede_id], [tipo_clasificacion_id], [plazo_distribucion_id], [tipo_seguridad_id], [tipo_servicio_id]) VALUES (2, 1, 5, 1, NULL, 4, 1, 1, 1, 1)
INSERT [dbo].[envio] ([envio_id], [autorizado], [buzon_id], [producto_id], [ruta_autorizacion], [sede_id], [tipo_clasificacion_id], [plazo_distribucion_id], [tipo_seguridad_id], [tipo_servicio_id]) VALUES (3, 1, 5, 2, NULL, 4, 1, 1, 1, 1)
INSERT [dbo].[envio] ([envio_id], [autorizado], [buzon_id], [producto_id], [ruta_autorizacion], [sede_id], [tipo_clasificacion_id], [plazo_distribucion_id], [tipo_seguridad_id], [tipo_servicio_id]) VALUES (4, 1, 5, 3, NULL, 4, 1, 1, 1, 1)
INSERT [dbo].[envio] ([envio_id], [autorizado], [buzon_id], [producto_id], [ruta_autorizacion], [sede_id], [tipo_clasificacion_id], [plazo_distribucion_id], [tipo_seguridad_id], [tipo_servicio_id]) VALUES (5, 1, 5, 3, NULL, 4, 1, 1, 1, 1)
INSERT [dbo].[envio] ([envio_id], [autorizado], [buzon_id], [producto_id], [ruta_autorizacion], [sede_id], [tipo_clasificacion_id], [plazo_distribucion_id], [tipo_seguridad_id], [tipo_servicio_id]) VALUES (6, 1, 5, 1, NULL, 5, 1, 2, 1, 1)
INSERT [dbo].[envio] ([envio_id], [autorizado], [buzon_id], [producto_id], [ruta_autorizacion], [sede_id], [tipo_clasificacion_id], [plazo_distribucion_id], [tipo_seguridad_id], [tipo_servicio_id]) VALUES (7, 1, 5, 2, NULL, 5, 1, 2, 1, 1)
INSERT [dbo].[envio] ([envio_id], [autorizado], [buzon_id], [producto_id], [ruta_autorizacion], [sede_id], [tipo_clasificacion_id], [plazo_distribucion_id], [tipo_seguridad_id], [tipo_servicio_id]) VALUES (8, 1, 5, 2, NULL, 5, 1, 2, 1, 1)
INSERT [dbo].[envio] ([envio_id], [autorizado], [buzon_id], [producto_id], [ruta_autorizacion], [sede_id], [tipo_clasificacion_id], [plazo_distribucion_id], [tipo_seguridad_id], [tipo_servicio_id]) VALUES (9, 1, 5, 1, N'9.pdf', 6, 1, 3, 1, 1)
INSERT [dbo].[envio] ([envio_id], [autorizado], [buzon_id], [producto_id], [ruta_autorizacion], [sede_id], [tipo_clasificacion_id], [plazo_distribucion_id], [tipo_seguridad_id], [tipo_servicio_id]) VALUES (10, 1, 5, 3, N'10.pdf', 6, 1, 3, 1, 1)
INSERT [dbo].[envio] ([envio_id], [autorizado], [buzon_id], [producto_id], [ruta_autorizacion], [sede_id], [tipo_clasificacion_id], [plazo_distribucion_id], [tipo_seguridad_id], [tipo_servicio_id]) VALUES (11, 1, 5, 3, N'11.pdf', 6, 2, 3, 2, 1)
INSERT [dbo].[envio] ([envio_id], [autorizado], [buzon_id], [producto_id], [ruta_autorizacion], [sede_id], [tipo_clasificacion_id], [plazo_distribucion_id], [tipo_seguridad_id], [tipo_servicio_id]) VALUES (12, 1, 5, 1, N'12.pdf', 6, 2, 4, 2, 1)
INSERT [dbo].[envio] ([envio_id], [autorizado], [buzon_id], [producto_id], [ruta_autorizacion], [sede_id], [tipo_clasificacion_id], [plazo_distribucion_id], [tipo_seguridad_id], [tipo_servicio_id]) VALUES (13, 1, 5, 3, N'13.pdf', 6, 2, 4, 2, 1)
INSERT [dbo].[envio] ([envio_id], [autorizado], [buzon_id], [producto_id], [ruta_autorizacion], [sede_id], [tipo_clasificacion_id], [plazo_distribucion_id], [tipo_seguridad_id], [tipo_servicio_id]) VALUES (14, 1, 5, 2, N'14.pdf', 6, 2, 4, 2, 1)
INSERT [dbo].[envio] ([envio_id], [autorizado], [buzon_id], [producto_id], [ruta_autorizacion], [sede_id], [tipo_clasificacion_id], [plazo_distribucion_id], [tipo_seguridad_id], [tipo_servicio_id]) VALUES (15, 1, 5, 2, N'15.pdf', 6, 2, 5, 2, 1)
INSERT [dbo].[envio] ([envio_id], [autorizado], [buzon_id], [producto_id], [ruta_autorizacion], [sede_id], [tipo_clasificacion_id], [plazo_distribucion_id], [tipo_seguridad_id], [tipo_servicio_id]) VALUES (16, 1, 5, 3, N'16.pdf', 6, 2, 5, 2, 1)
INSERT [dbo].[envio] ([envio_id], [autorizado], [buzon_id], [producto_id], [ruta_autorizacion], [sede_id], [tipo_clasificacion_id], [plazo_distribucion_id], [tipo_seguridad_id], [tipo_servicio_id]) VALUES (17, 1, 5, 3, N'17.pdf', 6, 2, 5, 2, 1)
INSERT [dbo].[envio] ([envio_id], [autorizado], [buzon_id], [producto_id], [ruta_autorizacion], [sede_id], [tipo_clasificacion_id], [plazo_distribucion_id], [tipo_seguridad_id], [tipo_servicio_id]) VALUES (18, 1, 5, 2, N'18.pdf', 6, 2, 6, 2, 1)
INSERT [dbo].[envio] ([envio_id], [autorizado], [buzon_id], [producto_id], [ruta_autorizacion], [sede_id], [tipo_clasificacion_id], [plazo_distribucion_id], [tipo_seguridad_id], [tipo_servicio_id]) VALUES (19, 1, 5, 1, N'19.pdf', 6, 2, 6, 2, 1)
INSERT [dbo].[envio] ([envio_id], [autorizado], [buzon_id], [producto_id], [ruta_autorizacion], [sede_id], [tipo_clasificacion_id], [plazo_distribucion_id], [tipo_seguridad_id], [tipo_servicio_id]) VALUES (20, 1, 6, 1, NULL, 3, 1, 1, 1, 1)
INSERT [dbo].[envio] ([envio_id], [autorizado], [buzon_id], [producto_id], [ruta_autorizacion], [sede_id], [tipo_clasificacion_id], [plazo_distribucion_id], [tipo_seguridad_id], [tipo_servicio_id]) VALUES (21, 1, 6, 2, NULL, 3, 1, 1, 1, 1)
INSERT [dbo].[envio] ([envio_id], [autorizado], [buzon_id], [producto_id], [ruta_autorizacion], [sede_id], [tipo_clasificacion_id], [plazo_distribucion_id], [tipo_seguridad_id], [tipo_servicio_id]) VALUES (22, 1, 6, 3, NULL, 3, 1, 1, 1, 1)
INSERT [dbo].[envio] ([envio_id], [autorizado], [buzon_id], [producto_id], [ruta_autorizacion], [sede_id], [tipo_clasificacion_id], [plazo_distribucion_id], [tipo_seguridad_id], [tipo_servicio_id]) VALUES (23, 1, 6, 1, NULL, 3, 1, 1, 1, 1)
INSERT [dbo].[envio] ([envio_id], [autorizado], [buzon_id], [producto_id], [ruta_autorizacion], [sede_id], [tipo_clasificacion_id], [plazo_distribucion_id], [tipo_seguridad_id], [tipo_servicio_id]) VALUES (24, 1, 6, 3, NULL, 3, 1, 1, 1, 1)
INSERT [dbo].[envio] ([envio_id], [autorizado], [buzon_id], [producto_id], [ruta_autorizacion], [sede_id], [tipo_clasificacion_id], [plazo_distribucion_id], [tipo_seguridad_id], [tipo_servicio_id]) VALUES (25, 1, 6, 3, N'25.pdf', 5, 1, 2, 1, 1)
INSERT [dbo].[envio] ([envio_id], [autorizado], [buzon_id], [producto_id], [ruta_autorizacion], [sede_id], [tipo_clasificacion_id], [plazo_distribucion_id], [tipo_seguridad_id], [tipo_servicio_id]) VALUES (26, 1, 6, 2, N'26.pdf', 5, 1, 2, 1, 1)
INSERT [dbo].[envio] ([envio_id], [autorizado], [buzon_id], [producto_id], [ruta_autorizacion], [sede_id], [tipo_clasificacion_id], [plazo_distribucion_id], [tipo_seguridad_id], [tipo_servicio_id]) VALUES (27, 1, 6, 2, N'27.pdf', 5, 1, 2, 1, 1)
INSERT [dbo].[envio] ([envio_id], [autorizado], [buzon_id], [producto_id], [ruta_autorizacion], [sede_id], [tipo_clasificacion_id], [plazo_distribucion_id], [tipo_seguridad_id], [tipo_servicio_id]) VALUES (28, 1, 6, 3, N'28.pdf', 5, 1, 3, 1, 1)
INSERT [dbo].[envio] ([envio_id], [autorizado], [buzon_id], [producto_id], [ruta_autorizacion], [sede_id], [tipo_clasificacion_id], [plazo_distribucion_id], [tipo_seguridad_id], [tipo_servicio_id]) VALUES (29, 1, 6, 3, N'29.pdf', 5, 1, 3, 1, 1)
INSERT [dbo].[envio] ([envio_id], [autorizado], [buzon_id], [producto_id], [ruta_autorizacion], [sede_id], [tipo_clasificacion_id], [plazo_distribucion_id], [tipo_seguridad_id], [tipo_servicio_id]) VALUES (30, 1, 6, 3, N'30.pdf', 5, 1, 3, 1, 1)
INSERT [dbo].[envio] ([envio_id], [autorizado], [buzon_id], [producto_id], [ruta_autorizacion], [sede_id], [tipo_clasificacion_id], [plazo_distribucion_id], [tipo_seguridad_id], [tipo_servicio_id]) VALUES (31, 1, 6, 2, N'31.pdf', 5, 2, 4, 2, 1)
INSERT [dbo].[envio] ([envio_id], [autorizado], [buzon_id], [producto_id], [ruta_autorizacion], [sede_id], [tipo_clasificacion_id], [plazo_distribucion_id], [tipo_seguridad_id], [tipo_servicio_id]) VALUES (32, 1, 6, 3, N'32.pdf', 5, 2, 4, 2, 1)
INSERT [dbo].[envio] ([envio_id], [autorizado], [buzon_id], [producto_id], [ruta_autorizacion], [sede_id], [tipo_clasificacion_id], [plazo_distribucion_id], [tipo_seguridad_id], [tipo_servicio_id]) VALUES (33, 1, 6, 2, N'33.pdf', 5, 2, 4, 2, 1)
INSERT [dbo].[envio] ([envio_id], [autorizado], [buzon_id], [producto_id], [ruta_autorizacion], [sede_id], [tipo_clasificacion_id], [plazo_distribucion_id], [tipo_seguridad_id], [tipo_servicio_id]) VALUES (34, 1, 6, 3, N'34.pdf', 5, 2, 4, 2, 1)
INSERT [dbo].[envio] ([envio_id], [autorizado], [buzon_id], [producto_id], [ruta_autorizacion], [sede_id], [tipo_clasificacion_id], [plazo_distribucion_id], [tipo_seguridad_id], [tipo_servicio_id]) VALUES (35, 1, 6, 2, N'35.pdf', 6, 2, 5, 2, 1)
INSERT [dbo].[envio] ([envio_id], [autorizado], [buzon_id], [producto_id], [ruta_autorizacion], [sede_id], [tipo_clasificacion_id], [plazo_distribucion_id], [tipo_seguridad_id], [tipo_servicio_id]) VALUES (36, 1, 6, 3, N'36.pdf', 6, 2, 5, 2, 1)
INSERT [dbo].[envio] ([envio_id], [autorizado], [buzon_id], [producto_id], [ruta_autorizacion], [sede_id], [tipo_clasificacion_id], [plazo_distribucion_id], [tipo_seguridad_id], [tipo_servicio_id]) VALUES (37, 1, 6, 3, N'37.pdf', 6, 2, 6, 2, 1)
INSERT [dbo].[envio] ([envio_id], [autorizado], [buzon_id], [producto_id], [ruta_autorizacion], [sede_id], [tipo_clasificacion_id], [plazo_distribucion_id], [tipo_seguridad_id], [tipo_servicio_id]) VALUES (38, 1, 6, 1, N'38.pdf', 6, 2, 6, 2, 1)
INSERT [dbo].[envio] ([envio_id], [autorizado], [buzon_id], [producto_id], [ruta_autorizacion], [sede_id], [tipo_clasificacion_id], [plazo_distribucion_id], [tipo_seguridad_id], [tipo_servicio_id]) VALUES (39, 1, 6, 2, N'39.pdf', 6, 2, 6, 2, 1)
INSERT [dbo].[envio] ([envio_id], [autorizado], [buzon_id], [producto_id], [ruta_autorizacion], [sede_id], [tipo_clasificacion_id], [plazo_distribucion_id], [tipo_seguridad_id], [tipo_servicio_id]) VALUES (40, 1, 7, 1, NULL, 3, 1, 1, 1, 1)
INSERT [dbo].[envio] ([envio_id], [autorizado], [buzon_id], [producto_id], [ruta_autorizacion], [sede_id], [tipo_clasificacion_id], [plazo_distribucion_id], [tipo_seguridad_id], [tipo_servicio_id]) VALUES (41, 1, 7, 2, NULL, 3, 1, 1, 1, 1)
INSERT [dbo].[envio] ([envio_id], [autorizado], [buzon_id], [producto_id], [ruta_autorizacion], [sede_id], [tipo_clasificacion_id], [plazo_distribucion_id], [tipo_seguridad_id], [tipo_servicio_id]) VALUES (42, 1, 7, 1, NULL, 3, 1, 1, 1, 1)
INSERT [dbo].[envio] ([envio_id], [autorizado], [buzon_id], [producto_id], [ruta_autorizacion], [sede_id], [tipo_clasificacion_id], [plazo_distribucion_id], [tipo_seguridad_id], [tipo_servicio_id]) VALUES (43, 1, 7, 3, NULL, 3, 1, 1, 1, 1)
INSERT [dbo].[envio] ([envio_id], [autorizado], [buzon_id], [producto_id], [ruta_autorizacion], [sede_id], [tipo_clasificacion_id], [plazo_distribucion_id], [tipo_seguridad_id], [tipo_servicio_id]) VALUES (44, 1, 7, 1, NULL, 3, 1, 1, 1, 1)
INSERT [dbo].[envio] ([envio_id], [autorizado], [buzon_id], [producto_id], [ruta_autorizacion], [sede_id], [tipo_clasificacion_id], [plazo_distribucion_id], [tipo_seguridad_id], [tipo_servicio_id]) VALUES (45, 1, 7, 1, N'45.pdf', 3, 1, 2, 1, 1)
INSERT [dbo].[envio] ([envio_id], [autorizado], [buzon_id], [producto_id], [ruta_autorizacion], [sede_id], [tipo_clasificacion_id], [plazo_distribucion_id], [tipo_seguridad_id], [tipo_servicio_id]) VALUES (46, 1, 7, 1, N'46.pdf', 3, 1, 2, 1, 1)
INSERT [dbo].[envio] ([envio_id], [autorizado], [buzon_id], [producto_id], [ruta_autorizacion], [sede_id], [tipo_clasificacion_id], [plazo_distribucion_id], [tipo_seguridad_id], [tipo_servicio_id]) VALUES (47, 1, 7, 2, N'47.pdf', 3, 1, 2, 1, 1)
INSERT [dbo].[envio] ([envio_id], [autorizado], [buzon_id], [producto_id], [ruta_autorizacion], [sede_id], [tipo_clasificacion_id], [plazo_distribucion_id], [tipo_seguridad_id], [tipo_servicio_id]) VALUES (48, 1, 7, 1, N'48.pdf', 3, 1, 3, 1, 1)
INSERT [dbo].[envio] ([envio_id], [autorizado], [buzon_id], [producto_id], [ruta_autorizacion], [sede_id], [tipo_clasificacion_id], [plazo_distribucion_id], [tipo_seguridad_id], [tipo_servicio_id]) VALUES (49, 1, 7, 2, N'49.pdf', 3, 1, 3, 1, 1)
INSERT [dbo].[envio] ([envio_id], [autorizado], [buzon_id], [producto_id], [ruta_autorizacion], [sede_id], [tipo_clasificacion_id], [plazo_distribucion_id], [tipo_seguridad_id], [tipo_servicio_id]) VALUES (50, 1, 7, 3, N'50.pdf', 4, 2, 3, 2, 1)
INSERT [dbo].[envio] ([envio_id], [autorizado], [buzon_id], [producto_id], [ruta_autorizacion], [sede_id], [tipo_clasificacion_id], [plazo_distribucion_id], [tipo_seguridad_id], [tipo_servicio_id]) VALUES (51, 1, 7, 3, N'51.pdf', 4, 2, 4, 2, 1)
INSERT [dbo].[envio] ([envio_id], [autorizado], [buzon_id], [producto_id], [ruta_autorizacion], [sede_id], [tipo_clasificacion_id], [plazo_distribucion_id], [tipo_seguridad_id], [tipo_servicio_id]) VALUES (52, 1, 7, 1, N'52.pdf', 4, 2, 4, 2, 1)
INSERT [dbo].[envio] ([envio_id], [autorizado], [buzon_id], [producto_id], [ruta_autorizacion], [sede_id], [tipo_clasificacion_id], [plazo_distribucion_id], [tipo_seguridad_id], [tipo_servicio_id]) VALUES (53, 1, 7, 2, N'53.pdf', 4, 2, 4, 2, 1)
INSERT [dbo].[envio] ([envio_id], [autorizado], [buzon_id], [producto_id], [ruta_autorizacion], [sede_id], [tipo_clasificacion_id], [plazo_distribucion_id], [tipo_seguridad_id], [tipo_servicio_id]) VALUES (54, 1, 7, 2, N'54.pdf', 4, 2, 5, 2, 1)
INSERT [dbo].[envio] ([envio_id], [autorizado], [buzon_id], [producto_id], [ruta_autorizacion], [sede_id], [tipo_clasificacion_id], [plazo_distribucion_id], [tipo_seguridad_id], [tipo_servicio_id]) VALUES (55, 1, 7, 2, N'55.pdf', 6, 2, 5, 2, 1)
INSERT [dbo].[envio] ([envio_id], [autorizado], [buzon_id], [producto_id], [ruta_autorizacion], [sede_id], [tipo_clasificacion_id], [plazo_distribucion_id], [tipo_seguridad_id], [tipo_servicio_id]) VALUES (56, 1, 7, 1, N'56.pdf', 6, 2, 5, 2, 1)
INSERT [dbo].[envio] ([envio_id], [autorizado], [buzon_id], [producto_id], [ruta_autorizacion], [sede_id], [tipo_clasificacion_id], [plazo_distribucion_id], [tipo_seguridad_id], [tipo_servicio_id]) VALUES (57, 1, 7, 2, N'57.pdf', 6, 2, 6, 2, 1)
INSERT [dbo].[envio] ([envio_id], [autorizado], [buzon_id], [producto_id], [ruta_autorizacion], [sede_id], [tipo_clasificacion_id], [plazo_distribucion_id], [tipo_seguridad_id], [tipo_servicio_id]) VALUES (58, 1, 7, 2, N'58.pdf', 6, 2, 6, 2, 1)
INSERT [dbo].[envio] ([envio_id], [autorizado], [buzon_id], [producto_id], [ruta_autorizacion], [sede_id], [tipo_clasificacion_id], [plazo_distribucion_id], [tipo_seguridad_id], [tipo_servicio_id]) VALUES (59, 1, 7, 3, N'59.pdf', 6, 2, 6, 2, 1)
INSERT [dbo].[envio] ([envio_id], [autorizado], [buzon_id], [producto_id], [ruta_autorizacion], [sede_id], [tipo_clasificacion_id], [plazo_distribucion_id], [tipo_seguridad_id], [tipo_servicio_id]) VALUES (60, 1, 8, 1, NULL, 3, 1, 1, 1, 1)
INSERT [dbo].[envio] ([envio_id], [autorizado], [buzon_id], [producto_id], [ruta_autorizacion], [sede_id], [tipo_clasificacion_id], [plazo_distribucion_id], [tipo_seguridad_id], [tipo_servicio_id]) VALUES (61, 1, 8, 1, NULL, 3, 1, 1, 1, 1)
INSERT [dbo].[envio] ([envio_id], [autorizado], [buzon_id], [producto_id], [ruta_autorizacion], [sede_id], [tipo_clasificacion_id], [plazo_distribucion_id], [tipo_seguridad_id], [tipo_servicio_id]) VALUES (62, 1, 8, 1, NULL, 3, 1, 1, 1, 1)
INSERT [dbo].[envio] ([envio_id], [autorizado], [buzon_id], [producto_id], [ruta_autorizacion], [sede_id], [tipo_clasificacion_id], [plazo_distribucion_id], [tipo_seguridad_id], [tipo_servicio_id]) VALUES (63, 1, 8, 1, NULL, 3, 1, 1, 1, 1)
INSERT [dbo].[envio] ([envio_id], [autorizado], [buzon_id], [producto_id], [ruta_autorizacion], [sede_id], [tipo_clasificacion_id], [plazo_distribucion_id], [tipo_seguridad_id], [tipo_servicio_id]) VALUES (64, 1, 8, 3, NULL, 3, 1, 1, 1, 1)
INSERT [dbo].[envio] ([envio_id], [autorizado], [buzon_id], [producto_id], [ruta_autorizacion], [sede_id], [tipo_clasificacion_id], [plazo_distribucion_id], [tipo_seguridad_id], [tipo_servicio_id]) VALUES (65, 1, 8, 2, NULL, 4, 1, 2, 1, 1)
INSERT [dbo].[envio] ([envio_id], [autorizado], [buzon_id], [producto_id], [ruta_autorizacion], [sede_id], [tipo_clasificacion_id], [plazo_distribucion_id], [tipo_seguridad_id], [tipo_servicio_id]) VALUES (66, 1, 8, 2, NULL, 4, 1, 2, 1, 1)
INSERT [dbo].[envio] ([envio_id], [autorizado], [buzon_id], [producto_id], [ruta_autorizacion], [sede_id], [tipo_clasificacion_id], [plazo_distribucion_id], [tipo_seguridad_id], [tipo_servicio_id]) VALUES (67, 1, 8, 1, NULL, 4, 1, 2, 1, 1)
INSERT [dbo].[envio] ([envio_id], [autorizado], [buzon_id], [producto_id], [ruta_autorizacion], [sede_id], [tipo_clasificacion_id], [plazo_distribucion_id], [tipo_seguridad_id], [tipo_servicio_id]) VALUES (68, 1, 8, 1, NULL, 4, 1, 3, 1, 1)
INSERT [dbo].[envio] ([envio_id], [autorizado], [buzon_id], [producto_id], [ruta_autorizacion], [sede_id], [tipo_clasificacion_id], [plazo_distribucion_id], [tipo_seguridad_id], [tipo_servicio_id]) VALUES (69, 1, 8, 2, NULL, 4, 1, 3, 1, 1)
INSERT [dbo].[envio] ([envio_id], [autorizado], [buzon_id], [producto_id], [ruta_autorizacion], [sede_id], [tipo_clasificacion_id], [plazo_distribucion_id], [tipo_seguridad_id], [tipo_servicio_id]) VALUES (70, 1, 8, 2, NULL, 4, 2, 3, 2, 1)
INSERT [dbo].[envio] ([envio_id], [autorizado], [buzon_id], [producto_id], [ruta_autorizacion], [sede_id], [tipo_clasificacion_id], [plazo_distribucion_id], [tipo_seguridad_id], [tipo_servicio_id]) VALUES (71, 1, 8, 2, NULL, 4, 2, 4, 2, 1)
INSERT [dbo].[envio] ([envio_id], [autorizado], [buzon_id], [producto_id], [ruta_autorizacion], [sede_id], [tipo_clasificacion_id], [plazo_distribucion_id], [tipo_seguridad_id], [tipo_servicio_id]) VALUES (72, 1, 8, 3, NULL, 4, 2, 4, 2, 1)
INSERT [dbo].[envio] ([envio_id], [autorizado], [buzon_id], [producto_id], [ruta_autorizacion], [sede_id], [tipo_clasificacion_id], [plazo_distribucion_id], [tipo_seguridad_id], [tipo_servicio_id]) VALUES (73, 1, 8, 1, NULL, 4, 2, 4, 2, 1)
INSERT [dbo].[envio] ([envio_id], [autorizado], [buzon_id], [producto_id], [ruta_autorizacion], [sede_id], [tipo_clasificacion_id], [plazo_distribucion_id], [tipo_seguridad_id], [tipo_servicio_id]) VALUES (74, 1, 8, 3, NULL, 4, 2, 5, 2, 1)
INSERT [dbo].[envio] ([envio_id], [autorizado], [buzon_id], [producto_id], [ruta_autorizacion], [sede_id], [tipo_clasificacion_id], [plazo_distribucion_id], [tipo_seguridad_id], [tipo_servicio_id]) VALUES (75, 1, 8, 1, NULL, 5, 2, 5, 2, 1)
INSERT [dbo].[envio] ([envio_id], [autorizado], [buzon_id], [producto_id], [ruta_autorizacion], [sede_id], [tipo_clasificacion_id], [plazo_distribucion_id], [tipo_seguridad_id], [tipo_servicio_id]) VALUES (76, 1, 8, 3, NULL, 5, 2, 5, 2, 1)
INSERT [dbo].[envio] ([envio_id], [autorizado], [buzon_id], [producto_id], [ruta_autorizacion], [sede_id], [tipo_clasificacion_id], [plazo_distribucion_id], [tipo_seguridad_id], [tipo_servicio_id]) VALUES (77, 1, 8, 1, NULL, 5, 2, 6, 2, 1)
INSERT [dbo].[envio] ([envio_id], [autorizado], [buzon_id], [producto_id], [ruta_autorizacion], [sede_id], [tipo_clasificacion_id], [plazo_distribucion_id], [tipo_seguridad_id], [tipo_servicio_id]) VALUES (78, 1, 8, 2, NULL, 5, 2, 6, 2, 1)
INSERT [dbo].[envio] ([envio_id], [autorizado], [buzon_id], [producto_id], [ruta_autorizacion], [sede_id], [tipo_clasificacion_id], [plazo_distribucion_id], [tipo_seguridad_id], [tipo_servicio_id]) VALUES (79, 1, 8, 2, NULL, 5, 2, 6, 2, 1)
SET IDENTITY_INSERT [dbo].[envio] OFF
SET IDENTITY_INSERT [dbo].[documento] ON 

INSERT [dbo].[documento] ([documento_id], [codigo_devolucion], [contacto_destino], [direccion], [distrito_id], [documento_autogenerado], [nro_documento], [razon_social_destino], [recepcionado], [referencia], [telefono], [envio_id]) VALUES (1, NULL, N'', N'DIRECCION 1', 1290, N'EX00000001', N'1', N'RONALD SANTOS', 0, N'', N'TELEFONO 1', 1)
INSERT [dbo].[documento] ([documento_id], [codigo_devolucion], [contacto_destino], [direccion], [distrito_id], [documento_autogenerado], [nro_documento], [razon_social_destino], [recepcionado], [referencia], [telefono], [envio_id]) VALUES (2, NULL, N'CONTACTO 11', N'DIRECCION 41', 1319, N'EX00000002', N'1', N'RONALD SANTOS', 0, NULL, N'TELEFONO 1', 2)
INSERT [dbo].[documento] ([documento_id], [codigo_devolucion], [contacto_destino], [direccion], [distrito_id], [documento_autogenerado], [nro_documento], [razon_social_destino], [recepcionado], [referencia], [telefono], [envio_id]) VALUES (3, NULL, NULL, N'DIRECCION 41', 1288, N'EX00000003', N'1', N'EXACT SAC', 0, NULL, N'TELEFONO 1', 3)
INSERT [dbo].[documento] ([documento_id], [codigo_devolucion], [contacto_destino], [direccion], [distrito_id], [documento_autogenerado], [nro_documento], [razon_social_destino], [recepcionado], [referencia], [telefono], [envio_id]) VALUES (4, NULL, N'CONTACTO 31', N'DIRECCION 43', 1451, N'EX00000004', N'1', N'EXACT SAC', 0, NULL, N'TELEFONO 1', 4)
INSERT [dbo].[documento] ([documento_id], [codigo_devolucion], [contacto_destino], [direccion], [distrito_id], [documento_autogenerado], [nro_documento], [razon_social_destino], [recepcionado], [referencia], [telefono], [envio_id]) VALUES (5, NULL, N'CONTACTO 11', N'DIRECCION 41', 1324, N'EX00000005', N'1', N'EXACT SAC', 0, NULL, N'TELEFONO 1', 5)
INSERT [dbo].[documento] ([documento_id], [codigo_devolucion], [contacto_destino], [direccion], [distrito_id], [documento_autogenerado], [nro_documento], [razon_social_destino], [recepcionado], [referencia], [telefono], [envio_id]) VALUES (6, NULL, N'CONTACTO 43', N'DIRECCION 11', 1448, N'EX00000006', N'1', N'EXACT SAC', 0, NULL, N'TELEFONO 1', 6)
INSERT [dbo].[documento] ([documento_id], [codigo_devolucion], [contacto_destino], [direccion], [distrito_id], [documento_autogenerado], [nro_documento], [razon_social_destino], [recepcionado], [referencia], [telefono], [envio_id]) VALUES (7, NULL, N'CONTACTO 31', N'DIRECCION 51', 1292, N'EX00000007', N'1', N'EXACT SAC ', 0, NULL, N'TELEFONO 1', 7)
INSERT [dbo].[documento] ([documento_id], [codigo_devolucion], [contacto_destino], [direccion], [distrito_id], [documento_autogenerado], [nro_documento], [razon_social_destino], [recepcionado], [referencia], [telefono], [envio_id]) VALUES (8, NULL, N'CONTACTO 11', N'DIRECCION 51', 1244, N'EX00000008', N'1', N'EXACT SAC', 0, NULL, N'TELEFONO 1', 8)
INSERT [dbo].[documento] ([documento_id], [codigo_devolucion], [contacto_destino], [direccion], [distrito_id], [documento_autogenerado], [nro_documento], [razon_social_destino], [recepcionado], [referencia], [telefono], [envio_id]) VALUES (9, NULL, N'CONTACTO 11', N'DIRECCION 31', 1457, N'EX00000009', N'1', N'EXACT SAC', 0, N'', N'TELEFONO 1', 9)
INSERT [dbo].[documento] ([documento_id], [codigo_devolucion], [contacto_destino], [direccion], [distrito_id], [documento_autogenerado], [nro_documento], [razon_social_destino], [recepcionado], [referencia], [telefono], [envio_id]) VALUES (10, NULL, N'CONTACTO 11', N'DIRECCION 31', 1457, N'EX00000010', N'1', N'EXACT SAC', 0, N'', N'TELEFONO 1', 9)
INSERT [dbo].[documento] ([documento_id], [codigo_devolucion], [contacto_destino], [direccion], [distrito_id], [documento_autogenerado], [nro_documento], [razon_social_destino], [recepcionado], [referencia], [telefono], [envio_id]) VALUES (11, NULL, N'CONTACTO 43', N'DIRECCION 43', 389, N'EX00000011', N'1', N'EXACT SAC', 0, NULL, N'TELEFONO 1', 10)
INSERT [dbo].[documento] ([documento_id], [codigo_devolucion], [contacto_destino], [direccion], [distrito_id], [documento_autogenerado], [nro_documento], [razon_social_destino], [recepcionado], [referencia], [telefono], [envio_id]) VALUES (12, NULL, N'CONTACTO 51', N'DIRECCION 41', 1267, N'EX00000012', N'1', N'EXACT SAC', 0, N'', N'TELEFONO 1', 11)
INSERT [dbo].[documento] ([documento_id], [codigo_devolucion], [contacto_destino], [direccion], [distrito_id], [documento_autogenerado], [nro_documento], [razon_social_destino], [recepcionado], [referencia], [telefono], [envio_id]) VALUES (13, NULL, N'CONTACTO 31', N'DIRECCION 43', 1266, N'EX00000013', N'1', N'EXACT SAC', 0, N'', N'TELEFONO 1', 12)
INSERT [dbo].[documento] ([documento_id], [codigo_devolucion], [contacto_destino], [direccion], [distrito_id], [documento_autogenerado], [nro_documento], [razon_social_destino], [recepcionado], [referencia], [telefono], [envio_id]) VALUES (14, NULL, N'CONTACTO 43', N'DIRECCION 41', 472, N'EX00000014', N'1', N'EXACT SAC', 0, NULL, N'TELEFONO 1', 13)
INSERT [dbo].[documento] ([documento_id], [codigo_devolucion], [contacto_destino], [direccion], [distrito_id], [documento_autogenerado], [nro_documento], [razon_social_destino], [recepcionado], [referencia], [telefono], [envio_id]) VALUES (15, NULL, N'CONTACTO 11', N'DIRECCION 31', 1330, N'EX00000015', N'1', N'EXACT SAC', 0, NULL, N'TELEFONO 1', 14)
INSERT [dbo].[documento] ([documento_id], [codigo_devolucion], [contacto_destino], [direccion], [distrito_id], [documento_autogenerado], [nro_documento], [razon_social_destino], [recepcionado], [referencia], [telefono], [envio_id]) VALUES (16, NULL, N'CONTACTO 31', N'DIRECCION 11', 1325, N'EX00000016', N'1', N'EXACT SAC', 0, N'', N'TELEFONO 1', 15)
INSERT [dbo].[documento] ([documento_id], [codigo_devolucion], [contacto_destino], [direccion], [distrito_id], [documento_autogenerado], [nro_documento], [razon_social_destino], [recepcionado], [referencia], [telefono], [envio_id]) VALUES (17, NULL, N'CONTACTO 43', N'DIRECCION 51', 1373, N'EX00000017', N'1', N'EXACT SAC', 0, NULL, N'TELEFONO 1', 16)
INSERT [dbo].[documento] ([documento_id], [codigo_devolucion], [contacto_destino], [direccion], [distrito_id], [documento_autogenerado], [nro_documento], [razon_social_destino], [recepcionado], [referencia], [telefono], [envio_id]) VALUES (18, NULL, N'CONTACTO 41', N'DIRECCION 51', 377, N'EX00000018', N'1', N'EXACT SAC', 0, N'', N'TELEFONO 1', 17)
INSERT [dbo].[documento] ([documento_id], [codigo_devolucion], [contacto_destino], [direccion], [distrito_id], [documento_autogenerado], [nro_documento], [razon_social_destino], [recepcionado], [referencia], [telefono], [envio_id]) VALUES (19, NULL, N'CONTACTO 51', N'DIRECCION 51', 1287, N'EX00000019', N'1', N'EXACT SAC', 0, NULL, N'TELEFONO 1', 18)
INSERT [dbo].[documento] ([documento_id], [codigo_devolucion], [contacto_destino], [direccion], [distrito_id], [documento_autogenerado], [nro_documento], [razon_social_destino], [recepcionado], [referencia], [telefono], [envio_id]) VALUES (20, NULL, N'CONTACTO 41', N'DIRECCION 51', 751, N'EX00000020', N'1', N'EXACT SAC', 0, NULL, N'TELEFONO 1', 19)
INSERT [dbo].[documento] ([documento_id], [codigo_devolucion], [contacto_destino], [direccion], [distrito_id], [documento_autogenerado], [nro_documento], [razon_social_destino], [recepcionado], [referencia], [telefono], [envio_id]) VALUES (21, NULL, N'CONTACTO 43', N'DIRECCION 51', 1343, N'EX00000021', N'1', N'EXACT SAC', 0, N'', N'TELEFONO 1', 20)
INSERT [dbo].[documento] ([documento_id], [codigo_devolucion], [contacto_destino], [direccion], [distrito_id], [documento_autogenerado], [nro_documento], [razon_social_destino], [recepcionado], [referencia], [telefono], [envio_id]) VALUES (22, NULL, N'CONTACTO 43', N'DIRECCION 11', 1279, N'EX00000022', N'1', N'EXACT SAC', 0, NULL, N'TELEFONO 1', 21)
INSERT [dbo].[documento] ([documento_id], [codigo_devolucion], [contacto_destino], [direccion], [distrito_id], [documento_autogenerado], [nro_documento], [razon_social_destino], [recepcionado], [referencia], [telefono], [envio_id]) VALUES (23, NULL, N'CONTACTO 43', N'DIRECCION 31', 1528, N'EX00000023', N'1', N'EXACT SAC', 0, NULL, N'TELEFONO 1', 22)
INSERT [dbo].[documento] ([documento_id], [codigo_devolucion], [contacto_destino], [direccion], [distrito_id], [documento_autogenerado], [nro_documento], [razon_social_destino], [recepcionado], [referencia], [telefono], [envio_id]) VALUES (24, NULL, N'CONTACTO 43', N'DIRECCION 31', 1464, N'EX00000024', N'1', N'EXACT SAC', 0, NULL, N'TELEFONO 1', 23)
INSERT [dbo].[documento] ([documento_id], [codigo_devolucion], [contacto_destino], [direccion], [distrito_id], [documento_autogenerado], [nro_documento], [razon_social_destino], [recepcionado], [referencia], [telefono], [envio_id]) VALUES (25, NULL, N'CONTACTO 43', N'DIRECCION 41', 1320, N'EX00000025', N'1', N'EXACT SAC', 0, NULL, N'TELEFONO 1', 24)
INSERT [dbo].[documento] ([documento_id], [codigo_devolucion], [contacto_destino], [direccion], [distrito_id], [documento_autogenerado], [nro_documento], [razon_social_destino], [recepcionado], [referencia], [telefono], [envio_id]) VALUES (26, NULL, N'CONTACTO 43', N'DIRECCION 31', 1471, N'EX00000026', N'1', N'EXACT SAC', 0, N'', N'TELEFONO 1', 25)
INSERT [dbo].[documento] ([documento_id], [codigo_devolucion], [contacto_destino], [direccion], [distrito_id], [documento_autogenerado], [nro_documento], [razon_social_destino], [recepcionado], [referencia], [telefono], [envio_id]) VALUES (27, NULL, N'CONTACTO 11', N'DIRECCION 51', 1285, N'EX00000027', N'1', N'EXACT SAC', 0, NULL, N'TELEFONO 1', 26)
INSERT [dbo].[documento] ([documento_id], [codigo_devolucion], [contacto_destino], [direccion], [distrito_id], [documento_autogenerado], [nro_documento], [razon_social_destino], [recepcionado], [referencia], [telefono], [envio_id]) VALUES (28, NULL, N'CONTACTO 31', N'DIRECCION 51', 1465, N'EX00000028', N'1', N'EXACT SAC', 0, N'', N'TELEFONO 1', 27)
INSERT [dbo].[documento] ([documento_id], [codigo_devolucion], [contacto_destino], [direccion], [distrito_id], [documento_autogenerado], [nro_documento], [razon_social_destino], [recepcionado], [referencia], [telefono], [envio_id]) VALUES (29, NULL, N'CONTACTO 31', N'DIRECCION 51', 1474, N'EX00000029', N'1', N'EXACT SAC', 0, NULL, N'TELEFONO 1', 28)
INSERT [dbo].[documento] ([documento_id], [codigo_devolucion], [contacto_destino], [direccion], [distrito_id], [documento_autogenerado], [nro_documento], [razon_social_destino], [recepcionado], [referencia], [telefono], [envio_id]) VALUES (30, NULL, N'CONTACTO 51', N'DIRECCION 41', 1321, N'EX00000030', N'1', N'EXACT SAC', 0, NULL, N'TELEFONO 1', 29)
INSERT [dbo].[documento] ([documento_id], [codigo_devolucion], [contacto_destino], [direccion], [distrito_id], [documento_autogenerado], [nro_documento], [razon_social_destino], [recepcionado], [referencia], [telefono], [envio_id]) VALUES (31, NULL, N'CONTACTO 43', N'DIRECCION 31', 1278, N'EX00000031', N'1', N'EXACT SAC', 0, N'', N'TELEFONO 1', 30)
INSERT [dbo].[documento] ([documento_id], [codigo_devolucion], [contacto_destino], [direccion], [distrito_id], [documento_autogenerado], [nro_documento], [razon_social_destino], [recepcionado], [referencia], [telefono], [envio_id]) VALUES (32, NULL, N'CONTACTO 11', N'DIRECCION 31', 1287, N'EX00000032', N'1', N'EXACT SAC', 0, N'', N'TELEFONO 1', 31)
INSERT [dbo].[documento] ([documento_id], [codigo_devolucion], [contacto_destino], [direccion], [distrito_id], [documento_autogenerado], [nro_documento], [razon_social_destino], [recepcionado], [referencia], [telefono], [envio_id]) VALUES (33, NULL, N'CONTACTO 11', N'DIRECCION 41', 1286, N'EX00000033', N'1', N'EXACT SAC', 0, NULL, N'TELEFONO 1', 32)
INSERT [dbo].[documento] ([documento_id], [codigo_devolucion], [contacto_destino], [direccion], [distrito_id], [documento_autogenerado], [nro_documento], [razon_social_destino], [recepcionado], [referencia], [telefono], [envio_id]) VALUES (34, NULL, N'CONTACTO 31', N'DIRECCION 51', 1446, N'EX00000034', N'1', N'EXACT SAC', 0, NULL, N'TELEFONO 1', 33)
INSERT [dbo].[documento] ([documento_id], [codigo_devolucion], [contacto_destino], [direccion], [distrito_id], [documento_autogenerado], [nro_documento], [razon_social_destino], [recepcionado], [referencia], [telefono], [envio_id]) VALUES (35, NULL, N'CONTACTO 11', N'DIRECCION 51', 1281, N'EX00000035', N'1', N'EXACT SAC', 0, N'', N'TELEFONO 1', 34)
INSERT [dbo].[documento] ([documento_id], [codigo_devolucion], [contacto_destino], [direccion], [distrito_id], [documento_autogenerado], [nro_documento], [razon_social_destino], [recepcionado], [referencia], [telefono], [envio_id]) VALUES (36, NULL, N'CONTACTO 11', N'DIRECCION 43', 1280, N'EX00000036', N'1', N'EXACT SAC', 0, NULL, N'TELEFONO 1', 35)
INSERT [dbo].[documento] ([documento_id], [codigo_devolucion], [contacto_destino], [direccion], [distrito_id], [documento_autogenerado], [nro_documento], [razon_social_destino], [recepcionado], [referencia], [telefono], [envio_id]) VALUES (37, NULL, N'CONTACTO 31', N'DIRECCION 43', 1277, N'EX00000037', N'1', N'EXACT SAC', 0, NULL, N'TELEFONO 1', 36)
INSERT [dbo].[documento] ([documento_id], [codigo_devolucion], [contacto_destino], [direccion], [distrito_id], [documento_autogenerado], [nro_documento], [razon_social_destino], [recepcionado], [referencia], [telefono], [envio_id]) VALUES (38, NULL, N'CONTACTO 41', N'DIRECCION 51', 1279, N'EX00000038', N'1', N'EXACT SAC', 0, NULL, N'TELEFONO 1', 37)
INSERT [dbo].[documento] ([documento_id], [codigo_devolucion], [contacto_destino], [direccion], [distrito_id], [documento_autogenerado], [nro_documento], [razon_social_destino], [recepcionado], [referencia], [telefono], [envio_id]) VALUES (39, NULL, N'CONTACTO 31', N'DIRECCION 43', 767, N'EX00000039', N'1', N'EXACT SAC', 0, NULL, N'TELEFONO 1', 38)
INSERT [dbo].[documento] ([documento_id], [codigo_devolucion], [contacto_destino], [direccion], [distrito_id], [documento_autogenerado], [nro_documento], [razon_social_destino], [recepcionado], [referencia], [telefono], [envio_id]) VALUES (40, NULL, N'CONTACTO 41', N'DIRECCION 11', 1245, N'EX00000040', N'1', N'EXACT SAC', 0, NULL, N'TELEFONO 1', 39)
INSERT [dbo].[documento] ([documento_id], [codigo_devolucion], [contacto_destino], [direccion], [distrito_id], [documento_autogenerado], [nro_documento], [razon_social_destino], [recepcionado], [referencia], [telefono], [envio_id]) VALUES (41, NULL, N'CONTACTO 11', N'DIRECCION 41', 1159, N'EX00000041', N'1', N'EXACT SAC', 0, N'', N'DIRECCION 43', 40)
INSERT [dbo].[documento] ([documento_id], [codigo_devolucion], [contacto_destino], [direccion], [distrito_id], [documento_autogenerado], [nro_documento], [razon_social_destino], [recepcionado], [referencia], [telefono], [envio_id]) VALUES (42, NULL, N'CONTACTO 11', N'DIRECCION 51', 1289, N'EX00000042', N'1', N'EXACT SAC', 0, NULL, N'TELEFONO 1', 41)
INSERT [dbo].[documento] ([documento_id], [codigo_devolucion], [contacto_destino], [direccion], [distrito_id], [documento_autogenerado], [nro_documento], [razon_social_destino], [recepcionado], [referencia], [telefono], [envio_id]) VALUES (43, NULL, N'CONTACTO 11', N'DIRECCION 11', 1287, N'EX00000043', N'1', N'EXACT SAC', 0, NULL, N'TELEFONO 1', 42)
INSERT [dbo].[documento] ([documento_id], [codigo_devolucion], [contacto_destino], [direccion], [distrito_id], [documento_autogenerado], [nro_documento], [razon_social_destino], [recepcionado], [referencia], [telefono], [envio_id]) VALUES (44, NULL, N'CONTACTO 11', N'DIRECCION 41', 1292, N'EX00000044', N'1', N'EXACT SAC', 0, NULL, N'TELEFONO 1', 43)
INSERT [dbo].[documento] ([documento_id], [codigo_devolucion], [contacto_destino], [direccion], [distrito_id], [documento_autogenerado], [nro_documento], [razon_social_destino], [recepcionado], [referencia], [telefono], [envio_id]) VALUES (45, NULL, N'CONTACTO 11', N'DIRECCION 11', 1250, N'EX00000045', N'1', N'EXACT SAC', 0, NULL, N'TELEFONO 1', 44)
INSERT [dbo].[documento] ([documento_id], [codigo_devolucion], [contacto_destino], [direccion], [distrito_id], [documento_autogenerado], [nro_documento], [razon_social_destino], [recepcionado], [referencia], [telefono], [envio_id]) VALUES (46, NULL, N'CONTACTO 11', N'DIRECCION 11', 1289, N'EX00000046', N'1', N'EXACT SAC', 0, N'', N'TELEFONO 1', 45)
INSERT [dbo].[documento] ([documento_id], [codigo_devolucion], [contacto_destino], [direccion], [distrito_id], [documento_autogenerado], [nro_documento], [razon_social_destino], [recepcionado], [referencia], [telefono], [envio_id]) VALUES (47, NULL, N'CONTACTO 11', N'DIRECCION 43', 1283, N'EX00000047', N'1', N'EXACT SAC', 0, NULL, N'TELEFONO 1', 46)
INSERT [dbo].[documento] ([documento_id], [codigo_devolucion], [contacto_destino], [direccion], [distrito_id], [documento_autogenerado], [nro_documento], [razon_social_destino], [recepcionado], [referencia], [telefono], [envio_id]) VALUES (48, NULL, N'CONTACTO 11', N'DIRECCION 43', 1286, N'EX00000048', N'1', N'EXACT SAC', 0, NULL, N'TELEFONO 1', 47)
INSERT [dbo].[documento] ([documento_id], [codigo_devolucion], [contacto_destino], [direccion], [distrito_id], [documento_autogenerado], [nro_documento], [razon_social_destino], [recepcionado], [referencia], [telefono], [envio_id]) VALUES (49, NULL, N'CONTACTO 11', N'DIRECCION 41', 1286, N'EX00000049', N'1', N'EXACT SAC', 0, N'', N'TELEFONO 1', 48)
INSERT [dbo].[documento] ([documento_id], [codigo_devolucion], [contacto_destino], [direccion], [distrito_id], [documento_autogenerado], [nro_documento], [razon_social_destino], [recepcionado], [referencia], [telefono], [envio_id]) VALUES (50, NULL, N'CONTACTO 11', N'DIRECCION 51', 1291, N'EX00000050', N'1', N'EXACT SAC', 0, NULL, N'TELEFONO 1', 49)
INSERT [dbo].[documento] ([documento_id], [codigo_devolucion], [contacto_destino], [direccion], [distrito_id], [documento_autogenerado], [nro_documento], [razon_social_destino], [recepcionado], [referencia], [telefono], [envio_id]) VALUES (51, NULL, N'CONTACTO 11', N'DIRECCION 51', 1288, N'EX00000051', N'1', N'EXACT SAC', 0, N'', N'TELEFONO 1', 50)
INSERT [dbo].[documento] ([documento_id], [codigo_devolucion], [contacto_destino], [direccion], [distrito_id], [documento_autogenerado], [nro_documento], [razon_social_destino], [recepcionado], [referencia], [telefono], [envio_id]) VALUES (52, NULL, N'CONTACTO 51', N'DIRECCION 51', 1291, N'EX00000052', N'1', N'EXACT SAC', 0, NULL, N'TELEFONO 1', 51)
INSERT [dbo].[documento] ([documento_id], [codigo_devolucion], [contacto_destino], [direccion], [distrito_id], [documento_autogenerado], [nro_documento], [razon_social_destino], [recepcionado], [referencia], [telefono], [envio_id]) VALUES (53, NULL, N'CONTACTO 51', N'DIRECCION 51', 1446, N'EX00000053', N'1', N'EXACT SAC', 0, N'', N'TELEFONO 1', 52)
INSERT [dbo].[documento] ([documento_id], [codigo_devolucion], [contacto_destino], [direccion], [distrito_id], [documento_autogenerado], [nro_documento], [razon_social_destino], [recepcionado], [referencia], [telefono], [envio_id]) VALUES (54, NULL, N'CONTACTO 43', N'DIRECCION 43', 1288, N'EX00000054', N'1', N'EXACT SAC', 0, NULL, N'TELEFONO 1', 53)
INSERT [dbo].[documento] ([documento_id], [codigo_devolucion], [contacto_destino], [direccion], [distrito_id], [documento_autogenerado], [nro_documento], [razon_social_destino], [recepcionado], [referencia], [telefono], [envio_id]) VALUES (55, NULL, N'CONTACTO 11', N'DIRECCION 43', 1290, N'EX00000055', N'1', N'EXACT SAC', 0, N'', N'TELEFONO 1', 54)
INSERT [dbo].[documento] ([documento_id], [codigo_devolucion], [contacto_destino], [direccion], [distrito_id], [documento_autogenerado], [nro_documento], [razon_social_destino], [recepcionado], [referencia], [telefono], [envio_id]) VALUES (56, NULL, N'CONTACTO 11', N'DIRECCION 11', 1253, N'EX00000056', N'1', N'EXACT SAC', 0, N'', N'TELEFONO 1', 55)
INSERT [dbo].[documento] ([documento_id], [codigo_devolucion], [contacto_destino], [direccion], [distrito_id], [documento_autogenerado], [nro_documento], [razon_social_destino], [recepcionado], [referencia], [telefono], [envio_id]) VALUES (57, NULL, N'CONTACTO 11', N'DIRECCION 51', 1285, N'EX00000057', N'1', N'EXACT SAC', 0, N'', N'TELEFONO 1', 56)
INSERT [dbo].[documento] ([documento_id], [codigo_devolucion], [contacto_destino], [direccion], [distrito_id], [documento_autogenerado], [nro_documento], [razon_social_destino], [recepcionado], [referencia], [telefono], [envio_id]) VALUES (58, NULL, N'CONTACTO 41', N'DIRECCION 51', 1289, N'EX00000058', N'1', N'EXACT SAC', 0, NULL, N'TELEFONO 1', 57)
INSERT [dbo].[documento] ([documento_id], [codigo_devolucion], [contacto_destino], [direccion], [distrito_id], [documento_autogenerado], [nro_documento], [razon_social_destino], [recepcionado], [referencia], [telefono], [envio_id]) VALUES (59, NULL, N'CONTACTO 11', N'DIRECCION 51', 1468, N'EX00000059', N'1', N'EXACT SAC', 0, NULL, N'TELEFONO 1', 58)
INSERT [dbo].[documento] ([documento_id], [codigo_devolucion], [contacto_destino], [direccion], [distrito_id], [documento_autogenerado], [nro_documento], [razon_social_destino], [recepcionado], [referencia], [telefono], [envio_id]) VALUES (60, NULL, N'CONTACTO 43', N'DIRECCION 51', 1280, N'EX00000060', N'1', N'EXACT SAC', 0, NULL, N'TELEFONO 1', 59)
INSERT [dbo].[documento] ([documento_id], [codigo_devolucion], [contacto_destino], [direccion], [distrito_id], [documento_autogenerado], [nro_documento], [razon_social_destino], [recepcionado], [referencia], [telefono], [envio_id]) VALUES (61, NULL, N'CONTACTO 11', N'DIRECCION 51', 1286, N'EX00000061', N'1', N'EXACT SAC', 0, N'', N'TELEFONO 1', 60)
INSERT [dbo].[documento] ([documento_id], [codigo_devolucion], [contacto_destino], [direccion], [distrito_id], [documento_autogenerado], [nro_documento], [razon_social_destino], [recepcionado], [referencia], [telefono], [envio_id]) VALUES (62, NULL, N'CONTACTO 31', N'DIRECCION 51', 1292, N'EX00000062', N'1', N'EXACT SAC', 0, NULL, N'TELEFONO 1', 61)
INSERT [dbo].[documento] ([documento_id], [codigo_devolucion], [contacto_destino], [direccion], [distrito_id], [documento_autogenerado], [nro_documento], [razon_social_destino], [recepcionado], [referencia], [telefono], [envio_id]) VALUES (63, NULL, N'CONTACTO 51', N'DIRECCION 51', 1285, N'EX00000063', N'1', N'EXACT SAC', 0, NULL, N'TELEFONO 1', 62)
INSERT [dbo].[documento] ([documento_id], [codigo_devolucion], [contacto_destino], [direccion], [distrito_id], [documento_autogenerado], [nro_documento], [razon_social_destino], [recepcionado], [referencia], [telefono], [envio_id]) VALUES (64, NULL, N'CONTACTO 43', N'DIRECCION 31', 1288, N'EX00000064', N'1', N'EXACT SAC', 0, NULL, N'TELEFONO 1', 63)
INSERT [dbo].[documento] ([documento_id], [codigo_devolucion], [contacto_destino], [direccion], [distrito_id], [documento_autogenerado], [nro_documento], [razon_social_destino], [recepcionado], [referencia], [telefono], [envio_id]) VALUES (65, NULL, N'CONTACTO 11', N'DIRECCION 31', 1293, N'EX00000065', N'1', N'EXACT SAC', 0, N'', N'TELEFONO 1', 64)
INSERT [dbo].[documento] ([documento_id], [codigo_devolucion], [contacto_destino], [direccion], [distrito_id], [documento_autogenerado], [nro_documento], [razon_social_destino], [recepcionado], [referencia], [telefono], [envio_id]) VALUES (66, NULL, N'CONTACTO 11', N'DIRECCION 51', 1291, N'EX00000066', N'1', N'EXACT SAC', 0, NULL, N'TELEFONO 1', 65)
INSERT [dbo].[documento] ([documento_id], [codigo_devolucion], [contacto_destino], [direccion], [distrito_id], [documento_autogenerado], [nro_documento], [razon_social_destino], [recepcionado], [referencia], [telefono], [envio_id]) VALUES (67, NULL, N'CONTACTO 43', N'DIRECCION 51', 1291, N'EX00000067', N'1', N'EXACT SAC', 0, NULL, N'TELEFONO 1', 66)
INSERT [dbo].[documento] ([documento_id], [codigo_devolucion], [contacto_destino], [direccion], [distrito_id], [documento_autogenerado], [nro_documento], [razon_social_destino], [recepcionado], [referencia], [telefono], [envio_id]) VALUES (68, NULL, N'CONTACTO 31', N'DIRECCION 51', 1292, N'EX00000068', N'1', N'EXACT SAC', 0, N'', N'TELEFONO 1', 67)
INSERT [dbo].[documento] ([documento_id], [codigo_devolucion], [contacto_destino], [direccion], [distrito_id], [documento_autogenerado], [nro_documento], [razon_social_destino], [recepcionado], [referencia], [telefono], [envio_id]) VALUES (69, NULL, N'CONTACTO 11', N'DIRECCION 31', 1452, N'EX00000069', N'1', N'EXACT SAC', 0, N'', N'TELEFONO 1', 68)
INSERT [dbo].[documento] ([documento_id], [codigo_devolucion], [contacto_destino], [direccion], [distrito_id], [documento_autogenerado], [nro_documento], [razon_social_destino], [recepcionado], [referencia], [telefono], [envio_id]) VALUES (70, NULL, N'CONTACTO 43', N'DIRECCION 51', 1288, N'EX00000070', N'1', N'EXACT SAC', 0, N'', N'TELEFONO 1', 69)
INSERT [dbo].[documento] ([documento_id], [codigo_devolucion], [contacto_destino], [direccion], [distrito_id], [documento_autogenerado], [nro_documento], [razon_social_destino], [recepcionado], [referencia], [telefono], [envio_id]) VALUES (71, NULL, N'CONTACTO 31', N'DIRECCION 51', 1288, N'EX00000071', N'5246252', N'EXACT SAC', 0, N'', N'TELEFONO 1', 70)
INSERT [dbo].[documento] ([documento_id], [codigo_devolucion], [contacto_destino], [direccion], [distrito_id], [documento_autogenerado], [nro_documento], [razon_social_destino], [recepcionado], [referencia], [telefono], [envio_id]) VALUES (72, NULL, N'CONTACTO 51', N'DIRECCION 41', 1167, N'EX00000072', N'1', N'EXACT SAC', 0, N'', N'TELEFONO 1', 71)
INSERT [dbo].[documento] ([documento_id], [codigo_devolucion], [contacto_destino], [direccion], [distrito_id], [documento_autogenerado], [nro_documento], [razon_social_destino], [recepcionado], [referencia], [telefono], [envio_id]) VALUES (73, NULL, N'CONTACTO 43', N'DIRECCION 43', 1458, N'EX00000073', N'1', N'EXACT SAC', 0, NULL, N'TELEFONO 1', 72)
INSERT [dbo].[documento] ([documento_id], [codigo_devolucion], [contacto_destino], [direccion], [distrito_id], [documento_autogenerado], [nro_documento], [razon_social_destino], [recepcionado], [referencia], [telefono], [envio_id]) VALUES (74, NULL, N'CONTACTO 11', N'DIRECCION 43', 1319, N'EX00000074', N'1', N'EXACT SAC', 0, N'', N'DIRECCION 51', 73)
INSERT [dbo].[documento] ([documento_id], [codigo_devolucion], [contacto_destino], [direccion], [distrito_id], [documento_autogenerado], [nro_documento], [razon_social_destino], [recepcionado], [referencia], [telefono], [envio_id]) VALUES (75, NULL, N'CONTACTO 51', N'DIRECCION 43', 1251, N'EX00000075', N'1', N'EXACT SAC', 0, NULL, N'TELEFONO 1', 74)
INSERT [dbo].[documento] ([documento_id], [codigo_devolucion], [contacto_destino], [direccion], [distrito_id], [documento_autogenerado], [nro_documento], [razon_social_destino], [recepcionado], [referencia], [telefono], [envio_id]) VALUES (76, NULL, N'CONTACTO 43', N'DIRECCION 41', 1452, N'EX00000076', N'1', N'EXACT SAC', 0, NULL, N'TELEFONO 1', 75)
INSERT [dbo].[documento] ([documento_id], [codigo_devolucion], [contacto_destino], [direccion], [distrito_id], [documento_autogenerado], [nro_documento], [razon_social_destino], [recepcionado], [referencia], [telefono], [envio_id]) VALUES (77, NULL, N'CONTACTO 31', N'DIRECCION 31', 1286, N'EX00000077', N'1', N'EXACT SAC', 0, NULL, N'TELEFONO 1', 76)
INSERT [dbo].[documento] ([documento_id], [codigo_devolucion], [contacto_destino], [direccion], [distrito_id], [documento_autogenerado], [nro_documento], [razon_social_destino], [recepcionado], [referencia], [telefono], [envio_id]) VALUES (78, NULL, N'CONTACTO 31', N'DIRECCION 11', 1287, N'EX00000078', N'1', N'EXACT SAC', 0, N'', N'TELEFONO 1', 77)
INSERT [dbo].[documento] ([documento_id], [codigo_devolucion], [contacto_destino], [direccion], [distrito_id], [documento_autogenerado], [nro_documento], [razon_social_destino], [recepcionado], [referencia], [telefono], [envio_id]) VALUES (79, NULL, N'CONTACTO 11', N'DIRECCION 41', 1289, N'EX00000079', N'1', N'EXACT SAC', 0, NULL, N'TELEFONO 1', 78)
INSERT [dbo].[documento] ([documento_id], [codigo_devolucion], [contacto_destino], [direccion], [distrito_id], [documento_autogenerado], [nro_documento], [razon_social_destino], [recepcionado], [referencia], [telefono], [envio_id]) VALUES (80, NULL, N'CONTACTO 11', N'DIRECCION 41', 1290, N'EX00000080', N'1', N'EXACT SAC', 0, NULL, N'TELEFONO 1', 79)
SET IDENTITY_INSERT [dbo].[documento] OFF
SET IDENTITY_INSERT [dbo].[proveedor] ON 

INSERT [dbo].[proveedor] ([proveedor_id], [activo], [nombre]) VALUES (1, 1, N'DOCFLOW')
INSERT [dbo].[proveedor] ([proveedor_id], [activo], [nombre]) VALUES (2, 1, N'URBANO')
SET IDENTITY_INSERT [dbo].[proveedor] OFF
SET IDENTITY_INSERT [dbo].[guia] ON 

INSERT [dbo].[guia] ([guia_id], [numero_guia], [sede_id], [plazo_distribucion_id], [proveedor_id], [tipo_seguridad_id], [tipo_servicio_id]) VALUES (1, N'11111', 4, 1, 1, 1, 1)
INSERT [dbo].[guia] ([guia_id], [numero_guia], [sede_id], [plazo_distribucion_id], [proveedor_id], [tipo_seguridad_id], [tipo_servicio_id]) VALUES (2, N'22222', 4, 2, 2, 1, 1)
INSERT [dbo].[guia] ([guia_id], [numero_guia], [sede_id], [plazo_distribucion_id], [proveedor_id], [tipo_seguridad_id], [tipo_servicio_id]) VALUES (3, N'33333', 4, 3, 1, 2, 1)
INSERT [dbo].[guia] ([guia_id], [numero_guia], [sede_id], [plazo_distribucion_id], [proveedor_id], [tipo_seguridad_id], [tipo_servicio_id]) VALUES (4, N'44444', 5, 2, 1, 1, 1)
INSERT [dbo].[guia] ([guia_id], [numero_guia], [sede_id], [plazo_distribucion_id], [proveedor_id], [tipo_seguridad_id], [tipo_servicio_id]) VALUES (5, N'55555', 5, 3, 2, 1, 1)
INSERT [dbo].[guia] ([guia_id], [numero_guia], [sede_id], [plazo_distribucion_id], [proveedor_id], [tipo_seguridad_id], [tipo_servicio_id]) VALUES (6, N'66666', 5, 4, 2, 2, 1)
INSERT [dbo].[guia] ([guia_id], [numero_guia], [sede_id], [plazo_distribucion_id], [proveedor_id], [tipo_seguridad_id], [tipo_servicio_id]) VALUES (7, N'77777', 3, 1, 1, 1, 1)
INSERT [dbo].[guia] ([guia_id], [numero_guia], [sede_id], [plazo_distribucion_id], [proveedor_id], [tipo_seguridad_id], [tipo_servicio_id]) VALUES (8, N'88888', 3, 2, 2, 1, 1)
INSERT [dbo].[guia] ([guia_id], [numero_guia], [sede_id], [plazo_distribucion_id], [proveedor_id], [tipo_seguridad_id], [tipo_servicio_id]) VALUES (9, N'99999', 6, 6, 2, 2, 1)
INSERT [dbo].[guia] ([guia_id], [numero_guia], [sede_id], [plazo_distribucion_id], [proveedor_id], [tipo_seguridad_id], [tipo_servicio_id]) VALUES (10, N'01111', 6, 5, 1, 2, 1)
SET IDENTITY_INSERT [dbo].[guia] OFF
INSERT [dbo].[documento_guia] ([documento_id], [guia_id], [fecha_asociacion], [validado]) VALUES (3, 1, CAST(N'2019-04-10T11:39:03.3860000' AS DateTime2), 1)
INSERT [dbo].[documento_guia] ([documento_id], [guia_id], [fecha_asociacion], [validado]) VALUES (4, 1, CAST(N'2019-04-10T11:39:03.3850000' AS DateTime2), 1)
INSERT [dbo].[documento_guia] ([documento_id], [guia_id], [fecha_asociacion], [validado]) VALUES (5, 1, CAST(N'2019-04-10T11:39:03.3860000' AS DateTime2), 1)
INSERT [dbo].[documento_guia] ([documento_id], [guia_id], [fecha_asociacion], [validado]) VALUES (6, 4, CAST(N'2019-04-10T11:41:25.9330000' AS DateTime2), 1)
INSERT [dbo].[documento_guia] ([documento_id], [guia_id], [fecha_asociacion], [validado]) VALUES (7, 4, CAST(N'2019-04-10T11:41:25.9330000' AS DateTime2), 1)
INSERT [dbo].[documento_guia] ([documento_id], [guia_id], [fecha_asociacion], [validado]) VALUES (8, 4, CAST(N'2019-04-10T11:41:25.9330000' AS DateTime2), 1)
INSERT [dbo].[documento_guia] ([documento_id], [guia_id], [fecha_asociacion], [validado]) VALUES (16, 10, CAST(N'2019-04-10T11:48:19.7850000' AS DateTime2), 1)
INSERT [dbo].[documento_guia] ([documento_id], [guia_id], [fecha_asociacion], [validado]) VALUES (17, 10, CAST(N'2019-04-10T11:48:19.7850000' AS DateTime2), 1)
INSERT [dbo].[documento_guia] ([documento_id], [guia_id], [fecha_asociacion], [validado]) VALUES (20, 9, CAST(N'2019-04-10T11:47:56.1770000' AS DateTime2), 1)
INSERT [dbo].[documento_guia] ([documento_id], [guia_id], [fecha_asociacion], [validado]) VALUES (21, 7, CAST(N'2019-04-10T11:43:46.4140000' AS DateTime2), 0)
INSERT [dbo].[documento_guia] ([documento_id], [guia_id], [fecha_asociacion], [validado]) VALUES (22, 7, CAST(N'2019-04-10T11:43:46.4140000' AS DateTime2), 0)
INSERT [dbo].[documento_guia] ([documento_id], [guia_id], [fecha_asociacion], [validado]) VALUES (23, 7, CAST(N'2019-04-10T11:43:46.4130000' AS DateTime2), 1)
INSERT [dbo].[documento_guia] ([documento_id], [guia_id], [fecha_asociacion], [validado]) VALUES (24, 7, CAST(N'2019-04-10T11:43:46.4130000' AS DateTime2), 1)
INSERT [dbo].[documento_guia] ([documento_id], [guia_id], [fecha_asociacion], [validado]) VALUES (25, 7, CAST(N'2019-04-10T11:43:46.4130000' AS DateTime2), 1)
INSERT [dbo].[documento_guia] ([documento_id], [guia_id], [fecha_asociacion], [validado]) VALUES (26, 4, CAST(N'2019-04-10T11:41:25.9330000' AS DateTime2), 1)
INSERT [dbo].[documento_guia] ([documento_id], [guia_id], [fecha_asociacion], [validado]) VALUES (30, 5, CAST(N'2019-04-10T11:41:49.2010000' AS DateTime2), 1)
INSERT [dbo].[documento_guia] ([documento_id], [guia_id], [fecha_asociacion], [validado]) VALUES (31, 5, CAST(N'2019-04-10T11:41:49.2010000' AS DateTime2), 1)
INSERT [dbo].[documento_guia] ([documento_id], [guia_id], [fecha_asociacion], [validado]) VALUES (32, 6, CAST(N'2019-04-10T11:42:11.2460000' AS DateTime2), 1)
INSERT [dbo].[documento_guia] ([documento_id], [guia_id], [fecha_asociacion], [validado]) VALUES (33, 6, CAST(N'2019-04-10T11:42:11.2460000' AS DateTime2), 1)
INSERT [dbo].[documento_guia] ([documento_id], [guia_id], [fecha_asociacion], [validado]) VALUES (34, 6, CAST(N'2019-04-10T11:42:11.2460000' AS DateTime2), 1)
INSERT [dbo].[documento_guia] ([documento_id], [guia_id], [fecha_asociacion], [validado]) VALUES (36, 10, CAST(N'2019-04-10T11:48:19.7860000' AS DateTime2), 1)
INSERT [dbo].[documento_guia] ([documento_id], [guia_id], [fecha_asociacion], [validado]) VALUES (37, 10, CAST(N'2019-04-10T11:48:19.7860000' AS DateTime2), 1)
INSERT [dbo].[documento_guia] ([documento_id], [guia_id], [fecha_asociacion], [validado]) VALUES (38, 9, CAST(N'2019-04-10T11:47:56.1770000' AS DateTime2), 1)
INSERT [dbo].[documento_guia] ([documento_id], [guia_id], [fecha_asociacion], [validado]) VALUES (39, 9, CAST(N'2019-04-10T11:47:56.1770000' AS DateTime2), 0)
INSERT [dbo].[documento_guia] ([documento_id], [guia_id], [fecha_asociacion], [validado]) VALUES (41, 7, CAST(N'2019-04-10T11:43:46.4130000' AS DateTime2), 1)
INSERT [dbo].[documento_guia] ([documento_id], [guia_id], [fecha_asociacion], [validado]) VALUES (42, 7, CAST(N'2019-04-10T11:43:46.4140000' AS DateTime2), 0)
INSERT [dbo].[documento_guia] ([documento_id], [guia_id], [fecha_asociacion], [validado]) VALUES (47, 8, CAST(N'2019-04-10T11:44:22.1520000' AS DateTime2), 1)
INSERT [dbo].[documento_guia] ([documento_id], [guia_id], [fecha_asociacion], [validado]) VALUES (48, 8, CAST(N'2019-04-10T11:44:22.1520000' AS DateTime2), 1)
INSERT [dbo].[documento_guia] ([documento_id], [guia_id], [fecha_asociacion], [validado]) VALUES (51, 3, CAST(N'2019-04-10T11:40:02.1180000' AS DateTime2), 1)
INSERT [dbo].[documento_guia] ([documento_id], [guia_id], [fecha_asociacion], [validado]) VALUES (56, 10, CAST(N'2019-04-10T11:48:19.7860000' AS DateTime2), 1)
INSERT [dbo].[documento_guia] ([documento_id], [guia_id], [fecha_asociacion], [validado]) VALUES (57, 10, CAST(N'2019-04-10T11:48:19.7850000' AS DateTime2), 1)
INSERT [dbo].[documento_guia] ([documento_id], [guia_id], [fecha_asociacion], [validado]) VALUES (59, 9, CAST(N'2019-04-10T11:47:56.1770000' AS DateTime2), 1)
INSERT [dbo].[documento_guia] ([documento_id], [guia_id], [fecha_asociacion], [validado]) VALUES (60, 9, CAST(N'2019-04-10T11:47:56.1770000' AS DateTime2), 0)
INSERT [dbo].[documento_guia] ([documento_id], [guia_id], [fecha_asociacion], [validado]) VALUES (63, 7, CAST(N'2019-04-10T11:43:46.4140000' AS DateTime2), 1)
INSERT [dbo].[documento_guia] ([documento_id], [guia_id], [fecha_asociacion], [validado]) VALUES (64, 7, CAST(N'2019-04-10T11:43:46.4140000' AS DateTime2), 0)
INSERT [dbo].[documento_guia] ([documento_id], [guia_id], [fecha_asociacion], [validado]) VALUES (65, 7, CAST(N'2019-04-10T11:43:46.4140000' AS DateTime2), 0)
INSERT [dbo].[documento_guia] ([documento_id], [guia_id], [fecha_asociacion], [validado]) VALUES (66, 2, CAST(N'2019-04-10T11:39:40.5430000' AS DateTime2), 1)
INSERT [dbo].[documento_guia] ([documento_id], [guia_id], [fecha_asociacion], [validado]) VALUES (67, 2, CAST(N'2019-04-10T11:39:40.5430000' AS DateTime2), 1)
INSERT [dbo].[documento_guia] ([documento_id], [guia_id], [fecha_asociacion], [validado]) VALUES (68, 2, CAST(N'2019-04-10T11:39:40.5430000' AS DateTime2), 1)
INSERT [dbo].[documento_guia] ([documento_id], [guia_id], [fecha_asociacion], [validado]) VALUES (71, 3, CAST(N'2019-04-10T11:40:02.1180000' AS DateTime2), 1)
SET IDENTITY_INSERT [dbo].[tipo_estado_documento] ON 

INSERT [dbo].[tipo_estado_documento] ([tipo_estado_documento_id], [nombre]) VALUES (1, N'ESTADOS UTD')
INSERT [dbo].[tipo_estado_documento] ([tipo_estado_documento_id], [nombre]) VALUES (2, N'RESULTADOS PROVEEDOR')
SET IDENTITY_INSERT [dbo].[tipo_estado_documento] OFF
SET IDENTITY_INSERT [dbo].[estado_documento] ON 

INSERT [dbo].[estado_documento] ([estado_documento_id], [nombre], [tipo_estado_documento_id]) VALUES (1, N'CREADO', 1)
INSERT [dbo].[estado_documento] ([estado_documento_id], [nombre], [tipo_estado_documento_id]) VALUES (2, N'CUSTODIADO', 1)
INSERT [dbo].[estado_documento] ([estado_documento_id], [nombre], [tipo_estado_documento_id]) VALUES (3, N'PENDIENTE DE ENTREGA', 1)
INSERT [dbo].[estado_documento] ([estado_documento_id], [nombre], [tipo_estado_documento_id]) VALUES (4, N'ENTREGADO', 2)
INSERT [dbo].[estado_documento] ([estado_documento_id], [nombre], [tipo_estado_documento_id]) VALUES (5, N'REZAGADO', 2)
INSERT [dbo].[estado_documento] ([estado_documento_id], [nombre], [tipo_estado_documento_id]) VALUES (6, N'NO DISTRIBUIBLE', 2)
INSERT [dbo].[estado_documento] ([estado_documento_id], [nombre], [tipo_estado_documento_id]) VALUES (7, N'DENEGADO', 1)
INSERT [dbo].[estado_documento] ([estado_documento_id], [nombre], [tipo_estado_documento_id]) VALUES (8, N'ELIMINADO', 1)
SET IDENTITY_INSERT [dbo].[estado_documento] OFF
SET IDENTITY_INSERT [dbo].[motivo_estado] ON 

INSERT [dbo].[motivo_estado] ([motivo_estado_id], [nombre], [estado_documento_id]) VALUES (1, N'ENTREGADO A TERCERO', 4)
INSERT [dbo].[motivo_estado] ([motivo_estado_id], [nombre], [estado_documento_id]) VALUES (2, N'ENTREGADO A TITULAR', 4)
INSERT [dbo].[motivo_estado] ([motivo_estado_id], [nombre], [estado_documento_id]) VALUES (3, N'ENTREGADO CON FIRMA', 4)
INSERT [dbo].[motivo_estado] ([motivo_estado_id], [nombre], [estado_documento_id]) VALUES (4, N'ENTREGADO CON SELLO', 4)
INSERT [dbo].[motivo_estado] ([motivo_estado_id], [nombre], [estado_documento_id]) VALUES (5, N'ENTREGADO EN AGENCIA', 4)
INSERT [dbo].[motivo_estado] ([motivo_estado_id], [nombre], [estado_documento_id]) VALUES (6, N'ENTREGADO SIN SELLO', 4)
INSERT [dbo].[motivo_estado] ([motivo_estado_id], [nombre], [estado_documento_id]) VALUES (7, N'BUZON', 4)
INSERT [dbo].[motivo_estado] ([motivo_estado_id], [nombre], [estado_documento_id]) VALUES (8, N'BAJO PUERTA', 4)
INSERT [dbo].[motivo_estado] ([motivo_estado_id], [nombre], [estado_documento_id]) VALUES (9, N'AUSENTE', 5)
INSERT [dbo].[motivo_estado] ([motivo_estado_id], [nombre], [estado_documento_id]) VALUES (10, N'DIRECCION INCORRECTA', 5)
INSERT [dbo].[motivo_estado] ([motivo_estado_id], [nombre], [estado_documento_id]) VALUES (11, N'SE MUDO', 5)
INSERT [dbo].[motivo_estado] ([motivo_estado_id], [nombre], [estado_documento_id]) VALUES (12, N'DESCONOCIDO', 5)
INSERT [dbo].[motivo_estado] ([motivo_estado_id], [nombre], [estado_documento_id]) VALUES (13, N'RECHAZADO', 5)
INSERT [dbo].[motivo_estado] ([motivo_estado_id], [nombre], [estado_documento_id]) VALUES (14, N'NO PERMITE ENTREGA', 5)
INSERT [dbo].[motivo_estado] ([motivo_estado_id], [nombre], [estado_documento_id]) VALUES (15, N'FALLECIDO', 5)
INSERT [dbo].[motivo_estado] ([motivo_estado_id], [nombre], [estado_documento_id]) VALUES (16, N'EXTRAVIADO/ROBADO', 6)
INSERT [dbo].[motivo_estado] ([motivo_estado_id], [nombre], [estado_documento_id]) VALUES (17, N'FALTANTE', 6)
INSERT [dbo].[motivo_estado] ([motivo_estado_id], [nombre], [estado_documento_id]) VALUES (18, N'ANULADO', 6)
INSERT [dbo].[motivo_estado] ([motivo_estado_id], [nombre], [estado_documento_id]) VALUES (19, N'DEVUELTO', 6)
INSERT [dbo].[motivo_estado] ([motivo_estado_id], [nombre], [estado_documento_id]) VALUES (20, N'ZONA PELIGROSA', 6)
INSERT [dbo].[motivo_estado] ([motivo_estado_id], [nombre], [estado_documento_id]) VALUES (21, N'SIN COBERTURA', 6)
INSERT [dbo].[motivo_estado] ([motivo_estado_id], [nombre], [estado_documento_id]) VALUES (22, N'NO EXISTE', 6)
INSERT [dbo].[motivo_estado] ([motivo_estado_id], [nombre], [estado_documento_id]) VALUES (23, N'NO ACCESIBLE', 6)
INSERT [dbo].[motivo_estado] ([motivo_estado_id], [nombre], [estado_documento_id]) VALUES (24, N'SIN FISICO', 6)
INSERT [dbo].[motivo_estado] ([motivo_estado_id], [nombre], [estado_documento_id]) VALUES (25, N'SIN RECOJO', 6)
INSERT [dbo].[motivo_estado] ([motivo_estado_id], [nombre], [estado_documento_id]) VALUES (26, N'RETENIDO', 6)
SET IDENTITY_INSERT [dbo].[motivo_estado] OFF
SET IDENTITY_INSERT [dbo].[seguimiento_documento] ON 

INSERT [dbo].[seguimiento_documento] ([seguimiento_documento_id], [fecha], [link_imagen], [observacion], [usuario_id], [documento_id], [estado_documento_id], [motivo_estado_id]) VALUES (1, CAST(N'2019-04-08T15:26:34.1450000' AS DateTime2), NULL, NULL, 5, 1, 1, NULL)
INSERT [dbo].[seguimiento_documento] ([seguimiento_documento_id], [fecha], [link_imagen], [observacion], [usuario_id], [documento_id], [estado_documento_id], [motivo_estado_id]) VALUES (2, CAST(N'2019-04-08T15:27:28.1060000' AS DateTime2), NULL, NULL, 5, 2, 1, NULL)
INSERT [dbo].[seguimiento_documento] ([seguimiento_documento_id], [fecha], [link_imagen], [observacion], [usuario_id], [documento_id], [estado_documento_id], [motivo_estado_id]) VALUES (3, CAST(N'2019-04-08T15:28:06.1540000' AS DateTime2), NULL, NULL, 5, 3, 1, NULL)
INSERT [dbo].[seguimiento_documento] ([seguimiento_documento_id], [fecha], [link_imagen], [observacion], [usuario_id], [documento_id], [estado_documento_id], [motivo_estado_id]) VALUES (4, CAST(N'2019-04-08T15:28:35.6200000' AS DateTime2), NULL, NULL, 5, 4, 1, NULL)
INSERT [dbo].[seguimiento_documento] ([seguimiento_documento_id], [fecha], [link_imagen], [observacion], [usuario_id], [documento_id], [estado_documento_id], [motivo_estado_id]) VALUES (5, CAST(N'2019-04-08T15:29:18.6610000' AS DateTime2), NULL, NULL, 5, 5, 1, NULL)
INSERT [dbo].[seguimiento_documento] ([seguimiento_documento_id], [fecha], [link_imagen], [observacion], [usuario_id], [documento_id], [estado_documento_id], [motivo_estado_id]) VALUES (6, CAST(N'2019-04-08T15:30:52.3820000' AS DateTime2), NULL, NULL, 5, 6, 1, NULL)
INSERT [dbo].[seguimiento_documento] ([seguimiento_documento_id], [fecha], [link_imagen], [observacion], [usuario_id], [documento_id], [estado_documento_id], [motivo_estado_id]) VALUES (7, CAST(N'2019-04-08T15:32:14.8090000' AS DateTime2), NULL, NULL, 5, 7, 1, NULL)
INSERT [dbo].[seguimiento_documento] ([seguimiento_documento_id], [fecha], [link_imagen], [observacion], [usuario_id], [documento_id], [estado_documento_id], [motivo_estado_id]) VALUES (8, CAST(N'2019-04-08T15:32:45.8250000' AS DateTime2), NULL, NULL, 5, 8, 1, NULL)
INSERT [dbo].[seguimiento_documento] ([seguimiento_documento_id], [fecha], [link_imagen], [observacion], [usuario_id], [documento_id], [estado_documento_id], [motivo_estado_id]) VALUES (9, CAST(N'2019-04-08T15:36:26.2560000' AS DateTime2), NULL, NULL, 5, 9, 1, NULL)
INSERT [dbo].[seguimiento_documento] ([seguimiento_documento_id], [fecha], [link_imagen], [observacion], [usuario_id], [documento_id], [estado_documento_id], [motivo_estado_id]) VALUES (10, CAST(N'2019-04-08T15:36:26.2600000' AS DateTime2), NULL, NULL, 5, 10, 1, NULL)
INSERT [dbo].[seguimiento_documento] ([seguimiento_documento_id], [fecha], [link_imagen], [observacion], [usuario_id], [documento_id], [estado_documento_id], [motivo_estado_id]) VALUES (11, CAST(N'2019-04-08T15:38:41.1070000' AS DateTime2), NULL, NULL, 5, 11, 1, NULL)
INSERT [dbo].[seguimiento_documento] ([seguimiento_documento_id], [fecha], [link_imagen], [observacion], [usuario_id], [documento_id], [estado_documento_id], [motivo_estado_id]) VALUES (12, CAST(N'2019-04-08T15:43:25.5460000' AS DateTime2), NULL, NULL, 5, 12, 1, NULL)
INSERT [dbo].[seguimiento_documento] ([seguimiento_documento_id], [fecha], [link_imagen], [observacion], [usuario_id], [documento_id], [estado_documento_id], [motivo_estado_id]) VALUES (13, CAST(N'2019-04-08T15:55:17.5640000' AS DateTime2), NULL, NULL, 5, 13, 1, NULL)
INSERT [dbo].[seguimiento_documento] ([seguimiento_documento_id], [fecha], [link_imagen], [observacion], [usuario_id], [documento_id], [estado_documento_id], [motivo_estado_id]) VALUES (14, CAST(N'2019-04-08T15:56:22.4600000' AS DateTime2), NULL, NULL, 5, 14, 1, NULL)
INSERT [dbo].[seguimiento_documento] ([seguimiento_documento_id], [fecha], [link_imagen], [observacion], [usuario_id], [documento_id], [estado_documento_id], [motivo_estado_id]) VALUES (15, CAST(N'2019-04-08T15:57:05.1700000' AS DateTime2), NULL, NULL, 5, 15, 1, NULL)
INSERT [dbo].[seguimiento_documento] ([seguimiento_documento_id], [fecha], [link_imagen], [observacion], [usuario_id], [documento_id], [estado_documento_id], [motivo_estado_id]) VALUES (16, CAST(N'2019-04-08T15:58:22.0760000' AS DateTime2), NULL, NULL, 5, 16, 1, NULL)
INSERT [dbo].[seguimiento_documento] ([seguimiento_documento_id], [fecha], [link_imagen], [observacion], [usuario_id], [documento_id], [estado_documento_id], [motivo_estado_id]) VALUES (17, CAST(N'2019-04-08T15:59:31.1140000' AS DateTime2), NULL, NULL, 5, 17, 1, NULL)
INSERT [dbo].[seguimiento_documento] ([seguimiento_documento_id], [fecha], [link_imagen], [observacion], [usuario_id], [documento_id], [estado_documento_id], [motivo_estado_id]) VALUES (18, CAST(N'2019-04-08T16:00:23.6890000' AS DateTime2), NULL, NULL, 5, 18, 1, NULL)
INSERT [dbo].[seguimiento_documento] ([seguimiento_documento_id], [fecha], [link_imagen], [observacion], [usuario_id], [documento_id], [estado_documento_id], [motivo_estado_id]) VALUES (19, CAST(N'2019-04-08T16:01:15.9460000' AS DateTime2), NULL, NULL, 5, 19, 1, NULL)
INSERT [dbo].[seguimiento_documento] ([seguimiento_documento_id], [fecha], [link_imagen], [observacion], [usuario_id], [documento_id], [estado_documento_id], [motivo_estado_id]) VALUES (20, CAST(N'2019-04-08T16:02:06.4750000' AS DateTime2), NULL, NULL, 5, 20, 1, NULL)
INSERT [dbo].[seguimiento_documento] ([seguimiento_documento_id], [fecha], [link_imagen], [observacion], [usuario_id], [documento_id], [estado_documento_id], [motivo_estado_id]) VALUES (21, CAST(N'2019-04-08T16:03:17.8340000' AS DateTime2), NULL, NULL, 6, 21, 1, NULL)
INSERT [dbo].[seguimiento_documento] ([seguimiento_documento_id], [fecha], [link_imagen], [observacion], [usuario_id], [documento_id], [estado_documento_id], [motivo_estado_id]) VALUES (22, CAST(N'2019-04-08T16:03:44.2390000' AS DateTime2), NULL, NULL, 6, 22, 1, NULL)
INSERT [dbo].[seguimiento_documento] ([seguimiento_documento_id], [fecha], [link_imagen], [observacion], [usuario_id], [documento_id], [estado_documento_id], [motivo_estado_id]) VALUES (23, CAST(N'2019-04-08T16:04:10.9030000' AS DateTime2), NULL, NULL, 6, 23, 1, NULL)
INSERT [dbo].[seguimiento_documento] ([seguimiento_documento_id], [fecha], [link_imagen], [observacion], [usuario_id], [documento_id], [estado_documento_id], [motivo_estado_id]) VALUES (24, CAST(N'2019-04-08T16:04:31.3460000' AS DateTime2), NULL, NULL, 6, 24, 1, NULL)
INSERT [dbo].[seguimiento_documento] ([seguimiento_documento_id], [fecha], [link_imagen], [observacion], [usuario_id], [documento_id], [estado_documento_id], [motivo_estado_id]) VALUES (25, CAST(N'2019-04-08T16:04:58.5570000' AS DateTime2), NULL, NULL, 6, 25, 1, NULL)
INSERT [dbo].[seguimiento_documento] ([seguimiento_documento_id], [fecha], [link_imagen], [observacion], [usuario_id], [documento_id], [estado_documento_id], [motivo_estado_id]) VALUES (26, CAST(N'2019-04-08T16:06:05.7220000' AS DateTime2), NULL, NULL, 6, 26, 1, NULL)
INSERT [dbo].[seguimiento_documento] ([seguimiento_documento_id], [fecha], [link_imagen], [observacion], [usuario_id], [documento_id], [estado_documento_id], [motivo_estado_id]) VALUES (27, CAST(N'2019-04-08T16:06:48.8870000' AS DateTime2), NULL, NULL, 6, 27, 1, NULL)
INSERT [dbo].[seguimiento_documento] ([seguimiento_documento_id], [fecha], [link_imagen], [observacion], [usuario_id], [documento_id], [estado_documento_id], [motivo_estado_id]) VALUES (28, CAST(N'2019-04-08T16:08:05.6800000' AS DateTime2), NULL, NULL, 6, 28, 1, NULL)
INSERT [dbo].[seguimiento_documento] ([seguimiento_documento_id], [fecha], [link_imagen], [observacion], [usuario_id], [documento_id], [estado_documento_id], [motivo_estado_id]) VALUES (29, CAST(N'2019-04-08T16:08:51.9660000' AS DateTime2), NULL, NULL, 6, 29, 1, NULL)
INSERT [dbo].[seguimiento_documento] ([seguimiento_documento_id], [fecha], [link_imagen], [observacion], [usuario_id], [documento_id], [estado_documento_id], [motivo_estado_id]) VALUES (30, CAST(N'2019-04-08T16:09:47.2640000' AS DateTime2), NULL, NULL, 6, 30, 1, NULL)
INSERT [dbo].[seguimiento_documento] ([seguimiento_documento_id], [fecha], [link_imagen], [observacion], [usuario_id], [documento_id], [estado_documento_id], [motivo_estado_id]) VALUES (31, CAST(N'2019-04-08T16:10:57.4680000' AS DateTime2), NULL, NULL, 6, 31, 1, NULL)
INSERT [dbo].[seguimiento_documento] ([seguimiento_documento_id], [fecha], [link_imagen], [observacion], [usuario_id], [documento_id], [estado_documento_id], [motivo_estado_id]) VALUES (32, CAST(N'2019-04-08T16:12:56.8330000' AS DateTime2), NULL, NULL, 6, 32, 1, NULL)
INSERT [dbo].[seguimiento_documento] ([seguimiento_documento_id], [fecha], [link_imagen], [observacion], [usuario_id], [documento_id], [estado_documento_id], [motivo_estado_id]) VALUES (33, CAST(N'2019-04-08T16:13:42.6650000' AS DateTime2), NULL, NULL, 6, 33, 1, NULL)
INSERT [dbo].[seguimiento_documento] ([seguimiento_documento_id], [fecha], [link_imagen], [observacion], [usuario_id], [documento_id], [estado_documento_id], [motivo_estado_id]) VALUES (34, CAST(N'2019-04-08T16:14:32.0840000' AS DateTime2), NULL, NULL, 6, 34, 1, NULL)
INSERT [dbo].[seguimiento_documento] ([seguimiento_documento_id], [fecha], [link_imagen], [observacion], [usuario_id], [documento_id], [estado_documento_id], [motivo_estado_id]) VALUES (35, CAST(N'2019-04-08T16:15:50.9600000' AS DateTime2), NULL, NULL, 6, 35, 1, NULL)
INSERT [dbo].[seguimiento_documento] ([seguimiento_documento_id], [fecha], [link_imagen], [observacion], [usuario_id], [documento_id], [estado_documento_id], [motivo_estado_id]) VALUES (36, CAST(N'2019-04-08T16:16:44.8850000' AS DateTime2), NULL, NULL, 6, 36, 1, NULL)
INSERT [dbo].[seguimiento_documento] ([seguimiento_documento_id], [fecha], [link_imagen], [observacion], [usuario_id], [documento_id], [estado_documento_id], [motivo_estado_id]) VALUES (37, CAST(N'2019-04-08T16:17:27.6140000' AS DateTime2), NULL, NULL, 6, 37, 1, NULL)
INSERT [dbo].[seguimiento_documento] ([seguimiento_documento_id], [fecha], [link_imagen], [observacion], [usuario_id], [documento_id], [estado_documento_id], [motivo_estado_id]) VALUES (38, CAST(N'2019-04-08T16:18:08.9070000' AS DateTime2), NULL, NULL, 6, 38, 1, NULL)
INSERT [dbo].[seguimiento_documento] ([seguimiento_documento_id], [fecha], [link_imagen], [observacion], [usuario_id], [documento_id], [estado_documento_id], [motivo_estado_id]) VALUES (39, CAST(N'2019-04-08T16:18:49.4430000' AS DateTime2), NULL, NULL, 6, 39, 1, NULL)
INSERT [dbo].[seguimiento_documento] ([seguimiento_documento_id], [fecha], [link_imagen], [observacion], [usuario_id], [documento_id], [estado_documento_id], [motivo_estado_id]) VALUES (40, CAST(N'2019-04-08T16:19:32.2270000' AS DateTime2), NULL, NULL, 6, 40, 1, NULL)
INSERT [dbo].[seguimiento_documento] ([seguimiento_documento_id], [fecha], [link_imagen], [observacion], [usuario_id], [documento_id], [estado_documento_id], [motivo_estado_id]) VALUES (41, CAST(N'2019-04-10T09:47:41.7270000' AS DateTime2), NULL, NULL, 7, 41, 1, NULL)
INSERT [dbo].[seguimiento_documento] ([seguimiento_documento_id], [fecha], [link_imagen], [observacion], [usuario_id], [documento_id], [estado_documento_id], [motivo_estado_id]) VALUES (42, CAST(N'2019-04-10T09:48:07.4570000' AS DateTime2), NULL, NULL, 7, 42, 1, NULL)
INSERT [dbo].[seguimiento_documento] ([seguimiento_documento_id], [fecha], [link_imagen], [observacion], [usuario_id], [documento_id], [estado_documento_id], [motivo_estado_id]) VALUES (43, CAST(N'2019-04-10T09:48:30.5330000' AS DateTime2), NULL, NULL, 7, 43, 1, NULL)
INSERT [dbo].[seguimiento_documento] ([seguimiento_documento_id], [fecha], [link_imagen], [observacion], [usuario_id], [documento_id], [estado_documento_id], [motivo_estado_id]) VALUES (44, CAST(N'2019-04-10T09:48:50.8770000' AS DateTime2), NULL, NULL, 7, 44, 1, NULL)
INSERT [dbo].[seguimiento_documento] ([seguimiento_documento_id], [fecha], [link_imagen], [observacion], [usuario_id], [documento_id], [estado_documento_id], [motivo_estado_id]) VALUES (45, CAST(N'2019-04-10T09:49:15.3890000' AS DateTime2), NULL, NULL, 7, 45, 1, NULL)
INSERT [dbo].[seguimiento_documento] ([seguimiento_documento_id], [fecha], [link_imagen], [observacion], [usuario_id], [documento_id], [estado_documento_id], [motivo_estado_id]) VALUES (46, CAST(N'2019-04-10T09:51:06.5900000' AS DateTime2), NULL, NULL, 7, 46, 1, NULL)
INSERT [dbo].[seguimiento_documento] ([seguimiento_documento_id], [fecha], [link_imagen], [observacion], [usuario_id], [documento_id], [estado_documento_id], [motivo_estado_id]) VALUES (47, CAST(N'2019-04-10T09:51:58.0720000' AS DateTime2), NULL, NULL, 7, 47, 1, NULL)
INSERT [dbo].[seguimiento_documento] ([seguimiento_documento_id], [fecha], [link_imagen], [observacion], [usuario_id], [documento_id], [estado_documento_id], [motivo_estado_id]) VALUES (48, CAST(N'2019-04-10T09:52:42.1630000' AS DateTime2), NULL, NULL, 7, 48, 1, NULL)
INSERT [dbo].[seguimiento_documento] ([seguimiento_documento_id], [fecha], [link_imagen], [observacion], [usuario_id], [documento_id], [estado_documento_id], [motivo_estado_id]) VALUES (49, CAST(N'2019-04-10T09:54:01.5480000' AS DateTime2), NULL, NULL, 7, 49, 1, NULL)
INSERT [dbo].[seguimiento_documento] ([seguimiento_documento_id], [fecha], [link_imagen], [observacion], [usuario_id], [documento_id], [estado_documento_id], [motivo_estado_id]) VALUES (50, CAST(N'2019-04-10T09:55:28.0610000' AS DateTime2), NULL, NULL, 7, 50, 1, NULL)
INSERT [dbo].[seguimiento_documento] ([seguimiento_documento_id], [fecha], [link_imagen], [observacion], [usuario_id], [documento_id], [estado_documento_id], [motivo_estado_id]) VALUES (51, CAST(N'2019-04-10T09:57:22.3560000' AS DateTime2), NULL, NULL, 7, 51, 1, NULL)
INSERT [dbo].[seguimiento_documento] ([seguimiento_documento_id], [fecha], [link_imagen], [observacion], [usuario_id], [documento_id], [estado_documento_id], [motivo_estado_id]) VALUES (52, CAST(N'2019-04-10T09:59:03.8390000' AS DateTime2), NULL, NULL, 7, 52, 1, NULL)
INSERT [dbo].[seguimiento_documento] ([seguimiento_documento_id], [fecha], [link_imagen], [observacion], [usuario_id], [documento_id], [estado_documento_id], [motivo_estado_id]) VALUES (53, CAST(N'2019-04-10T10:00:13.3180000' AS DateTime2), NULL, NULL, 7, 53, 1, NULL)
INSERT [dbo].[seguimiento_documento] ([seguimiento_documento_id], [fecha], [link_imagen], [observacion], [usuario_id], [documento_id], [estado_documento_id], [motivo_estado_id]) VALUES (54, CAST(N'2019-04-10T10:00:54.7520000' AS DateTime2), NULL, NULL, 7, 54, 1, NULL)
INSERT [dbo].[seguimiento_documento] ([seguimiento_documento_id], [fecha], [link_imagen], [observacion], [usuario_id], [documento_id], [estado_documento_id], [motivo_estado_id]) VALUES (55, CAST(N'2019-04-10T10:02:12.3220000' AS DateTime2), NULL, NULL, 7, 55, 1, NULL)
INSERT [dbo].[seguimiento_documento] ([seguimiento_documento_id], [fecha], [link_imagen], [observacion], [usuario_id], [documento_id], [estado_documento_id], [motivo_estado_id]) VALUES (56, CAST(N'2019-04-10T10:03:58.8380000' AS DateTime2), NULL, NULL, 7, 56, 1, NULL)
INSERT [dbo].[seguimiento_documento] ([seguimiento_documento_id], [fecha], [link_imagen], [observacion], [usuario_id], [documento_id], [estado_documento_id], [motivo_estado_id]) VALUES (57, CAST(N'2019-04-10T10:05:22.5960000' AS DateTime2), NULL, NULL, 7, 57, 1, NULL)
INSERT [dbo].[seguimiento_documento] ([seguimiento_documento_id], [fecha], [link_imagen], [observacion], [usuario_id], [documento_id], [estado_documento_id], [motivo_estado_id]) VALUES (58, CAST(N'2019-04-10T10:06:15.3400000' AS DateTime2), NULL, NULL, 7, 58, 1, NULL)
INSERT [dbo].[seguimiento_documento] ([seguimiento_documento_id], [fecha], [link_imagen], [observacion], [usuario_id], [documento_id], [estado_documento_id], [motivo_estado_id]) VALUES (59, CAST(N'2019-04-10T10:06:52.5220000' AS DateTime2), NULL, NULL, 7, 59, 1, NULL)
INSERT [dbo].[seguimiento_documento] ([seguimiento_documento_id], [fecha], [link_imagen], [observacion], [usuario_id], [documento_id], [estado_documento_id], [motivo_estado_id]) VALUES (60, CAST(N'2019-04-10T10:07:32.4400000' AS DateTime2), NULL, NULL, 7, 60, 1, NULL)
INSERT [dbo].[seguimiento_documento] ([seguimiento_documento_id], [fecha], [link_imagen], [observacion], [usuario_id], [documento_id], [estado_documento_id], [motivo_estado_id]) VALUES (61, CAST(N'2019-04-10T10:11:44.6340000' AS DateTime2), NULL, NULL, 8, 61, 1, NULL)
INSERT [dbo].[seguimiento_documento] ([seguimiento_documento_id], [fecha], [link_imagen], [observacion], [usuario_id], [documento_id], [estado_documento_id], [motivo_estado_id]) VALUES (62, CAST(N'2019-04-10T10:12:04.7830000' AS DateTime2), NULL, NULL, 8, 62, 1, NULL)
INSERT [dbo].[seguimiento_documento] ([seguimiento_documento_id], [fecha], [link_imagen], [observacion], [usuario_id], [documento_id], [estado_documento_id], [motivo_estado_id]) VALUES (63, CAST(N'2019-04-10T10:12:26.7580000' AS DateTime2), NULL, NULL, 8, 63, 1, NULL)
INSERT [dbo].[seguimiento_documento] ([seguimiento_documento_id], [fecha], [link_imagen], [observacion], [usuario_id], [documento_id], [estado_documento_id], [motivo_estado_id]) VALUES (64, CAST(N'2019-04-10T10:12:46.3640000' AS DateTime2), NULL, NULL, 8, 64, 1, NULL)
INSERT [dbo].[seguimiento_documento] ([seguimiento_documento_id], [fecha], [link_imagen], [observacion], [usuario_id], [documento_id], [estado_documento_id], [motivo_estado_id]) VALUES (65, CAST(N'2019-04-10T10:13:17.1020000' AS DateTime2), NULL, NULL, 8, 65, 1, NULL)
INSERT [dbo].[seguimiento_documento] ([seguimiento_documento_id], [fecha], [link_imagen], [observacion], [usuario_id], [documento_id], [estado_documento_id], [motivo_estado_id]) VALUES (66, CAST(N'2019-04-10T10:13:54.5260000' AS DateTime2), NULL, NULL, 8, 66, 1, NULL)
INSERT [dbo].[seguimiento_documento] ([seguimiento_documento_id], [fecha], [link_imagen], [observacion], [usuario_id], [documento_id], [estado_documento_id], [motivo_estado_id]) VALUES (67, CAST(N'2019-04-10T10:14:17.6190000' AS DateTime2), NULL, NULL, 8, 67, 1, NULL)
INSERT [dbo].[seguimiento_documento] ([seguimiento_documento_id], [fecha], [link_imagen], [observacion], [usuario_id], [documento_id], [estado_documento_id], [motivo_estado_id]) VALUES (68, CAST(N'2019-04-10T10:14:53.9530000' AS DateTime2), NULL, NULL, 8, 68, 1, NULL)
INSERT [dbo].[seguimiento_documento] ([seguimiento_documento_id], [fecha], [link_imagen], [observacion], [usuario_id], [documento_id], [estado_documento_id], [motivo_estado_id]) VALUES (69, CAST(N'2019-04-10T10:15:33.2950000' AS DateTime2), NULL, NULL, 8, 69, 1, NULL)
INSERT [dbo].[seguimiento_documento] ([seguimiento_documento_id], [fecha], [link_imagen], [observacion], [usuario_id], [documento_id], [estado_documento_id], [motivo_estado_id]) VALUES (70, CAST(N'2019-04-10T10:16:15.9740000' AS DateTime2), NULL, NULL, 8, 70, 1, NULL)
INSERT [dbo].[seguimiento_documento] ([seguimiento_documento_id], [fecha], [link_imagen], [observacion], [usuario_id], [documento_id], [estado_documento_id], [motivo_estado_id]) VALUES (71, CAST(N'2019-04-10T10:17:12.7070000' AS DateTime2), NULL, NULL, 8, 71, 1, NULL)
INSERT [dbo].[seguimiento_documento] ([seguimiento_documento_id], [fecha], [link_imagen], [observacion], [usuario_id], [documento_id], [estado_documento_id], [motivo_estado_id]) VALUES (72, CAST(N'2019-04-10T10:18:05.7200000' AS DateTime2), NULL, NULL, 8, 72, 1, NULL)
INSERT [dbo].[seguimiento_documento] ([seguimiento_documento_id], [fecha], [link_imagen], [observacion], [usuario_id], [documento_id], [estado_documento_id], [motivo_estado_id]) VALUES (73, CAST(N'2019-04-10T10:18:25.4030000' AS DateTime2), NULL, NULL, 8, 73, 1, NULL)
INSERT [dbo].[seguimiento_documento] ([seguimiento_documento_id], [fecha], [link_imagen], [observacion], [usuario_id], [documento_id], [estado_documento_id], [motivo_estado_id]) VALUES (74, CAST(N'2019-04-10T10:19:00.0320000' AS DateTime2), NULL, NULL, 8, 74, 1, NULL)
INSERT [dbo].[seguimiento_documento] ([seguimiento_documento_id], [fecha], [link_imagen], [observacion], [usuario_id], [documento_id], [estado_documento_id], [motivo_estado_id]) VALUES (75, CAST(N'2019-04-10T10:19:32.1550000' AS DateTime2), NULL, NULL, 8, 75, 1, NULL)
INSERT [dbo].[seguimiento_documento] ([seguimiento_documento_id], [fecha], [link_imagen], [observacion], [usuario_id], [documento_id], [estado_documento_id], [motivo_estado_id]) VALUES (76, CAST(N'2019-04-10T10:20:04.1190000' AS DateTime2), NULL, NULL, 8, 76, 1, NULL)
INSERT [dbo].[seguimiento_documento] ([seguimiento_documento_id], [fecha], [link_imagen], [observacion], [usuario_id], [documento_id], [estado_documento_id], [motivo_estado_id]) VALUES (77, CAST(N'2019-04-10T10:20:42.2500000' AS DateTime2), NULL, NULL, 8, 77, 1, NULL)
INSERT [dbo].[seguimiento_documento] ([seguimiento_documento_id], [fecha], [link_imagen], [observacion], [usuario_id], [documento_id], [estado_documento_id], [motivo_estado_id]) VALUES (78, CAST(N'2019-04-10T10:21:40.6660000' AS DateTime2), NULL, NULL, 8, 78, 1, NULL)
INSERT [dbo].[seguimiento_documento] ([seguimiento_documento_id], [fecha], [link_imagen], [observacion], [usuario_id], [documento_id], [estado_documento_id], [motivo_estado_id]) VALUES (79, CAST(N'2019-04-10T10:22:08.3670000' AS DateTime2), NULL, NULL, 8, 79, 1, NULL)
INSERT [dbo].[seguimiento_documento] ([seguimiento_documento_id], [fecha], [link_imagen], [observacion], [usuario_id], [documento_id], [estado_documento_id], [motivo_estado_id]) VALUES (80, CAST(N'2019-04-10T10:22:56.4070000' AS DateTime2), NULL, NULL, 8, 80, 1, NULL)
INSERT [dbo].[seguimiento_documento] ([seguimiento_documento_id], [fecha], [link_imagen], [observacion], [usuario_id], [documento_id], [estado_documento_id], [motivo_estado_id]) VALUES (81, CAST(N'2019-04-10T10:32:19.1900000' AS DateTime2), NULL, N'El documento ha sido autorizado', 9, 10, 1, NULL)
INSERT [dbo].[seguimiento_documento] ([seguimiento_documento_id], [fecha], [link_imagen], [observacion], [usuario_id], [documento_id], [estado_documento_id], [motivo_estado_id]) VALUES (82, CAST(N'2019-04-10T10:32:19.1920000' AS DateTime2), NULL, N'El documento ha sido autorizado', 9, 9, 1, NULL)
INSERT [dbo].[seguimiento_documento] ([seguimiento_documento_id], [fecha], [link_imagen], [observacion], [usuario_id], [documento_id], [estado_documento_id], [motivo_estado_id]) VALUES (83, CAST(N'2019-04-10T10:32:30.0650000' AS DateTime2), NULL, N'El documento ha sido autorizado', 9, 11, 1, NULL)
INSERT [dbo].[seguimiento_documento] ([seguimiento_documento_id], [fecha], [link_imagen], [observacion], [usuario_id], [documento_id], [estado_documento_id], [motivo_estado_id]) VALUES (84, CAST(N'2019-04-10T10:32:32.1600000' AS DateTime2), NULL, N'El documento ha sido autorizado', 9, 12, 1, NULL)
INSERT [dbo].[seguimiento_documento] ([seguimiento_documento_id], [fecha], [link_imagen], [observacion], [usuario_id], [documento_id], [estado_documento_id], [motivo_estado_id]) VALUES (85, CAST(N'2019-04-10T10:32:34.7980000' AS DateTime2), NULL, N'El documento ha sido autorizado', 9, 13, 1, NULL)
INSERT [dbo].[seguimiento_documento] ([seguimiento_documento_id], [fecha], [link_imagen], [observacion], [usuario_id], [documento_id], [estado_documento_id], [motivo_estado_id]) VALUES (86, CAST(N'2019-04-10T10:32:36.4110000' AS DateTime2), NULL, N'El documento ha sido autorizado', 9, 15, 1, NULL)
INSERT [dbo].[seguimiento_documento] ([seguimiento_documento_id], [fecha], [link_imagen], [observacion], [usuario_id], [documento_id], [estado_documento_id], [motivo_estado_id]) VALUES (87, CAST(N'2019-04-10T10:32:37.9510000' AS DateTime2), NULL, N'El documento ha sido autorizado', 9, 14, 1, NULL)
INSERT [dbo].[seguimiento_documento] ([seguimiento_documento_id], [fecha], [link_imagen], [observacion], [usuario_id], [documento_id], [estado_documento_id], [motivo_estado_id]) VALUES (88, CAST(N'2019-04-10T10:32:40.3170000' AS DateTime2), NULL, N'El documento ha sido autorizado', 9, 16, 1, NULL)
INSERT [dbo].[seguimiento_documento] ([seguimiento_documento_id], [fecha], [link_imagen], [observacion], [usuario_id], [documento_id], [estado_documento_id], [motivo_estado_id]) VALUES (89, CAST(N'2019-04-10T10:32:46.1410000' AS DateTime2), NULL, N'El documento ha sido autorizado', 9, 17, 1, NULL)
INSERT [dbo].[seguimiento_documento] ([seguimiento_documento_id], [fecha], [link_imagen], [observacion], [usuario_id], [documento_id], [estado_documento_id], [motivo_estado_id]) VALUES (90, CAST(N'2019-04-10T10:32:47.8430000' AS DateTime2), NULL, N'El documento ha sido autorizado', 9, 18, 1, NULL)
INSERT [dbo].[seguimiento_documento] ([seguimiento_documento_id], [fecha], [link_imagen], [observacion], [usuario_id], [documento_id], [estado_documento_id], [motivo_estado_id]) VALUES (91, CAST(N'2019-04-10T10:32:56.5170000' AS DateTime2), NULL, N'El documento ha sido autorizado', 9, 19, 1, NULL)
INSERT [dbo].[seguimiento_documento] ([seguimiento_documento_id], [fecha], [link_imagen], [observacion], [usuario_id], [documento_id], [estado_documento_id], [motivo_estado_id]) VALUES (92, CAST(N'2019-04-10T10:32:58.3470000' AS DateTime2), NULL, N'El documento ha sido autorizado', 9, 20, 1, NULL)
INSERT [dbo].[seguimiento_documento] ([seguimiento_documento_id], [fecha], [link_imagen], [observacion], [usuario_id], [documento_id], [estado_documento_id], [motivo_estado_id]) VALUES (93, CAST(N'2019-04-10T10:33:00.4220000' AS DateTime2), NULL, N'El documento ha sido autorizado', 9, 26, 1, NULL)
INSERT [dbo].[seguimiento_documento] ([seguimiento_documento_id], [fecha], [link_imagen], [observacion], [usuario_id], [documento_id], [estado_documento_id], [motivo_estado_id]) VALUES (94, CAST(N'2019-04-10T10:33:02.0050000' AS DateTime2), NULL, N'El documento ha sido autorizado', 9, 27, 1, NULL)
INSERT [dbo].[seguimiento_documento] ([seguimiento_documento_id], [fecha], [link_imagen], [observacion], [usuario_id], [documento_id], [estado_documento_id], [motivo_estado_id]) VALUES (95, CAST(N'2019-04-10T10:33:03.4250000' AS DateTime2), NULL, N'El documento ha sido autorizado', 9, 28, 1, NULL)
INSERT [dbo].[seguimiento_documento] ([seguimiento_documento_id], [fecha], [link_imagen], [observacion], [usuario_id], [documento_id], [estado_documento_id], [motivo_estado_id]) VALUES (96, CAST(N'2019-04-10T10:33:06.4190000' AS DateTime2), NULL, N'El documento ha sido autorizado', 9, 29, 1, NULL)
INSERT [dbo].[seguimiento_documento] ([seguimiento_documento_id], [fecha], [link_imagen], [observacion], [usuario_id], [documento_id], [estado_documento_id], [motivo_estado_id]) VALUES (97, CAST(N'2019-04-10T10:33:34.4450000' AS DateTime2), NULL, N'El documento ha sido autorizado', 9, 30, 1, NULL)
INSERT [dbo].[seguimiento_documento] ([seguimiento_documento_id], [fecha], [link_imagen], [observacion], [usuario_id], [documento_id], [estado_documento_id], [motivo_estado_id]) VALUES (98, CAST(N'2019-04-10T10:33:36.0420000' AS DateTime2), NULL, N'El documento ha sido autorizado', 9, 31, 1, NULL)
INSERT [dbo].[seguimiento_documento] ([seguimiento_documento_id], [fecha], [link_imagen], [observacion], [usuario_id], [documento_id], [estado_documento_id], [motivo_estado_id]) VALUES (99, CAST(N'2019-04-10T10:33:37.5810000' AS DateTime2), NULL, N'El documento ha sido autorizado', 9, 32, 1, NULL)

INSERT [dbo].[seguimiento_documento] ([seguimiento_documento_id], [fecha], [link_imagen], [observacion], [usuario_id], [documento_id], [estado_documento_id], [motivo_estado_id]) VALUES (100, CAST(N'2019-04-10T10:33:39.1060000' AS DateTime2), NULL, N'El documento ha sido autorizado', 9, 33, 1, NULL)
INSERT [dbo].[seguimiento_documento] ([seguimiento_documento_id], [fecha], [link_imagen], [observacion], [usuario_id], [documento_id], [estado_documento_id], [motivo_estado_id]) VALUES (101, CAST(N'2019-04-10T10:33:40.9150000' AS DateTime2), NULL, N'El documento ha sido autorizado', 9, 34, 1, NULL)
INSERT [dbo].[seguimiento_documento] ([seguimiento_documento_id], [fecha], [link_imagen], [observacion], [usuario_id], [documento_id], [estado_documento_id], [motivo_estado_id]) VALUES (102, CAST(N'2019-04-10T10:33:43.6700000' AS DateTime2), NULL, N'El documento ha sido autorizado', 9, 35, 1, NULL)
INSERT [dbo].[seguimiento_documento] ([seguimiento_documento_id], [fecha], [link_imagen], [observacion], [usuario_id], [documento_id], [estado_documento_id], [motivo_estado_id]) VALUES (103, CAST(N'2019-04-10T10:34:13.8680000' AS DateTime2), NULL, N'El documento ha sido autorizado', 9, 36, 1, NULL)
INSERT [dbo].[seguimiento_documento] ([seguimiento_documento_id], [fecha], [link_imagen], [observacion], [usuario_id], [documento_id], [estado_documento_id], [motivo_estado_id]) VALUES (104, CAST(N'2019-04-10T10:34:15.4440000' AS DateTime2), NULL, N'El documento ha sido autorizado', 9, 37, 1, NULL)
INSERT [dbo].[seguimiento_documento] ([seguimiento_documento_id], [fecha], [link_imagen], [observacion], [usuario_id], [documento_id], [estado_documento_id], [motivo_estado_id]) VALUES (105, CAST(N'2019-04-10T10:34:17.1540000' AS DateTime2), NULL, N'El documento ha sido autorizado', 9, 38, 1, NULL)
INSERT [dbo].[seguimiento_documento] ([seguimiento_documento_id], [fecha], [link_imagen], [observacion], [usuario_id], [documento_id], [estado_documento_id], [motivo_estado_id]) VALUES (106, CAST(N'2019-04-10T10:34:18.6390000' AS DateTime2), NULL, N'El documento ha sido autorizado', 9, 39, 1, NULL)
INSERT [dbo].[seguimiento_documento] ([seguimiento_documento_id], [fecha], [link_imagen], [observacion], [usuario_id], [documento_id], [estado_documento_id], [motivo_estado_id]) VALUES (107, CAST(N'2019-04-10T10:34:26.0410000' AS DateTime2), NULL, N'El documento ha sido autorizado', 9, 40, 1, NULL)
INSERT [dbo].[seguimiento_documento] ([seguimiento_documento_id], [fecha], [link_imagen], [observacion], [usuario_id], [documento_id], [estado_documento_id], [motivo_estado_id]) VALUES (108, CAST(N'2019-04-10T10:34:27.8560000' AS DateTime2), NULL, N'El documento ha sido autorizado', 9, 46, 1, NULL)
INSERT [dbo].[seguimiento_documento] ([seguimiento_documento_id], [fecha], [link_imagen], [observacion], [usuario_id], [documento_id], [estado_documento_id], [motivo_estado_id]) VALUES (109, CAST(N'2019-04-10T10:34:29.7130000' AS DateTime2), NULL, N'El documento ha sido autorizado', 9, 47, 1, NULL)
INSERT [dbo].[seguimiento_documento] ([seguimiento_documento_id], [fecha], [link_imagen], [observacion], [usuario_id], [documento_id], [estado_documento_id], [motivo_estado_id]) VALUES (110, CAST(N'2019-04-10T10:34:48.7870000' AS DateTime2), NULL, N'El documento ha sido autorizado', 9, 60, 1, NULL)
INSERT [dbo].[seguimiento_documento] ([seguimiento_documento_id], [fecha], [link_imagen], [observacion], [usuario_id], [documento_id], [estado_documento_id], [motivo_estado_id]) VALUES (111, CAST(N'2019-04-10T10:34:50.7070000' AS DateTime2), NULL, N'El documento ha sido autorizado', 9, 59, 1, NULL)
INSERT [dbo].[seguimiento_documento] ([seguimiento_documento_id], [fecha], [link_imagen], [observacion], [usuario_id], [documento_id], [estado_documento_id], [motivo_estado_id]) VALUES (112, CAST(N'2019-04-10T10:34:53.5210000' AS DateTime2), NULL, N'El documento ha sido autorizado', 9, 58, 1, NULL)
INSERT [dbo].[seguimiento_documento] ([seguimiento_documento_id], [fecha], [link_imagen], [observacion], [usuario_id], [documento_id], [estado_documento_id], [motivo_estado_id]) VALUES (113, CAST(N'2019-04-10T10:34:55.8410000' AS DateTime2), NULL, N'El documento ha sido autorizado', 9, 57, 1, NULL)
INSERT [dbo].[seguimiento_documento] ([seguimiento_documento_id], [fecha], [link_imagen], [observacion], [usuario_id], [documento_id], [estado_documento_id], [motivo_estado_id]) VALUES (114, CAST(N'2019-04-10T10:35:43.6100000' AS DateTime2), NULL, N'El documento ha sido autorizado', 9, 56, 1, NULL)
INSERT [dbo].[seguimiento_documento] ([seguimiento_documento_id], [fecha], [link_imagen], [observacion], [usuario_id], [documento_id], [estado_documento_id], [motivo_estado_id]) VALUES (115, CAST(N'2019-04-10T10:35:45.2020000' AS DateTime2), NULL, N'El documento ha sido autorizado', 9, 55, 1, NULL)
INSERT [dbo].[seguimiento_documento] ([seguimiento_documento_id], [fecha], [link_imagen], [observacion], [usuario_id], [documento_id], [estado_documento_id], [motivo_estado_id]) VALUES (116, CAST(N'2019-04-10T10:35:47.0720000' AS DateTime2), NULL, N'El documento ha sido autorizado', 9, 54, 1, NULL)
INSERT [dbo].[seguimiento_documento] ([seguimiento_documento_id], [fecha], [link_imagen], [observacion], [usuario_id], [documento_id], [estado_documento_id], [motivo_estado_id]) VALUES (117, CAST(N'2019-04-10T10:35:48.7870000' AS DateTime2), NULL, N'El documento ha sido autorizado', 9, 53, 1, NULL)
INSERT [dbo].[seguimiento_documento] ([seguimiento_documento_id], [fecha], [link_imagen], [observacion], [usuario_id], [documento_id], [estado_documento_id], [motivo_estado_id]) VALUES (118, CAST(N'2019-04-10T10:35:50.5700000' AS DateTime2), NULL, N'El documento ha sido autorizado', 9, 52, 1, NULL)
INSERT [dbo].[seguimiento_documento] ([seguimiento_documento_id], [fecha], [link_imagen], [observacion], [usuario_id], [documento_id], [estado_documento_id], [motivo_estado_id]) VALUES (119, CAST(N'2019-04-10T10:35:52.5590000' AS DateTime2), NULL, N'El documento ha sido autorizado', 9, 51, 1, NULL)
INSERT [dbo].[seguimiento_documento] ([seguimiento_documento_id], [fecha], [link_imagen], [observacion], [usuario_id], [documento_id], [estado_documento_id], [motivo_estado_id]) VALUES (120, CAST(N'2019-04-10T10:36:04.7130000' AS DateTime2), NULL, N'El documento ha sido autorizado', 9, 50, 1, NULL)
INSERT [dbo].[seguimiento_documento] ([seguimiento_documento_id], [fecha], [link_imagen], [observacion], [usuario_id], [documento_id], [estado_documento_id], [motivo_estado_id]) VALUES (121, CAST(N'2019-04-10T10:36:07.2080000' AS DateTime2), NULL, N'El documento ha sido autorizado', 9, 49, 1, NULL)
INSERT [dbo].[seguimiento_documento] ([seguimiento_documento_id], [fecha], [link_imagen], [observacion], [usuario_id], [documento_id], [estado_documento_id], [motivo_estado_id]) VALUES (122, CAST(N'2019-04-10T10:36:11.1070000' AS DateTime2), NULL, N'El documento ha sido autorizado', 9, 48, 1, NULL)
INSERT [dbo].[seguimiento_documento] ([seguimiento_documento_id], [fecha], [link_imagen], [observacion], [usuario_id], [documento_id], [estado_documento_id], [motivo_estado_id]) VALUES (123, CAST(N'2019-04-10T11:38:10.0080000' AS DateTime2), NULL, NULL, 2, 3, 2, NULL)
INSERT [dbo].[seguimiento_documento] ([seguimiento_documento_id], [fecha], [link_imagen], [observacion], [usuario_id], [documento_id], [estado_documento_id], [motivo_estado_id]) VALUES (124, CAST(N'2019-04-10T11:38:10.0240000' AS DateTime2), NULL, NULL, 2, 4, 2, NULL)
INSERT [dbo].[seguimiento_documento] ([seguimiento_documento_id], [fecha], [link_imagen], [observacion], [usuario_id], [documento_id], [estado_documento_id], [motivo_estado_id]) VALUES (125, CAST(N'2019-04-10T11:38:10.0250000' AS DateTime2), NULL, NULL, 2, 5, 2, NULL)
INSERT [dbo].[seguimiento_documento] ([seguimiento_documento_id], [fecha], [link_imagen], [observacion], [usuario_id], [documento_id], [estado_documento_id], [motivo_estado_id]) VALUES (126, CAST(N'2019-04-10T11:38:26.7270000' AS DateTime2), NULL, NULL, 2, 52, 2, NULL)
INSERT [dbo].[seguimiento_documento] ([seguimiento_documento_id], [fecha], [link_imagen], [observacion], [usuario_id], [documento_id], [estado_documento_id], [motivo_estado_id]) VALUES (127, CAST(N'2019-04-10T11:38:26.7290000' AS DateTime2), NULL, NULL, 2, 53, 2, NULL)
INSERT [dbo].[seguimiento_documento] ([seguimiento_documento_id], [fecha], [link_imagen], [observacion], [usuario_id], [documento_id], [estado_documento_id], [motivo_estado_id]) VALUES (128, CAST(N'2019-04-10T11:38:26.7300000' AS DateTime2), NULL, NULL, 2, 54, 2, NULL)
INSERT [dbo].[seguimiento_documento] ([seguimiento_documento_id], [fecha], [link_imagen], [observacion], [usuario_id], [documento_id], [estado_documento_id], [motivo_estado_id]) VALUES (129, CAST(N'2019-04-10T11:38:26.7300000' AS DateTime2), NULL, NULL, 2, 74, 2, NULL)
INSERT [dbo].[seguimiento_documento] ([seguimiento_documento_id], [fecha], [link_imagen], [observacion], [usuario_id], [documento_id], [estado_documento_id], [motivo_estado_id]) VALUES (130, CAST(N'2019-04-10T11:38:37.7810000' AS DateTime2), NULL, NULL, 2, 51, 2, NULL)
INSERT [dbo].[seguimiento_documento] ([seguimiento_documento_id], [fecha], [link_imagen], [observacion], [usuario_id], [documento_id], [estado_documento_id], [motivo_estado_id]) VALUES (131, CAST(N'2019-04-10T11:38:37.7830000' AS DateTime2), NULL, NULL, 2, 71, 2, NULL)
INSERT [dbo].[seguimiento_documento] ([seguimiento_documento_id], [fecha], [link_imagen], [observacion], [usuario_id], [documento_id], [estado_documento_id], [motivo_estado_id]) VALUES (132, CAST(N'2019-04-10T11:38:51.9520000' AS DateTime2), NULL, NULL, 2, 66, 2, NULL)
INSERT [dbo].[seguimiento_documento] ([seguimiento_documento_id], [fecha], [link_imagen], [observacion], [usuario_id], [documento_id], [estado_documento_id], [motivo_estado_id]) VALUES (133, CAST(N'2019-04-10T11:38:51.9530000' AS DateTime2), NULL, NULL, 2, 67, 2, NULL)
INSERT [dbo].[seguimiento_documento] ([seguimiento_documento_id], [fecha], [link_imagen], [observacion], [usuario_id], [documento_id], [estado_documento_id], [motivo_estado_id]) VALUES (134, CAST(N'2019-04-10T11:38:51.9540000' AS DateTime2), NULL, NULL, 2, 68, 2, NULL)
INSERT [dbo].[seguimiento_documento] ([seguimiento_documento_id], [fecha], [link_imagen], [observacion], [usuario_id], [documento_id], [estado_documento_id], [motivo_estado_id]) VALUES (135, CAST(N'2019-04-10T11:40:12.7630000' AS DateTime2), NULL, NULL, 2, 3, 3, NULL)
INSERT [dbo].[seguimiento_documento] ([seguimiento_documento_id], [fecha], [link_imagen], [observacion], [usuario_id], [documento_id], [estado_documento_id], [motivo_estado_id]) VALUES (136, CAST(N'2019-04-10T11:40:12.7660000' AS DateTime2), NULL, NULL, 2, 4, 3, NULL)
INSERT [dbo].[seguimiento_documento] ([seguimiento_documento_id], [fecha], [link_imagen], [observacion], [usuario_id], [documento_id], [estado_documento_id], [motivo_estado_id]) VALUES (137, CAST(N'2019-04-10T11:40:12.7670000' AS DateTime2), NULL, NULL, 2, 5, 3, NULL)
INSERT [dbo].[seguimiento_documento] ([seguimiento_documento_id], [fecha], [link_imagen], [observacion], [usuario_id], [documento_id], [estado_documento_id], [motivo_estado_id]) VALUES (138, CAST(N'2019-04-10T11:40:54.3710000' AS DateTime2), NULL, NULL, 3, 6, 2, NULL)
INSERT [dbo].[seguimiento_documento] ([seguimiento_documento_id], [fecha], [link_imagen], [observacion], [usuario_id], [documento_id], [estado_documento_id], [motivo_estado_id]) VALUES (139, CAST(N'2019-04-10T11:40:54.3730000' AS DateTime2), NULL, NULL, 3, 7, 2, NULL)
INSERT [dbo].[seguimiento_documento] ([seguimiento_documento_id], [fecha], [link_imagen], [observacion], [usuario_id], [documento_id], [estado_documento_id], [motivo_estado_id]) VALUES (140, CAST(N'2019-04-10T11:40:54.3740000' AS DateTime2), NULL, NULL, 3, 8, 2, NULL)
INSERT [dbo].[seguimiento_documento] ([seguimiento_documento_id], [fecha], [link_imagen], [observacion], [usuario_id], [documento_id], [estado_documento_id], [motivo_estado_id]) VALUES (141, CAST(N'2019-04-10T11:40:54.3740000' AS DateTime2), NULL, NULL, 3, 26, 2, NULL)
INSERT [dbo].[seguimiento_documento] ([seguimiento_documento_id], [fecha], [link_imagen], [observacion], [usuario_id], [documento_id], [estado_documento_id], [motivo_estado_id]) VALUES (142, CAST(N'2019-04-10T11:41:05.9290000' AS DateTime2), NULL, NULL, 3, 32, 2, NULL)
INSERT [dbo].[seguimiento_documento] ([seguimiento_documento_id], [fecha], [link_imagen], [observacion], [usuario_id], [documento_id], [estado_documento_id], [motivo_estado_id]) VALUES (143, CAST(N'2019-04-10T11:41:05.9300000' AS DateTime2), NULL, NULL, 3, 33, 2, NULL)
INSERT [dbo].[seguimiento_documento] ([seguimiento_documento_id], [fecha], [link_imagen], [observacion], [usuario_id], [documento_id], [estado_documento_id], [motivo_estado_id]) VALUES (144, CAST(N'2019-04-10T11:41:05.9310000' AS DateTime2), NULL, NULL, 3, 34, 2, NULL)
INSERT [dbo].[seguimiento_documento] ([seguimiento_documento_id], [fecha], [link_imagen], [observacion], [usuario_id], [documento_id], [estado_documento_id], [motivo_estado_id]) VALUES (145, CAST(N'2019-04-10T11:41:11.4860000' AS DateTime2), NULL, NULL, 3, 30, 2, NULL)
INSERT [dbo].[seguimiento_documento] ([seguimiento_documento_id], [fecha], [link_imagen], [observacion], [usuario_id], [documento_id], [estado_documento_id], [motivo_estado_id]) VALUES (146, CAST(N'2019-04-10T11:41:11.4860000' AS DateTime2), NULL, NULL, 3, 31, 2, NULL)
INSERT [dbo].[seguimiento_documento] ([seguimiento_documento_id], [fecha], [link_imagen], [observacion], [usuario_id], [documento_id], [estado_documento_id], [motivo_estado_id]) VALUES (147, CAST(N'2019-04-10T11:42:24.5960000' AS DateTime2), NULL, NULL, 3, 34, 3, NULL)
INSERT [dbo].[seguimiento_documento] ([seguimiento_documento_id], [fecha], [link_imagen], [observacion], [usuario_id], [documento_id], [estado_documento_id], [motivo_estado_id]) VALUES (148, CAST(N'2019-04-10T11:42:24.5980000' AS DateTime2), NULL, NULL, 3, 32, 3, NULL)
INSERT [dbo].[seguimiento_documento] ([seguimiento_documento_id], [fecha], [link_imagen], [observacion], [usuario_id], [documento_id], [estado_documento_id], [motivo_estado_id]) VALUES (149, CAST(N'2019-04-10T11:42:24.5990000' AS DateTime2), NULL, NULL, 3, 33, 3, NULL)
INSERT [dbo].[seguimiento_documento] ([seguimiento_documento_id], [fecha], [link_imagen], [observacion], [usuario_id], [documento_id], [estado_documento_id], [motivo_estado_id]) VALUES (150, CAST(N'2019-04-10T11:43:00.7090000' AS DateTime2), NULL, NULL, 1, 21, 2, NULL)
INSERT [dbo].[seguimiento_documento] ([seguimiento_documento_id], [fecha], [link_imagen], [observacion], [usuario_id], [documento_id], [estado_documento_id], [motivo_estado_id]) VALUES (151, CAST(N'2019-04-10T11:43:00.7100000' AS DateTime2), NULL, NULL, 1, 22, 2, NULL)
INSERT [dbo].[seguimiento_documento] ([seguimiento_documento_id], [fecha], [link_imagen], [observacion], [usuario_id], [documento_id], [estado_documento_id], [motivo_estado_id]) VALUES (152, CAST(N'2019-04-10T11:43:00.7100000' AS DateTime2), NULL, NULL, 1, 23, 2, NULL)
INSERT [dbo].[seguimiento_documento] ([seguimiento_documento_id], [fecha], [link_imagen], [observacion], [usuario_id], [documento_id], [estado_documento_id], [motivo_estado_id]) VALUES (153, CAST(N'2019-04-10T11:43:00.7110000' AS DateTime2), NULL, NULL, 1, 24, 2, NULL)
INSERT [dbo].[seguimiento_documento] ([seguimiento_documento_id], [fecha], [link_imagen], [observacion], [usuario_id], [documento_id], [estado_documento_id], [motivo_estado_id]) VALUES (154, CAST(N'2019-04-10T11:43:00.7110000' AS DateTime2), NULL, NULL, 1, 25, 2, NULL)
INSERT [dbo].[seguimiento_documento] ([seguimiento_documento_id], [fecha], [link_imagen], [observacion], [usuario_id], [documento_id], [estado_documento_id], [motivo_estado_id]) VALUES (155, CAST(N'2019-04-10T11:43:00.7110000' AS DateTime2), NULL, NULL, 1, 41, 2, NULL)
INSERT [dbo].[seguimiento_documento] ([seguimiento_documento_id], [fecha], [link_imagen], [observacion], [usuario_id], [documento_id], [estado_documento_id], [motivo_estado_id]) VALUES (156, CAST(N'2019-04-10T11:43:04.1230000' AS DateTime2), NULL, NULL, 1, 42, 2, NULL)
INSERT [dbo].[seguimiento_documento] ([seguimiento_documento_id], [fecha], [link_imagen], [observacion], [usuario_id], [documento_id], [estado_documento_id], [motivo_estado_id]) VALUES (157, CAST(N'2019-04-10T11:43:09.0400000' AS DateTime2), NULL, NULL, 1, 47, 2, NULL)
INSERT [dbo].[seguimiento_documento] ([seguimiento_documento_id], [fecha], [link_imagen], [observacion], [usuario_id], [documento_id], [estado_documento_id], [motivo_estado_id]) VALUES (158, CAST(N'2019-04-10T11:43:09.0410000' AS DateTime2), NULL, NULL, 1, 48, 2, NULL)
INSERT [dbo].[seguimiento_documento] ([seguimiento_documento_id], [fecha], [link_imagen], [observacion], [usuario_id], [documento_id], [estado_documento_id], [motivo_estado_id]) VALUES (159, CAST(N'2019-04-10T11:43:31.0580000' AS DateTime2), NULL, NULL, 1, 63, 2, NULL)
INSERT [dbo].[seguimiento_documento] ([seguimiento_documento_id], [fecha], [link_imagen], [observacion], [usuario_id], [documento_id], [estado_documento_id], [motivo_estado_id]) VALUES (160, CAST(N'2019-04-10T11:43:31.0610000' AS DateTime2), NULL, NULL, 1, 64, 2, NULL)
INSERT [dbo].[seguimiento_documento] ([seguimiento_documento_id], [fecha], [link_imagen], [observacion], [usuario_id], [documento_id], [estado_documento_id], [motivo_estado_id]) VALUES (161, CAST(N'2019-04-10T11:43:31.0610000' AS DateTime2), NULL, NULL, 1, 65, 2, NULL)
INSERT [dbo].[seguimiento_documento] ([seguimiento_documento_id], [fecha], [link_imagen], [observacion], [usuario_id], [documento_id], [estado_documento_id], [motivo_estado_id]) VALUES (162, CAST(N'2019-04-10T11:44:46.7740000' AS DateTime2), NULL, NULL, 1, 48, 3, NULL)
INSERT [dbo].[seguimiento_documento] ([seguimiento_documento_id], [fecha], [link_imagen], [observacion], [usuario_id], [documento_id], [estado_documento_id], [motivo_estado_id]) VALUES (163, CAST(N'2019-04-10T11:44:46.7760000' AS DateTime2), NULL, NULL, 1, 47, 3, NULL)
INSERT [dbo].[seguimiento_documento] ([seguimiento_documento_id], [fecha], [link_imagen], [observacion], [usuario_id], [documento_id], [estado_documento_id], [motivo_estado_id]) VALUES (164, CAST(N'2019-04-10T11:46:25.1210000' AS DateTime2), NULL, NULL, 4, 20, 2, NULL)
INSERT [dbo].[seguimiento_documento] ([seguimiento_documento_id], [fecha], [link_imagen], [observacion], [usuario_id], [documento_id], [estado_documento_id], [motivo_estado_id]) VALUES (165, CAST(N'2019-04-10T11:46:25.1230000' AS DateTime2), NULL, NULL, 4, 38, 2, NULL)
INSERT [dbo].[seguimiento_documento] ([seguimiento_documento_id], [fecha], [link_imagen], [observacion], [usuario_id], [documento_id], [estado_documento_id], [motivo_estado_id]) VALUES (166, CAST(N'2019-04-10T11:46:25.1230000' AS DateTime2), NULL, NULL, 4, 39, 2, NULL)
INSERT [dbo].[seguimiento_documento] ([seguimiento_documento_id], [fecha], [link_imagen], [observacion], [usuario_id], [documento_id], [estado_documento_id], [motivo_estado_id]) VALUES (167, CAST(N'2019-04-10T11:46:25.1240000' AS DateTime2), NULL, NULL, 4, 59, 2, NULL)
INSERT [dbo].[seguimiento_documento] ([seguimiento_documento_id], [fecha], [link_imagen], [observacion], [usuario_id], [documento_id], [estado_documento_id], [motivo_estado_id]) VALUES (168, CAST(N'2019-04-10T11:46:25.1240000' AS DateTime2), NULL, NULL, 4, 60, 2, NULL)
INSERT [dbo].[seguimiento_documento] ([seguimiento_documento_id], [fecha], [link_imagen], [observacion], [usuario_id], [documento_id], [estado_documento_id], [motivo_estado_id]) VALUES (169, CAST(N'2019-04-10T11:46:39.9520000' AS DateTime2), NULL, NULL, 4, 16, 2, NULL)
INSERT [dbo].[seguimiento_documento] ([seguimiento_documento_id], [fecha], [link_imagen], [observacion], [usuario_id], [documento_id], [estado_documento_id], [motivo_estado_id]) VALUES (170, CAST(N'2019-04-10T11:46:39.9530000' AS DateTime2), NULL, NULL, 4, 17, 2, NULL)
INSERT [dbo].[seguimiento_documento] ([seguimiento_documento_id], [fecha], [link_imagen], [observacion], [usuario_id], [documento_id], [estado_documento_id], [motivo_estado_id]) VALUES (171, CAST(N'2019-04-10T11:46:39.9530000' AS DateTime2), NULL, NULL, 4, 36, 2, NULL)
INSERT [dbo].[seguimiento_documento] ([seguimiento_documento_id], [fecha], [link_imagen], [observacion], [usuario_id], [documento_id], [estado_documento_id], [motivo_estado_id]) VALUES (172, CAST(N'2019-04-10T11:46:39.9540000' AS DateTime2), NULL, NULL, 4, 37, 2, NULL)
INSERT [dbo].[seguimiento_documento] ([seguimiento_documento_id], [fecha], [link_imagen], [observacion], [usuario_id], [documento_id], [estado_documento_id], [motivo_estado_id]) VALUES (173, CAST(N'2019-04-10T11:46:39.9540000' AS DateTime2), NULL, NULL, 4, 56, 2, NULL)
INSERT [dbo].[seguimiento_documento] ([seguimiento_documento_id], [fecha], [link_imagen], [observacion], [usuario_id], [documento_id], [estado_documento_id], [motivo_estado_id]) VALUES (174, CAST(N'2019-04-10T11:46:39.9540000' AS DateTime2), NULL, NULL, 4, 57, 2, NULL)
INSERT [dbo].[seguimiento_documento] ([seguimiento_documento_id], [fecha], [link_imagen], [observacion], [usuario_id], [documento_id], [estado_documento_id], [motivo_estado_id]) VALUES (175, CAST(N'2019-04-10T11:48:41.1780000' AS DateTime2), NULL, NULL, 4, 36, 3, NULL)
INSERT [dbo].[seguimiento_documento] ([seguimiento_documento_id], [fecha], [link_imagen], [observacion], [usuario_id], [documento_id], [estado_documento_id], [motivo_estado_id]) VALUES (176, CAST(N'2019-04-10T11:48:41.1800000' AS DateTime2), NULL, NULL, 4, 56, 3, NULL)
INSERT [dbo].[seguimiento_documento] ([seguimiento_documento_id], [fecha], [link_imagen], [observacion], [usuario_id], [documento_id], [estado_documento_id], [motivo_estado_id]) VALUES (177, CAST(N'2019-04-10T11:48:41.1800000' AS DateTime2), NULL, NULL, 4, 16, 3, NULL)
INSERT [dbo].[seguimiento_documento] ([seguimiento_documento_id], [fecha], [link_imagen], [observacion], [usuario_id], [documento_id], [estado_documento_id], [motivo_estado_id]) VALUES (178, CAST(N'2019-04-10T11:48:41.1800000' AS DateTime2), NULL, NULL, 4, 17, 3, NULL)
INSERT [dbo].[seguimiento_documento] ([seguimiento_documento_id], [fecha], [link_imagen], [observacion], [usuario_id], [documento_id], [estado_documento_id], [motivo_estado_id]) VALUES (179, CAST(N'2019-04-10T11:48:41.1810000' AS DateTime2), NULL, NULL, 4, 37, 3, NULL)
INSERT [dbo].[seguimiento_documento] ([seguimiento_documento_id], [fecha], [link_imagen], [observacion], [usuario_id], [documento_id], [estado_documento_id], [motivo_estado_id]) VALUES (180, CAST(N'2019-04-10T11:48:41.1810000' AS DateTime2), NULL, NULL, 4, 57, 3, NULL)
SET IDENTITY_INSERT [dbo].[seguimiento_documento] OFF
INSERT [dbo].[estado_documento_permitido] ([estado_documento_id], [estado_documento_permitido_id]) VALUES (2, 1)
INSERT [dbo].[estado_documento_permitido] ([estado_documento_id], [estado_documento_permitido_id]) VALUES (3, 2)
SET IDENTITY_INSERT [dbo].[estado_guia] ON 

INSERT [dbo].[estado_guia] ([estado_guia_id], [nombre]) VALUES (1, N'CREADO')
INSERT [dbo].[estado_guia] ([estado_guia_id], [nombre]) VALUES (2, N'ENVIADO')
INSERT [dbo].[estado_guia] ([estado_guia_id], [nombre]) VALUES (3, N'DESCARGADO')
INSERT [dbo].[estado_guia] ([estado_guia_id], [nombre]) VALUES (4, N'CERRADO')
SET IDENTITY_INSERT [dbo].[estado_guia] OFF
SET IDENTITY_INSERT [dbo].[seguimiento_guia] ON 

INSERT [dbo].[seguimiento_guia] ([seguimiento_guia_id], [fecha], [usuario_id], [estado_guia_id], [guia_id]) VALUES (1, CAST(N'2019-04-10T11:39:03.3860000' AS DateTime2), 2, 1, 1)
INSERT [dbo].[seguimiento_guia] ([seguimiento_guia_id], [fecha], [usuario_id], [estado_guia_id], [guia_id]) VALUES (2, CAST(N'2019-04-10T11:39:40.5430000' AS DateTime2), 2, 1, 2)
INSERT [dbo].[seguimiento_guia] ([seguimiento_guia_id], [fecha], [usuario_id], [estado_guia_id], [guia_id]) VALUES (3, CAST(N'2019-04-10T11:40:02.1180000' AS DateTime2), 2, 1, 3)
INSERT [dbo].[seguimiento_guia] ([seguimiento_guia_id], [fecha], [usuario_id], [estado_guia_id], [guia_id]) VALUES (4, CAST(N'2019-04-10T11:40:12.7620000' AS DateTime2), 2, 2, 1)
INSERT [dbo].[seguimiento_guia] ([seguimiento_guia_id], [fecha], [usuario_id], [estado_guia_id], [guia_id]) VALUES (5, CAST(N'2019-04-10T11:41:25.9330000' AS DateTime2), 3, 1, 4)
INSERT [dbo].[seguimiento_guia] ([seguimiento_guia_id], [fecha], [usuario_id], [estado_guia_id], [guia_id]) VALUES (6, CAST(N'2019-04-10T11:41:49.2010000' AS DateTime2), 3, 1, 5)
INSERT [dbo].[seguimiento_guia] ([seguimiento_guia_id], [fecha], [usuario_id], [estado_guia_id], [guia_id]) VALUES (7, CAST(N'2019-04-10T11:42:11.2460000' AS DateTime2), 3, 1, 6)
INSERT [dbo].[seguimiento_guia] ([seguimiento_guia_id], [fecha], [usuario_id], [estado_guia_id], [guia_id]) VALUES (8, CAST(N'2019-04-10T11:42:24.5950000' AS DateTime2), 3, 2, 6)
INSERT [dbo].[seguimiento_guia] ([seguimiento_guia_id], [fecha], [usuario_id], [estado_guia_id], [guia_id]) VALUES (9, CAST(N'2019-04-10T11:43:46.4140000' AS DateTime2), 1, 1, 7)
INSERT [dbo].[seguimiento_guia] ([seguimiento_guia_id], [fecha], [usuario_id], [estado_guia_id], [guia_id]) VALUES (10, CAST(N'2019-04-10T11:44:22.1520000' AS DateTime2), 1, 1, 8)
INSERT [dbo].[seguimiento_guia] ([seguimiento_guia_id], [fecha], [usuario_id], [estado_guia_id], [guia_id]) VALUES (11, CAST(N'2019-04-10T11:44:46.7720000' AS DateTime2), 1, 2, 8)
INSERT [dbo].[seguimiento_guia] ([seguimiento_guia_id], [fecha], [usuario_id], [estado_guia_id], [guia_id]) VALUES (12, CAST(N'2019-04-10T11:47:56.1770000' AS DateTime2), 4, 1, 9)
INSERT [dbo].[seguimiento_guia] ([seguimiento_guia_id], [fecha], [usuario_id], [estado_guia_id], [guia_id]) VALUES (13, CAST(N'2019-04-10T11:48:19.7860000' AS DateTime2), 4, 1, 10)
INSERT [dbo].[seguimiento_guia] ([seguimiento_guia_id], [fecha], [usuario_id], [estado_guia_id], [guia_id]) VALUES (14, CAST(N'2019-04-10T11:48:41.1770000' AS DateTime2), 4, 2, 10)
SET IDENTITY_INSERT [dbo].[seguimiento_guia] OFF
INSERT [dbo].[area_plazo_distribucion] ([area_id], [plazo_distribucion_id]) VALUES (1, 2)
INSERT [dbo].[area_plazo_distribucion] ([area_id], [plazo_distribucion_id]) VALUES (2, 1)
INSERT [dbo].[area_plazo_distribucion] ([area_id], [plazo_distribucion_id]) VALUES (3, 1)
INSERT [dbo].[area_plazo_distribucion] ([area_id], [plazo_distribucion_id]) VALUES (4, 1)
INSERT [dbo].[area_plazo_distribucion] ([area_id], [plazo_distribucion_id]) VALUES (9, 4)
INSERT [dbo].[buzon_plazo_distribucion] ([buzon_id], [plazo_distribucion_id]) VALUES (5, 1)
INSERT [dbo].[buzon_plazo_distribucion] ([buzon_id], [plazo_distribucion_id]) VALUES (6, 1)
INSERT [dbo].[buzon_plazo_distribucion] ([buzon_id], [plazo_distribucion_id]) VALUES (7, 1)
INSERT [dbo].[buzon_plazo_distribucion] ([buzon_id], [plazo_distribucion_id]) VALUES (8, 6)
INSERT [dbo].[buzon_plazo_distribucion] ([buzon_id], [plazo_distribucion_id]) VALUES (9, 4)
INSERT [dbo].[proveedor_plazo_distribucion] ([proveedor_id], [plazo_distribucion_id]) VALUES (1, 1)
INSERT [dbo].[proveedor_plazo_distribucion] ([proveedor_id], [plazo_distribucion_id]) VALUES (1, 2)
INSERT [dbo].[proveedor_plazo_distribucion] ([proveedor_id], [plazo_distribucion_id]) VALUES (1, 3)
INSERT [dbo].[proveedor_plazo_distribucion] ([proveedor_id], [plazo_distribucion_id]) VALUES (1, 4)
INSERT [dbo].[proveedor_plazo_distribucion] ([proveedor_id], [plazo_distribucion_id]) VALUES (2, 1)
INSERT [dbo].[proveedor_plazo_distribucion] ([proveedor_id], [plazo_distribucion_id]) VALUES (2, 2)
INSERT [dbo].[proveedor_plazo_distribucion] ([proveedor_id], [plazo_distribucion_id]) VALUES (2, 3)
INSERT [dbo].[proveedor_plazo_distribucion] ([proveedor_id], [plazo_distribucion_id]) VALUES (2, 4)
INSERT [dbo].[buzon_tipo_seguridad] ([buzon_id], [tipo_seguridad_id]) VALUES (1, 1)
