USE [db_externa_core]
GO
SET IDENTITY_INSERT [dbo].[tipo_plazo_distribucion] ON 

INSERT [dbo].[tipo_plazo_distribucion] ([tipo_plazo_distribucion_id], [nombre]) VALUES (1, N'REGULAR')
INSERT [dbo].[tipo_plazo_distribucion] ([tipo_plazo_distribucion_id], [nombre]) VALUES (2, N'ESPECIAL')
INSERT [dbo].[tipo_plazo_distribucion] ([tipo_plazo_distribucion_id], [nombre]) VALUES (3, N'EXPRESS')
SET IDENTITY_INSERT [dbo].[tipo_plazo_distribucion] OFF
SET IDENTITY_INSERT [dbo].[plazo_distribucion] ON 

INSERT [dbo].[plazo_distribucion] ([plazo_distribucion_id], [activo], [nombre], [tiempo_envio], [tipo_plazo_distribucion_id]) VALUES (1, 1, N'ESTÁNDAR', 96, 1)
INSERT [dbo].[plazo_distribucion] ([plazo_distribucion_id], [activo], [nombre], [tiempo_envio], [tipo_plazo_distribucion_id]) VALUES (2, 1, N'72 HORAS', 72, 2)
INSERT [dbo].[plazo_distribucion] ([plazo_distribucion_id], [activo], [nombre], [tiempo_envio], [tipo_plazo_distribucion_id]) VALUES (3, 1, N'48 HORAS', 48, 2)
INSERT [dbo].[plazo_distribucion] ([plazo_distribucion_id], [activo], [nombre], [tiempo_envio], [tipo_plazo_distribucion_id]) VALUES (4, 1, N'24 HORAS', 24, 2)
INSERT [dbo].[plazo_distribucion] ([plazo_distribucion_id], [activo], [nombre], [tiempo_envio], [tipo_plazo_distribucion_id]) VALUES (5, 1, N'4 HORAS', 4, 2)
INSERT [dbo].[plazo_distribucion] ([plazo_distribucion_id], [activo], [nombre], [tiempo_envio], [tipo_plazo_distribucion_id]) VALUES (6, 1, N'2 HORAS', 2, 3)
INSERT [dbo].[plazo_distribucion] ([plazo_distribucion_id], [activo], [nombre], [tiempo_envio], [tipo_plazo_distribucion_id]) VALUES (7, 1, N'DIRECTORIO', 2, 3)
SET IDENTITY_INSERT [dbo].[plazo_distribucion] OFF
SET IDENTITY_INSERT [dbo].[tipo_envio] ON 

INSERT [dbo].[tipo_envio] ([tipo_envio_id], [nombre]) VALUES (1, N'ENVIO REGULAR')
INSERT [dbo].[tipo_envio] ([tipo_envio_id], [nombre]) VALUES (2, N'ENVIO BLOQUE')
SET IDENTITY_INSERT [dbo].[tipo_envio] OFF
SET IDENTITY_INSERT [dbo].[tipo_seguridad] ON 

INSERT [dbo].[tipo_seguridad] ([tipo_seguridad_id], [activo], [nombre]) VALUES (1, 1, N'SIN GPS')
INSERT [dbo].[tipo_seguridad] ([tipo_seguridad_id], [activo], [nombre]) VALUES (2, 1, N'GPS BÁSICO')
SET IDENTITY_INSERT [dbo].[tipo_seguridad] OFF
SET IDENTITY_INSERT [dbo].[tipo_servicio] ON 

INSERT [dbo].[tipo_servicio] ([tipo_servicio_id], [activo], [nombre]) VALUES (1, 1, N'DISTRIBUCIÓN')
SET IDENTITY_INSERT [dbo].[tipo_servicio] OFF
SET IDENTITY_INSERT [dbo].[envio] ON 

INSERT [dbo].[envio] ([envio_id], [buzon_id], [producto_id], [ruta_autorizacion], [sede_id], [tipo_clasificacion_id], [plazo_distribucion_id], [tipo_envio_id], [tipo_seguridad_id], [tipo_servicio_id]) VALUES (1, 5, 1, NULL, 5, 1, 1, 1, 1, 1)
INSERT [dbo].[envio] ([envio_id], [buzon_id], [producto_id], [ruta_autorizacion], [sede_id], [tipo_clasificacion_id], [plazo_distribucion_id], [tipo_envio_id], [tipo_seguridad_id], [tipo_servicio_id]) VALUES (2, 5, 1, NULL, 3, 1, 2, 1, 1, 1)
INSERT [dbo].[envio] ([envio_id], [buzon_id], [producto_id], [ruta_autorizacion], [sede_id], [tipo_clasificacion_id], [plazo_distribucion_id], [tipo_envio_id], [tipo_seguridad_id], [tipo_servicio_id]) VALUES (3, 5, 1, NULL, 5, 1, 1, 1, 1, 1)
INSERT [dbo].[envio] ([envio_id], [buzon_id], [producto_id], [ruta_autorizacion], [sede_id], [tipo_clasificacion_id], [plazo_distribucion_id], [tipo_envio_id], [tipo_seguridad_id], [tipo_servicio_id]) VALUES (4, 7, 1, NULL, 5, 1, 1, 1, 1, 1)
INSERT [dbo].[envio] ([envio_id], [buzon_id], [producto_id], [ruta_autorizacion], [sede_id], [tipo_clasificacion_id], [plazo_distribucion_id], [tipo_envio_id], [tipo_seguridad_id], [tipo_servicio_id]) VALUES (5, 7, 1, NULL, 3, 1, 1, 1, 1, 1)
SET IDENTITY_INSERT [dbo].[envio] OFF
SET IDENTITY_INSERT [dbo].[documento] ON 

INSERT [dbo].[documento] ([documento_id], [codigo_devolucion], [contacto_destino], [direccion], [distrito_id], [documento_autogenerado], [nro_documento], [razon_social_destino], [recepcionado], [referencia], [telefono], [envio_id]) VALUES (1, NULL, N'RONALD SANTOS', N'DIR71', 1, N'EX00000001', N'DOC000006', N'RONALD SANTOS', 0, N'ABC', N'5557', 1)
INSERT [dbo].[documento] ([documento_id], [codigo_devolucion], [contacto_destino], [direccion], [distrito_id], [documento_autogenerado], [nro_documento], [razon_social_destino], [recepcionado], [referencia], [telefono], [envio_id]) VALUES (2, NULL, N'RONALD SANTOS', N'DIR70', 1, N'EX00000002', N'DOC000005', N'RONALD SANTOS', 0, N'ABC', N'5556', 1)
INSERT [dbo].[documento] ([documento_id], [codigo_devolucion], [contacto_destino], [direccion], [distrito_id], [documento_autogenerado], [nro_documento], [razon_social_destino], [recepcionado], [referencia], [telefono], [envio_id]) VALUES (3, NULL, N'RONALD SANTOS', N'DIR73', 1, N'EX00000003', N'DOC000008', N'RONALD SANTOS', 0, N'ABC', N'5559', 1)
INSERT [dbo].[documento] ([documento_id], [codigo_devolucion], [contacto_destino], [direccion], [distrito_id], [documento_autogenerado], [nro_documento], [razon_social_destino], [recepcionado], [referencia], [telefono], [envio_id]) VALUES (4, NULL, N'RONALD SANTOS', N'DIR72', 1, N'EX00000004', N'DOC000007', N'RONALD SANTOS', 0, N'ABC', N'5558', 1)
INSERT [dbo].[documento] ([documento_id], [codigo_devolucion], [contacto_destino], [direccion], [distrito_id], [documento_autogenerado], [nro_documento], [razon_social_destino], [recepcionado], [referencia], [telefono], [envio_id]) VALUES (5, NULL, N'RONALD SANTOS', N'DIR72', 1, N'EX00000005', N'DOC000011', N'RONALD SANTOS', 0, N'ABC', N'5558', 2)
INSERT [dbo].[documento] ([documento_id], [codigo_devolucion], [contacto_destino], [direccion], [distrito_id], [documento_autogenerado], [nro_documento], [razon_social_destino], [recepcionado], [referencia], [telefono], [envio_id]) VALUES (6, NULL, N'RONALD SANTOS', N'DIR71', 1, N'EX00000006', N'DOC000010', N'RONALD SANTOS', 0, N'ABC', N'5557', 2)
INSERT [dbo].[documento] ([documento_id], [codigo_devolucion], [contacto_destino], [direccion], [distrito_id], [documento_autogenerado], [nro_documento], [razon_social_destino], [recepcionado], [referencia], [telefono], [envio_id]) VALUES (7, NULL, N'RONALD SANTOS', N'DIR73', 1, N'EX00000007', N'DOC000012', N'RONALD SANTOS', 0, N'ABC', N'5559', 2)
INSERT [dbo].[documento] ([documento_id], [codigo_devolucion], [contacto_destino], [direccion], [distrito_id], [documento_autogenerado], [nro_documento], [razon_social_destino], [recepcionado], [referencia], [telefono], [envio_id]) VALUES (8, NULL, N'RONALD SANTOS', N'DIR70', 1, N'EX00000008', N'DOC000009', N'RONALD SANTOS', 0, N'ABC', N'5556', 2)
INSERT [dbo].[documento] ([documento_id], [codigo_devolucion], [contacto_destino], [direccion], [distrito_id], [documento_autogenerado], [nro_documento], [razon_social_destino], [recepcionado], [referencia], [telefono], [envio_id]) VALUES (9, NULL, N'RONALD SANTOS', N'DIR72', 1, N'EX00000009', N'DOC000007', N'RONALD SANTOS', 0, N'ABC', N'5558', 3)
INSERT [dbo].[documento] ([documento_id], [codigo_devolucion], [contacto_destino], [direccion], [distrito_id], [documento_autogenerado], [nro_documento], [razon_social_destino], [recepcionado], [referencia], [telefono], [envio_id]) VALUES (10, NULL, N'RONALD SANTOS', N'DIR73', 1, N'EX00000010', N'DOC000008', N'RONALD SANTOS', 0, N'ABC', N'5559', 3)
INSERT [dbo].[documento] ([documento_id], [codigo_devolucion], [contacto_destino], [direccion], [distrito_id], [documento_autogenerado], [nro_documento], [razon_social_destino], [recepcionado], [referencia], [telefono], [envio_id]) VALUES (11, NULL, N'RONALD SANTOS', N'DIR70', 1, N'EX00000011', N'DOC000005', N'RONALD SANTOS', 0, N'ABC', N'5556', 3)
INSERT [dbo].[documento] ([documento_id], [codigo_devolucion], [contacto_destino], [direccion], [distrito_id], [documento_autogenerado], [nro_documento], [razon_social_destino], [recepcionado], [referencia], [telefono], [envio_id]) VALUES (12, NULL, N'RONALD SANTOS', N'DIR71', 1, N'EX00000012', N'DOC000006', N'RONALD SANTOS', 0, N'ABC', N'5557', 3)
INSERT [dbo].[documento] ([documento_id], [codigo_devolucion], [contacto_destino], [direccion], [distrito_id], [documento_autogenerado], [nro_documento], [razon_social_destino], [recepcionado], [referencia], [telefono], [envio_id]) VALUES (13, NULL, N'RONALD SANTOS', N'DIR72', 1, N'EX00000013', N'DOC000011', N'RONALD SANTOS', 0, N'ABC', N'5558', 4)
INSERT [dbo].[documento] ([documento_id], [codigo_devolucion], [contacto_destino], [direccion], [distrito_id], [documento_autogenerado], [nro_documento], [razon_social_destino], [recepcionado], [referencia], [telefono], [envio_id]) VALUES (14, NULL, N'RONALD SANTOS', N'DIR70', 1, N'EX00000014', N'DOC000009', N'RONALD SANTOS', 0, N'ABC', N'5556', 4)
INSERT [dbo].[documento] ([documento_id], [codigo_devolucion], [contacto_destino], [direccion], [distrito_id], [documento_autogenerado], [nro_documento], [razon_social_destino], [recepcionado], [referencia], [telefono], [envio_id]) VALUES (15, NULL, N'RONALD SANTOS', N'DIR73', 1, N'EX00000015', N'DOC000012', N'RONALD SANTOS', 0, N'ABC', N'5559', 4)
INSERT [dbo].[documento] ([documento_id], [codigo_devolucion], [contacto_destino], [direccion], [distrito_id], [documento_autogenerado], [nro_documento], [razon_social_destino], [recepcionado], [referencia], [telefono], [envio_id]) VALUES (16, NULL, N'RONALD SANTOS', N'DIR71', 1, N'EX00000016', N'DOC000010', N'RONALD SANTOS', 0, N'ABC', N'5557', 4)
INSERT [dbo].[documento] ([documento_id], [codigo_devolucion], [contacto_destino], [direccion], [distrito_id], [documento_autogenerado], [nro_documento], [razon_social_destino], [recepcionado], [referencia], [telefono], [envio_id]) VALUES (17, NULL, N'RONALD SANTOS', N'DIR72', 1, N'EX00000017', N'DOC000015', N'RONALD SANTOS', 0, N'ABC', N'5558', 5)
INSERT [dbo].[documento] ([documento_id], [codigo_devolucion], [contacto_destino], [direccion], [distrito_id], [documento_autogenerado], [nro_documento], [razon_social_destino], [recepcionado], [referencia], [telefono], [envio_id]) VALUES (18, NULL, N'RONALD SANTOS', N'DIR70', 1, N'EX00000018', N'DOC000013', N'RONALD SANTOS', 0, N'ABC', N'5556', 5)
INSERT [dbo].[documento] ([documento_id], [codigo_devolucion], [contacto_destino], [direccion], [distrito_id], [documento_autogenerado], [nro_documento], [razon_social_destino], [recepcionado], [referencia], [telefono], [envio_id]) VALUES (19, NULL, N'RONALD SANTOS', N'DIR71', 1, N'EX00000019', N'DOC000014', N'RONALD SANTOS', 0, N'ABC', N'5557', 5)
INSERT [dbo].[documento] ([documento_id], [codigo_devolucion], [contacto_destino], [direccion], [distrito_id], [documento_autogenerado], [nro_documento], [razon_social_destino], [recepcionado], [referencia], [telefono], [envio_id]) VALUES (20, NULL, N'RONALD SANTOS', N'DIR73', 1, N'EX00000020', N'DOC000016', N'RONALD SANTOS', 0, N'ABC', N'5559', 5)
SET IDENTITY_INSERT [dbo].[documento] OFF
SET IDENTITY_INSERT [dbo].[tipo_estado_documento] ON 

INSERT [dbo].[tipo_estado_documento] ([tipo_estado_documento_id], [nombre]) VALUES (1, N'ESTADOS UTD')
INSERT [dbo].[tipo_estado_documento] ([tipo_estado_documento_id], [nombre]) VALUES (2, N'RESULTADOS PROVEEDOR')
SET IDENTITY_INSERT [dbo].[tipo_estado_documento] OFF
SET IDENTITY_INSERT [dbo].[estado_documento] ON 

INSERT [dbo].[estado_documento] ([estado_documento_id], [nombre], [tipo_estado_documento_id]) VALUES (1, N'CREADO', 1)
INSERT [dbo].[estado_documento] ([estado_documento_id], [nombre], [tipo_estado_documento_id]) VALUES (2, N'CUSTODIADO', 1)
INSERT [dbo].[estado_documento] ([estado_documento_id], [nombre], [tipo_estado_documento_id]) VALUES (3, N'PENDIENTE DE ENTREGA', 1)
INSERT [dbo].[estado_documento] ([estado_documento_id], [nombre], [tipo_estado_documento_id]) VALUES (4, N'ENTREGADO', 2)
INSERT [dbo].[estado_documento] ([estado_documento_id], [nombre], [tipo_estado_documento_id]) VALUES (5, N'REZAGADO', 2)
INSERT [dbo].[estado_documento] ([estado_documento_id], [nombre], [tipo_estado_documento_id]) VALUES (6, N'NO DISTRIBUIBLE', 2)
INSERT [dbo].[estado_documento] ([estado_documento_id], [nombre], [tipo_estado_documento_id]) VALUES (7, N'DENEGADO', 1)
INSERT [dbo].[estado_documento] ([estado_documento_id], [nombre], [tipo_estado_documento_id]) VALUES (8, N'ELIMINADO', 1)
INSERT [dbo].[estado_documento] ([estado_documento_id], [nombre], [tipo_estado_documento_id]) VALUES (9, N'RECEPCIONADO', 1)
INSERT [dbo].[estado_documento] ([estado_documento_id], [nombre], [tipo_estado_documento_id]) VALUES (10, N'CERRADO', 1)
SET IDENTITY_INSERT [dbo].[estado_documento] OFF
SET IDENTITY_INSERT [dbo].[motivo_estado] ON 

INSERT [dbo].[motivo_estado] ([motivo_estado_id], [nombre], [estado_documento_id]) VALUES (1, N'ENTREGADO A TERCERO', 4)
INSERT [dbo].[motivo_estado] ([motivo_estado_id], [nombre], [estado_documento_id]) VALUES (2, N'ENTREGADO A TITULAR', 4)
INSERT [dbo].[motivo_estado] ([motivo_estado_id], [nombre], [estado_documento_id]) VALUES (3, N'ENTREGADO CON FIRMA', 4)
INSERT [dbo].[motivo_estado] ([motivo_estado_id], [nombre], [estado_documento_id]) VALUES (4, N'ENTREGADO CON SELLO', 4)
INSERT [dbo].[motivo_estado] ([motivo_estado_id], [nombre], [estado_documento_id]) VALUES (5, N'ENTREGADO EN AGENCIA', 4)
INSERT [dbo].[motivo_estado] ([motivo_estado_id], [nombre], [estado_documento_id]) VALUES (6, N'ENTREGADO SIN SELLO', 4)
INSERT [dbo].[motivo_estado] ([motivo_estado_id], [nombre], [estado_documento_id]) VALUES (7, N'BUZON', 4)
INSERT [dbo].[motivo_estado] ([motivo_estado_id], [nombre], [estado_documento_id]) VALUES (8, N'BAJO PUERTA', 4)
INSERT [dbo].[motivo_estado] ([motivo_estado_id], [nombre], [estado_documento_id]) VALUES (9, N'AUSENTE', 5)
INSERT [dbo].[motivo_estado] ([motivo_estado_id], [nombre], [estado_documento_id]) VALUES (10, N'DIRECCION INCORRECTA', 5)
INSERT [dbo].[motivo_estado] ([motivo_estado_id], [nombre], [estado_documento_id]) VALUES (11, N'SE MUDO', 5)
INSERT [dbo].[motivo_estado] ([motivo_estado_id], [nombre], [estado_documento_id]) VALUES (12, N'DESCONOCIDO', 5)
INSERT [dbo].[motivo_estado] ([motivo_estado_id], [nombre], [estado_documento_id]) VALUES (13, N'RECHAZADO', 5)
INSERT [dbo].[motivo_estado] ([motivo_estado_id], [nombre], [estado_documento_id]) VALUES (14, N'NO PERMITE ENTREGA', 5)
INSERT [dbo].[motivo_estado] ([motivo_estado_id], [nombre], [estado_documento_id]) VALUES (15, N'FALLECIDO', 5)
INSERT [dbo].[motivo_estado] ([motivo_estado_id], [nombre], [estado_documento_id]) VALUES (16, N'EXTRAVIADO O ROBADO', 6)
INSERT [dbo].[motivo_estado] ([motivo_estado_id], [nombre], [estado_documento_id]) VALUES (17, N'FALTANTE', 6)
INSERT [dbo].[motivo_estado] ([motivo_estado_id], [nombre], [estado_documento_id]) VALUES (18, N'ANULADO', 6)
INSERT [dbo].[motivo_estado] ([motivo_estado_id], [nombre], [estado_documento_id]) VALUES (19, N'DEVUELTO', 6)
INSERT [dbo].[motivo_estado] ([motivo_estado_id], [nombre], [estado_documento_id]) VALUES (20, N'ZONA PELIGROSA', 6)
INSERT [dbo].[motivo_estado] ([motivo_estado_id], [nombre], [estado_documento_id]) VALUES (21, N'SIN COBERTURA', 6)
INSERT [dbo].[motivo_estado] ([motivo_estado_id], [nombre], [estado_documento_id]) VALUES (22, N'NO EXISTE', 6)
INSERT [dbo].[motivo_estado] ([motivo_estado_id], [nombre], [estado_documento_id]) VALUES (23, N'NO ACCESIBLE', 6)
INSERT [dbo].[motivo_estado] ([motivo_estado_id], [nombre], [estado_documento_id]) VALUES (24, N'SIN FISICO', 6)
INSERT [dbo].[motivo_estado] ([motivo_estado_id], [nombre], [estado_documento_id]) VALUES (25, N'SIN RECOJO', 6)
INSERT [dbo].[motivo_estado] ([motivo_estado_id], [nombre], [estado_documento_id]) VALUES (26, N'RETENIDO', 6)
SET IDENTITY_INSERT [dbo].[motivo_estado] OFF
SET IDENTITY_INSERT [dbo].[seguimiento_documento] ON 

INSERT [dbo].[seguimiento_documento] ([seguimiento_documento_id], [fecha], [link_imagen], [observacion], [usuario_id], [documento_id], [estado_documento_id], [motivo_estado_id]) VALUES (1, CAST(N'2019-06-07T09:20:25.1300000' AS DateTime2), NULL, NULL, 5, 1, 1, NULL)
INSERT [dbo].[seguimiento_documento] ([seguimiento_documento_id], [fecha], [link_imagen], [observacion], [usuario_id], [documento_id], [estado_documento_id], [motivo_estado_id]) VALUES (2, CAST(N'2019-06-07T09:20:25.1390000' AS DateTime2), NULL, NULL, 5, 2, 1, NULL)
INSERT [dbo].[seguimiento_documento] ([seguimiento_documento_id], [fecha], [link_imagen], [observacion], [usuario_id], [documento_id], [estado_documento_id], [motivo_estado_id]) VALUES (3, CAST(N'2019-06-07T09:20:25.1400000' AS DateTime2), NULL, NULL, 5, 3, 1, NULL)
INSERT [dbo].[seguimiento_documento] ([seguimiento_documento_id], [fecha], [link_imagen], [observacion], [usuario_id], [documento_id], [estado_documento_id], [motivo_estado_id]) VALUES (4, CAST(N'2019-06-07T09:20:25.1420000' AS DateTime2), NULL, NULL, 5, 4, 1, NULL)
INSERT [dbo].[seguimiento_documento] ([seguimiento_documento_id], [fecha], [link_imagen], [observacion], [usuario_id], [documento_id], [estado_documento_id], [motivo_estado_id]) VALUES (5, CAST(N'2019-06-07T09:20:36.4210000' AS DateTime2), NULL, NULL, 5, 5, 1, NULL)
INSERT [dbo].[seguimiento_documento] ([seguimiento_documento_id], [fecha], [link_imagen], [observacion], [usuario_id], [documento_id], [estado_documento_id], [motivo_estado_id]) VALUES (6, CAST(N'2019-06-07T09:20:36.4240000' AS DateTime2), NULL, NULL, 5, 6, 1, NULL)
INSERT [dbo].[seguimiento_documento] ([seguimiento_documento_id], [fecha], [link_imagen], [observacion], [usuario_id], [documento_id], [estado_documento_id], [motivo_estado_id]) VALUES (7, CAST(N'2019-06-07T09:20:36.4250000' AS DateTime2), NULL, NULL, 5, 7, 1, NULL)
INSERT [dbo].[seguimiento_documento] ([seguimiento_documento_id], [fecha], [link_imagen], [observacion], [usuario_id], [documento_id], [estado_documento_id], [motivo_estado_id]) VALUES (8, CAST(N'2019-06-07T09:20:36.4260000' AS DateTime2), NULL, NULL, 5, 8, 1, NULL)
INSERT [dbo].[seguimiento_documento] ([seguimiento_documento_id], [fecha], [link_imagen], [observacion], [usuario_id], [documento_id], [estado_documento_id], [motivo_estado_id]) VALUES (9, CAST(N'2019-06-07T09:20:46.6720000' AS DateTime2), NULL, NULL, 5, 9, 1, NULL)
INSERT [dbo].[seguimiento_documento] ([seguimiento_documento_id], [fecha], [link_imagen], [observacion], [usuario_id], [documento_id], [estado_documento_id], [motivo_estado_id]) VALUES (10, CAST(N'2019-06-07T09:20:46.6730000' AS DateTime2), NULL, NULL, 5, 10, 1, NULL)
INSERT [dbo].[seguimiento_documento] ([seguimiento_documento_id], [fecha], [link_imagen], [observacion], [usuario_id], [documento_id], [estado_documento_id], [motivo_estado_id]) VALUES (11, CAST(N'2019-06-07T09:20:46.6740000' AS DateTime2), NULL, NULL, 5, 11, 1, NULL)
INSERT [dbo].[seguimiento_documento] ([seguimiento_documento_id], [fecha], [link_imagen], [observacion], [usuario_id], [documento_id], [estado_documento_id], [motivo_estado_id]) VALUES (12, CAST(N'2019-06-07T09:20:46.6750000' AS DateTime2), NULL, NULL, 5, 12, 1, NULL)
INSERT [dbo].[seguimiento_documento] ([seguimiento_documento_id], [fecha], [link_imagen], [observacion], [usuario_id], [documento_id], [estado_documento_id], [motivo_estado_id]) VALUES (13, CAST(N'2019-06-07T09:21:15.1300000' AS DateTime2), NULL, NULL, 7, 13, 1, NULL)
INSERT [dbo].[seguimiento_documento] ([seguimiento_documento_id], [fecha], [link_imagen], [observacion], [usuario_id], [documento_id], [estado_documento_id], [motivo_estado_id]) VALUES (14, CAST(N'2019-06-07T09:21:15.1310000' AS DateTime2), NULL, NULL, 7, 14, 1, NULL)
INSERT [dbo].[seguimiento_documento] ([seguimiento_documento_id], [fecha], [link_imagen], [observacion], [usuario_id], [documento_id], [estado_documento_id], [motivo_estado_id]) VALUES (15, CAST(N'2019-06-07T09:21:15.1320000' AS DateTime2), NULL, NULL, 7, 15, 1, NULL)
INSERT [dbo].[seguimiento_documento] ([seguimiento_documento_id], [fecha], [link_imagen], [observacion], [usuario_id], [documento_id], [estado_documento_id], [motivo_estado_id]) VALUES (16, CAST(N'2019-06-07T09:21:15.1330000' AS DateTime2), NULL, NULL, 7, 16, 1, NULL)
INSERT [dbo].[seguimiento_documento] ([seguimiento_documento_id], [fecha], [link_imagen], [observacion], [usuario_id], [documento_id], [estado_documento_id], [motivo_estado_id]) VALUES (17, CAST(N'2019-06-07T09:21:44.9740000' AS DateTime2), NULL, NULL, 7, 17, 1, NULL)
INSERT [dbo].[seguimiento_documento] ([seguimiento_documento_id], [fecha], [link_imagen], [observacion], [usuario_id], [documento_id], [estado_documento_id], [motivo_estado_id]) VALUES (18, CAST(N'2019-06-07T09:21:44.9770000' AS DateTime2), NULL, NULL, 7, 18, 1, NULL)
INSERT [dbo].[seguimiento_documento] ([seguimiento_documento_id], [fecha], [link_imagen], [observacion], [usuario_id], [documento_id], [estado_documento_id], [motivo_estado_id]) VALUES (19, CAST(N'2019-06-07T09:21:44.9790000' AS DateTime2), NULL, NULL, 7, 19, 1, NULL)
INSERT [dbo].[seguimiento_documento] ([seguimiento_documento_id], [fecha], [link_imagen], [observacion], [usuario_id], [documento_id], [estado_documento_id], [motivo_estado_id]) VALUES (20, CAST(N'2019-06-07T09:21:44.9790000' AS DateTime2), NULL, NULL, 7, 20, 1, NULL)
INSERT [dbo].[seguimiento_documento] ([seguimiento_documento_id], [fecha], [link_imagen], [observacion], [usuario_id], [documento_id], [estado_documento_id], [motivo_estado_id]) VALUES (21, CAST(N'2019-06-07T09:22:26.6770000' AS DateTime2), NULL, NULL, 3, 4, 2, NULL)
INSERT [dbo].[seguimiento_documento] ([seguimiento_documento_id], [fecha], [link_imagen], [observacion], [usuario_id], [documento_id], [estado_documento_id], [motivo_estado_id]) VALUES (22, CAST(N'2019-06-07T09:22:26.6780000' AS DateTime2), NULL, NULL, 3, 1, 2, NULL)
INSERT [dbo].[seguimiento_documento] ([seguimiento_documento_id], [fecha], [link_imagen], [observacion], [usuario_id], [documento_id], [estado_documento_id], [motivo_estado_id]) VALUES (23, CAST(N'2019-06-07T09:22:26.6790000' AS DateTime2), NULL, NULL, 3, 2, 2, NULL)
INSERT [dbo].[seguimiento_documento] ([seguimiento_documento_id], [fecha], [link_imagen], [observacion], [usuario_id], [documento_id], [estado_documento_id], [motivo_estado_id]) VALUES (24, CAST(N'2019-06-07T09:22:26.6790000' AS DateTime2), NULL, NULL, 3, 3, 2, NULL)
INSERT [dbo].[seguimiento_documento] ([seguimiento_documento_id], [fecha], [link_imagen], [observacion], [usuario_id], [documento_id], [estado_documento_id], [motivo_estado_id]) VALUES (25, CAST(N'2019-06-07T09:22:31.9480000' AS DateTime2), NULL, NULL, 3, 10, 2, NULL)
INSERT [dbo].[seguimiento_documento] ([seguimiento_documento_id], [fecha], [link_imagen], [observacion], [usuario_id], [documento_id], [estado_documento_id], [motivo_estado_id]) VALUES (26, CAST(N'2019-06-07T09:22:31.9480000' AS DateTime2), NULL, NULL, 3, 9, 2, NULL)
INSERT [dbo].[seguimiento_documento] ([seguimiento_documento_id], [fecha], [link_imagen], [observacion], [usuario_id], [documento_id], [estado_documento_id], [motivo_estado_id]) VALUES (27, CAST(N'2019-06-07T09:22:31.9490000' AS DateTime2), NULL, NULL, 3, 12, 2, NULL)
INSERT [dbo].[seguimiento_documento] ([seguimiento_documento_id], [fecha], [link_imagen], [observacion], [usuario_id], [documento_id], [estado_documento_id], [motivo_estado_id]) VALUES (28, CAST(N'2019-06-07T09:22:31.9490000' AS DateTime2), NULL, NULL, 3, 11, 2, NULL)
INSERT [dbo].[seguimiento_documento] ([seguimiento_documento_id], [fecha], [link_imagen], [observacion], [usuario_id], [documento_id], [estado_documento_id], [motivo_estado_id]) VALUES (29, CAST(N'2019-06-07T09:22:37.2350000' AS DateTime2), NULL, NULL, 3, 15, 2, NULL)
INSERT [dbo].[seguimiento_documento] ([seguimiento_documento_id], [fecha], [link_imagen], [observacion], [usuario_id], [documento_id], [estado_documento_id], [motivo_estado_id]) VALUES (30, CAST(N'2019-06-07T09:22:37.2380000' AS DateTime2), NULL, NULL, 3, 16, 2, NULL)
INSERT [dbo].[seguimiento_documento] ([seguimiento_documento_id], [fecha], [link_imagen], [observacion], [usuario_id], [documento_id], [estado_documento_id], [motivo_estado_id]) VALUES (31, CAST(N'2019-06-07T09:22:37.2390000' AS DateTime2), NULL, NULL, 3, 13, 2, NULL)
INSERT [dbo].[seguimiento_documento] ([seguimiento_documento_id], [fecha], [link_imagen], [observacion], [usuario_id], [documento_id], [estado_documento_id], [motivo_estado_id]) VALUES (32, CAST(N'2019-06-07T09:22:37.2390000' AS DateTime2), NULL, NULL, 3, 14, 2, NULL)
INSERT [dbo].[seguimiento_documento] ([seguimiento_documento_id], [fecha], [link_imagen], [observacion], [usuario_id], [documento_id], [estado_documento_id], [motivo_estado_id]) VALUES (33, CAST(N'2019-06-07T09:23:53.2320000' AS DateTime2), NULL, NULL, 3, 2, 3, NULL)
INSERT [dbo].[seguimiento_documento] ([seguimiento_documento_id], [fecha], [link_imagen], [observacion], [usuario_id], [documento_id], [estado_documento_id], [motivo_estado_id]) VALUES (34, CAST(N'2019-06-07T09:23:53.2350000' AS DateTime2), NULL, NULL, 3, 1, 3, NULL)
INSERT [dbo].[seguimiento_documento] ([seguimiento_documento_id], [fecha], [link_imagen], [observacion], [usuario_id], [documento_id], [estado_documento_id], [motivo_estado_id]) VALUES (35, CAST(N'2019-06-07T09:23:53.2350000' AS DateTime2), NULL, NULL, 3, 3, 3, NULL)
INSERT [dbo].[seguimiento_documento] ([seguimiento_documento_id], [fecha], [link_imagen], [observacion], [usuario_id], [documento_id], [estado_documento_id], [motivo_estado_id]) VALUES (36, CAST(N'2019-06-07T09:23:53.2360000' AS DateTime2), NULL, NULL, 3, 4, 3, NULL)
INSERT [dbo].[seguimiento_documento] ([seguimiento_documento_id], [fecha], [link_imagen], [observacion], [usuario_id], [documento_id], [estado_documento_id], [motivo_estado_id]) VALUES (37, CAST(N'2019-06-07T09:23:54.9790000' AS DateTime2), NULL, NULL, 3, 12, 3, NULL)
INSERT [dbo].[seguimiento_documento] ([seguimiento_documento_id], [fecha], [link_imagen], [observacion], [usuario_id], [documento_id], [estado_documento_id], [motivo_estado_id]) VALUES (38, CAST(N'2019-06-07T09:23:54.9790000' AS DateTime2), NULL, NULL, 3, 11, 3, NULL)
INSERT [dbo].[seguimiento_documento] ([seguimiento_documento_id], [fecha], [link_imagen], [observacion], [usuario_id], [documento_id], [estado_documento_id], [motivo_estado_id]) VALUES (39, CAST(N'2019-06-07T09:23:54.9790000' AS DateTime2), NULL, NULL, 3, 10, 3, NULL)
INSERT [dbo].[seguimiento_documento] ([seguimiento_documento_id], [fecha], [link_imagen], [observacion], [usuario_id], [documento_id], [estado_documento_id], [motivo_estado_id]) VALUES (40, CAST(N'2019-06-07T09:23:54.9800000' AS DateTime2), NULL, NULL, 3, 9, 3, NULL)
INSERT [dbo].[seguimiento_documento] ([seguimiento_documento_id], [fecha], [link_imagen], [observacion], [usuario_id], [documento_id], [estado_documento_id], [motivo_estado_id]) VALUES (41, CAST(N'2019-06-07T09:23:56.7280000' AS DateTime2), NULL, NULL, 3, 13, 3, NULL)
INSERT [dbo].[seguimiento_documento] ([seguimiento_documento_id], [fecha], [link_imagen], [observacion], [usuario_id], [documento_id], [estado_documento_id], [motivo_estado_id]) VALUES (42, CAST(N'2019-06-07T09:23:56.7280000' AS DateTime2), NULL, NULL, 3, 14, 3, NULL)
INSERT [dbo].[seguimiento_documento] ([seguimiento_documento_id], [fecha], [link_imagen], [observacion], [usuario_id], [documento_id], [estado_documento_id], [motivo_estado_id]) VALUES (43, CAST(N'2019-06-07T09:23:56.7280000' AS DateTime2), NULL, NULL, 3, 15, 3, NULL)
INSERT [dbo].[seguimiento_documento] ([seguimiento_documento_id], [fecha], [link_imagen], [observacion], [usuario_id], [documento_id], [estado_documento_id], [motivo_estado_id]) VALUES (44, CAST(N'2019-06-07T09:23:56.7290000' AS DateTime2), NULL, NULL, 3, 16, 3, NULL)
INSERT [dbo].[seguimiento_documento] ([seguimiento_documento_id], [fecha], [link_imagen], [observacion], [usuario_id], [documento_id], [estado_documento_id], [motivo_estado_id]) VALUES (45, CAST(N'2019-06-07T09:24:19.1080000' AS DateTime2), NULL, NULL, 1, 5, 2, NULL)
INSERT [dbo].[seguimiento_documento] ([seguimiento_documento_id], [fecha], [link_imagen], [observacion], [usuario_id], [documento_id], [estado_documento_id], [motivo_estado_id]) VALUES (46, CAST(N'2019-06-07T09:24:19.1090000' AS DateTime2), NULL, NULL, 1, 7, 2, NULL)
INSERT [dbo].[seguimiento_documento] ([seguimiento_documento_id], [fecha], [link_imagen], [observacion], [usuario_id], [documento_id], [estado_documento_id], [motivo_estado_id]) VALUES (47, CAST(N'2019-06-07T09:24:19.1100000' AS DateTime2), NULL, NULL, 1, 8, 2, NULL)
INSERT [dbo].[seguimiento_documento] ([seguimiento_documento_id], [fecha], [link_imagen], [observacion], [usuario_id], [documento_id], [estado_documento_id], [motivo_estado_id]) VALUES (48, CAST(N'2019-06-07T09:24:19.1100000' AS DateTime2), NULL, NULL, 1, 6, 2, NULL)
INSERT [dbo].[seguimiento_documento] ([seguimiento_documento_id], [fecha], [link_imagen], [observacion], [usuario_id], [documento_id], [estado_documento_id], [motivo_estado_id]) VALUES (49, CAST(N'2019-06-07T09:24:24.1630000' AS DateTime2), NULL, NULL, 1, 19, 2, NULL)
INSERT [dbo].[seguimiento_documento] ([seguimiento_documento_id], [fecha], [link_imagen], [observacion], [usuario_id], [documento_id], [estado_documento_id], [motivo_estado_id]) VALUES (50, CAST(N'2019-06-07T09:24:24.1640000' AS DateTime2), NULL, NULL, 1, 17, 2, NULL)
INSERT [dbo].[seguimiento_documento] ([seguimiento_documento_id], [fecha], [link_imagen], [observacion], [usuario_id], [documento_id], [estado_documento_id], [motivo_estado_id]) VALUES (51, CAST(N'2019-06-07T09:24:24.1640000' AS DateTime2), NULL, NULL, 1, 18, 2, NULL)
INSERT [dbo].[seguimiento_documento] ([seguimiento_documento_id], [fecha], [link_imagen], [observacion], [usuario_id], [documento_id], [estado_documento_id], [motivo_estado_id]) VALUES (52, CAST(N'2019-06-07T09:24:24.1640000' AS DateTime2), NULL, NULL, 1, 20, 2, NULL)
INSERT [dbo].[seguimiento_documento] ([seguimiento_documento_id], [fecha], [link_imagen], [observacion], [usuario_id], [documento_id], [estado_documento_id], [motivo_estado_id]) VALUES (53, CAST(N'2019-06-07T09:25:51.1840000' AS DateTime2), NULL, NULL, 1, 6, 3, NULL)
INSERT [dbo].[seguimiento_documento] ([seguimiento_documento_id], [fecha], [link_imagen], [observacion], [usuario_id], [documento_id], [estado_documento_id], [motivo_estado_id]) VALUES (54, CAST(N'2019-06-07T09:25:51.1870000' AS DateTime2), NULL, NULL, 1, 5, 3, NULL)
INSERT [dbo].[seguimiento_documento] ([seguimiento_documento_id], [fecha], [link_imagen], [observacion], [usuario_id], [documento_id], [estado_documento_id], [motivo_estado_id]) VALUES (55, CAST(N'2019-06-07T09:25:52.7530000' AS DateTime2), NULL, NULL, 1, 7, 3, NULL)
INSERT [dbo].[seguimiento_documento] ([seguimiento_documento_id], [fecha], [link_imagen], [observacion], [usuario_id], [documento_id], [estado_documento_id], [motivo_estado_id]) VALUES (56, CAST(N'2019-06-07T09:25:52.7560000' AS DateTime2), NULL, NULL, 1, 8, 3, NULL)
INSERT [dbo].[seguimiento_documento] ([seguimiento_documento_id], [fecha], [link_imagen], [observacion], [usuario_id], [documento_id], [estado_documento_id], [motivo_estado_id]) VALUES (57, CAST(N'2019-06-07T09:25:54.1460000' AS DateTime2), NULL, NULL, 1, 17, 3, NULL)
INSERT [dbo].[seguimiento_documento] ([seguimiento_documento_id], [fecha], [link_imagen], [observacion], [usuario_id], [documento_id], [estado_documento_id], [motivo_estado_id]) VALUES (58, CAST(N'2019-06-07T09:25:54.1480000' AS DateTime2), NULL, NULL, 1, 18, 3, NULL)
INSERT [dbo].[seguimiento_documento] ([seguimiento_documento_id], [fecha], [link_imagen], [observacion], [usuario_id], [documento_id], [estado_documento_id], [motivo_estado_id]) VALUES (59, CAST(N'2019-06-07T09:25:55.8640000' AS DateTime2), NULL, NULL, 1, 19, 3, NULL)
INSERT [dbo].[seguimiento_documento] ([seguimiento_documento_id], [fecha], [link_imagen], [observacion], [usuario_id], [documento_id], [estado_documento_id], [motivo_estado_id]) VALUES (60, CAST(N'2019-06-07T09:25:55.8660000' AS DateTime2), NULL, NULL, 1, 20, 3, NULL)
INSERT [dbo].[seguimiento_documento] ([seguimiento_documento_id], [fecha], [link_imagen], [observacion], [usuario_id], [documento_id], [estado_documento_id], [motivo_estado_id]) VALUES (61, CAST(N'2019-06-10T00:00:00.0000000' AS DateTime2), N'link', NULL, 1, 1, 4, 1)
INSERT [dbo].[seguimiento_documento] ([seguimiento_documento_id], [fecha], [link_imagen], [observacion], [usuario_id], [documento_id], [estado_documento_id], [motivo_estado_id]) VALUES (62, CAST(N'2019-06-16T00:00:00.0000000' AS DateTime2), N'link', NULL, 1, 2, 5, 14)
INSERT [dbo].[seguimiento_documento] ([seguimiento_documento_id], [fecha], [link_imagen], [observacion], [usuario_id], [documento_id], [estado_documento_id], [motivo_estado_id]) VALUES (63, CAST(N'2019-06-17T00:00:00.0000000' AS DateTime2), N'link', NULL, 1, 3, 4, 1)
INSERT [dbo].[seguimiento_documento] ([seguimiento_documento_id], [fecha], [link_imagen], [observacion], [usuario_id], [documento_id], [estado_documento_id], [motivo_estado_id]) VALUES (64, CAST(N'2019-06-18T00:00:00.0000000' AS DateTime2), N'link', NULL, 1, 4, 5, 13)
INSERT [dbo].[seguimiento_documento] ([seguimiento_documento_id], [fecha], [link_imagen], [observacion], [usuario_id], [documento_id], [estado_documento_id], [motivo_estado_id]) VALUES (65, CAST(N'2019-06-16T00:00:00.0000000' AS DateTime2), N'link', NULL, 1, 5, 5, 14)
INSERT [dbo].[seguimiento_documento] ([seguimiento_documento_id], [fecha], [link_imagen], [observacion], [usuario_id], [documento_id], [estado_documento_id], [motivo_estado_id]) VALUES (66, CAST(N'2019-06-17T00:00:00.0000000' AS DateTime2), N'link', NULL, 1, 6, 4, 1)
INSERT [dbo].[seguimiento_documento] ([seguimiento_documento_id], [fecha], [link_imagen], [observacion], [usuario_id], [documento_id], [estado_documento_id], [motivo_estado_id]) VALUES (67, CAST(N'2019-06-18T00:00:00.0000000' AS DateTime2), N'link', NULL, 1, 7, 5, 13)
INSERT [dbo].[seguimiento_documento] ([seguimiento_documento_id], [fecha], [link_imagen], [observacion], [usuario_id], [documento_id], [estado_documento_id], [motivo_estado_id]) VALUES (68, CAST(N'2019-06-19T00:00:00.0000000' AS DateTime2), N'link', NULL, 1, 8, 4, 3)
INSERT [dbo].[seguimiento_documento] ([seguimiento_documento_id], [fecha], [link_imagen], [observacion], [usuario_id], [documento_id], [estado_documento_id], [motivo_estado_id]) VALUES (69, CAST(N'2019-06-19T00:00:00.0000000' AS DateTime2), N'link', NULL, 1, 9, 4, 3)
INSERT [dbo].[seguimiento_documento] ([seguimiento_documento_id], [fecha], [link_imagen], [observacion], [usuario_id], [documento_id], [estado_documento_id], [motivo_estado_id]) VALUES (70, CAST(N'2019-06-18T00:00:00.0000000' AS DateTime2), N'link', NULL, 1, 10, 4, 1)
INSERT [dbo].[seguimiento_documento] ([seguimiento_documento_id], [fecha], [link_imagen], [observacion], [usuario_id], [documento_id], [estado_documento_id], [motivo_estado_id]) VALUES (71, CAST(N'2019-06-15T00:00:00.0000000' AS DateTime2), N'', NULL, 1, 11, 6, 18)
INSERT [dbo].[seguimiento_documento] ([seguimiento_documento_id], [fecha], [link_imagen], [observacion], [usuario_id], [documento_id], [estado_documento_id], [motivo_estado_id]) VALUES (72, CAST(N'2019-06-18T00:00:00.0000000' AS DateTime2), N'link', NULL, 1, 12, 4, 1)
INSERT [dbo].[seguimiento_documento] ([seguimiento_documento_id], [fecha], [link_imagen], [observacion], [usuario_id], [documento_id], [estado_documento_id], [motivo_estado_id]) VALUES (73, CAST(N'2019-06-18T00:00:00.0000000' AS DateTime2), N'link', NULL, 1, 13, 5, 13)
INSERT [dbo].[seguimiento_documento] ([seguimiento_documento_id], [fecha], [link_imagen], [observacion], [usuario_id], [documento_id], [estado_documento_id], [motivo_estado_id]) VALUES (74, CAST(N'2019-06-10T00:00:00.0000000' AS DateTime2), N'link', NULL, 1, 14, 4, 3)
INSERT [dbo].[seguimiento_documento] ([seguimiento_documento_id], [fecha], [link_imagen], [observacion], [usuario_id], [documento_id], [estado_documento_id], [motivo_estado_id]) VALUES (75, CAST(N'2019-06-18T00:00:00.0000000' AS DateTime2), N'link', NULL, 1, 15, 4, 1)
INSERT [dbo].[seguimiento_documento] ([seguimiento_documento_id], [fecha], [link_imagen], [observacion], [usuario_id], [documento_id], [estado_documento_id], [motivo_estado_id]) VALUES (76, CAST(N'2019-06-15T00:00:00.0000000' AS DateTime2), N'link', NULL, 1, 16, 4, 1)
INSERT [dbo].[seguimiento_documento] ([seguimiento_documento_id], [fecha], [link_imagen], [observacion], [usuario_id], [documento_id], [estado_documento_id], [motivo_estado_id]) VALUES (77, CAST(N'2019-06-18T00:00:00.0000000' AS DateTime2), N'link', NULL, 1, 17, 4, 1)
INSERT [dbo].[seguimiento_documento] ([seguimiento_documento_id], [fecha], [link_imagen], [observacion], [usuario_id], [documento_id], [estado_documento_id], [motivo_estado_id]) VALUES (78, CAST(N'2019-06-15T00:00:00.0000000' AS DateTime2), N'', NULL, 1, 18, 6, 18)
INSERT [dbo].[seguimiento_documento] ([seguimiento_documento_id], [fecha], [link_imagen], [observacion], [usuario_id], [documento_id], [estado_documento_id], [motivo_estado_id]) VALUES (79, CAST(N'2019-06-10T00:00:00.0000000' AS DateTime2), N'link', NULL, 1, 19, 4, 1)
INSERT [dbo].[seguimiento_documento] ([seguimiento_documento_id], [fecha], [link_imagen], [observacion], [usuario_id], [documento_id], [estado_documento_id], [motivo_estado_id]) VALUES (80, CAST(N'2019-06-18T00:00:00.0000000' AS DateTime2), N'link', NULL, 1, 20, 5, 13)
INSERT [dbo].[seguimiento_documento] ([seguimiento_documento_id], [fecha], [link_imagen], [observacion], [usuario_id], [documento_id], [estado_documento_id], [motivo_estado_id]) VALUES (81, CAST(N'2019-06-07T09:31:56.6680000' AS DateTime2), N'link', NULL, 1, 5, 9, NULL)
INSERT [dbo].[seguimiento_documento] ([seguimiento_documento_id], [fecha], [link_imagen], [observacion], [usuario_id], [documento_id], [estado_documento_id], [motivo_estado_id]) VALUES (82, CAST(N'2019-06-07T09:32:03.9020000' AS DateTime2), N'link', NULL, 1, 6, 9, NULL)
INSERT [dbo].[seguimiento_documento] ([seguimiento_documento_id], [fecha], [link_imagen], [observacion], [usuario_id], [documento_id], [estado_documento_id], [motivo_estado_id]) VALUES (83, CAST(N'2019-06-07T09:32:08.8630000' AS DateTime2), N'', NULL, 1, 18, 9, NULL)
INSERT [dbo].[seguimiento_documento] ([seguimiento_documento_id], [fecha], [link_imagen], [observacion], [usuario_id], [documento_id], [estado_documento_id], [motivo_estado_id]) VALUES (84, CAST(N'2019-06-07T09:32:13.4470000' AS DateTime2), N'link', NULL, 1, 20, 9, NULL)
INSERT [dbo].[seguimiento_documento] ([seguimiento_documento_id], [fecha], [link_imagen], [observacion], [usuario_id], [documento_id], [estado_documento_id], [motivo_estado_id]) VALUES (85, CAST(N'2019-06-07T09:32:31.2780000' AS DateTime2), N'link', NULL, 3, 1, 9, NULL)
INSERT [dbo].[seguimiento_documento] ([seguimiento_documento_id], [fecha], [link_imagen], [observacion], [usuario_id], [documento_id], [estado_documento_id], [motivo_estado_id]) VALUES (86, CAST(N'2019-06-07T09:32:35.4650000' AS DateTime2), N'link', NULL, 3, 2, 9, NULL)
INSERT [dbo].[seguimiento_documento] ([seguimiento_documento_id], [fecha], [link_imagen], [observacion], [usuario_id], [documento_id], [estado_documento_id], [motivo_estado_id]) VALUES (87, CAST(N'2019-06-07T09:32:38.6970000' AS DateTime2), N'', NULL, 3, 11, 9, NULL)
INSERT [dbo].[seguimiento_documento] ([seguimiento_documento_id], [fecha], [link_imagen], [observacion], [usuario_id], [documento_id], [estado_documento_id], [motivo_estado_id]) VALUES (88, CAST(N'2019-06-07T09:32:41.6400000' AS DateTime2), N'link', NULL, 3, 14, 9, NULL)
INSERT [dbo].[seguimiento_documento] ([seguimiento_documento_id], [fecha], [link_imagen], [observacion], [usuario_id], [documento_id], [estado_documento_id], [motivo_estado_id]) VALUES (89, CAST(N'2019-06-07T09:32:44.9030000' AS DateTime2), N'link', NULL, 3, 13, 9, NULL)
INSERT [dbo].[seguimiento_documento] ([seguimiento_documento_id], [fecha], [link_imagen], [observacion], [usuario_id], [documento_id], [estado_documento_id], [motivo_estado_id]) VALUES (90, CAST(N'2019-06-07T09:32:48.7770000' AS DateTime2), N'link', NULL, 3, 9, 9, NULL)
SET IDENTITY_INSERT [dbo].[seguimiento_documento] OFF
SET IDENTITY_INSERT [dbo].[proveedor] ON 

INSERT [dbo].[proveedor] ([proveedor_id], [activo], [nombre]) VALUES (1, 1, N'DOCFLOW')
INSERT [dbo].[proveedor] ([proveedor_id], [activo], [nombre]) VALUES (2, 1, N'URBANO')
SET IDENTITY_INSERT [dbo].[proveedor] OFF
SET IDENTITY_INSERT [dbo].[tipo_guia] ON 

INSERT [dbo].[tipo_guia] ([tipo_guia_id], [nombre]) VALUES (1, N' GUIA REGULAR')
INSERT [dbo].[tipo_guia] ([tipo_guia_id], [nombre]) VALUES (2, N' GUIA BLOQUE')
SET IDENTITY_INSERT [dbo].[tipo_guia] OFF
SET IDENTITY_INSERT [dbo].[guia] ON 

INSERT [dbo].[guia] ([guia_id], [numero_guia], [producto_id], [region_id], [sede_id], [tipo_clasificacion_id], [plazo_distribucion_id], [proveedor_id], [tipo_guia_id], [tipo_seguridad_id], [tipo_servicio_id]) VALUES (1, N'DFHDFH23', 1, 1, 5, 1, 1, 1, 1, 1, 1)
INSERT [dbo].[guia] ([guia_id], [numero_guia], [producto_id], [region_id], [sede_id], [tipo_clasificacion_id], [plazo_distribucion_id], [proveedor_id], [tipo_guia_id], [tipo_seguridad_id], [tipo_servicio_id]) VALUES (2, N'SWDDSG45', 1, 1, 5, 1, 1, 2, 1, 1, 1)
INSERT [dbo].[guia] ([guia_id], [numero_guia], [producto_id], [region_id], [sede_id], [tipo_clasificacion_id], [plazo_distribucion_id], [proveedor_id], [tipo_guia_id], [tipo_seguridad_id], [tipo_servicio_id]) VALUES (3, N'SDSDSDSD21', 1, 1, 5, 1, 1, 1, 1, 1, 1)
INSERT [dbo].[guia] ([guia_id], [numero_guia], [producto_id], [region_id], [sede_id], [tipo_clasificacion_id], [plazo_distribucion_id], [proveedor_id], [tipo_guia_id], [tipo_seguridad_id], [tipo_servicio_id]) VALUES (4, N'AWDFAF78', 1, 1, 3, 1, 2, 1, 1, 1, 1)
INSERT [dbo].[guia] ([guia_id], [numero_guia], [producto_id], [region_id], [sede_id], [tipo_clasificacion_id], [plazo_distribucion_id], [proveedor_id], [tipo_guia_id], [tipo_seguridad_id], [tipo_servicio_id]) VALUES (5, N'AWDFAF57', 1, 1, 3, 1, 2, 2, 1, 1, 1)
INSERT [dbo].[guia] ([guia_id], [numero_guia], [producto_id], [region_id], [sede_id], [tipo_clasificacion_id], [plazo_distribucion_id], [proveedor_id], [tipo_guia_id], [tipo_seguridad_id], [tipo_servicio_id]) VALUES (6, N'EDEDEFE89', 1, 1, 3, 1, 1, 1, 1, 1, 1)
INSERT [dbo].[guia] ([guia_id], [numero_guia], [producto_id], [region_id], [sede_id], [tipo_clasificacion_id], [plazo_distribucion_id], [proveedor_id], [tipo_guia_id], [tipo_seguridad_id], [tipo_servicio_id]) VALUES (7, N'DFHDFH30', 1, 1, 3, 1, 1, 2, 1, 1, 1)
SET IDENTITY_INSERT [dbo].[guia] OFF
INSERT [dbo].[documento_guia] ([documento_id], [guia_id], [fecha_asociacion], [validado]) VALUES (1, 1, CAST(N'2019-06-07T09:22:52.0770000' AS DateTime2), 1)
INSERT [dbo].[documento_guia] ([documento_id], [guia_id], [fecha_asociacion], [validado]) VALUES (2, 1, CAST(N'2019-06-07T09:22:52.0770000' AS DateTime2), 1)
INSERT [dbo].[documento_guia] ([documento_id], [guia_id], [fecha_asociacion], [validado]) VALUES (3, 1, CAST(N'2019-06-07T09:22:52.0770000' AS DateTime2), 1)
INSERT [dbo].[documento_guia] ([documento_id], [guia_id], [fecha_asociacion], [validado]) VALUES (4, 1, CAST(N'2019-06-07T09:22:52.0770000' AS DateTime2), 1)
INSERT [dbo].[documento_guia] ([documento_id], [guia_id], [fecha_asociacion], [validado]) VALUES (5, 4, CAST(N'2019-06-07T09:24:38.6920000' AS DateTime2), 1)
INSERT [dbo].[documento_guia] ([documento_id], [guia_id], [fecha_asociacion], [validado]) VALUES (6, 4, CAST(N'2019-06-07T09:24:38.6920000' AS DateTime2), 1)
INSERT [dbo].[documento_guia] ([documento_id], [guia_id], [fecha_asociacion], [validado]) VALUES (7, 5, CAST(N'2019-06-07T09:25:00.2190000' AS DateTime2), 1)
INSERT [dbo].[documento_guia] ([documento_id], [guia_id], [fecha_asociacion], [validado]) VALUES (8, 5, CAST(N'2019-06-07T09:25:00.2190000' AS DateTime2), 1)
INSERT [dbo].[documento_guia] ([documento_id], [guia_id], [fecha_asociacion], [validado]) VALUES (9, 2, CAST(N'2019-06-07T09:23:16.9900000' AS DateTime2), 1)
INSERT [dbo].[documento_guia] ([documento_id], [guia_id], [fecha_asociacion], [validado]) VALUES (10, 2, CAST(N'2019-06-07T09:23:16.9900000' AS DateTime2), 1)
INSERT [dbo].[documento_guia] ([documento_id], [guia_id], [fecha_asociacion], [validado]) VALUES (11, 2, CAST(N'2019-06-07T09:23:16.9900000' AS DateTime2), 1)
INSERT [dbo].[documento_guia] ([documento_id], [guia_id], [fecha_asociacion], [validado]) VALUES (12, 2, CAST(N'2019-06-07T09:23:16.9900000' AS DateTime2), 1)
INSERT [dbo].[documento_guia] ([documento_id], [guia_id], [fecha_asociacion], [validado]) VALUES (13, 3, CAST(N'2019-06-07T09:23:41.0340000' AS DateTime2), 1)
INSERT [dbo].[documento_guia] ([documento_id], [guia_id], [fecha_asociacion], [validado]) VALUES (14, 3, CAST(N'2019-06-07T09:23:41.0340000' AS DateTime2), 1)
INSERT [dbo].[documento_guia] ([documento_id], [guia_id], [fecha_asociacion], [validado]) VALUES (15, 3, CAST(N'2019-06-07T09:23:41.0340000' AS DateTime2), 1)
INSERT [dbo].[documento_guia] ([documento_id], [guia_id], [fecha_asociacion], [validado]) VALUES (16, 3, CAST(N'2019-06-07T09:23:41.0340000' AS DateTime2), 1)
INSERT [dbo].[documento_guia] ([documento_id], [guia_id], [fecha_asociacion], [validado]) VALUES (17, 6, CAST(N'2019-06-07T09:25:16.0960000' AS DateTime2), 1)
INSERT [dbo].[documento_guia] ([documento_id], [guia_id], [fecha_asociacion], [validado]) VALUES (18, 6, CAST(N'2019-06-07T09:25:16.0960000' AS DateTime2), 1)
INSERT [dbo].[documento_guia] ([documento_id], [guia_id], [fecha_asociacion], [validado]) VALUES (19, 7, CAST(N'2019-06-07T09:25:36.3290000' AS DateTime2), 1)
INSERT [dbo].[documento_guia] ([documento_id], [guia_id], [fecha_asociacion], [validado]) VALUES (20, 7, CAST(N'2019-06-07T09:25:36.3290000' AS DateTime2), 1)
SET IDENTITY_INSERT [dbo].[tipo_devolucion] ON 

INSERT [dbo].[tipo_devolucion] ([tipo_devolucion_id], [nombre]) VALUES (1, N'CARGO')
INSERT [dbo].[tipo_devolucion] ([tipo_devolucion_id], [nombre]) VALUES (2, N'REZAGO')
INSERT [dbo].[tipo_devolucion] ([tipo_devolucion_id], [nombre]) VALUES (3, N'DENUNCIA')
SET IDENTITY_INSERT [dbo].[tipo_devolucion] OFF
INSERT [dbo].[documento_tipo_devolucion] ([documento_id], [tipo_devolucion_id]) VALUES (1, 1)
INSERT [dbo].[documento_tipo_devolucion] ([documento_id], [tipo_devolucion_id]) VALUES (2, 1)
INSERT [dbo].[documento_tipo_devolucion] ([documento_id], [tipo_devolucion_id]) VALUES (2, 2)
INSERT [dbo].[documento_tipo_devolucion] ([documento_id], [tipo_devolucion_id]) VALUES (5, 1)
INSERT [dbo].[documento_tipo_devolucion] ([documento_id], [tipo_devolucion_id]) VALUES (5, 2)
INSERT [dbo].[documento_tipo_devolucion] ([documento_id], [tipo_devolucion_id]) VALUES (6, 1)
INSERT [dbo].[documento_tipo_devolucion] ([documento_id], [tipo_devolucion_id]) VALUES (9, 1)
INSERT [dbo].[documento_tipo_devolucion] ([documento_id], [tipo_devolucion_id]) VALUES (11, 2)
INSERT [dbo].[documento_tipo_devolucion] ([documento_id], [tipo_devolucion_id]) VALUES (11, 3)
INSERT [dbo].[documento_tipo_devolucion] ([documento_id], [tipo_devolucion_id]) VALUES (13, 1)
INSERT [dbo].[documento_tipo_devolucion] ([documento_id], [tipo_devolucion_id]) VALUES (13, 2)
INSERT [dbo].[documento_tipo_devolucion] ([documento_id], [tipo_devolucion_id]) VALUES (14, 1)
INSERT [dbo].[documento_tipo_devolucion] ([documento_id], [tipo_devolucion_id]) VALUES (18, 2)
INSERT [dbo].[documento_tipo_devolucion] ([documento_id], [tipo_devolucion_id]) VALUES (18, 3)
INSERT [dbo].[documento_tipo_devolucion] ([documento_id], [tipo_devolucion_id]) VALUES (20, 1)
INSERT [dbo].[documento_tipo_devolucion] ([documento_id], [tipo_devolucion_id]) VALUES (20, 2)
SET IDENTITY_INSERT [dbo].[estado_autorizado] ON 

INSERT [dbo].[estado_autorizado] ([estado_autorizado_id], [nombre]) VALUES (1, N'PENDIENTE')
INSERT [dbo].[estado_autorizado] ([estado_autorizado_id], [nombre]) VALUES (2, N'APROBADA')
INSERT [dbo].[estado_autorizado] ([estado_autorizado_id], [nombre]) VALUES (3, N'DENEGADA')
SET IDENTITY_INSERT [dbo].[estado_autorizado] OFF
INSERT [dbo].[envio_masivo] ([masivo_autogenerado], [envio_id]) VALUES (N'MEX00000001', 1)
INSERT [dbo].[envio_masivo] ([masivo_autogenerado], [envio_id]) VALUES (N'MEX00000002', 2)
INSERT [dbo].[envio_masivo] ([masivo_autogenerado], [envio_id]) VALUES (N'MEX00000003', 3)
INSERT [dbo].[envio_masivo] ([masivo_autogenerado], [envio_id]) VALUES (N'MEX00000004', 4)
INSERT [dbo].[envio_masivo] ([masivo_autogenerado], [envio_id]) VALUES (N'MEX00000005', 5)
INSERT [dbo].[resultado_tipo_devolucion] ([estado_documento_id], [tipo_devolucion_id]) VALUES (4, 1)
INSERT [dbo].[resultado_tipo_devolucion] ([estado_documento_id], [tipo_devolucion_id]) VALUES (5, 1)
INSERT [dbo].[resultado_tipo_devolucion] ([estado_documento_id], [tipo_devolucion_id]) VALUES (5, 2)
INSERT [dbo].[resultado_tipo_devolucion] ([estado_documento_id], [tipo_devolucion_id]) VALUES (6, 2)
INSERT [dbo].[resultado_tipo_devolucion] ([estado_documento_id], [tipo_devolucion_id]) VALUES (6, 3)
INSERT [dbo].[estado_documento_permitido] ([estado_documento_id], [estado_documento_permitido_id]) VALUES (2, 1)
INSERT [dbo].[estado_documento_permitido] ([estado_documento_id], [estado_documento_permitido_id]) VALUES (3, 2)
SET IDENTITY_INSERT [dbo].[estado_guia] ON 

INSERT [dbo].[estado_guia] ([estado_guia_id], [nombre]) VALUES (1, N'CREADO')
INSERT [dbo].[estado_guia] ([estado_guia_id], [nombre]) VALUES (2, N'ENVIADO')
INSERT [dbo].[estado_guia] ([estado_guia_id], [nombre]) VALUES (3, N'DESCARGADO')
INSERT [dbo].[estado_guia] ([estado_guia_id], [nombre]) VALUES (4, N'COMPLETA')
INSERT [dbo].[estado_guia] ([estado_guia_id], [nombre]) VALUES (5, N'CERRADO')
SET IDENTITY_INSERT [dbo].[estado_guia] OFF
SET IDENTITY_INSERT [dbo].[seguimiento_guia] ON 

INSERT [dbo].[seguimiento_guia] ([seguimiento_guia_id], [fecha], [usuario_id], [estado_guia_id], [guia_id]) VALUES (1, CAST(N'2019-06-07T09:22:52.0780000' AS DateTime2), 3, 1, 1)
INSERT [dbo].[seguimiento_guia] ([seguimiento_guia_id], [fecha], [usuario_id], [estado_guia_id], [guia_id]) VALUES (2, CAST(N'2019-06-07T09:23:16.9900000' AS DateTime2), 3, 1, 2)
INSERT [dbo].[seguimiento_guia] ([seguimiento_guia_id], [fecha], [usuario_id], [estado_guia_id], [guia_id]) VALUES (3, CAST(N'2019-06-07T09:23:41.0340000' AS DateTime2), 3, 1, 3)
INSERT [dbo].[seguimiento_guia] ([seguimiento_guia_id], [fecha], [usuario_id], [estado_guia_id], [guia_id]) VALUES (4, CAST(N'2019-06-07T09:23:53.1750000' AS DateTime2), 3, 2, 1)
INSERT [dbo].[seguimiento_guia] ([seguimiento_guia_id], [fecha], [usuario_id], [estado_guia_id], [guia_id]) VALUES (5, CAST(N'2019-06-07T09:23:54.9440000' AS DateTime2), 3, 2, 2)
INSERT [dbo].[seguimiento_guia] ([seguimiento_guia_id], [fecha], [usuario_id], [estado_guia_id], [guia_id]) VALUES (6, CAST(N'2019-06-07T09:23:56.6940000' AS DateTime2), 3, 2, 3)
INSERT [dbo].[seguimiento_guia] ([seguimiento_guia_id], [fecha], [usuario_id], [estado_guia_id], [guia_id]) VALUES (7, CAST(N'2019-06-07T09:24:38.6920000' AS DateTime2), 1, 1, 4)
INSERT [dbo].[seguimiento_guia] ([seguimiento_guia_id], [fecha], [usuario_id], [estado_guia_id], [guia_id]) VALUES (8, CAST(N'2019-06-07T09:25:00.2190000' AS DateTime2), 1, 1, 5)
INSERT [dbo].[seguimiento_guia] ([seguimiento_guia_id], [fecha], [usuario_id], [estado_guia_id], [guia_id]) VALUES (9, CAST(N'2019-06-07T09:25:16.0960000' AS DateTime2), 1, 1, 6)
INSERT [dbo].[seguimiento_guia] ([seguimiento_guia_id], [fecha], [usuario_id], [estado_guia_id], [guia_id]) VALUES (10, CAST(N'2019-06-07T09:25:36.3290000' AS DateTime2), 1, 1, 7)
INSERT [dbo].[seguimiento_guia] ([seguimiento_guia_id], [fecha], [usuario_id], [estado_guia_id], [guia_id]) VALUES (11, CAST(N'2019-06-07T09:25:51.1530000' AS DateTime2), 1, 2, 4)
INSERT [dbo].[seguimiento_guia] ([seguimiento_guia_id], [fecha], [usuario_id], [estado_guia_id], [guia_id]) VALUES (12, CAST(N'2019-06-07T09:25:52.7160000' AS DateTime2), 1, 2, 5)
INSERT [dbo].[seguimiento_guia] ([seguimiento_guia_id], [fecha], [usuario_id], [estado_guia_id], [guia_id]) VALUES (13, CAST(N'2019-06-07T09:25:54.1220000' AS DateTime2), 1, 2, 6)
INSERT [dbo].[seguimiento_guia] ([seguimiento_guia_id], [fecha], [usuario_id], [estado_guia_id], [guia_id]) VALUES (14, CAST(N'2019-06-07T09:25:55.8400000' AS DateTime2), 1, 2, 7)
INSERT [dbo].[seguimiento_guia] ([seguimiento_guia_id], [fecha], [usuario_id], [estado_guia_id], [guia_id]) VALUES (15, CAST(N'2019-06-07T09:26:16.6710000' AS DateTime2), 1, 3, 1)
INSERT [dbo].[seguimiento_guia] ([seguimiento_guia_id], [fecha], [usuario_id], [estado_guia_id], [guia_id]) VALUES (16, CAST(N'2019-06-07T09:26:34.1880000' AS DateTime2), 1, 3, 2)
INSERT [dbo].[seguimiento_guia] ([seguimiento_guia_id], [fecha], [usuario_id], [estado_guia_id], [guia_id]) VALUES (17, CAST(N'2019-06-07T09:26:49.6010000' AS DateTime2), 1, 3, 3)
INSERT [dbo].[seguimiento_guia] ([seguimiento_guia_id], [fecha], [usuario_id], [estado_guia_id], [guia_id]) VALUES (18, CAST(N'2019-06-07T09:27:04.4370000' AS DateTime2), 1, 3, 4)
INSERT [dbo].[seguimiento_guia] ([seguimiento_guia_id], [fecha], [usuario_id], [estado_guia_id], [guia_id]) VALUES (19, CAST(N'2019-06-07T09:27:16.9790000' AS DateTime2), 1, 3, 5)
INSERT [dbo].[seguimiento_guia] ([seguimiento_guia_id], [fecha], [usuario_id], [estado_guia_id], [guia_id]) VALUES (20, CAST(N'2019-06-07T09:27:28.5640000' AS DateTime2), 1, 3, 6)
INSERT [dbo].[seguimiento_guia] ([seguimiento_guia_id], [fecha], [usuario_id], [estado_guia_id], [guia_id]) VALUES (21, CAST(N'2019-06-07T09:30:45.3520000' AS DateTime2), 1, 3, 7)
INSERT [dbo].[seguimiento_guia] ([seguimiento_guia_id], [fecha], [usuario_id], [estado_guia_id], [guia_id]) VALUES (22, CAST(N'2019-06-07T09:31:46.9000000' AS DateTime2), 1, 4, 1)
SET IDENTITY_INSERT [dbo].[seguimiento_guia] OFF
INSERT [dbo].[area_plazo_distribucion] ([area_id], [ruta_autorizacion], [plazo_distribucion_id],[fecha_asociacion]) VALUES (1,  N'6.pdf', 2, GETDATE())
INSERT [dbo].[area_plazo_distribucion] ([area_id], [ruta_autorizacion], [plazo_distribucion_id],[fecha_asociacion]) VALUES (2,  N'6.pdf', 1, GETDATE())
INSERT [dbo].[area_plazo_distribucion] ([area_id], [ruta_autorizacion], [plazo_distribucion_id],[fecha_asociacion]) VALUES (3,  N'6.pdf', 1, GETDATE())
INSERT [dbo].[area_plazo_distribucion] ([area_id], [ruta_autorizacion], [plazo_distribucion_id],[fecha_asociacion]) VALUES (4,  N'6.pdf', 1, GETDATE())
INSERT [dbo].[area_plazo_distribucion] ([area_id], [ruta_autorizacion], [plazo_distribucion_id],[fecha_asociacion]) VALUES (9,  N'6.pdf', 4, GETDATE())
INSERT [dbo].[area_plazo_distribucion] ([area_id], [ruta_autorizacion], [plazo_distribucion_id],[fecha_asociacion]) VALUES (13,  N'6.pdf', 4, GETDATE())
INSERT [dbo].[buzon_plazo_distribucion] ([buzon_id], [ruta_autorizacion], [plazo_distribucion_id],[fecha_asociacion]) VALUES (5,  N'6.pdf', 1, GETDATE())
INSERT [dbo].[buzon_plazo_distribucion] ([buzon_id], [ruta_autorizacion], [plazo_distribucion_id],[fecha_asociacion]) VALUES (6,  N'6.pdf', 1, GETDATE())
INSERT [dbo].[buzon_plazo_distribucion] ([buzon_id], [ruta_autorizacion], [plazo_distribucion_id],[fecha_asociacion]) VALUES (7,  N'6.pdf', 1, GETDATE())
INSERT [dbo].[buzon_plazo_distribucion] ([buzon_id], [ruta_autorizacion], [plazo_distribucion_id],[fecha_asociacion]) VALUES (8,  N'6.pdf', 6, GETDATE())
INSERT [dbo].[buzon_plazo_distribucion] ([buzon_id], [ruta_autorizacion], [plazo_distribucion_id],[fecha_asociacion]) VALUES (9,  N'6.pdf', 4, GETDATE())
INSERT [dbo].[buzon_plazo_distribucion] ([buzon_id], [ruta_autorizacion], [plazo_distribucion_id],[fecha_asociacion]) VALUES (10,  N'6.pdf', 4, GETDATE())
INSERT [dbo].[proveedor_plazo_distribucion] ([proveedor_id], [plazo_distribucion_id]) VALUES (1, 1)
INSERT [dbo].[proveedor_plazo_distribucion] ([proveedor_id], [plazo_distribucion_id]) VALUES (1, 2)
INSERT [dbo].[proveedor_plazo_distribucion] ([proveedor_id], [plazo_distribucion_id]) VALUES (1, 3)
INSERT [dbo].[proveedor_plazo_distribucion] ([proveedor_id], [plazo_distribucion_id]) VALUES (1, 4)
INSERT [dbo].[proveedor_plazo_distribucion] ([proveedor_id], [plazo_distribucion_id]) VALUES (2, 1)
INSERT [dbo].[proveedor_plazo_distribucion] ([proveedor_id], [plazo_distribucion_id]) VALUES (2, 2)
INSERT [dbo].[proveedor_plazo_distribucion] ([proveedor_id], [plazo_distribucion_id]) VALUES (2, 3)
INSERT [dbo].[proveedor_plazo_distribucion] ([proveedor_id], [plazo_distribucion_id]) VALUES (2, 4)
INSERT [dbo].[region_plazo_distribucion] ([plazo_distribucion_id], [region_id], [region], [tiempo_envio]) VALUES (1, 1, NULL, 96)
INSERT [dbo].[region_plazo_distribucion] ([plazo_distribucion_id], [region_id], [region], [tiempo_envio]) VALUES (2, 1, NULL, 72)
INSERT [dbo].[region_plazo_distribucion] ([plazo_distribucion_id], [region_id], [region], [tiempo_envio]) VALUES (3, 1, NULL, 48)
INSERT [dbo].[region_plazo_distribucion] ([plazo_distribucion_id], [region_id], [region], [tiempo_envio]) VALUES (4, 1, NULL, 24)
INSERT [dbo].[region_plazo_distribucion] ([plazo_distribucion_id], [region_id], [region], [tiempo_envio]) VALUES (5, 1, NULL, 4)
INSERT [dbo].[region_plazo_distribucion] ([plazo_distribucion_id], [region_id], [region], [tiempo_envio]) VALUES (6, 1, NULL, 2)
INSERT [dbo].[region_plazo_distribucion] ([plazo_distribucion_id], [region_id], [region], [tiempo_envio]) VALUES (7, 1, NULL, 2)
INSERT [dbo].[buzon_tipo_seguridad] ([buzon_id], [tipo_seguridad_id]) VALUES (1, 1)
SET IDENTITY_INSERT [dbo].[documento_reporte] ON 

INSERT [dbo].[documento_reporte] ([documento_reporte_id], [area_id], [documento_id], [estado_cargo], [estado_documento_id], [fecha], [plazo_id], [proveedor_id], [sede_id], [tiempo_entrega]) VALUES (1, 1, 2, 3, 5, CAST(N'2019-06-07T09:23:53.1750000' AS DateTime2), 1, 1, 5, 3)
INSERT [dbo].[documento_reporte] ([documento_reporte_id], [area_id], [documento_id], [estado_cargo], [estado_documento_id], [fecha], [plazo_id], [proveedor_id], [sede_id], [tiempo_entrega]) VALUES (2, 1, 1, 3, 4, CAST(N'2019-06-07T09:23:53.1750000' AS DateTime2), 1, 1, 5, 2)
INSERT [dbo].[documento_reporte] ([documento_reporte_id], [area_id], [documento_id], [estado_cargo], [estado_documento_id], [fecha], [plazo_id], [proveedor_id], [sede_id], [tiempo_entrega]) VALUES (3, 1, 3, 2, 4, CAST(N'2019-06-07T09:23:53.1750000' AS DateTime2), 1, 1, 5, 3)
INSERT [dbo].[documento_reporte] ([documento_reporte_id], [area_id], [documento_id], [estado_cargo], [estado_documento_id], [fecha], [plazo_id], [proveedor_id], [sede_id], [tiempo_entrega]) VALUES (4, 1, 4, 2, 5, CAST(N'2019-06-07T09:23:53.1750000' AS DateTime2), 1, 1, 5, 3)
INSERT [dbo].[documento_reporte] ([documento_reporte_id], [area_id], [documento_id], [estado_cargo], [estado_documento_id], [fecha], [plazo_id], [proveedor_id], [sede_id], [tiempo_entrega]) VALUES (5, 1, 12, 2, 4, CAST(N'2019-06-07T09:23:54.9440000' AS DateTime2), 1, 2, 5, 3)
INSERT [dbo].[documento_reporte] ([documento_reporte_id], [area_id], [documento_id], [estado_cargo], [estado_documento_id], [fecha], [plazo_id], [proveedor_id], [sede_id], [tiempo_entrega]) VALUES (6, 1, 11, 3, 6, CAST(N'2019-06-07T09:23:54.9440000' AS DateTime2), 1, 2, 5, 3)
INSERT [dbo].[documento_reporte] ([documento_reporte_id], [area_id], [documento_id], [estado_cargo], [estado_documento_id], [fecha], [plazo_id], [proveedor_id], [sede_id], [tiempo_entrega]) VALUES (7, 1, 10, 2, 4, CAST(N'2019-06-07T09:23:54.9440000' AS DateTime2), 1, 2, 5, 3)
INSERT [dbo].[documento_reporte] ([documento_reporte_id], [area_id], [documento_id], [estado_cargo], [estado_documento_id], [fecha], [plazo_id], [proveedor_id], [sede_id], [tiempo_entrega]) VALUES (8, 1, 9, 3, 4, CAST(N'2019-06-07T09:23:54.9440000' AS DateTime2), 1, 2, 5, 3)
INSERT [dbo].[documento_reporte] ([documento_reporte_id], [area_id], [documento_id], [estado_cargo], [estado_documento_id], [fecha], [plazo_id], [proveedor_id], [sede_id], [tiempo_entrega]) VALUES (9, 3, 13, 3, 5, CAST(N'2019-06-07T09:23:56.6940000' AS DateTime2), 1, 1, 5, 3)
INSERT [dbo].[documento_reporte] ([documento_reporte_id], [area_id], [documento_id], [estado_cargo], [estado_documento_id], [fecha], [plazo_id], [proveedor_id], [sede_id], [tiempo_entrega]) VALUES (10, 3, 14, 3, 4, CAST(N'2019-06-07T09:23:56.6940000' AS DateTime2), 1, 1, 5, 2)
INSERT [dbo].[documento_reporte] ([documento_reporte_id], [area_id], [documento_id], [estado_cargo], [estado_documento_id], [fecha], [plazo_id], [proveedor_id], [sede_id], [tiempo_entrega]) VALUES (11, 3, 15, 2, 4, CAST(N'2019-06-07T09:23:56.6940000' AS DateTime2), 1, 1, 5, 3)
INSERT [dbo].[documento_reporte] ([documento_reporte_id], [area_id], [documento_id], [estado_cargo], [estado_documento_id], [fecha], [plazo_id], [proveedor_id], [sede_id], [tiempo_entrega]) VALUES (12, 3, 16, 2, 4, CAST(N'2019-06-07T09:23:56.6940000' AS DateTime2), 1, 1, 5, 3)
INSERT [dbo].[documento_reporte] ([documento_reporte_id], [area_id], [documento_id], [estado_cargo], [estado_documento_id], [fecha], [plazo_id], [proveedor_id], [sede_id], [tiempo_entrega]) VALUES (13, 1, 6, 3, 4, CAST(N'2019-06-07T09:25:51.1530000' AS DateTime2), 2, 1, 3, 3)
INSERT [dbo].[documento_reporte] ([documento_reporte_id], [area_id], [documento_id], [estado_cargo], [estado_documento_id], [fecha], [plazo_id], [proveedor_id], [sede_id], [tiempo_entrega]) VALUES (14, 1, 5, 3, 5, CAST(N'2019-06-07T09:25:51.1530000' AS DateTime2), 2, 1, 3, 3)
INSERT [dbo].[documento_reporte] ([documento_reporte_id], [area_id], [documento_id], [estado_cargo], [estado_documento_id], [fecha], [plazo_id], [proveedor_id], [sede_id], [tiempo_entrega]) VALUES (15, 1, 7, 2, 5, CAST(N'2019-06-07T09:25:52.7160000' AS DateTime2), 2, 2, 3, 3)
INSERT [dbo].[documento_reporte] ([documento_reporte_id], [area_id], [documento_id], [estado_cargo], [estado_documento_id], [fecha], [plazo_id], [proveedor_id], [sede_id], [tiempo_entrega]) VALUES (16, 1, 8, 2, 4, CAST(N'2019-06-07T09:25:52.7160000' AS DateTime2), 2, 2, 3, 3)
INSERT [dbo].[documento_reporte] ([documento_reporte_id], [area_id], [documento_id], [estado_cargo], [estado_documento_id], [fecha], [plazo_id], [proveedor_id], [sede_id], [tiempo_entrega]) VALUES (17, 3, 17, 2, 4, CAST(N'2019-06-07T09:25:54.1220000' AS DateTime2), 1, 1, 3, 3)
INSERT [dbo].[documento_reporte] ([documento_reporte_id], [area_id], [documento_id], [estado_cargo], [estado_documento_id], [fecha], [plazo_id], [proveedor_id], [sede_id], [tiempo_entrega]) VALUES (18, 3, 18, 3, 6, CAST(N'2019-06-07T09:25:54.1220000' AS DateTime2), 1, 1, 3, 3)
INSERT [dbo].[documento_reporte] ([documento_reporte_id], [area_id], [documento_id], [estado_cargo], [estado_documento_id], [fecha], [plazo_id], [proveedor_id], [sede_id], [tiempo_entrega]) VALUES (19, 3, 19, 2, 4, CAST(N'2019-06-07T09:25:55.8400000' AS DateTime2), 1, 2, 3, 2)
INSERT [dbo].[documento_reporte] ([documento_reporte_id], [area_id], [documento_id], [estado_cargo], [estado_documento_id], [fecha], [plazo_id], [proveedor_id], [sede_id], [tiempo_entrega]) VALUES (20, 3, 20, 3, 5, CAST(N'2019-06-07T09:25:55.8400000' AS DateTime2), 1, 2, 3, 3)
SET IDENTITY_INSERT [dbo].[documento_reporte] OFF
